Year,State,Constituency_No,Constituency_Name,Constituency_Type,Winner_Candidate,Winner_Party,Winner_Votes,Winner_Percentage,Runner_up_Candidate,Runner_up_Party,Runner_up_Votes,Runner_up_Percentage,Margin_Votes,Status,Margin_Percentage,Victory_Category,Coalition_Block,Runner_Up_Ratio,Prev_Winner_Party,Seat_Flip_Status,Incumbent_Hold_Count
2004,Andaman and Nicobar Islands,1,Andaman And Nicobar Islands,GEN,Manoranjan Bhakta,INC,85794.0,60.81,Bishnu Pada Ray,BJP,55294.0,39.19,30500.0,Result Declared,21.62,Landslide,UPA / I.N.D.I.A.,0.6445,,,0
2004,Andhra Pradesh,1,Srikakulam,GEN,Kinjarapu Yerran Naidu,TDP,361906.0,52.3,Killi Krupa Rani,INC,330027.0,47.7,31879.0,Result Declared,4.61,Tight / Close Contest,NDA,0.9119,,,0
2004,Andhra Pradesh,2,Parvathipuram,ST,Kishore Chandra Deo,INC,321788.0,50.58,Veera Gouri Sankara Rao,TDP,314370.0,49.42,7418.0,Result Declared,1.17,Tight / Close Contest,UPA / I.N.D.I.A.,0.9769,,,0
2004,Andhra Pradesh,3,Bobbili,GEN,Kondapalli Pydithalli Naidu,TDP,373922.0,52.19,Jhansi Laxmi Botcha,INC,342574.0,47.81,31348.0,Result Declared,4.38,Tight / Close Contest,NDA,0.9162,,,0
2004,Andhra Pradesh,4,Visakhapatnam,GEN,Nedurumalli Janardhana Reddy,INC,524122.0,57.11,M. V. V. S. Murthi,TDP,393551.0,42.89,130571.0,Result Declared,14.23,Comfortable,UPA / I.N.D.I.A.,0.7509,,,0
2004,Andhra Pradesh,5,Bhadrachalam,ST,Midiyam Babu Rao,CPI(M),373148.0,53.88,KPRK Phaneeswaramma,TDP,319342.0,46.12,53806.0,Result Declared,7.77,Comfortable,UPA / I.N.D.I.A.,0.8558,,,0
2004,Andhra Pradesh,6,Anakapalli,GEN,Pappala Chalapathirao,TDP,385406.0,51.02,Nanda Gopal Gandham,INC,369992.0,48.98,15414.0,Result Declared,2.04,Tight / Close Contest,NDA,0.96,,,0
2004,Andhra Pradesh,7,Kakinada,GEN,Mallipudi Mangapati Pallam Raju,INC,410982.0,53.74,Mudragada Padmanabham,TDP,353730.0,46.26,57252.0,Result Declared,7.49,Comfortable,UPA / I.N.D.I.A.,0.8607,,,0
2004,Andhra Pradesh,8,Rajahmundry,GEN,Vundavalli Aruna Kumar,INC,413927.0,60.96,Kantipudi Sarvarayudu,BJP,265107.0,39.04,148820.0,Result Declared,21.92,Landslide,UPA / I.N.D.I.A.,0.6405,,,0
2004,Andhra Pradesh,9,Amalapuram,SC,G. V. Harsha Kumar,INC,350346.0,53.15,Dunna Janardhana Rao,TDP,308861.0,46.85,41485.0,Result Declared,6.29,Comfortable,UPA / I.N.D.I.A.,0.8816,,,0
2004,Andhra Pradesh,10,Narasapur,GEN,Chegondi Venkata Harirama Jogaiah,INC,402761.0,54.35,U. V. Krishnam Raju,BJP,338349.0,45.65,64412.0,Result Declared,8.69,Comfortable,UPA / I.N.D.I.A.,0.8401,,,0
2004,Andhra Pradesh,11,Eluru,GEN,Kavuri Samba Siva Rao,INC,499191.0,57.04,Bolla Bulli Ramaiah,TDP,375900.0,42.96,123291.0,Result Declared,14.09,Comfortable,UPA / I.N.D.I.A.,0.753,,,0
2004,Andhra Pradesh,12,Machilipatnam,GEN,Badiga Ramakrishna,INC,387127.0,53.48,Ambati Brahmanaiah,TDP,336786.0,46.52,50341.0,Result Declared,6.95,Comfortable,UPA / I.N.D.I.A.,0.87,,,0
2004,Andhra Pradesh,13,Vijayawada,GEN,Lagadapati Rajagopal,INC,519624.0,56.2,Chalasani Ashwini Dutt,TDP,405037.0,43.8,114587.0,Result Declared,12.39,Comfortable,UPA / I.N.D.I.A.,0.7795,,,0
2004,Andhra Pradesh,14,Tenali,GEN,Vallabhaneni Balasouri,INC,366843.0,56.0,Ummareddy Venkateswarlu,TDP,288287.0,44.0,78556.0,Result Declared,11.99,Comfortable,UPA / I.N.D.I.A.,0.7859,,,0
2004,Andhra Pradesh,15,Guntur,GEN,Rayapati Sambasiva Rao,INC,466221.0,58.09,Yemparala Venkateswara Rao,TDP,336429.0,41.91,129792.0,Result Declared,16.17,Landslide,UPA / I.N.D.I.A.,0.7216,,,0
2004,Andhra Pradesh,16,Bapatla,GEN,Daggubati Purandeswari,INC,411099.0,56.46,Daggubati Ramanaidu,TDP,317017.0,43.54,94082.0,Result Declared,12.92,Comfortable,UPA / I.N.D.I.A.,0.7711,,,0
2004,Andhra Pradesh,17,Narasaraopet,GEN,Mekapati Rajamohan Reddy,INC,481310.0,54.92,Maddi Lakshmaiah,TDP,395055.0,45.08,86255.0,Result Declared,9.84,Comfortable,UPA / I.N.D.I.A.,0.8208,,,0
2004,Andhra Pradesh,18,Ongole,GEN,Magunta Sreenivasulu Reddy,INC,446584.0,56.73,Bathula Vijaya Bharathi,TDP,340563.0,43.27,106021.0,Result Declared,13.47,Comfortable,UPA / I.N.D.I.A.,0.7626,,,0
2004,Andhra Pradesh,19,Nellore,SC,Panabaka Lakshmi,INC,450129.0,58.3,Balakondaiah Karupotala,BJP,321905.0,41.7,128224.0,Result Declared,16.61,Landslide,UPA / I.N.D.I.A.,0.7151,,,0
2004,Andhra Pradesh,20,Tirupathi,SC,Chinta Mohan,INC,510961.0,62.12,Nandipaku Venkataswamy,BJP,311633.0,37.88,199328.0,Result Declared,24.23,Landslide,UPA / I.N.D.I.A.,0.6099,,,0
2004,Andhra Pradesh,21,Chittoor,GEN,D. K. Adikesavulu Naidu,TDP,454128.0,53.67,Ravuri Venkata Swamy,INC,391990.0,46.33,62138.0,Result Declared,7.34,Comfortable,NDA,0.8632,,,0
2004,Andhra Pradesh,22,Rajampet,GEN,Sai Prathap Annayyagari,INC,369797.0,55.9,Gunipati Ramaiah,TDP,291712.0,44.1,78085.0,Result Declared,11.8,Comfortable,UPA / I.N.D.I.A.,0.7888,,,0
2004,Andhra Pradesh,23,Cuddapah,GEN,Y. S. Vivekananda Reddy,INC,461431.0,58.32,M. V. Mysura Reddy,TDP,329757.0,41.68,131674.0,Result Declared,16.64,Landslide,UPA / I.N.D.I.A.,0.7146,,,0
2004,Andhra Pradesh,24,Hindupur,GEN,G. Nizamuddin,INC,419744.0,50.11,B K Parthasarathi,TDP,417904.0,49.89,1840.0,Result Declared,0.22,Tight / Close Contest,UPA / I.N.D.I.A.,0.9956,,,0
2004,Andhra Pradesh,25,Anantapur,GEN,Anantha Venkatarami Reddy,INC,458925.0,54.35,Kalava Srinivasulu,TDP,385521.0,45.65,73404.0,Result Declared,8.69,Comfortable,UPA / I.N.D.I.A.,0.8401,,,0
2004,Andhra Pradesh,26,Kurnool,GEN,Kotla Jayasurya Prakasha Reddy,INC,433529.0,56.6,K. E. Krishnamurthy,TDP,332431.0,43.4,101098.0,Result Declared,13.2,Comfortable,UPA / I.N.D.I.A.,0.7668,,,0
2004,Andhra Pradesh,27,Nandyal,GEN,S. P. Y. Reddy,INC,458526.0,56.93,Bhuma Shobha Nagi Reddy,TDP,346847.0,43.07,111679.0,Result Declared,13.87,Comfortable,UPA / I.N.D.I.A.,0.7564,,,0
2004,Andhra Pradesh,28,Nagarkurnool,SC,Manda Jagannath,TDP,405046.0,57.01,K.S.Ratnam,IND,305396.0,42.99,99650.0,Result Declared,14.03,Comfortable,NDA,0.754,,,0
2004,Andhra Pradesh,29,Mahabubnagar,GEN,Devarakonda Vittal Rao,INC,428764.0,52.96,Yelkoti Yella Reddy,TDP,380857.0,47.04,47907.0,Result Declared,5.92,Comfortable,UPA / I.N.D.I.A.,0.8883,,,0
2004,Andhra Pradesh,30,Hyderabad,GEN,Asaduddin Owaisi,AIMIM,378854.0,57.61,G Subash Chanderji,BJP,278709.0,42.39,100145.0,Result Declared,15.23,Landslide,Others / Regional,0.7357,,,0
2004,Andhra Pradesh,31,Secunderabad,GEN,Anjan Kumar Yadav,INC,485710.0,53.81,Bandaru Dattatreya,BJP,416952.0,46.19,68758.0,Result Declared,7.62,Comfortable,UPA / I.N.D.I.A.,0.8584,,,0
2004,Andhra Pradesh,32,Siddipet,SC,Sarvey Satyanarayana,INC,593879.0,56.63,K Lingaiah,TDP,454907.0,43.37,138972.0,Result Declared,13.25,Comfortable,UPA / I.N.D.I.A.,0.766,,,0
2004,Andhra Pradesh,33,Medak,GEN,A. Narendra,TRS,453738.0,57.9,P Ramachandra Reddy,BJP,329972.0,42.1,123766.0,Result Declared,15.79,Landslide,Others / Regional,0.7272,,,0
2004,Andhra Pradesh,34,Nizamabad,GEN,Madhu Goud Yaskhi,INC,442142.0,59.24,Syed Yousuf Ali,TDP,304271.0,40.76,137871.0,Result Declared,18.47,Landslide,UPA / I.N.D.I.A.,0.6882,,,0
2004,Andhra Pradesh,35,Adilabad,GEN,Madhusudhan Reddy Takkala,TRS,415429.0,52.59,Samudrala Venugopal Chary,TDP,374455.0,47.41,40974.0,Result Declared,5.19,Comfortable,Others / Regional,0.9014,,,0
2004,Andhra Pradesh,36,Peddapalli,SC,Gaddam Venkatswamy,INC,572207.0,64.93,C Suguna Kumari,TDP,309072.0,35.07,263135.0,Result Declared,29.86,Landslide,UPA / I.N.D.I.A.,0.5401,,,0
2004,Andhra Pradesh,37,Karimnagar,GEN,K. Chandrashekar Rao,TRS,451199.0,58.5,Chennamaneni Vidyasagar Rao,BJP,320031.0,41.5,131168.0,Result Declared,17.01,Landslide,Others / Regional,0.7093,,,0
2004,Andhra Pradesh,38,Hanamkonda,GEN,Boianapalli Vinod Kumar,TRS,496048.0,64.0,Chada Suresh Reddy,TDP,278981.0,36.0,217067.0,Result Declared,28.01,Landslide,Others / Regional,0.5624,,,0
2004,Andhra Pradesh,39,Warangal,GEN,Dharavath Ravinder Naik,TRS,427601.0,51.15,Bodakunti Venkateshwarlu,TDP,408339.0,48.85,19262.0,Result Declared,2.3,Tight / Close Contest,Others / Regional,0.955,,,0
2004,Andhra Pradesh,40,Khammam,GEN,Renuka Chowdhury,INC,518047.0,55.87,Nama Nageswara Rao,TDP,409159.0,44.13,108888.0,Result Declared,11.74,Comfortable,UPA / I.N.D.I.A.,0.7898,,,0
2004,Andhra Pradesh,41,Nalgonda,GEN,Suravaram Sudhakar Reddy,CPI,479511.0,53.11,Nallu Indrasena Reddy,BJP,423360.0,46.89,56151.0,Result Declared,6.22,Comfortable,UPA / I.N.D.I.A.,0.8829,,,0
2004,Andhra Pradesh,42,Miryalguda,GEN,Jaipal Reddy,INC,572169.0,61.69,Vangala Swamy Goud,TDP,355262.0,38.31,216907.0,Result Declared,23.39,Landslide,UPA / I.N.D.I.A.,0.6209,,,0
2004,Arunachal Pradesh,1,Arunachal West,GEN,Kiren Rijiju,BJP,123951.0,61.83,Kamen Ringu,Arunachal Congress,76527.0,38.17,47424.0,Result Declared,23.66,Landslide,NDA,0.6174,,,0
2004,Arunachal Pradesh,2,Arunachal East,GEN,Tapir Gao,BJP,83335.0,68.49,Wangcha Rajkumar,INC,38341.0,31.51,44994.0,Result Declared,36.98,Landslide,NDA,0.4601,,,0
2004,Assam,1,Karimganj,SC,Lalit Mohan Suklabaidya,INC,321059.0,58.36,Parimal Suklabaidya,BJP,229111.0,41.64,91948.0,Result Declared,16.71,Landslide,UPA / I.N.D.I.A.,0.7136,,,0
2004,Assam,2,Silchar,GEN,Santosh Mohan Dev,INC,246215.0,52.26,Kabindra Purkayastha,BJP,224895.0,47.74,21320.0,Result Declared,4.53,Tight / Close Contest,UPA / I.N.D.I.A.,0.9134,,,0
2004,Assam,3,Autonomous District,ST,Biren Sing Engti,INC,125937.0,55.3,Elwin Teron,Autonomous State Demand Committee,101808.0,44.7,24129.0,Result Declared,10.59,Comfortable,UPA / I.N.D.I.A.,0.8084,,,0
2004,Assam,4,Dhubri,GEN,Anwar Hussain,INC,376588.0,59.16,Afzalur Rahman,AGP,259966.0,40.84,116622.0,Result Declared,18.32,Landslide,UPA / I.N.D.I.A.,0.6903,,,0
2004,Assam,5,Kokrajhar,ST,Sansuma Khunggur Bwiswmuthiary,IND,689620.0,77.04,Sabda Ram Rabha,IND,205491.0,22.96,484129.0,Result Declared,54.09,Landslide,Others / Regional,0.298,,,0
2004,Assam,6,Barpeta,GEN,A. F. Golam Osmani,INC,266972.0,57.31,Kumar Deepak Das,AGP,198847.0,42.69,68125.0,Result Declared,14.62,Comfortable,UPA / I.N.D.I.A.,0.7448,,,0
2004,Assam,7,Guwahati,GEN,Kirip Chaliha,INC,353250.0,54.74,Bhupen Hazarika,BJP,292099.0,45.26,61151.0,Result Declared,9.48,Comfortable,UPA / I.N.D.I.A.,0.8269,,,0
2004,Assam,8,Mangaldoi,GEN,Narayan Chandra Borkataky,BJP,345863.0,52.26,Madhab Rajbangshi,INC,315997.0,47.74,29866.0,Result Declared,4.51,Tight / Close Contest,NDA,0.9136,,,0
2004,Assam,9,Tezpur,GEN,Moni Kumar Subba,INC,289847.0,56.92,Padma Hazarika,AGP,219402.0,43.08,70445.0,Result Declared,13.83,Comfortable,UPA / I.N.D.I.A.,0.757,,,0
2004,Assam,10,Nagaon,GEN,Rajen Gohain,BJP,342704.0,52.4,Bisnu Prasad,INC,311292.0,47.6,31412.0,Result Declared,4.8,Tight / Close Contest,NDA,0.9083,,,0
2004,Assam,11,Kaliabor,GEN,Dip Gogoi,INC,301893.0,56.26,Keshab Mahanta,AGP,234695.0,43.74,67198.0,Result Declared,12.52,Comfortable,UPA / I.N.D.I.A.,0.7774,,,0
2004,Assam,12,Jorhat,GEN,Bijoy Krishna Handique,INC,223624.0,56.48,Drupad Borgohain,CPI,172332.0,43.52,51292.0,Result Declared,12.95,Comfortable,UPA / I.N.D.I.A.,0.7706,,,0
2004,Assam,13,Dibrugarh,GEN,Sarbananda Sonowal,AGP,220944.0,52.19,Kamakhya Prasad Tasa,BJP,202390.0,47.81,18554.0,Result Declared,4.38,Tight / Close Contest,NDA,0.916,,,0
2004,Assam,14,Lakhimpur,GEN,Arun Kumar Sarmah,AGP,300865.0,52.45,Ranee Narah,INC,272717.0,47.55,28148.0,Result Declared,4.91,Tight / Close Contest,NDA,0.9064,,,0
2004,Bihar,1,Bagaha,SC,Kailash Baitha,JD(U),237989.0,57.96,Hiralal Ram,LJP,172614.0,42.04,65375.0,Result Declared,15.92,Landslide,NDA,0.7253,,,0
2004,Bihar,2,Bettiah,GEN,Raghunath Jha,RJD,211590.0,53.1,Madan Prasad Jaiswal,BJP,186919.0,46.9,24671.0,Result Declared,6.19,Comfortable,UPA / I.N.D.I.A.,0.8834,,,0
2004,Bihar,3,Motihari,GEN,Akhilesh Prasad Singh,RJD,348596.0,58.08,Radha Mohan Singh,BJP,251572.0,41.92,97024.0,Result Declared,16.17,Landslide,UPA / I.N.D.I.A.,0.7217,,,0
2004,Bihar,4,Gopalganj,GEN,Anirudh Prasad Yadav,RJD,336016.0,70.13,Prabhu Dayal Singh,JD(U),143097.0,29.87,192919.0,Result Declared,40.27,Landslide,UPA / I.N.D.I.A.,0.4259,,,0
2004,Bihar,5,Siwan,GEN,Mohammad Shahabuddin,RJD,317511.0,59.74,Om Prakash Yadav,JD(U),213933.0,40.26,103578.0,Result Declared,19.49,Landslide,UPA / I.N.D.I.A.,0.6738,,,0
2004,Bihar,6,Maharajganj,GEN,Prabhunath Singh,JD(U),283506.0,54.46,Jitendra Swami,RJD,237041.0,45.54,46465.0,Result Declared,8.93,Comfortable,NDA,0.8361,,,0
2004,Bihar,7,Chapra,GEN,Lalu Prasad Yadav,RJD,228882.0,57.6,Rajiv Pratap Rudy,BJP,168459.0,42.4,60423.0,Result Declared,15.21,Landslide,UPA / I.N.D.I.A.,0.736,,,0
2004,Bihar,8,Hajipur,SC,Ram Vilas Paswan,LJP,477495.0,66.58,Chhedi Paswan,JD(U),239694.0,33.42,237801.0,Result Declared,33.16,Landslide,NDA,0.502,,,0
2004,Bihar,9,Vaishali,GEN,Raghuvansh Prasad Singh,RJD,361503.0,58.58,Vijay Kumar Shukla,IND,255568.0,41.42,105935.0,Result Declared,17.17,Landslide,UPA / I.N.D.I.A.,0.707,,,0
2004,Bihar,10,Muzaffarpur,GEN,George Fernandes,JD(U),370127.0,50.66,Bhagwan Lal Sahani,RJD,360434.0,49.34,9693.0,Result Declared,1.33,Tight / Close Contest,NDA,0.9738,,,0
2004,Bihar,11,Sitamarhi,GEN,Sitaram Yadav,RJD,326165.0,58.84,Nawal Kishore Rai,JD(U),228160.0,41.16,98005.0,Result Declared,17.68,Landslide,UPA / I.N.D.I.A.,0.6995,,,0
2004,Bihar,12,Sheohar,GEN,Sitaram Singh,RJD,303243.0,56.94,Mohammad Anwarul Haque,BJP,229360.0,43.06,73883.0,Result Declared,13.87,Comfortable,UPA / I.N.D.I.A.,0.7564,,,0
2004,Bihar,13,Madhubani,GEN,Shakeel Ahmad,INC,328182.0,57.65,Hukmdev Narayan Yadav,BJP,241103.0,42.35,87079.0,Result Declared,15.3,Landslide,UPA / I.N.D.I.A.,0.7347,,,0
2004,Bihar,14,Jhanjharpur,GEN,Devendra Prasad Yadav,RJD,323400.0,51.01,Jagannath Mishra,JD(U),310565.0,48.99,12835.0,Result Declared,2.02,Tight / Close Contest,UPA / I.N.D.I.A.,0.9603,,,0
2004,Bihar,15,Darbhanga,GEN,Ali Ashraf Fatmi,RJD,427672.0,60.08,Kirti Azad,BJP,284209.0,39.92,143463.0,Result Declared,20.15,Landslide,UPA / I.N.D.I.A.,0.6645,,,0
2004,Bihar,16,Rosera,SC,Ram Chandra Paswan,LJP,394240.0,60.65,Dasai Chowdhary,JD(U),255829.0,39.35,138411.0,Result Declared,21.29,Landslide,NDA,0.6489,,,0
2004,Bihar,17,Samastipur,GEN,Alok Kumar Mehta,RJD,437457.0,58.47,Ram Chandra Singh,JD(U),310674.0,41.53,126783.0,Result Declared,16.95,Landslide,UPA / I.N.D.I.A.,0.7102,,,0
2004,Bihar,18,Barh,GEN,Vijay Krishna,RJD,426856.0,52.31,Nitish Kumar,JD(U),389168.0,47.69,37688.0,Result Declared,4.62,Tight / Close Contest,UPA / I.N.D.I.A.,0.9117,,,0
2004,Bihar,19,Balia,GEN,Surajbhan Singh,LJP,233869.0,59.73,Shatrughna Prasad Singh,CPI,157642.0,40.27,76227.0,Result Declared,19.47,Landslide,NDA,0.6741,,,0
2004,Bihar,20,Saharsa,GEN,Ranjeet Ranjan,LJP,350426.0,52.3,Dinesh Chandra Yadav,JD(U),319639.0,47.7,30787.0,Result Declared,4.59,Tight / Close Contest,NDA,0.9121,,,0
2004,Bihar,21,Madhepura,GEN,Lalu Prasad Yadav,RJD,344301.0,55.66,Sharad Yadav,JD(U),274314.0,44.34,69987.0,Result Declared,11.31,Comfortable,UPA / I.N.D.I.A.,0.7967,,,0
2004,Bihar,22,Araria,SC,Sukdeo Paswan,BJP,216677.0,53.42,Ramji Das Rishideo,SP,188933.0,46.58,27744.0,Result Declared,6.84,Comfortable,NDA,0.872,,,0
2004,Bihar,23,Kishanganj,GEN,Mohammed Taslimuddin,RJD,420331.0,61.8,Syed Shahnawaz Hussain,BJP,259834.0,38.2,160497.0,Result Declared,23.6,Landslide,UPA / I.N.D.I.A.,0.6182,,,0
2004,Bihar,24,Purnea,GEN,Uday Singh,BJP,244426.0,51.35,Rajesh Ranjan,LJP,231543.0,48.65,12883.0,Result Declared,2.71,Tight / Close Contest,NDA,0.9473,,,0
2004,Bihar,25,Katihar,GEN,Nikhil Kumar Choudhary,BJP,288922.0,50.22,Tariq Anwar,NCP,286357.0,49.78,2565.0,Result Declared,0.45,Tight / Close Contest,NDA,0.9911,,,0
2004,Bihar,26,Banka,GEN,Giridhari Yadav,RJD,339880.0,50.35,Digvijay Singh,JD(U),335211.0,49.65,4669.0,Result Declared,0.69,Tight / Close Contest,UPA / I.N.D.I.A.,0.9863,,,0
2004,Bihar,27,Bhagalpur,GEN,Sushil Kumar Modi,BJP,345151.0,60.29,Subodh Ray,CPI(M),227298.0,39.71,117853.0,Result Declared,20.59,Landslide,NDA,0.6585,,,0
2004,Bihar,28,Khagaria,GEN,Rabindra Kumar Rana,RJD,322440.0,55.81,Renu Kumari Singh,JD(U),255317.0,44.19,67123.0,Result Declared,11.62,Comfortable,UPA / I.N.D.I.A.,0.7918,,,0
2004,Bihar,29,Monghyr,GEN,Jay Prakash Narayan Yadav,RJD,453286.0,57.33,Monazir Hassan,JD(U),337359.0,42.67,115927.0,Result Declared,14.66,Comfortable,UPA / I.N.D.I.A.,0.7443,,,0
2004,Bihar,30,Begusarai,GEN,Rajiv Ranjan Singh,JD(U),301562.0,51.76,Krishna Sahi,INC,281071.0,48.24,20491.0,Result Declared,3.52,Tight / Close Contest,NDA,0.9321,,,0
2004,Bihar,31,Nalanda,GEN,Nitish Kumar,JD(U),471310.0,56.09,Kumar Pushpanjay,LJP,368914.0,43.91,102396.0,Result Declared,12.19,Comfortable,NDA,0.7827,,,0
2004,Bihar,32,Patna,GEN,Ram Kripal Yadav,RJD,433853.0,52.33,C. P. Thakur,BJP,395291.0,47.67,38562.0,Result Declared,4.65,Tight / Close Contest,UPA / I.N.D.I.A.,0.9111,,,0
2004,Bihar,33,Arrah,GEN,Kanti Singh,RJD,299422.0,66.67,Ram Naresh Ram,CPI(ML)L,149679.0,33.33,149743.0,Result Declared,33.34,Landslide,UPA / I.N.D.I.A.,0.4999,,,0
2004,Bihar,34,Buxar,GEN,Lalmuni Chaubey,BJP,205980.0,57.68,Dadan Singh Yadav,IND,151114.0,42.32,54866.0,Result Declared,15.36,Landslide,NDA,0.7336,,,0
2004,Bihar,35,Sasaram,SC,Meira Kumar,INC,416673.0,72.45,Muni Lall,BJP,158411.0,27.55,258262.0,Result Declared,44.91,Landslide,UPA / I.N.D.I.A.,0.3802,,,0
2004,Bihar,36,Bikramganj,GEN,Ajit Kumar Singh,JD(U),305363.0,55.33,Ram Prasad Singh,RJD,246575.0,44.67,58788.0,Result Declared,10.65,Comfortable,NDA,0.8075,,,0
2004,Bihar,37,Aurangabad,GEN,Nikhil Kumar,INC,290009.0,50.65,Sushil Kumar Singh,JD(U),282549.0,49.35,7460.0,Result Declared,1.3,Tight / Close Contest,UPA / I.N.D.I.A.,0.9743,,,0
2004,Bihar,38,Jahanabad,GEN,Ganesh Prasad Singh,RJD,400063.0,53.08,Arun Kumar,JD(U),353625.0,46.92,46438.0,Result Declared,6.16,Comfortable,UPA / I.N.D.I.A.,0.8839,,,0
2004,Bihar,39,Nawada,SC,Virchandra Paswan,RJD,489992.0,53.03,Sanjay Paswan,BJP,433986.0,46.97,56006.0,Result Declared,6.06,Comfortable,UPA / I.N.D.I.A.,0.8857,,,0
2004,Bihar,40,Gaya,SC,Rajesh Kumar Manjhi,RJD,464829.0,56.23,Balbir Chand,BJP,361895.0,43.77,102934.0,Result Declared,12.45,Comfortable,UPA / I.N.D.I.A.,0.7786,,,0
2004,Chandigarh,1,Chandigarh,GEN,Pawan Kumar Bansal,INC,139880.0,59.65,Satya Pal Jain,BJP,94632.0,40.35,45248.0,Result Declared,19.29,Landslide,UPA / I.N.D.I.A.,0.6765,,,0
2004,Chhattisgarh,1,Surguja,ST,Nand Kumar Sai,BJP,357108.0,58.47,Khelsai Singh,INC,253656.0,41.53,103452.0,Result Declared,16.94,Landslide,NDA,0.7103,,,0
2004,Chhattisgarh,2,Raigarh,ST,Vishnu Deo Sai,BJP,329057.0,52.96,Rampukar Singh,INC,292326.0,47.04,36731.0,Result Declared,5.91,Comfortable,NDA,0.8884,,,0
2004,Chhattisgarh,3,Janjgir,GEN,Karuna Shukla,BJP,303655.0,50.95,Charan Das Mahant,INC,292326.0,49.05,11329.0,Result Declared,1.9,Tight / Close Contest,NDA,0.9627,,,0
2004,Chhattisgarh,4,Bilaspur,SC,Punnulal Mohle,BJP,324729.0,57.18,Basant Pahre,INC,243176.0,42.82,81553.0,Result Declared,14.36,Comfortable,NDA,0.7489,,,0
2004,Chhattisgarh,5,Sarangarh,SC,Guharam Ajgalle,BJP,242575.0,56.94,Parasram Bhardwaj,INC,183457.0,43.06,59118.0,Result Declared,13.88,Comfortable,NDA,0.7563,,,0
2004,Chhattisgarh,6,Raipur,GEN,Ramesh Bais,BJP,376029.0,60.4,Shyama Charan Shukla,INC,246510.0,39.6,129519.0,Result Declared,20.8,Landslide,NDA,0.6556,,,0
2004,Chhattisgarh,7,Mahasamund,GEN,Ajit Jogi,INC,414647.0,58.34,Vidya Charan Shukla,BJP,296142.0,41.66,118505.0,Result Declared,16.67,Landslide,UPA / I.N.D.I.A.,0.7142,,,0
2004,Chhattisgarh,8,Kanker,ST,Sohan Potai,BJP,274294.0,57.75,Ganga Potai Thakur,INC,200668.0,42.25,73626.0,Result Declared,15.5,Landslide,NDA,0.7316,,,0
2004,Chhattisgarh,9,Bastar,ST,Baliram Kashyap,BJP,212893.0,57.32,Mahendra Karma,INC,158520.0,42.68,54373.0,Result Declared,14.64,Comfortable,NDA,0.7446,,,0
2004,Chhattisgarh,10,Durg,GEN,Tarachand Sahu,BJP,382757.0,54.37,Bhupesh Baghel,INC,321289.0,45.63,61468.0,Result Declared,8.73,Comfortable,NDA,0.8394,,,0
2004,Chhattisgarh,11,Rajnandgaon,GEN,Pradeep Gandhi,BJP,314520.0,51.17,Devwrat Singh,INC,300197.0,48.83,14323.0,Result Declared,2.33,Tight / Close Contest,NDA,0.9545,,,0
2004,Dadra and Nagar Haveli,1,Dadra And Nagar Haveli,ST,Mohanbhai Sanjibhai Delkar,Bharatiya Navshakti Party,34665.0,61.42,Sitaram Gavli,INC,21772.0,38.58,12893.0,Result Declared,22.84,Landslide,Others / Regional,0.6281,,,0
2004,Daman and Diu,1,Daman And Diu,GEN,Patel Dahyabhai Vallabhbhai,INC,27523.0,50.56,Gopalbhai Tandel,BJP,26916.0,49.44,607.0,Result Declared,1.12,Tight / Close Contest,UPA / I.N.D.I.A.,0.9779,,,0
2004,Delhi,1,New Delhi,GEN,Ajay Maken,INC,105415.0,53.23,Jagmohan,BJP,92631.0,46.77,12784.0,Result Declared,6.46,Comfortable,UPA / I.N.D.I.A.,0.8787,,,0
2004,Delhi,2,South Delhi,GEN,Vijay Kumar Malhotra,BJP,240654.0,51.72,R. K. Anand,INC,224649.0,48.28,16005.0,Result Declared,3.44,Tight / Close Contest,NDA,0.9335,,,0
2004,Delhi,3,Outer Delhi,GEN,Sajjan Kumar,INC,855543.0,57.52,Sahib Singh Verma,BJP,631753.0,42.48,223790.0,Result Declared,15.05,Landslide,UPA / I.N.D.I.A.,0.7384,,,0
2004,Delhi,4,East Delhi,GEN,Sandeep Dikshit,INC,669527.0,60.36,Lal Bihari Tiwari,BJP,439748.0,39.64,229779.0,Result Declared,20.71,Landslide,UPA / I.N.D.I.A.,0.6568,,,0
2004,Delhi,5,Chandni Chowk,GEN,Kapil Sibal,INC,127396.0,72.64,Smriti Irani,BJP,47981.0,27.36,79415.0,Result Declared,45.28,Landslide,UPA / I.N.D.I.A.,0.3766,,,0
2004,Delhi,6,Delhi Sadar,GEN,Jagdish Tytler,INC,140073.0,53.02,Vijay Goel,BJP,124099.0,46.98,15974.0,Result Declared,6.05,Comfortable,UPA / I.N.D.I.A.,0.886,,,0
2004,Delhi,7,Karol Bagh,SC,Krishna Tirath,INC,138596.0,57.85,Anita Arya,BJP,100967.0,42.15,37629.0,Result Declared,15.71,Landslide,UPA / I.N.D.I.A.,0.7285,,,0
2004,Goa,1,Panaji,GEN,Shripad Yesso Naik,BJP,144842.0,62.04,Wilfred de Souza,NCP,88629.0,37.96,56213.0,Result Declared,24.08,Landslide,NDA,0.6119,,,0
2004,Goa,2,Mormugao,GEN,Churchill Alemao,INC,164432.0,59.08,Ramakant Angle,BJP,113908.0,40.92,50524.0,Result Declared,18.15,Landslide,UPA / I.N.D.I.A.,0.6927,,,0
2004,Gujarat,1,Kutch,GEN,Pushpdan Gadhavi,BJP,221057.0,53.51,Shailendrasinh Jadeja,INC,192067.0,46.49,28990.0,Result Declared,7.02,Comfortable,NDA,0.8689,,,0
2004,Gujarat,2,Surendranagar,GEN,Somabhai Gandalal Koli Patel,BJP,219872.0,54.18,Savshibhai Makwana,INC,185928.0,45.82,33944.0,Result Declared,8.36,Comfortable,NDA,0.8456,,,0
2004,Gujarat,3,Jamnagar,GEN,Vikrambhai Madam,INC,204468.0,50.69,Chandresh Patel Kordia,BJP,198875.0,49.31,5593.0,Result Declared,1.39,Tight / Close Contest,UPA / I.N.D.I.A.,0.9726,,,0
2004,Gujarat,4,Rajkot,GEN,Vallabhbhai Kathiria,BJP,320604.0,64.48,Balvantbhai Bachubhai Manvar,NCP,176634.0,35.52,143970.0,Result Declared,28.95,Landslide,NDA,0.5509,,,0
2004,Gujarat,5,Porbandar,GEN,Harilal Patel,BJP,229113.0,50.63,Vitthal Radadiya,INC,223410.0,49.37,5703.0,Result Declared,1.26,Tight / Close Contest,NDA,0.9751,,,0
2004,Gujarat,6,Junagadh,GEN,Jashubhai Barad,INC,329712.0,53.31,Bhavna Chikhalia,BJP,288791.0,46.69,40921.0,Result Declared,6.62,Comfortable,UPA / I.N.D.I.A.,0.8759,,,0
2004,Gujarat,7,Amreli,GEN,Virjibhai Thummar,INC,220649.0,50.23,Dileep Sanghani,BJP,218619.0,49.77,2030.0,Result Declared,0.46,Tight / Close Contest,UPA / I.N.D.I.A.,0.9908,,,0
2004,Gujarat,8,Bhavnagar,GEN,Rajendrasinh Rana,BJP,247336.0,59.71,Gigabhai Gohil,INC,166910.0,40.29,80426.0,Result Declared,19.42,Landslide,NDA,0.6748,,,0
2004,Gujarat,9,Dhandhuka,SC,Ratilal Varma,BJP,249322.0,52.4,Yogendra Makwana,INC,226528.0,47.6,22794.0,Result Declared,4.79,Tight / Close Contest,NDA,0.9086,,,0
2004,Gujarat,10,Ahmedabad,GEN,Harin Pathak,BJP,301853.0,57.38,Rajkumar Gigraj Gupta,INC,224248.0,42.62,77605.0,Result Declared,14.75,Comfortable,NDA,0.7429,,,0
2004,Gujarat,11,Gandhinagar,GEN,L. K. Advani,BJP,516120.0,63.32,Gabhaji Thakor,INC,298982.0,36.68,217138.0,Result Declared,26.64,Landslide,NDA,0.5793,,,0
2004,Gujarat,12,Mehsana,GEN,Jivabhai Ambalal Patel,INC,339643.0,51.09,Nitinbhai Patel,BJP,325132.0,48.91,14511.0,Result Declared,2.18,Tight / Close Contest,UPA / I.N.D.I.A.,0.9573,,,0
2004,Gujarat,13,Patan,SC,Mahesh Kanodia,BJP,273970.0,52.25,Praveen Rashtrapal,INC,250346.0,47.75,23624.0,Result Declared,4.51,Tight / Close Contest,NDA,0.9138,,,0
2004,Gujarat,14,Banaskantha,GEN,Harisinh Chavda,INC,301148.0,50.58,Haribhai Parthibhai Chaudhary,BJP,294220.0,49.42,6928.0,Result Declared,1.16,Tight / Close Contest,UPA / I.N.D.I.A.,0.977,,,0
2004,Gujarat,15,Sabarkantha,GEN,Madhusudan Mistry,INC,316483.0,53.37,Ramilaben Bara,BJP,276555.0,46.63,39928.0,Result Declared,6.73,Comfortable,UPA / I.N.D.I.A.,0.8738,,,0
2004,Gujarat,16,Kapadvanj,GEN,Shankersinh Vaghela,INC,320338.0,57.08,Liladhar Vaghela,BJP,240903.0,42.92,79435.0,Result Declared,14.15,Comfortable,UPA / I.N.D.I.A.,0.752,,,0
2004,Gujarat,17,Dohad,ST,Babubhai Khimabhai Katara,BJP,228154.0,50.04,Prabha Kishor Taviad,INC,227793.0,49.96,361.0,Result Declared,0.08,Tight / Close Contest,NDA,0.9984,,,0
2004,Gujarat,18,Godhra,GEN,Bhupendrasinh Solanki,BJP,295550.0,55.0,Rajendrasinh Balvantsinh Patel,INC,241831.0,45.0,53719.0,Result Declared,10.0,Comfortable,NDA,0.8182,,,0
2004,Gujarat,19,Kaira,GEN,Dinsha Patel,INC,244037.0,56.58,Shubhanginiraje Ranjitsinh Gaekwad,BJP,187288.0,43.42,56749.0,Result Declared,13.16,Comfortable,UPA / I.N.D.I.A.,0.7675,,,0
2004,Gujarat,20,Anand,GEN,Bharatsinh Solanki,INC,307762.0,55.51,Jayprakash Vaghajibhai Patel,BJP,246677.0,44.49,61085.0,Result Declared,11.02,Comfortable,UPA / I.N.D.I.A.,0.8015,,,0
2004,Gujarat,21,Chhota Udaipur,ST,Naranbhai Rathwa,INC,246855.0,53.96,Ramsinh Rathwa,BJP,210616.0,46.04,36239.0,Result Declared,7.92,Comfortable,UPA / I.N.D.I.A.,0.8532,,,0
2004,Gujarat,22,Baroda,GEN,Jayaben Thakkar,BJP,316089.0,50.53,Satyajitsinh Gaekwad,INC,309486.0,49.47,6603.0,Result Declared,1.06,Tight / Close Contest,NDA,0.9791,,,0
2004,Gujarat,23,Broach,GEN,Mansukhbhai Vasava,BJP,299630.0,56.85,Muhammad Patel,INC,227428.0,43.15,72202.0,Result Declared,13.7,Comfortable,NDA,0.759,,,0
2004,Gujarat,24,Surat,GEN,Kashiram Rana,BJP,508076.0,58.7,Chandravadanbhai Pithawala,INC,357513.0,41.3,150563.0,Result Declared,17.39,Landslide,NDA,0.7037,,,0
2004,Gujarat,25,Mandvi,ST,Tushar Amarsinh Chaudhary,INC,386592.0,64.45,Mansinh Patel,BJP,213210.0,35.55,173382.0,Result Declared,28.91,Landslide,UPA / I.N.D.I.A.,0.5515,,,0
2004,Gujarat,26,Bulsar,ST,Kishanbhai Vestabhai Patel,INC,321769.0,53.71,Manibhai Chaudhary,BJP,277283.0,46.29,44486.0,Result Declared,7.43,Comfortable,UPA / I.N.D.I.A.,0.8617,,,0
2004,Haryana,1,Ambala,SC,Kumari Selja,INC,415264.0,69.72,Rattan Lal Kataria,BJP,180329.0,30.28,234935.0,Result Declared,39.45,Landslide,UPA / I.N.D.I.A.,0.4343,,,0
2004,Haryana,2,Kurukshetra,GEN,Naveen Jindal,INC,362054.0,64.2,Abhay Singh Chautala,Indian National Lok Dal,201864.0,35.8,160190.0,Result Declared,28.41,Landslide,UPA / I.N.D.I.A.,0.5576,,,0
2004,Haryana,3,Karnal,GEN,Arvind Kumar Sharma,INC,318948.0,67.41,Ishwar Dayal Swami,BJP,154186.0,32.59,164762.0,Result Declared,34.82,Landslide,UPA / I.N.D.I.A.,0.4834,,,0
2004,Haryana,4,Sonepat,GEN,Kishan Singh Sangwan,BJP,233477.0,50.82,Dharam Pal Singh Malik,INC,225908.0,49.18,7569.0,Result Declared,1.65,Tight / Close Contest,NDA,0.9676,,,0
2004,Haryana,5,Rohtak,GEN,Bhupinder Singh Hooda,INC,324235.0,65.1,Captain Abhimanyu,BJP,173800.0,34.9,150435.0,Result Declared,30.21,Landslide,UPA / I.N.D.I.A.,0.536,,,0
2004,Haryana,6,Faridabad,GEN,Avtar Singh Bhadana,INC,357284.0,63.5,Mohd Ilyas,Indian National Lok Dal,205355.0,36.5,151929.0,Result Declared,27.0,Landslide,UPA / I.N.D.I.A.,0.5748,,,0
2004,Haryana,7,Mahendragarh,GEN,Rao Inderjit Singh,INC,358714.0,70.74,Sudha Yadav,BJP,148373.0,29.26,210341.0,Result Declared,41.48,Landslide,UPA / I.N.D.I.A.,0.4136,,,0
2004,Haryana,8,Bhiwani,GEN,Kuldeep Bishnoi,INC,290936.0,52.19,Surender Singh,Haryana Vikas Party,266532.0,47.81,24404.0,Result Declared,4.38,Tight / Close Contest,UPA / I.N.D.I.A.,0.9161,,,0
2004,Haryana,9,Hisar,GEN,Jai Parkash,INC,407210.0,64.47,Surender Singh Barwala,Indian National Lok Dal,224442.0,35.53,182768.0,Result Declared,28.93,Landslide,UPA / I.N.D.I.A.,0.5512,,,0
2004,Haryana,10,Sirsa,SC,Atma Singh Gill,INC,349397.0,55.7,Sushil Indora,Indian National Lok Dal,277922.0,44.3,71475.0,Result Declared,11.39,Comfortable,UPA / I.N.D.I.A.,0.7954,,,0
2004,Himachal Pradesh,1,Simla,SC,Dhani Ram Shandil,INC,311182.0,60.52,Hira Nand Kashyap,BJP,203002.0,39.48,108180.0,Result Declared,21.04,Landslide,UPA / I.N.D.I.A.,0.6524,,,0
2004,Himachal Pradesh,2,Mandi,GEN,Pratibha Singh,INC,357623.0,55.13,Maheshwar Singh,BJP,291057.0,44.87,66566.0,Result Declared,10.26,Comfortable,UPA / I.N.D.I.A.,0.8139,,,0
2004,Himachal Pradesh,3,Kangra,GEN,Chander Kumar,INC,314555.0,51.46,Shanta Kumar,BJP,296764.0,48.54,17791.0,Result Declared,2.91,Tight / Close Contest,UPA / I.N.D.I.A.,0.9434,,,0
2004,Himachal Pradesh,4,Hamirpur,GEN,Suresh Chandel,BJP,313243.0,50.13,Ram Lal Thakur,INC,311628.0,49.87,1615.0,Result Declared,0.26,Tight / Close Contest,NDA,0.9948,,,0
2004,Jammu and Kashmir,1,Baramulla,GEN,Abdul Rashid Shaheen,JKNC,127653.0,52.02,Nizamuddin Bhat,JKPDP,117758.0,47.98,9895.0,Result Declared,4.03,Tight / Close Contest,UPA / I.N.D.I.A.,0.9225,,,0
2004,Jammu and Kashmir,2,Srinagar,GEN,Omar Abdullah,JKNC,98422.0,56.67,Ghulam Nabi Lone,JKPDP,75263.0,43.33,23159.0,Result Declared,13.33,Comfortable,UPA / I.N.D.I.A.,0.7647,,,0
2004,Jammu and Kashmir,3,Anantnag,GEN,Mehbooba Mufti,JKPDP,74436.0,67.71,Mirza Mehboob Beg,JKNC,35498.0,32.29,38938.0,Result Declared,35.42,Landslide,Others / Regional,0.4769,,,0
2004,Jammu and Kashmir,4,Ladakh,GEN,Thupstan Chhewang,IND,66839.0,61.91,Hassan Khan,JKNC,41126.0,38.09,25713.0,Result Declared,23.82,Landslide,Others / Regional,0.6153,,,0
2004,Jammu and Kashmir,5,Udhampur,GEN,Chaudhary Lal Singh,INC,240872.0,55.43,Chaman Lal Gupta,BJP,193697.0,44.57,47175.0,Result Declared,10.86,Comfortable,UPA / I.N.D.I.A.,0.8041,,,0
2004,Jammu and Kashmir,6,Jammu,GEN,Madan Lal Sharma,INC,319994.0,51.41,Nirmal Kumar Singh,BJP,302426.0,48.59,17568.0,Result Declared,2.82,Tight / Close Contest,UPA / I.N.D.I.A.,0.9451,,,0
2004,Jharkhand,1,Rajmahal,ST,Hemlal Murmu,JMM,226411.0,50.33,Thomas Hansda,INC,223437.0,49.67,2974.0,Result Declared,0.66,Tight / Close Contest,UPA / I.N.D.I.A.,0.9869,,,0
2004,Jharkhand,2,Dumka,ST,Shibu Soren,JMM,339542.0,60.2,Sone Lal Hembrom,BJP,224527.0,39.8,115015.0,Result Declared,20.39,Landslide,UPA / I.N.D.I.A.,0.6613,,,0
2004,Jharkhand,3,Godda,GEN,Furkan Ansari,INC,373138.0,51.86,Pradeep Yadav,BJP,346384.0,48.14,26754.0,Result Declared,3.72,Tight / Close Contest,UPA / I.N.D.I.A.,0.9283,,,0
2004,Jharkhand,4,Chatra,GEN,Dhirendra Agarwal,RJD,121464.0,54.21,Inder Singh Namdhari,JD(U),102609.0,45.79,18855.0,Result Declared,8.41,Comfortable,UPA / I.N.D.I.A.,0.8448,,,0
2004,Jharkhand,5,Kodarma,GEN,Babulal Marandi,BJP,366656.0,63.39,Champa Verma,JMM,211712.0,36.61,154944.0,Result Declared,26.79,Landslide,NDA,0.5774,,,0
2004,Jharkhand,6,Giridih,GEN,Tek Lal Mahto,JMM,350255.0,63.6,Ravindra Kumar Pandey,BJP,200461.0,36.4,149794.0,Result Declared,27.2,Landslide,UPA / I.N.D.I.A.,0.5723,,,0
2004,Jharkhand,7,Dhanbad,GEN,Chandra Shekhar Dubey,INC,355499.0,60.09,Rita Verma,BJP,236121.0,39.91,119378.0,Result Declared,20.18,Landslide,UPA / I.N.D.I.A.,0.6642,,,0
2004,Jharkhand,8,Ranchi,GEN,Subodh Kant Sahay,INC,284035.0,51.4,Ram Tahal Choudhary,BJP,268614.0,48.6,15421.0,Result Declared,2.79,Tight / Close Contest,UPA / I.N.D.I.A.,0.9457,,,0
2004,Jharkhand,9,Jamshedpur,GEN,Sunil Kumar Mahato,JMM,396056.0,57.69,Abha Mahato,BJP,290423.0,42.31,105633.0,Result Declared,15.39,Landslide,UPA / I.N.D.I.A.,0.7333,,,0
2004,Jharkhand,10,Singhbhum,ST,Bagun Sumbrai,INC,221343.0,57.72,Laxman Giluwa,BJP,162147.0,42.28,59196.0,Result Declared,15.44,Landslide,UPA / I.N.D.I.A.,0.7326,,,0
2004,Jharkhand,11,Khunti,ST,Sushila Kerketta,INC,218158.0,56.65,Kariya Munda,BJP,166932.0,43.35,51226.0,Result Declared,13.3,Comfortable,UPA / I.N.D.I.A.,0.7652,,,0
2004,Jharkhand,12,Lohardaga,ST,Rameshwar Oraon,INC,223920.0,62.62,Dukha Bhagat,BJP,133665.0,37.38,90255.0,Result Declared,25.24,Landslide,UPA / I.N.D.I.A.,0.5969,,,0
2004,Jharkhand,13,Palamau,SC,Manoj Kumar,RJD,206733.0,57.69,Braj Mohan Ram,BJP,151589.0,42.31,55144.0,Result Declared,15.39,Landslide,UPA / I.N.D.I.A.,0.7333,,,0
2004,Jharkhand,14,Hazaribagh,GEN,Bhubneshwar Prasad Mehta,CPI,356058.0,58.68,Yashwant Sinha,BJP,250730.0,41.32,105328.0,Result Declared,17.36,Landslide,UPA / I.N.D.I.A.,0.7042,,,0
2004,Karnataka,1,Bidar,SC,Ramchandra Veerappa,BJP,312838.0,51.96,Narsingrao Suryawanshi,INC,289217.0,48.04,23621.0,Result Declared,3.92,Tight / Close Contest,NDA,0.9245,,,0
2004,Karnataka,2,Gulbarga,GEN,Iqbal Ahmed Saradgi,INC,312601.0,55.06,Basavaraj Patil Sedam,BJP,255130.0,44.94,57471.0,Result Declared,10.12,Comfortable,UPA / I.N.D.I.A.,0.8162,,,0
2004,Karnataka,3,Raichur,GEN,A. Venkatesh Naik,INC,289424.0,50.04,Raja Madangopal Nayak,JD(S),288916.0,49.96,508.0,Result Declared,0.09,Tight / Close Contest,UPA / I.N.D.I.A.,0.9982,,,0
2004,Karnataka,4,Koppal,GEN,K. Virupaxappa,INC,356158.0,53.26,Nagappa Saloni,BJP,312535.0,46.74,43623.0,Result Declared,6.52,Comfortable,UPA / I.N.D.I.A.,0.8775,,,0
2004,Karnataka,5,Bellary,GEN,G. Karunakara Reddy,BJP,318978.0,52.61,K. C. Kondaiah,INC,287299.0,47.39,31679.0,Result Declared,5.23,Comfortable,NDA,0.9007,,,0
2004,Karnataka,6,Davanagere,GEN,G. M. Siddeshwara,BJP,370499.0,52.31,S. S. Mallikarjun,INC,337823.0,47.69,32676.0,Result Declared,4.61,Tight / Close Contest,NDA,0.9118,,,0
2004,Karnataka,7,Chitradurga,GEN,N. Y. Hanumanthappa,INC,322609.0,53.08,P Kodandaramaiah,JD(S),285149.0,46.92,37460.0,Result Declared,6.16,Comfortable,UPA / I.N.D.I.A.,0.8839,,,0
2004,Karnataka,8,Tumkur,GEN,S. Mallikarjunaiah,BJP,303016.0,50.19,Jagadeesh D L,JD(S),300665.0,49.81,2351.0,Result Declared,0.39,Tight / Close Contest,NDA,0.9922,,,0
2004,Karnataka,9,Chikballapur,GEN,R. L. Jalappa,INC,376204.0,54.33,Shashi Kumar,JD(S),316182.0,45.67,60022.0,Result Declared,8.67,Comfortable,UPA / I.N.D.I.A.,0.8405,,,0
2004,Karnataka,10,Kolar,SC,K. H. Muniyappa,INC,385582.0,50.77,D S Veeraiah,BJP,373947.0,49.23,11635.0,Result Declared,1.53,Tight / Close Contest,UPA / I.N.D.I.A.,0.9698,,,0
2004,Karnataka,11,Kanakapura,GEN,Tejashwini See Ramesh,INC,584238.0,55.55,Ramachandra Gowda,BJP,467575.0,44.45,116663.0,Result Declared,11.09,Comfortable,UPA / I.N.D.I.A.,0.8003,,,0
2004,Karnataka,12,Bangalore North,GEN,H. T. Sangliana,BJP,473502.0,51.66,C. K. Jaffer Sharief,INC,443144.0,48.34,30358.0,Result Declared,3.31,Tight / Close Contest,NDA,0.9359,,,0
2004,Karnataka,13,Bangalore South,GEN,Ananth Kumar,BJP,386682.0,54.38,M. Krishnappa,INC,324411.0,45.62,62271.0,Result Declared,8.76,Comfortable,NDA,0.839,,,0
2004,Karnataka,14,Mandya,GEN,Ambareesh,INC,411116.0,58.92,S Ramegowda,JD(S),286678.0,41.08,124438.0,Result Declared,17.83,Landslide,UPA / I.N.D.I.A.,0.6973,,,0
2004,Karnataka,15,Chamarajanagar,SC,Kagalvadi M. Shivanna,JD(S),316661.0,53.73,A Siddaraju,INC,272672.0,46.27,43989.0,Result Declared,7.46,Comfortable,Others / Regional,0.8611,,,0
2004,Karnataka,16,Mysore,GEN,C. H. Vijayashankar,BJP,316442.0,50.81,A S Guruswamy,JD(S),306292.0,49.19,10150.0,Result Declared,1.63,Tight / Close Contest,NDA,0.9679,,,0
2004,Karnataka,17,Mangalore,GEN,D. V. Sadananda Gowda,BJP,384760.0,52.27,Veerappa Moily,INC,351345.0,47.73,33415.0,Result Declared,4.54,Tight / Close Contest,NDA,0.9132,,,0
2004,Karnataka,18,Udupi,GEN,Manorama Madhwaraj,BJP,369627.0,52.04,Vinay Kumar Sorake,INC,340624.0,47.96,29003.0,Result Declared,4.08,Tight / Close Contest,NDA,0.9215,,,0
2004,Karnataka,19,Hassan,GEN,H. D. Deve Gowda,JD(S),462625.0,62.95,H. C. Srikantaiah,INC,272320.0,37.05,190305.0,Result Declared,25.89,Landslide,Others / Regional,0.5886,,,0
2004,Karnataka,20,Chikmagalur,GEN,D. C. Srikantappa,BJP,341391.0,56.05,B L Shankar,INC,267719.0,43.95,73672.0,Result Declared,12.1,Comfortable,NDA,0.7842,,,0
2004,Karnataka,21,Shimoga,GEN,Sarekoppa Bangarappa,BJP,450097.0,54.62,Ayanur Manjunath,INC,373952.0,45.38,76145.0,Result Declared,9.24,Comfortable,NDA,0.8308,,,0
2004,Karnataka,22,Kanara,GEN,Anant Kumar Hegde,BJP,433174.0,62.41,Margaret Alva,INC,260948.0,37.59,172226.0,Result Declared,24.81,Landslide,NDA,0.6024,,,0
2004,Karnataka,23,Dharwad South,GEN,Manjunath Kunnur,BJP,442759.0,59.8,I G Sanadi,INC,297647.0,40.2,145112.0,Result Declared,19.6,Landslide,NDA,0.6723,,,0
2004,Karnataka,24,Dharwad North,GEN,Pralhad Joshi,BJP,385084.0,56.05,B S Patil,INC,302006.0,43.95,83078.0,Result Declared,12.09,Comfortable,NDA,0.7843,,,0
2004,Karnataka,25,Belgaum,GEN,Suresh Angadi,BJP,410843.0,55.75,Amarsinh Vasantrao Patil,INC,326090.0,44.25,84753.0,Result Declared,11.5,Comfortable,NDA,0.7937,,,0
2004,Karnataka,26,Chikkodi,SC,Ramesh Jigajinagi,BJP,379580.0,53.04,SB Ghatage,INC,336088.0,46.96,43492.0,Result Declared,6.08,Comfortable,NDA,0.8854,,,0
2004,Karnataka,27,Bagalkot,GEN,P. C. Gaddigoudar,BJP,459451.0,61.14,RS Patil,INC,292068.0,38.86,167383.0,Result Declared,22.27,Landslide,NDA,0.6357,,,0
2004,Karnataka,28,Bijapur,GEN,Basangouda Patil Yatnal,BJP,344905.0,52.88,Somanagouda Patil,INC,307372.0,47.12,37533.0,Result Declared,5.75,Comfortable,NDA,0.8912,,,0
2004,Kerala,1,Kasaragod,GEN,P. Karunakaran,CPI(M),437284.0,57.06,N A Mohammed,INC,329028.0,42.94,108256.0,Result Declared,14.13,Comfortable,UPA / I.N.D.I.A.,0.7524,,,0
2004,Kerala,2,Cannanore,GEN,A. P. Abdullakutty,CPI(M),435058.0,55.33,Mullappally Ramachandran,INC,351209.0,44.67,83849.0,Result Declared,10.66,Comfortable,UPA / I.N.D.I.A.,0.8073,,,0
2004,Kerala,3,Badagara,GEN,P. Satheedevi,CPI(M),429294.0,58.97,M. T. Padma,INC,298705.0,41.03,130589.0,Result Declared,17.94,Landslide,UPA / I.N.D.I.A.,0.6958,,,0
2004,Kerala,4,Calicut,GEN,M. P. Veerendra Kumar,JD(S),340111.0,55.31,V. Balram,INC,274785.0,44.69,65326.0,Result Declared,10.62,Comfortable,Others / Regional,0.8079,,,0
2004,Kerala,5,Manjeri,GEN,T. K. Hamza,CPI(M),426920.0,52.96,K. P. A. Majeed,IUML,379177.0,47.04,47743.0,Result Declared,5.92,Comfortable,UPA / I.N.D.I.A.,0.8882,,,0
2004,Kerala,6,Ponnani,GEN,E. Ahamed,IUML,354051.0,58.49,P.P. Suneer,CPI,251293.0,41.51,102758.0,Result Declared,16.98,Landslide,UPA / I.N.D.I.A.,0.7098,,,0
2004,Kerala,7,Palghat,GEN,N. N. Krishnadas,CPI(M),375144.0,57.53,V. S. Vijaya Raghavan,INC,276986.0,42.47,98158.0,Result Declared,15.05,Landslide,UPA / I.N.D.I.A.,0.7383,,,0
2004,Kerala,8,Ottapalam,SC,S. Ajaya Kumar,CPI(M),395928.0,54.88,K. A. Thulasi,INC,325518.0,45.12,70410.0,Result Declared,9.76,Comfortable,UPA / I.N.D.I.A.,0.8222,,,0
2004,Kerala,9,Trichur,GEN,C. K. Chandrappan,CPI,320960.0,53.86,A. C. Jose,INC,274999.0,46.14,45961.0,Result Declared,7.71,Comfortable,UPA / I.N.D.I.A.,0.8568,,,0
2004,Kerala,10,Mukundapuram,GEN,Lonappan Nambadan,CPI(M),375175.0,59.25,Padmaja Venugopal,INC,258078.0,40.75,117097.0,Result Declared,18.49,Landslide,UPA / I.N.D.I.A.,0.6879,,,0
2004,Kerala,11,Ernakulam,GEN,Sebastian Paul,IND,323042.0,56.09,Edward Edezhath,INC,252943.0,43.91,70099.0,Result Declared,12.17,Comfortable,Others / Regional,0.783,,,0
2004,Kerala,12,Muvattupuzha,GEN,P. C. Thomas,Indian Federal Democratic Party,256411.0,50.05,P. M. Ismail,CPI(M),255882.0,49.95,529.0,Result Declared,0.1,Tight / Close Contest,Others / Regional,0.9979,,,0
2004,Kerala,13,Kottayam,GEN,K. Suresh Kurup,CPI(M),341213.0,53.36,Anto Antony,INC,298299.0,46.64,42914.0,Result Declared,6.71,Comfortable,UPA / I.N.D.I.A.,0.8742,,,0
2004,Kerala,14,Idukki,GEN,Francis George,Kerala Congress,353905.0,55.43,Benny Behanan,INC,284521.0,44.57,69384.0,Result Declared,10.87,Comfortable,Others / Regional,0.8039,,,0
2004,Kerala,15,Alleppey,GEN,K. S. Manoj,CPI(M),335494.0,50.08,V. M. Sudheeran,INC,334485.0,49.92,1009.0,Result Declared,0.15,Tight / Close Contest,UPA / I.N.D.I.A.,0.997,,,0
2004,Kerala,16,Mavelikara,GEN,C. S. Sujatha,CPI(M),278281.0,50.68,Ramesh Chennithala,INC,270867.0,49.32,7414.0,Result Declared,1.35,Tight / Close Contest,UPA / I.N.D.I.A.,0.9734,,,0
2004,Kerala,17,Adoor,SC,Chengara Surendran,CPI,332216.0,54.47,Kodikunnil Suresh,INC,277682.0,45.53,54534.0,Result Declared,8.94,Comfortable,UPA / I.N.D.I.A.,0.8358,,,0
2004,Kerala,18,Quilon,GEN,P. Rajendran,CPI(M),355279.0,59.26,Sooranad Rajasekharan,INC,244208.0,40.74,111071.0,Result Declared,18.53,Landslide,UPA / I.N.D.I.A.,0.6874,,,0
2004,Kerala,19,Chirayinkil,GEN,Varkala Radhakrishnan,CPI(M),313615.0,54.4,M. I. Shanavas,INC,262870.0,45.6,50745.0,Result Declared,8.8,Comfortable,UPA / I.N.D.I.A.,0.8382,,,0
2004,Kerala,20,Trivandrum,GEN,P. K. Vasudevan Nair,CPI,286057.0,55.28,V. S. Sivakumar,INC,231454.0,44.72,54603.0,Result Declared,10.55,Comfortable,UPA / I.N.D.I.A.,0.8091,,,0
2004,Lakshadweep,1,Lakshadweep,ST,P. Pookunhi Koya,JD(U),15597.0,50.11,P. M. Sayeed,INC,15526.0,49.89,71.0,Result Declared,0.23,Tight / Close Contest,NDA,0.9954,,,0
2004,Madhya Pradesh,1,Morena,SC,Ashok Argal,BJP,261337.0,69.62,Barelal Jatav,INC,114017.0,30.38,147320.0,Result Declared,39.25,Landslide,NDA,0.4363,,,0
2004,Madhya Pradesh,2,Bhind,GEN,Ram Lakhan Singh,BJP,234712.0,50.75,Satyadev Katare,INC,227766.0,49.25,6946.0,Result Declared,1.5,Tight / Close Contest,NDA,0.9704,,,0
2004,Madhya Pradesh,3,Gwalior,GEN,Ramsevak Singh,INC,246467.0,53.92,Jaibhan Singh Pawaiya,BJP,210603.0,46.08,35864.0,Result Declared,7.85,Comfortable,UPA / I.N.D.I.A.,0.8545,,,0
2004,Madhya Pradesh,4,Guna,GEN,Jyotiraditya Scindia,INC,333954.0,57.43,Harivallabh Shukla,BJP,247594.0,42.57,86360.0,Result Declared,14.85,Comfortable,UPA / I.N.D.I.A.,0.7414,,,0
2004,Madhya Pradesh,5,Sagar,SC,Virendra Kumar,BJP,290974.0,67.05,Uttam Khatik,INC,142983.0,32.95,147991.0,Result Declared,34.1,Landslide,NDA,0.4914,,,0
2004,Madhya Pradesh,6,Khajuraho,GEN,Ramkrishna Kusmaria,BJP,332458.0,60.1,Satyavrat Chaturvedi,INC,220677.0,39.9,111781.0,Result Declared,20.21,Landslide,NDA,0.6638,,,0
2004,Madhya Pradesh,7,Damoh,GEN,Chandrabhan Bhaiya,BJP,271869.0,60.53,Tilak Singh Lodhi,INC,177274.0,39.47,94595.0,Result Declared,21.06,Landslide,NDA,0.6521,,,0
2004,Madhya Pradesh,8,Satna,GEN,Ganesh Singh,BJP,239706.0,60.56,Rajendra Kumar Singh,INC,156116.0,39.44,83590.0,Result Declared,21.12,Landslide,NDA,0.6513,,,0
2004,Madhya Pradesh,9,Rewa,GEN,Chandramani Tripathi,BJP,232021.0,55.34,Pradeep Kumar Patel,BSP,187269.0,44.66,44752.0,Result Declared,10.67,Comfortable,NDA,0.8071,,,0
2004,Madhya Pradesh,10,Sidhi,ST,Chandrapratap Singh,BJP,210198.0,56.68,Tilakraj Singh,INC,160633.0,43.32,49565.0,Result Declared,13.37,Comfortable,NDA,0.7642,,,0
2004,Madhya Pradesh,11,Shahdol,ST,Dalpat Singh Paraste,BJP,210034.0,53.76,Rajesh Nandini Singh,INC,180685.0,46.24,29349.0,Result Declared,7.51,Comfortable,NDA,0.8603,,,0
2004,Madhya Pradesh,12,Balaghat,GEN,Gaurishankar Bisen,BJP,193982.0,64.69,Kankar Munjare,Janata Party,105893.0,35.31,88089.0,Result Declared,29.38,Landslide,NDA,0.5459,,,0
2004,Madhya Pradesh,13,Mandla,ST,Faggan Singh Kulaste,BJP,238073.0,57.89,Heera Singh Markam,Gondwana Ganatantra Party,173176.0,42.11,64897.0,Result Declared,15.78,Landslide,NDA,0.7274,,,0
2004,Madhya Pradesh,14,Jabalpur,GEN,Rakesh Singh,BJP,311646.0,59.5,Vishwanath Dubey,INC,212115.0,40.5,99531.0,Result Declared,19.0,Landslide,NDA,0.6806,,,0
2004,Madhya Pradesh,15,Seoni,GEN,Neeta Pateriya,BJP,268195.0,60.73,Kalyani Pandey,INC,173394.0,39.27,94801.0,Result Declared,21.47,Landslide,NDA,0.6465,,,0
2004,Madhya Pradesh,16,Chhindwara,GEN,Kamal Nath,INC,308563.0,55.76,Prahlad Singh Patel,BJP,244855.0,44.24,63708.0,Result Declared,11.51,Comfortable,UPA / I.N.D.I.A.,0.7935,,,0
2004,Madhya Pradesh,17,Betul,GEN,Vijay Kumar Khandelwal,BJP,288007.0,68.82,Rajendra Jaiswal,INC,130467.0,31.18,157540.0,Result Declared,37.65,Landslide,NDA,0.453,,,0
2004,Madhya Pradesh,18,Hoshangabad,GEN,Sartaj Singh,BJP,354659.0,61.9,Omprakash Raghuvanshi,INC,218250.0,38.1,136409.0,Result Declared,23.81,Landslide,NDA,0.6154,,,0
2004,Madhya Pradesh,19,Bhopal,GEN,Kailash Joshi,BJP,561563.0,68.72,Sajid Ali,INC,255558.0,31.28,306005.0,Result Declared,37.45,Landslide,NDA,0.4551,,,0
2004,Madhya Pradesh,20,Vidisha,GEN,Shivraj Singh Chouhan,BJP,428030.0,71.9,Narbada Prasad Sharma,INC,167304.0,28.1,260726.0,Result Declared,43.79,Landslide,NDA,0.3909,,,0
2004,Madhya Pradesh,21,Rajgarh,GEN,Lakshman Singh,BJP,283135.0,53.47,Shambhoo Singh,INC,246423.0,46.53,36712.0,Result Declared,6.93,Comfortable,NDA,0.8703,,,0
2004,Madhya Pradesh,22,Shajapur,SC,Thawar Chand Gehlot,BJP,424004.0,62.37,Shyam Malviya,INC,255817.0,37.63,168187.0,Result Declared,24.74,Landslide,NDA,0.6033,,,0
2004,Madhya Pradesh,23,Khandwa,GEN,Nandkumar Singh Chauhan,BJP,336724.0,59.0,Amitabh Mandloi,INC,233987.0,41.0,102737.0,Result Declared,18.0,Landslide,NDA,0.6949,,,0
2004,Madhya Pradesh,24,Khargone,GEN,Krishna Murari Moghe,BJP,321762.0,55.01,Tarachand Shivaji Patel,INC,263145.0,44.99,58617.0,Result Declared,10.02,Comfortable,NDA,0.8178,,,0
2004,Madhya Pradesh,25,Dhar,ST,Chhatar Singh Darbar,BJP,345468.0,52.48,Umang Singhar,INC,312857.0,47.52,32611.0,Result Declared,4.95,Tight / Close Contest,NDA,0.9056,,,0
2004,Madhya Pradesh,26,Indore,GEN,Sumitra Mahajan,BJP,508107.0,61.79,Rameshwar Patel,INC,314171.0,38.21,193936.0,Result Declared,23.59,Landslide,NDA,0.6183,,,0
2004,Madhya Pradesh,27,Ujjain,SC,Satyanarayan Jatiya,BJP,369744.0,55.26,Premchand Guddu,INC,299341.0,44.74,70403.0,Result Declared,10.52,Comfortable,NDA,0.8096,,,0
2004,Madhya Pradesh,28,Jhabua,ST,Kantilal Bhuria,INC,322257.0,57.11,Relam Chauhan,BJP,241975.0,42.89,80282.0,Result Declared,14.23,Comfortable,UPA / I.N.D.I.A.,0.7509,,,0
2004,Madhya Pradesh,29,Mandsaur,GEN,Laxminarayan Pandey,BJP,423478.0,59.87,Rajendra Singh Gautam,INC,283845.0,40.13,139633.0,Result Declared,19.74,Landslide,NDA,0.6703,,,0
2004,Maharashtra,1,Rajapur,GEN,Suresh Prabhu,SS,264001.0,59.05,Sudhir Sawant,INC,183102.0,40.95,80899.0,Result Declared,18.09,Landslide,NDA,0.6936,,,0
2004,Maharashtra,2,Ratnagiri,GEN,Anant Geete,SS,334690.0,64.31,Govindrao Nikam,NCP,185722.0,35.69,148968.0,Result Declared,28.63,Landslide,NDA,0.5549,,,0
2004,Maharashtra,3,Kolaba,GEN,A. R. Antulay,INC,312225.0,52.69,Vivek Patil,Peasants And Workers Party Of India,280355.0,47.31,31870.0,Result Declared,5.38,Comfortable,UPA / I.N.D.I.A.,0.8979,,,0
2004,Maharashtra,4,Mumbai South,GEN,Milind Deora,INC,137956.0,51.93,Jayawantiben Mehta,BJP,127710.0,48.07,10246.0,Result Declared,3.86,Tight / Close Contest,UPA / I.N.D.I.A.,0.9257,,,0
2004,Maharashtra,5,Mumbai South Central,GEN,Mohan Rawale,SS,128536.0,54.72,Sachin Ahir,NCP,106348.0,45.28,22188.0,Result Declared,9.45,Comfortable,NDA,0.8274,,,0
2004,Maharashtra,6,Mumbai North Central,GEN,Eknath Gaikwad,INC,256282.0,51.33,Manohar Joshi,SS,242953.0,48.67,13329.0,Result Declared,2.67,Tight / Close Contest,UPA / I.N.D.I.A.,0.948,,,0
2004,Maharashtra,7,Mumbai North East,GEN,Gurudas Kamat,INC,493420.0,55.6,Kirit Somaiya,BJP,394020.0,44.4,99400.0,Result Declared,11.2,Comfortable,UPA / I.N.D.I.A.,0.7985,,,0
2004,Maharashtra,8,Mumbai North West,GEN,Sunil Dutt,INC,385755.0,53.27,Sanjay Nirupam,SS,338397.0,46.73,47358.0,Result Declared,6.54,Comfortable,UPA / I.N.D.I.A.,0.8772,,,0
2004,Maharashtra,9,Mumbai North,GEN,Govinda,INC,559763.0,52.25,Ram Naik,BJP,511492.0,47.75,48271.0,Result Declared,4.51,Tight / Close Contest,UPA / I.N.D.I.A.,0.9138,,,0
2004,Maharashtra,10,Thane,GEN,Prakash Paranjape,SS,631414.0,50.9,Vasant Davkhare,NCP,609156.0,49.1,22258.0,Result Declared,1.79,Tight / Close Contest,NDA,0.9647,,,0
2004,Maharashtra,11,Dahanu,ST,Damodar Shingada,INC,286004.0,56.23,Chintaman Vanaga,BJP,222641.0,43.77,63363.0,Result Declared,12.46,Comfortable,UPA / I.N.D.I.A.,0.7785,,,0
2004,Maharashtra,12,Nashik,GEN,Devidas Pingale,NCP,307613.0,51.25,Dashrath Patil,SS,292555.0,48.75,15058.0,Result Declared,2.51,Tight / Close Contest,NDA,0.951,,,0
2004,Maharashtra,13,Malegaon,ST,Harischandra Chavan,BJP,218259.0,50.52,Haribahu Shankar Mahale,JD(S),213731.0,49.48,4528.0,Result Declared,1.05,Tight / Close Contest,NDA,0.9793,,,0
2004,Maharashtra,14,Dhule,ST,Bapu Hari Chaure,INC,210714.0,50.94,Ramdas Rupla Gavit,BJP,202949.0,49.06,7765.0,Result Declared,1.88,Tight / Close Contest,UPA / I.N.D.I.A.,0.9631,,,0
2004,Maharashtra,15,Nandurbar,ST,Manikrao Gavit,INC,351911.0,59.03,Natawadkar Suhas Jayant,BJP,244290.0,40.97,107621.0,Result Declared,18.05,Landslide,UPA / I.N.D.I.A.,0.6942,,,0
2004,Maharashtra,16,Erandol,GEN,Annasaheb M. K. Patil,BJP,289559.0,50.71,Vasantrao More,NCP,281418.0,49.29,8141.0,Result Declared,1.43,Tight / Close Contest,NDA,0.9719,,,0
2004,Maharashtra,17,Jalgaon,GEN,Y. G. Mahajan,BJP,298865.0,51.79,Ulhas Patil,INC,278219.0,48.21,20646.0,Result Declared,3.58,Tight / Close Contest,NDA,0.9309,,,0
2004,Maharashtra,18,Buldhana,SC,Anandrao Vithoba Adsul,SS,369975.0,54.4,Mukul Wasnik,INC,310068.0,45.6,59907.0,Result Declared,8.81,Comfortable,NDA,0.8381,,,0
2004,Maharashtra,19,Akola,GEN,Sanjay Dhotre,BJP,313323.0,60.22,Laxmanrao Tayade,INC,206952.0,39.78,106371.0,Result Declared,20.45,Landslide,NDA,0.6605,,,0
2004,Maharashtra,20,Washim,GEN,Bhavana Gawali,SS,358682.0,54.64,Manohar Naik,NCP,297784.0,45.36,60898.0,Result Declared,9.28,Comfortable,NDA,0.8302,,,0
2004,Maharashtra,21,Amravati,GEN,Anant Gudhe,SS,203216.0,51.81,Omprakash Babarao Kadu,IND,188982.0,48.19,14234.0,Result Declared,3.63,Tight / Close Contest,NDA,0.93,,,0
2004,Maharashtra,22,Ramtek,GEN,Subodh Mohite,SS,276720.0,51.31,Shrikant Jichkar,INC,262618.0,48.69,14102.0,Result Declared,2.61,Tight / Close Contest,NDA,0.949,,,0
2004,Maharashtra,23,Nagpur,GEN,Vilas Muttemwar,INC,373769.0,57.68,Atal Bahadur Singh,BJP,274286.0,42.32,99483.0,Result Declared,15.35,Landslide,UPA / I.N.D.I.A.,0.7338,,,0
2004,Maharashtra,24,Bhandara,GEN,Shishupal Patle,BJP,277388.0,50.27,Praful Patel,NCP,274379.0,49.73,3009.0,Result Declared,0.55,Tight / Close Contest,NDA,0.9892,,,0
2004,Maharashtra,25,Chimur,GEN,Mahadeo Shivankar,BJP,336711.0,58.59,Jogendra Kawade,Peoples Republican Party,237937.0,41.41,98774.0,Result Declared,17.19,Landslide,NDA,0.7067,,,0
2004,Maharashtra,26,Chandrapur,GEN,Hansraj Gangaram Ahir,BJP,366014.0,54.45,Naresh Puglia,INC,306191.0,45.55,59823.0,Result Declared,8.9,Comfortable,NDA,0.8366,,,0
2004,Maharashtra,27,Wardha,GEN,Suresh Wagmare,BJP,269045.0,50.3,Prabha Rau,INC,265857.0,49.7,3188.0,Result Declared,0.6,Tight / Close Contest,NDA,0.9882,,,0
2004,Maharashtra,28,Yavatmal,GEN,Harising Nasaru Rathod,BJP,298513.0,55.26,Uttamrao Deorao Patil,INC,241709.0,44.74,56804.0,Result Declared,10.51,Comfortable,NDA,0.8097,,,0
2004,Maharashtra,29,Hingoli,GEN,Suryakanta Patil,NCP,327944.0,50.97,Shivaji Mane,SS,315399.0,49.03,12545.0,Result Declared,1.95,Tight / Close Contest,NDA,0.9617,,,0
2004,Maharashtra,30,Nanded,GEN,Digamber Bapuji Patil,BJP,361282.0,51.74,Bhaskarrao Khatgaonkar,INC,336947.0,48.26,24335.0,Result Declared,3.49,Tight / Close Contest,NDA,0.9326,,,0
2004,Maharashtra,31,Parbhani,GEN,Tukaram Renge Patil,SS,339318.0,54.51,Suresh Warpudkar,NCP,283147.0,45.49,56171.0,Result Declared,9.02,Comfortable,NDA,0.8345,,,0
2004,Maharashtra,32,Jalna,GEN,Raosaheb Danve,BJP,369630.0,54.52,Uttamsingh Pawar,INC,308298.0,45.48,61332.0,Result Declared,9.05,Comfortable,NDA,0.8341,,,0
2004,Maharashtra,33,Aurangabad,GEN,Chandrakant Khaire,SS,477900.0,57.31,Ramkrishna Baba Patil,INC,355977.0,42.69,121923.0,Result Declared,14.62,Comfortable,NDA,0.7449,,,0
2004,Maharashtra,34,Beed,GEN,Jaisingrao Gaikwad Patil,NCP,425051.0,52.95,Prakashdada Solanke,BJP,377639.0,47.05,47412.0,Result Declared,5.91,Comfortable,NDA,0.8885,,,0
2004,Maharashtra,35,Latur,GEN,Rupatai Patil,BJP,404500.0,51.99,Shivraj Patil,INC,373609.0,48.01,30891.0,Result Declared,3.97,Tight / Close Contest,NDA,0.9236,,,0
2004,Maharashtra,36,Osmanabad,SC,Kalpana Narhire,SS,294436.0,50.14,Kondiba Laxman Dhobale,NCP,292787.0,49.86,1649.0,Result Declared,0.28,Tight / Close Contest,NDA,0.9944,,,0
2004,Maharashtra,37,Sholapur,GEN,Subhash Sureshchandra Deshmukh,BJP,316188.0,50.46,Ujwalatai Shinde,INC,310390.0,49.54,5798.0,Result Declared,0.93,Tight / Close Contest,NDA,0.9817,,,0
2004,Maharashtra,38,Pandharpur,SC,Ramdas Athawale,Republican Party Of India (A),347215.0,58.38,Nagnath Dattatray Kshirsagar,BJP,247522.0,41.62,99693.0,Result Declared,16.76,Landslide,Others / Regional,0.7129,,,0
2004,Maharashtra,39,Ahmednagar,GEN,Tukaram Gadakh,NCP,362938.0,55.77,N. S. Pharande,BJP,287861.0,44.23,75077.0,Result Declared,11.54,Comfortable,NDA,0.7931,,,0
2004,Maharashtra,40,Kopargaon,GEN,Balasaheb Vikhe Patil,INC,356688.0,56.97,Murkute Bhanudas Kashinath,SS,269357.0,43.03,87331.0,Result Declared,13.95,Comfortable,UPA / I.N.D.I.A.,0.7552,,,0
2004,Maharashtra,41,Khed,GEN,Shivajirao Adhalarao Patil,SS,360501.0,51.49,Ashok Mohol,NCP,339691.0,48.51,20810.0,Result Declared,2.97,Tight / Close Contest,NDA,0.9423,,,0
2004,Maharashtra,42,Pune,GEN,Suresh Kalmadi,INC,373774.0,55.43,Pradeep Rawat,BJP,300598.0,44.57,73176.0,Result Declared,10.85,Comfortable,UPA / I.N.D.I.A.,0.8042,,,0
2004,Maharashtra,43,Baramati,GEN,Sharad Pawar,NCP,634555.0,74.99,Prithviraj Sahebrao Jachak,BJP,211580.0,25.01,422975.0,Result Declared,49.99,Landslide,NDA,0.3334,,,0
2004,Maharashtra,44,Satara,GEN,Laxmanrao Pandurang Jadhav (Patil),NCP,281577.0,50.35,Hindurao Naik Nimbalkar,SS,277620.0,49.65,3957.0,Result Declared,0.71,Tight / Close Contest,NDA,0.9859,,,0
2004,Maharashtra,45,Karad,GEN,Shriniwas Patil,NCP,436732.0,64.54,Mankumare Vasant Dnyandev,SS,240002.0,35.46,196730.0,Result Declared,29.07,Landslide,NDA,0.5495,,,0
2004,Maharashtra,46,Sangli,GEN,Prakashbapu Vasantdada Patil,INC,305048.0,57.72,Deepak Mhaisalkar,BJP,223425.0,42.28,81623.0,Result Declared,15.45,Landslide,UPA / I.N.D.I.A.,0.7324,,,0
2004,Maharashtra,47,Ichalkaranji,GEN,Nivedita Mane,NCP,422272.0,56.8,Sanjay Shamrao Patil,SS,321223.0,43.2,101049.0,Result Declared,13.59,Comfortable,NDA,0.7607,,,0
2004,Maharashtra,48,Kolhapur,GEN,Sadashivrao Mandlik,NCP,401922.0,50.93,Dhananjay Mahadik,SS,387169.0,49.07,14753.0,Result Declared,1.87,Tight / Close Contest,NDA,0.9633,,,0
2004,Manipur,1,Inner Manipur,GEN,Thokchom Meinya,INC,154055.0,59.53,Moirangthem Nara,CPI,104722.0,40.47,49333.0,Result Declared,19.06,Landslide,UPA / I.N.D.I.A.,0.6798,,,0
2004,Manipur,2,Outer Manipur,ST,Mani Charenamei,IND,229634.0,60.9,D. Loli Adanee,BJP,147441.0,39.1,82193.0,Result Declared,21.8,Landslide,Others / Regional,0.6421,,,0
2004,Meghalaya,1,Shillong,GEN,Paty Ripple Kyndiah,INC,190058.0,61.46,S. Loniak Marbaniang,IND,119162.0,38.54,70896.0,Result Declared,22.93,Landslide,UPA / I.N.D.I.A.,0.627,,,0
2004,Meghalaya,2,Tura,GEN,Purno Agitok Sangma,TMC,191938.0,61.69,Mukul Sangma,INC,119175.0,38.31,72763.0,Result Declared,23.39,Landslide,UPA / I.N.D.I.A.,0.6209,,,0
2004,Mizoram,1,Mizoram,ST,Vanlalzawma,Mizo National Front,182864.0,53.46,Laltluangliana Khiangte,IND,159170.0,46.54,23694.0,Result Declared,6.93,Comfortable,Others / Regional,0.8704,,,0
2004,Nagaland,1,Nagaland,GEN,W. Wangyuh,Naga People'S Front,698128.0,73.94,K. Asungba Sangtam,INC,246109.0,26.06,452019.0,Result Declared,47.87,Landslide,Others / Regional,0.3525,,,0
2004,Odisha,1,Mayurbhanj,ST,Sudam Marndi,JMM,260529.0,50.78,Bhagirathi Majhi,BJP,252557.0,49.22,7972.0,Result Declared,1.55,Tight / Close Contest,UPA / I.N.D.I.A.,0.9694,,,0
2004,Odisha,2,Balasore,GEN,Kharabela Swain,BJP,553087.0,63.63,Niranjan Panda,INC,316132.0,36.37,236955.0,Result Declared,27.26,Landslide,NDA,0.5716,,,0
2004,Odisha,3,Bhadrak,SC,Arjun Charan Sethi,BJD,489200.0,55.36,Muralidhar Jena,INC,394431.0,44.64,94769.0,Result Declared,10.72,Comfortable,Others / Regional,0.8063,,,0
2004,Odisha,4,Jajpur,SC,Mohan Jena,BJD,452177.0,53.02,Amiya Kanta Mallik,INC,400711.0,46.98,51466.0,Result Declared,6.03,Comfortable,Others / Regional,0.8862,,,0
2004,Odisha,5,Kendrapara,GEN,Archana Nayak,BJD,453276.0,55.3,Srikant Kumar Jena,INC,366433.0,44.7,86843.0,Result Declared,10.59,Comfortable,Others / Regional,0.8084,,,0
2004,Odisha,6,Cuttack,GEN,Bhartruhari Mahtab,BJD,496750.0,60.56,Jayanti Patnaik,INC,323552.0,39.44,173198.0,Result Declared,21.11,Landslide,Others / Regional,0.6513,,,0
2004,Odisha,7,Jagatsinghpur,GEN,Brahmananda Panda,BJD,466383.0,53.27,Ranjib Biswal,INC,409121.0,46.73,57262.0,Result Declared,6.54,Comfortable,Others / Regional,0.8772,,,0
2004,Odisha,8,Puri,GEN,Braja Kishore Tripathy,BJD,462248.0,53.53,Pinaki Misra,INC,401288.0,46.47,60960.0,Result Declared,7.06,Comfortable,Others / Regional,0.8681,,,0
2004,Odisha,9,Bhubaneswar,GEN,Prasanna Kumar Patasani,BJD,437762.0,57.36,Soumya Ranjan Patnaik,INC,325483.0,42.64,112279.0,Result Declared,14.71,Comfortable,Others / Regional,0.7435,,,0
2004,Odisha,10,Aska,GEN,Hari Har Swain,BJD,381526.0,60.52,Ramkrushana Patnaik,INC,248924.0,39.48,132602.0,Result Declared,21.03,Landslide,Others / Regional,0.6524,,,0
2004,Odisha,11,Berhampur,GEN,Chandra Sekhar Sahu,INC,355973.0,53.91,Anadi Charan Sahu,BJP,304316.0,46.09,51657.0,Result Declared,7.82,Comfortable,UPA / I.N.D.I.A.,0.8549,,,0
2004,Odisha,12,Koraput,ST,Giridhar Gamang,INC,334748.0,53.45,Papanna Mutika,BJD,291481.0,46.55,43267.0,Result Declared,6.91,Comfortable,UPA / I.N.D.I.A.,0.8707,,,0
2004,Odisha,13,Nowrangpur,ST,Parsuram Majhi,BJP,359989.0,52.71,Chandra Sekhar Majhi,INC,322957.0,47.29,37032.0,Result Declared,5.42,Comfortable,NDA,0.8971,,,0
2004,Odisha,14,Kalahandi,GEN,Bikram Keshari Deo,BJP,357079.0,52.51,Bhakta Charan Das,INC,322957.0,47.49,34122.0,Result Declared,5.02,Comfortable,NDA,0.9044,,,0
2004,Odisha,15,Phulbani,SC,Sugrib Singh,BJD,337951.0,51.47,Abhimanyu Behera,INC,318679.0,48.53,19272.0,Result Declared,2.93,Tight / Close Contest,Others / Regional,0.943,,,0
2004,Odisha,16,Bolangir,GEN,Sangeeta Kumari Singh Deo,BJP,322912.0,59.23,Sarat Pattanayak,INC,222230.0,40.77,100682.0,Result Declared,18.47,Landslide,NDA,0.6882,,,0
2004,Odisha,17,Sambalpur,GEN,Prasanna Acharya,BJD,390556.0,50.96,Sanjay Bhoi,INC,375786.0,49.04,14770.0,Result Declared,1.93,Tight / Close Contest,Others / Regional,0.9622,,,0
2004,Odisha,18,Deogarh,GEN,Dharmendra Pradhan,BJP,426092.0,55.12,Sriballav Panigrahi,INC,346996.0,44.88,79096.0,Result Declared,10.23,Comfortable,NDA,0.8144,,,0
2004,Odisha,19,Dhenkanal,GEN,Tathagata Satpathy,BJD,423539.0,58.48,Kamakhya Prasad Singh Deo,INC,300657.0,41.52,122882.0,Result Declared,16.97,Landslide,Others / Regional,0.7099,,,0
2004,Odisha,20,Sundargarh,ST,Jual Oram,BJP,336562.0,53.13,Frida Topno,INC,296886.0,46.87,39676.0,Result Declared,6.26,Comfortable,NDA,0.8821,,,0
2004,Odisha,21,Keonjhar,ST,Ananta Nayak,BJP,355702.0,53.72,Nilakantha Nayak,INC,306493.0,46.28,49209.0,Result Declared,7.43,Comfortable,NDA,0.8617,,,0
2004,Puducherry,1,Puducherry,GEN,M. Ramadass,Pattali Makkal Katchi,241653.0,58.35,Lalitha Kumaramangalam,BJP,172472.0,41.65,69181.0,Result Declared,16.71,Landslide,Others / Regional,0.7137,,,0
2004,Punjab,1,Gurdaspur,GEN,Vinod Khanna,BJP,387612.0,51.66,Sukhbans Kaur Bhinder,INC,362629.0,48.34,24983.0,Result Declared,3.33,Tight / Close Contest,NDA,0.9355,,,0
2004,Punjab,2,Amritsar,GEN,Navjot Singh Sidhu,BJP,394223.0,58.07,Raghunandan Lal Bhatia,INC,284691.0,41.93,109532.0,Result Declared,16.13,Landslide,NDA,0.7222,,,0
2004,Punjab,3,Tarn Taran,GEN,Rattan Singh Ajnala,SAD,364646.0,54.19,Sukhbinder Singh,INC,308252.0,45.81,56394.0,Result Declared,8.38,Comfortable,NDA,0.8453,,,0
2004,Punjab,4,Jullundur,GEN,Rana Gurjeet Singh,INC,344619.0,52.55,Naresh Gujral,SAD,311156.0,47.45,33463.0,Result Declared,5.1,Comfortable,UPA / I.N.D.I.A.,0.9029,,,0
2004,Punjab,5,Phillaur,SC,Charanjit Singh Atwal,SAD,324512.0,58.99,Santosh Chowdhary,INC,225628.0,41.01,98884.0,Result Declared,17.97,Landslide,NDA,0.6953,,,0
2004,Punjab,6,Hoshiarpur,GEN,Avinash Rai Khanna,BJP,289815.0,60.98,Darshan Singh Mattu,CPI(M),185444.0,39.02,104371.0,Result Declared,21.96,Landslide,NDA,0.6399,,,0
2004,Punjab,7,Ropar,SC,Sukhdev Singh Libra,SAD,347631.0,52.54,Shamsher Singh Dullo,INC,313994.0,47.46,33637.0,Result Declared,5.08,Comfortable,NDA,0.9032,,,0
2004,Punjab,8,Patiala,GEN,Preneet Kaur,INC,409917.0,51.49,Kanwaljit Singh,SAD,386250.0,48.51,23667.0,Result Declared,2.97,Tight / Close Contest,UPA / I.N.D.I.A.,0.9423,,,0
2004,Punjab,9,Ludhiana,GEN,Sharanjit Singh Dhillon,SAD,329234.0,52.35,Manish Tewari,INC,299694.0,47.65,29540.0,Result Declared,4.7,Tight / Close Contest,NDA,0.9103,,,0
2004,Punjab,10,Sangrur,GEN,Sukhdev Singh Dhindsa,SAD,286828.0,52.5,Arvind Khanna,INC,259551.0,47.5,27277.0,Result Declared,4.99,Tight / Close Contest,NDA,0.9049,,,0
2004,Punjab,11,Bhatinda,SC,Paramjit Kaur Gulshan,SAD,323394.0,55.36,Kaushalya Chaman Bhaura,CPI,260752.0,44.64,62642.0,Result Declared,10.72,Comfortable,NDA,0.8063,,,0
2004,Punjab,12,Faridkot,GEN,Sukhbir Singh Badal,SAD,475928.0,58.28,Karan Kaur Brar,INC,340649.0,41.72,135279.0,Result Declared,16.57,Landslide,NDA,0.7158,,,0
2004,Punjab,13,Ferozepur,GEN,Zora Singh Maan,SAD,357102.0,50.82,Jagmeet Singh Brar,INC,345563.0,49.18,11539.0,Result Declared,1.64,Tight / Close Contest,NDA,0.9677,,,0
2004,Rajasthan,1,Ganganagar,SC,Nihalchand Meghwal,BJP,331475.0,50.56,Bharat Ram Meghwal,INC,324082.0,49.44,7393.0,Result Declared,1.13,Tight / Close Contest,NDA,0.9777,,,0
2004,Rajasthan,2,Bikaner,GEN,Dharmendra,BJP,517802.0,52.92,Rameshwar Lal Dudi,INC,460627.0,47.08,57175.0,Result Declared,5.84,Comfortable,NDA,0.8896,,,0
2004,Rajasthan,3,Churu,GEN,Ram Singh Kaswan,BJP,400718.0,51.93,Balram Jakhar,INC,370864.0,48.07,29854.0,Result Declared,3.87,Tight / Close Contest,NDA,0.9255,,,0
2004,Rajasthan,4,Jhunjhunu,GEN,Sis Ram Ola,INC,274168.0,52.22,Santosh Ahlawat,BJP,250813.0,47.78,23355.0,Result Declared,4.45,Tight / Close Contest,UPA / I.N.D.I.A.,0.9148,,,0
2004,Rajasthan,5,Sikar,GEN,Subhash Maharia,BJP,367546.0,54.02,Narayan Singh,INC,312863.0,45.98,54683.0,Result Declared,8.04,Comfortable,NDA,0.8512,,,0
2004,Rajasthan,6,Jaipur,GEN,Girdhari Lal Bhargava,BJP,480730.0,56.27,Pratap Singh Khachariyawas,INC,373544.0,43.73,107186.0,Result Declared,12.55,Comfortable,NDA,0.777,,,0
2004,Rajasthan,7,Dausa,GEN,Sachin Pilot,INC,369935.0,59.19,Kartar Singh Bhadana,BJP,255070.0,40.81,114865.0,Result Declared,18.38,Landslide,UPA / I.N.D.I.A.,0.6895,,,0
2004,Rajasthan,8,Alwar,GEN,Karan Singh Yadav,INC,246833.0,50.86,Mahant Chandnath,BJP,238462.0,49.14,8371.0,Result Declared,1.72,Tight / Close Contest,UPA / I.N.D.I.A.,0.9661,,,0
2004,Rajasthan,9,Bharatpur,GEN,Vishvendra Singh,BJP,319904.0,60.54,Ved Prakash,INC,208555.0,39.46,111349.0,Result Declared,21.07,Landslide,NDA,0.6519,,,0
2004,Rajasthan,10,Bayana,SC,Ramswaroop Koli,BJP,265051.0,56.34,Mahendra Singh,INC,205427.0,43.66,59624.0,Result Declared,12.67,Comfortable,NDA,0.775,,,0
2004,Rajasthan,11,Sawai Madhopur,ST,Namo Narain Meena,INC,367553.0,58.91,Jaskaur Meena,BJP,256390.0,41.09,111163.0,Result Declared,17.82,Landslide,UPA / I.N.D.I.A.,0.6976,,,0
2004,Rajasthan,12,Ajmer,GEN,Rasa Singh Rawat,BJP,314788.0,62.76,Haji Habibur Rehman,INC,186812.0,37.24,127976.0,Result Declared,25.51,Landslide,NDA,0.5935,,,0
2004,Rajasthan,13,Tonk,SC,Kailash Meghwal,BJP,315717.0,55.11,Nand Kishore Bairwa,INC,257205.0,44.89,58512.0,Result Declared,10.21,Comfortable,NDA,0.8147,,,0
2004,Rajasthan,14,Kota,GEN,Raghuveer Singh Koshal,BJP,298314.0,56.84,Hari Mohan Sharma,INC,226536.0,43.16,71778.0,Result Declared,13.68,Comfortable,NDA,0.7594,,,0
2004,Rajasthan,15,Jhalawar,GEN,Dushyant Singh,BJP,303845.0,57.75,Sanjay Gurjar,INC,222266.0,42.25,81579.0,Result Declared,15.51,Landslide,NDA,0.7315,,,0
2004,Rajasthan,16,Banswara,ST,Dhan Singh Rawat,BJP,269239.0,52.1,Prabhulal Rawat,INC,247556.0,47.9,21683.0,Result Declared,4.2,Tight / Close Contest,NDA,0.9195,,,0
2004,Rajasthan,17,Salumber,ST,Mahaveer Bhagora,BJP,281659.0,52.3,Bheru Lal Meena,INC,256885.0,47.7,24774.0,Result Declared,4.6,Tight / Close Contest,NDA,0.912,,,0
2004,Rajasthan,18,Udaipur,GEN,Kiran Maheshwari,BJP,398059.0,55.19,Girija Vyas,INC,323184.0,44.81,74875.0,Result Declared,10.38,Comfortable,NDA,0.8119,,,0
2004,Rajasthan,19,Chittorgarh,GEN,Shrichand Kriplani,BJP,375385.0,61.04,Vishwa Vijay Singh,INC,239615.0,38.96,135770.0,Result Declared,22.08,Landslide,NDA,0.6383,,,0
2004,Rajasthan,20,Bhilwara,GEN,V. P. Singh Badnore,BJP,317292.0,55.28,Kailash Vyas,INC,256640.0,44.72,60652.0,Result Declared,10.57,Comfortable,NDA,0.8088,,,0
2004,Rajasthan,21,Pali,GEN,Pusp Jain,BJP,264114.0,56.8,Surendra Kumar Surana,INC,200876.0,43.2,63238.0,Result Declared,13.6,Comfortable,NDA,0.7606,,,0
2004,Rajasthan,22,Jalore,SC,Bangaru Susheela,BJP,321255.0,53.25,Buta Singh,INC,282063.0,46.75,39192.0,Result Declared,6.5,Comfortable,NDA,0.878,,,0
2004,Rajasthan,23,Barmer,GEN,Manvendra Singh,BJP,631851.0,63.71,Sonaram Choudhary,INC,359963.0,36.29,271888.0,Result Declared,27.41,Landslide,NDA,0.5697,,,0
2004,Rajasthan,24,Jodhpur,GEN,Jaswant Singh Bishnoi,BJP,434352.0,52.57,Badri Ram Jakhar,INC,391857.0,47.43,42495.0,Result Declared,5.14,Comfortable,NDA,0.9022,,,0
2004,Rajasthan,25,Nagaur,GEN,Bhanwar Singh Dangawas,BJP,284657.0,57.08,Ram Raghunath Choudhary,INC,214030.0,42.92,70627.0,Result Declared,14.16,Comfortable,NDA,0.7519,,,0
2004,Sikkim,1,Sikkim,GEN,Nakul Das Rai,SDF,153409.0,71.8,Biraj Adhikari,INC,60258.0,28.2,93151.0,Result Declared,43.6,Landslide,Others / Regional,0.3928,,,0
2004,Tamil Nadu,1,Madras North,GEN,C. Kuppusami,DMK,570122.0,64.3,Sukumar Nambiar. M N,BJP,316583.0,35.7,253539.0,Result Declared,28.59,Landslide,UPA / I.N.D.I.A.,0.5553,,,0
2004,Tamil Nadu,2,Madras Central,GEN,Dayanidhi Maran,DMK,316329.0,63.46,Balaganga N,AIADMK,182151.0,36.54,134178.0,Result Declared,26.92,Landslide,UPA / I.N.D.I.A.,0.5758,,,0
2004,Tamil Nadu,3,Madras South,GEN,T. R. Baalu,DMK,564578.0,62.15,Bader Sayeed,AIADMK,343838.0,37.85,220740.0,Result Declared,24.3,Landslide,UPA / I.N.D.I.A.,0.609,,,0
2004,Tamil Nadu,4,Sriperumbudur,SC,A. Krishnaswamy,DMK,517617.0,64.71,P. Venugopal,AIADMK,282271.0,35.29,235346.0,Result Declared,29.42,Landslide,UPA / I.N.D.I.A.,0.5453,,,0
2004,Tamil Nadu,5,Chengalpattu,GEN,A. K. Moorthy,Pattali Makkal Katchi,431643.0,60.41,K.N. Ramachandra,AIADMK,282919.0,39.59,148724.0,Result Declared,20.81,Landslide,Others / Regional,0.6554,,,0
2004,Tamil Nadu,6,Arakkonam,GEN,R. Velu,Pattali Makkal Katchi,386911.0,57.61,Shanmugam N.,AIADMK,284715.0,42.39,102196.0,Result Declared,15.22,Landslide,Others / Regional,0.7359,,,0
2004,Tamil Nadu,7,Vellore,GEN,K. M. Kader Mohideen,DMK,436642.0,62.86,Santhanam. A,AIADMK,258032.0,37.14,178610.0,Result Declared,25.71,Landslide,UPA / I.N.D.I.A.,0.5909,,,0
2004,Tamil Nadu,8,Tirupattur,GEN,D. Venugopal,DMK,453786.0,62.45,Subramani. K. G,AIADMK,272884.0,37.55,180902.0,Result Declared,24.89,Landslide,UPA / I.N.D.I.A.,0.6013,,,0
2004,Tamil Nadu,9,Vandavasi,GEN,Gingee N. Ramachandran,MDMK,394903.0,61.86,R Rajalakshmi,AIADMK,243470.0,38.14,151433.0,Result Declared,23.72,Landslide,UPA / I.N.D.I.A.,0.6165,,,0
2004,Tamil Nadu,10,Tindivanam,GEN,K. Dhanaraju,Pattali Makkal Katchi,367849.0,57.07,Arunmozhithevan. A,AIADMK,276685.0,42.93,91164.0,Result Declared,14.14,Comfortable,Others / Regional,0.7522,,,0
2004,Tamil Nadu,11,Cuddalore,GEN,K. Venkatapathy,DMK,400059.0,59.82,Rajendran. R,AIADMK,268707.0,40.18,131352.0,Result Declared,19.64,Landslide,UPA / I.N.D.I.A.,0.6717,,,0
2004,Tamil Nadu,12,Chidambaram,SC,E. Ponnuswamy,Pattali Makkal Katchi,343424.0,57.31,Thol. Thirumavalavan,JD(U),255773.0,42.69,87651.0,Result Declared,14.63,Comfortable,Others / Regional,0.7448,,,0
2004,Tamil Nadu,13,Dharmapuri,GEN,R. Senthil,Pattali Makkal Katchi,397540.0,68.66,P. D. Elangovan,BJP,181450.0,31.34,216090.0,Result Declared,37.32,Landslide,Others / Regional,0.4564,,,0
2004,Tamil Nadu,14,Krishnagiri,GEN,E. G. Sugavanam,DMK,403297.0,58.67,Nanje Gowdu. K,AIADMK,284075.0,41.33,119222.0,Result Declared,17.34,Landslide,UPA / I.N.D.I.A.,0.7044,,,0
2004,Tamil Nadu,15,Rasipuram,SC,K. Rani,INC,384170.0,60.61,Anbalagan. S,AIADMK,249637.0,39.39,134533.0,Result Declared,21.23,Landslide,UPA / I.N.D.I.A.,0.6498,,,0
2004,Tamil Nadu,16,Salem,GEN,K. V. Thangkabalu,INC,444591.0,62.31,Rajasekaran. A,AIADMK,268964.0,37.69,175627.0,Result Declared,24.61,Landslide,UPA / I.N.D.I.A.,0.605,,,0
2004,Tamil Nadu,17,Tiruchengode,GEN,Subbulakshmi Jagadeesan,DMK,501569.0,60.89,Edappadi K. Palaniswami,AIADMK,322172.0,39.11,179397.0,Result Declared,21.78,Landslide,UPA / I.N.D.I.A.,0.6423,,,0
2004,Tamil Nadu,18,Nilgiris,GEN,R. Prabhu,INC,494121.0,65.73,M Master Mathan,BJP,257619.0,34.27,236502.0,Result Declared,31.46,Landslide,UPA / I.N.D.I.A.,0.5214,,,0
2004,Tamil Nadu,19,Gobichettipalayam,GEN,E. V. K. S. Elangovan,INC,426826.0,66.78,N. R Govindarajar,AIADMK,212349.0,33.22,214477.0,Result Declared,33.56,Landslide,UPA / I.N.D.I.A.,0.4975,,,0
2004,Tamil Nadu,20,Coimbatore,GEN,K. Subbarayan,CPI,504981.0,59.73,C. P. Radhakrishnan,BJP,340476.0,40.27,164505.0,Result Declared,19.46,Landslide,UPA / I.N.D.I.A.,0.6742,,,0
2004,Tamil Nadu,21,Pollachi,SC,C. Krishnan,MDMK,364988.0,59.93,Murugan. G,AIADMK,244067.0,40.07,120921.0,Result Declared,19.85,Landslide,UPA / I.N.D.I.A.,0.6687,,,0
2004,Tamil Nadu,22,Palani,GEN,S. K. Kharventhan,INC,448900.0,67.37,Kishore Kumar. K,AIADMK,217407.0,32.63,231493.0,Result Declared,34.74,Landslide,UPA / I.N.D.I.A.,0.4843,,,0
2004,Tamil Nadu,23,Dindigul,GEN,N. S. V. Chitthan,INC,407116.0,61.77,Jeyaraman. M,AIADMK,251945.0,38.23,155171.0,Result Declared,23.54,Landslide,UPA / I.N.D.I.A.,0.6189,,,0
2004,Tamil Nadu,24,Madurai,GEN,P. Mohan,CPI(M),414433.0,59.54,A. K. Bose,AIADMK,281593.0,40.46,132840.0,Result Declared,19.09,Landslide,UPA / I.N.D.I.A.,0.6795,,,0
2004,Tamil Nadu,25,Periyakulam,GEN,J. M. Aaroon Rashid,INC,346851.0,51.57,T. T. V. Dhinakaran,AIADMK,325696.0,48.43,21155.0,Result Declared,3.15,Tight / Close Contest,UPA / I.N.D.I.A.,0.939,,,0
2004,Tamil Nadu,26,Karur,GEN,K. C. Palanisamy,DMK,450407.0,63.44,Palanichamy Raja. N,AIADMK,259531.0,36.56,190876.0,Result Declared,26.89,Landslide,UPA / I.N.D.I.A.,0.5762,,,0
2004,Tamil Nadu,27,Tiruchirappalli,GEN,L. Ganesan,MDMK,450907.0,65.82,M. Paranjothi,AIADMK,234182.0,34.18,216725.0,Result Declared,31.63,Landslide,UPA / I.N.D.I.A.,0.5194,,,0
2004,Tamil Nadu,28,Perambalur,SC,A. Raja,DMK,389708.0,62.25,M. Sundaram,AIADMK,236375.0,37.75,153333.0,Result Declared,24.49,Landslide,UPA / I.N.D.I.A.,0.6065,,,0
2004,Tamil Nadu,29,Mayiladuthurai,GEN,Mani Shankar Aiyar,INC,411160.0,65.61,O. S. Manian,AIADMK,215469.0,34.39,195691.0,Result Declared,31.23,Landslide,UPA / I.N.D.I.A.,0.5241,,,0
2004,Tamil Nadu,30,Nagapattinam,SC,A. K. S. Vijayan,DMK,463389.0,65.22,Archunan. P J,AIADMK,247166.0,34.78,216223.0,Result Declared,30.43,Landslide,UPA / I.N.D.I.A.,0.5334,,,0
2004,Tamil Nadu,31,Thanjavur,GEN,S. S. Palanimanickam,DMK,400986.0,58.72,Thangamuthu. K,AIADMK,281838.0,41.28,119148.0,Result Declared,17.45,Landslide,UPA / I.N.D.I.A.,0.7029,,,0
2004,Tamil Nadu,32,Pudukkottai,GEN,S. Regupathy,DMK,466133.0,60.09,Ravichandran. A,AIADMK,309637.0,39.91,156496.0,Result Declared,20.17,Landslide,UPA / I.N.D.I.A.,0.6643,,,0
2004,Tamil Nadu,33,Sivaganga,GEN,P. Chidambaram,INC,400393.0,62.75,Karuppiah. S P,AIADMK,237668.0,37.25,162725.0,Result Declared,25.5,Landslide,UPA / I.N.D.I.A.,0.5936,,,0
2004,Tamil Nadu,34,Ramanathapuram,GEN,M. S. K. Bhavani Rajenthiran,DMK,335287.0,59.81,Murugesan. C,AIADMK,225337.0,40.19,109950.0,Result Declared,19.61,Landslide,UPA / I.N.D.I.A.,0.6721,,,0
2004,Tamil Nadu,35,Sivakasi,GEN,A. Ravichandran,MDMK,469072.0,60.63,Kannan. P,AIADMK,304555.0,39.37,164517.0,Result Declared,21.27,Landslide,UPA / I.N.D.I.A.,0.6493,,,0
2004,Tamil Nadu,36,Tirunelveli,GEN,R. Dhanuskodi Athithan,INC,370127.0,64.57,Amirtha Ganesan R,AIADMK,203052.0,35.43,167075.0,Result Declared,29.15,Landslide,UPA / I.N.D.I.A.,0.5486,,,0
2004,Tamil Nadu,37,Tenkasi,SC,M. Appadurai,CPI,348000.0,60.65,S. Murugesan,AIADMK,225824.0,39.35,122176.0,Result Declared,21.29,Landslide,UPA / I.N.D.I.A.,0.6489,,,0
2004,Tamil Nadu,38,Tiruchendur,GEN,V. Radhika Selvi,DMK,394484.0,64.96,Thamodaran. T,AIADMK,212803.0,35.04,181681.0,Result Declared,29.92,Landslide,UPA / I.N.D.I.A.,0.5394,,,0
2004,Tamil Nadu,39,Nagercoil,GEN,A. V. Bellarmin,CPI(M),410091.0,62.52,Pon Radhakrishnan,BJP,245797.0,37.48,164294.0,Result Declared,25.05,Landslide,UPA / I.N.D.I.A.,0.5994,,,0
2004,Tripura,1,Tripura West,GEN,Khagen Das,CPI(M),496843.0,81.58,Nirmala Dasgupta,INC,112207.0,18.42,384636.0,Result Declared,63.15,Landslide,UPA / I.N.D.I.A.,0.2258,,,0
2004,Tripura,2,Tripura East,ST,Baju Ban Riyan,CPI(M),414230.0,80.01,Pulin Bihari Dewan,BJP,103494.0,19.99,310736.0,Result Declared,60.02,Landslide,UPA / I.N.D.I.A.,0.2498,,,0
2004,Uttar Pradesh,1,Bijnor,SC,Munshiram Singh,RLD,301599.0,57.66,Ghan Shyam Chandr Kharwar,BSP,221424.0,42.34,80175.0,Result Declared,15.33,Landslide,NDA,0.7342,,,0
2004,Uttar Pradesh,2,Amroha,GEN,Harish Nagpal,IND,287522.0,51.6,Mahmood Madani,RLD,269638.0,48.4,17884.0,Result Declared,3.21,Tight / Close Contest,Others / Regional,0.9378,,,0
2004,Uttar Pradesh,3,Moradabad,GEN,Shafiqur Rahman Barq,SP,218079.0,54.48,Chandra Vijay Singh,BJP,182239.0,45.52,35840.0,Result Declared,8.95,Comfortable,UPA / I.N.D.I.A.,0.8357,,,0
2004,Uttar Pradesh,4,Rampur,GEN,Jaya Prada,SP,289390.0,58.66,Begum Noor Bano,INC,203916.0,41.34,85474.0,Result Declared,17.33,Landslide,UPA / I.N.D.I.A.,0.7046,,,0
2004,Uttar Pradesh,5,Sambhal,GEN,Ram Gopal Yadav,SP,357049.0,69.19,Tarannum Aqeel,BSP,158988.0,30.81,198061.0,Result Declared,38.38,Landslide,UPA / I.N.D.I.A.,0.4453,,,0
2004,Uttar Pradesh,6,Budaun,GEN,Saleem Iqbal Shervani,SP,265713.0,55.34,Brijpal Singh Shakya,BJP,214391.0,44.66,51322.0,Result Declared,10.69,Comfortable,UPA / I.N.D.I.A.,0.8069,,,0
2004,Uttar Pradesh,7,Aonla,GEN,Kunwar Sarvraj Singh,JD(U),153322.0,51.15,Raj Veer Singh,SP,146451.0,48.85,6871.0,Result Declared,2.29,Tight / Close Contest,NDA,0.9552,,,0
2004,Uttar Pradesh,8,Bareilly,GEN,Santosh Gangwar,BJP,269651.0,56.22,Akbar Ahmad Dumpy,BSP,210007.0,43.78,59644.0,Result Declared,12.43,Comfortable,NDA,0.7788,,,0
2004,Uttar Pradesh,9,Pilibhit,GEN,Maneka Gandhi,BJP,255615.0,62.57,Satyapal Gangwar,SP,152895.0,37.43,102720.0,Result Declared,25.15,Landslide,NDA,0.5981,,,0
2004,Uttar Pradesh,10,Shahjahanpur,GEN,Jitin Prasada,INC,220763.0,61.38,Rammurti Singh Verma,SP,138931.0,38.62,81832.0,Result Declared,22.75,Landslide,UPA / I.N.D.I.A.,0.6293,,,0
2004,Uttar Pradesh,11,Kheri,GEN,Ravi Prakash Verma,SP,224602.0,51.34,Daud Ahmad,BSP,212842.0,48.66,11760.0,Result Declared,2.69,Tight / Close Contest,UPA / I.N.D.I.A.,0.9476,,,0
2004,Uttar Pradesh,12,Shahabad,GEN,Iliyas Azmi,SP,210171.0,56.2,Satya Dev Singh,BJP,163802.0,43.8,46369.0,Result Declared,12.4,Comfortable,UPA / I.N.D.I.A.,0.7794,,,0
2004,Uttar Pradesh,13,Sitapur,GEN,Rajesh Verma,BSP,171733.0,50.77,Mukhtar Anees,SP,166499.0,49.23,5234.0,Result Declared,1.55,Tight / Close Contest,Others / Regional,0.9695,,,0
2004,Uttar Pradesh,14,Misrikh,SC,Ashok Kumar Rawat,BSP,207062.0,52.46,Sushila Saroj,SP,187659.0,47.54,19403.0,Result Declared,4.92,Tight / Close Contest,Others / Regional,0.9063,,,0
2004,Uttar Pradesh,15,Hardoi,SC,Usha Verma,SP,203445.0,55.33,Shiv Prasad Verma,BSP,164242.0,44.67,39203.0,Result Declared,10.66,Comfortable,UPA / I.N.D.I.A.,0.8073,,,0
2004,Uttar Pradesh,16,Lucknow,GEN,Atal Bihari Vajpayee,BJP,324714.0,75.33,Madhu Gupta,SP,106339.0,24.67,218375.0,Result Declared,50.66,Landslide,NDA,0.3275,,,0
2004,Uttar Pradesh,17,Mohanlalganj,SC,Jai Prakash,SP,148578.0,50.44,Radhe Lal,BSP,146010.0,49.56,2568.0,Result Declared,0.87,Tight / Close Contest,UPA / I.N.D.I.A.,0.9827,,,0
2004,Uttar Pradesh,18,Unnao,GEN,Brajesh Pathak,BSP,178366.0,52.62,Deepak Kumar,SP,160605.0,47.38,17761.0,Result Declared,5.24,Comfortable,Others / Regional,0.9004,,,0
2004,Uttar Pradesh,19,Raebareli,GEN,Sonia Gandhi,INC,378107.0,74.66,Ashok Kumar Singh,SP,128342.0,25.34,249765.0,Result Declared,49.32,Landslide,UPA / I.N.D.I.A.,0.3394,,,0
2004,Uttar Pradesh,20,Pratapgarh,GEN,Akshay Pratap Singh,SP,238137.0,58.51,Rajkumari Ratna Singh,INC,168865.0,41.49,69272.0,Result Declared,17.02,Landslide,UPA / I.N.D.I.A.,0.7091,,,0
2004,Uttar Pradesh,21,Amethi,GEN,Rahul Gandhi,INC,390179.0,79.71,Chandra Parkash Mishra,BSP,99326.0,20.29,290853.0,Result Declared,59.42,Landslide,UPA / I.N.D.I.A.,0.2546,,,0
2004,Uttar Pradesh,22,Sultanpur,GEN,Mohammad Tahir Khan,BSP,261564.0,62.08,Shailendra Pratap Singh,SP,159754.0,37.92,101810.0,Result Declared,24.16,Landslide,Others / Regional,0.6108,,,0
2004,Uttar Pradesh,23,Akbarpur,SC,Mayawati,BSP,325019.0,54.92,Shankh Lal Manjhi,SP,266750.0,45.08,58269.0,Result Declared,9.85,Comfortable,Others / Regional,0.8207,,,0
2004,Uttar Pradesh,24,Faizabad,GEN,Mitrasen Yadav,BSP,207285.0,54.39,Lallu Singh,BJP,173799.0,45.61,33486.0,Result Declared,8.79,Comfortable,Others / Regional,0.8385,,,0
2004,Uttar Pradesh,25,Bara Banki,SC,Kamla Prasad,BSP,196370.0,52.81,Ram Sagar Rawat,SP,175448.0,47.19,20922.0,Result Declared,5.63,Comfortable,Others / Regional,0.8935,,,0
2004,Uttar Pradesh,26,Kaiserganj,GEN,Beni Prasad Verma,SP,219920.0,51.48,Arif Mohammad Khan,BJP,207260.0,48.52,12660.0,Result Declared,2.96,Tight / Close Contest,UPA / I.N.D.I.A.,0.9424,,,0
2004,Uttar Pradesh,27,Bahraich,GEN,Rubab Sayda,SP,188949.0,53.75,Bhagat Ram Mishra,BSP,162615.0,46.25,26334.0,Result Declared,7.49,Comfortable,UPA / I.N.D.I.A.,0.8606,,,0
2004,Uttar Pradesh,28,Balrampur,GEN,Brij Bhushan Sharan Singh,BJP,270941.0,55.38,Rizwan Zaheer,BSP,218328.0,44.62,52613.0,Result Declared,10.75,Comfortable,NDA,0.8058,,,0
2004,Uttar Pradesh,29,Gonda,GEN,Kirti Vardhan Singh,SP,251947.0,53.96,Ghan Shyam Shukla,BJP,214949.0,46.04,36998.0,Result Declared,7.92,Comfortable,UPA / I.N.D.I.A.,0.8532,,,0
2004,Uttar Pradesh,30,Basti,SC,Lal Mani Prasad,BSP,155223.0,54.45,Sriram Chauhan,BJP,129849.0,45.55,25374.0,Result Declared,8.9,Comfortable,Others / Regional,0.8365,,,0
2004,Uttar Pradesh,31,Domariaganj,GEN,Mohammed Muqueem,BSP,202544.0,57.51,Jagdambika Pal,INC,149642.0,42.49,52902.0,Result Declared,15.02,Landslide,Others / Regional,0.7388,,,0
2004,Uttar Pradesh,32,Khalilabad,GEN,Bhalchandra Yadava,BSP,234712.0,53.05,Bhishma Shankar Tiwari,SP,207689.0,46.95,27023.0,Result Declared,6.11,Comfortable,Others / Regional,0.8849,,,0
2004,Uttar Pradesh,33,Bansgaon,SC,Mahaveer Prasad,INC,180388.0,52.39,Sadal Prasad,BSP,163947.0,47.61,16441.0,Result Declared,4.77,Tight / Close Contest,UPA / I.N.D.I.A.,0.9089,,,0
2004,Uttar Pradesh,34,Gorakhpur,GEN,Yogi Adityanath,BJP,353647.0,62.56,Jamuna Prasad Nishad,SP,211608.0,37.44,142039.0,Result Declared,25.13,Landslide,NDA,0.5984,,,0
2004,Uttar Pradesh,35,Maharajganj,GEN,Pankaj Choudhary,BJP,228702.0,58.25,Akhilesh Singh,SP,163903.0,41.75,64799.0,Result Declared,16.5,Landslide,NDA,0.7167,,,0
2004,Uttar Pradesh,36,Padrauna,GEN,Baleshwar Yadav,National Loktantrik Party,206850.0,51.04,R. P. N. Singh,INC,198428.0,48.96,8422.0,Result Declared,2.08,Tight / Close Contest,Others / Regional,0.9593,,,0
2004,Uttar Pradesh,37,Deoria,GEN,Mohan Singh,SP,237664.0,56.17,Prakash Mani Tripathi,BJP,185438.0,43.83,52226.0,Result Declared,12.34,Comfortable,UPA / I.N.D.I.A.,0.7803,,,0
2004,Uttar Pradesh,38,Salempur,GEN,Harikeval Prasad,SP,195570.0,52.17,Bhola Pandey,INC,179317.0,47.83,16253.0,Result Declared,4.34,Tight / Close Contest,UPA / I.N.D.I.A.,0.9169,,,0
2004,Uttar Pradesh,39,Ballia,GEN,Chandra Shekhar,Samajwadi Janata Party (Rashtriya),270136.0,58.83,Kapildeo Yadav,BSP,189082.0,41.17,81054.0,Result Declared,17.65,Landslide,Others / Regional,0.7,,,0
2004,Uttar Pradesh,40,Ghosi,GEN,Chandradeo Prasad Rajbhar,SP,201468.0,52.75,Bal Krishna,BSP,180456.0,47.25,21012.0,Result Declared,5.5,Comfortable,UPA / I.N.D.I.A.,0.8957,,,0
2004,Uttar Pradesh,41,Azamgarh,GEN,Ramakant Yadav,BSP,258216.0,50.68,Durga Prasad Yadav,SP,251248.0,49.32,6968.0,Result Declared,1.37,Tight / Close Contest,Others / Regional,0.973,,,0
2004,Uttar Pradesh,42,Lalganj,SC,Daroga Prasad Saroj,SP,283473.0,54.08,Bali Ram,BSP,240742.0,45.92,42731.0,Result Declared,8.15,Comfortable,UPA / I.N.D.I.A.,0.8493,,,0
2004,Uttar Pradesh,43,Machhlishahr,GEN,Umakant Yadav,BSP,237438.0,56.6,Chandra Nath Singh,SP,182056.0,43.4,55382.0,Result Declared,13.2,Comfortable,Others / Regional,0.7668,,,0
2004,Uttar Pradesh,44,Jaunpur,GEN,Parasnath Yadav,SP,219614.0,53.29,Om Prakash Dubey,BSP,192489.0,46.71,27125.0,Result Declared,6.58,Comfortable,UPA / I.N.D.I.A.,0.8765,,,0
2004,Uttar Pradesh,45,Saidpur,SC,Tufani Saroj,SP,231989.0,53.43,R A Prasad,BSP,202179.0,46.57,29810.0,Result Declared,6.87,Comfortable,UPA / I.N.D.I.A.,0.8715,,,0
2004,Uttar Pradesh,46,Ghazipur,GEN,Afzal Ansari,SP,415687.0,68.75,Manoj Sinha,BJP,188910.0,31.25,226777.0,Result Declared,37.51,Landslide,UPA / I.N.D.I.A.,0.4545,,,0
2004,Uttar Pradesh,47,Chandauli,GEN,Kailash Nath Singh Yadav,BSP,204625.0,50.2,Ananda Ratna Maurya,SP,202956.0,49.8,1669.0,Result Declared,0.41,Tight / Close Contest,Others / Regional,0.9918,,,0
2004,Uttar Pradesh,48,Varanasi,GEN,Rajesh Kumar Mishra,INC,206904.0,58.06,Shankar Prasad Jaiswal,BJP,149468.0,41.94,57436.0,Result Declared,16.12,Landslide,UPA / I.N.D.I.A.,0.7224,,,0
2004,Uttar Pradesh,49,Robertsganj,SC,Lal Chandra Kol,BSP,189521.0,51.41,Pakaudi Lal Kol,SP,179159.0,48.59,10362.0,Result Declared,2.81,Tight / Close Contest,Others / Regional,0.9453,,,0
2004,Uttar Pradesh,50,Mirzapur,GEN,Narendra Kumar Kushwaha,BSP,201942.0,54.95,Virendra Singh,BJP,165530.0,45.05,36412.0,Result Declared,9.91,Comfortable,Others / Regional,0.8197,,,0
2004,Uttar Pradesh,51,Phulpur,GEN,Atique Ahmed,SP,265432.0,56.9,Keshari Devi Patel,BSP,201085.0,43.1,64347.0,Result Declared,13.79,Comfortable,UPA / I.N.D.I.A.,0.7576,,,0
2004,Uttar Pradesh,52,Allahabad,GEN,Rewati Raman Singh,SP,234008.0,53.23,Murli Manohar Joshi,BJP,205625.0,46.77,28383.0,Result Declared,6.46,Comfortable,UPA / I.N.D.I.A.,0.8787,,,0
2004,Uttar Pradesh,53,Chail,SC,Shailendra Kumar,SP,196206.0,50.08,Vachaspati,BSP,195576.0,49.92,630.0,Result Declared,0.16,Tight / Close Contest,UPA / I.N.D.I.A.,0.9968,,,0
2004,Uttar Pradesh,54,Fatehpur,GEN,Mahendra Prasad Nishad,BSP,163568.0,59.57,Achal Singh,SP,111000.0,40.43,52568.0,Result Declared,19.15,Landslide,Others / Regional,0.6786,,,0
2004,Uttar Pradesh,55,Banda,GEN,Shyama Charan Gupta,SP,185099.0,58.97,Ram Sajeevan,BSP,128795.0,41.03,56304.0,Result Declared,17.94,Landslide,UPA / I.N.D.I.A.,0.6958,,,0
2004,Uttar Pradesh,56,Hamirpur,GEN,Rajnarayan Budholiya,SP,220917.0,54.59,Ashok Kumar Singh Chandel,BSP,183763.0,45.41,37154.0,Result Declared,9.18,Comfortable,UPA / I.N.D.I.A.,0.8318,,,0
2004,Uttar Pradesh,57,Jhansi,GEN,Chandrapal Singh Yadav,SP,238782.0,52.91,Babu Lal Kushwaha,BSP,212483.0,47.09,26299.0,Result Declared,5.83,Comfortable,UPA / I.N.D.I.A.,0.8899,,,0
2004,Uttar Pradesh,58,Jalaun,SC,Bhanu Pratap Singh Verma,BJP,195228.0,53.68,Ghanshyam Anuragi,SP,168437.0,46.32,26791.0,Result Declared,7.37,Comfortable,NDA,0.8628,,,0
2004,Uttar Pradesh,59,Ghatampur,SC,Radhey Shyam Kori,SP,160117.0,51.66,Pyare Lal Sankhwar,BSP,149805.0,48.34,10312.0,Result Declared,3.33,Tight / Close Contest,UPA / I.N.D.I.A.,0.9356,,,0
2004,Uttar Pradesh,60,Bilhaur,GEN,Raja Ram Pal,BSP,223195.0,52.89,Lal Singh Tomar,SP,198793.0,47.11,24412.0,Result Declared,5.78,Comfortable,Others / Regional,0.8907,,,0
2004,Uttar Pradesh,61,Kanpur,GEN,Sriprakash Jaiswal,INC,211109.0,51.5,Satyadev Pachauri,BJP,198793.0,48.5,12316.0,Result Declared,3.0,Tight / Close Contest,UPA / I.N.D.I.A.,0.9417,,,0
2004,Uttar Pradesh,62,Etawah,GEN,Raghuraj Singh Shakya,SP,367807.0,67.43,Sarita Bhadauria,BJP,177650.0,32.57,190157.0,Result Declared,34.86,Landslide,UPA / I.N.D.I.A.,0.483,,,0
2004,Uttar Pradesh,63,Kannauj,GEN,Akhilesh Yadav,SP,464367.0,74.73,Thakur Rajesh Singh,BSP,156994.0,25.27,307373.0,Result Declared,49.47,Landslide,UPA / I.N.D.I.A.,0.3381,,,0
2004,Uttar Pradesh,64,Farrukhabad,GEN,Chandra Bhushan Singh,SP,176129.0,50.39,Louise Khurshid,INC,173384.0,49.61,2745.0,Result Declared,0.79,Tight / Close Contest,UPA / I.N.D.I.A.,0.9844,,,0
2004,Uttar Pradesh,65,Mainpuri,GEN,Mulayam Singh Yadav,SP,460470.0,78.97,Ashok Shakya,BSP,122600.0,21.03,337870.0,Result Declared,57.95,Landslide,UPA / I.N.D.I.A.,0.2662,,,0
2004,Uttar Pradesh,66,Jalesar,GEN,S. P. Singh Baghel,SP,287091.0,61.33,Pratyendra Pal Singh,BJP,181023.0,38.67,106068.0,Result Declared,22.66,Landslide,UPA / I.N.D.I.A.,0.6305,,,0
2004,Uttar Pradesh,67,Etah,GEN,Devendra Singh Yadav,SP,276156.0,55.12,Ashok Ratan Shakya,BJP,224821.0,44.88,51335.0,Result Declared,10.25,Comfortable,UPA / I.N.D.I.A.,0.8141,,,0
2004,Uttar Pradesh,68,Firozabad,SC,Ram Ji Lal Suman,SP,212383.0,57.4,Kishori Lal Mahaur,BJP,157595.0,42.6,54788.0,Result Declared,14.81,Comfortable,UPA / I.N.D.I.A.,0.742,,,0
2004,Uttar Pradesh,69,Agra,GEN,Raj Babbar,SP,243094.0,56.69,Murari Lal Mittal,BJP,185752.0,43.31,57342.0,Result Declared,13.37,Comfortable,UPA / I.N.D.I.A.,0.7641,,,0
2004,Uttar Pradesh,70,Mathura,GEN,Manvendra Singh,INC,187400.0,55.66,Chaudhary Laxmi Narayan Singh,BSP,149268.0,44.34,38132.0,Result Declared,11.33,Comfortable,UPA / I.N.D.I.A.,0.7965,,,0
2004,Uttar Pradesh,71,Hathras,SC,Kishan Lal Diler,BJP,175049.0,53.49,Ram Vir Singh Bhaiyaji,BSP,152212.0,46.51,22837.0,Result Declared,6.98,Comfortable,NDA,0.8695,,,0
2004,Uttar Pradesh,72,Aligarh,GEN,Bijendra Singh,INC,167142.0,50.42,Sheela Gautam,BJP,164351.0,49.58,2791.0,Result Declared,0.84,Tight / Close Contest,UPA / I.N.D.I.A.,0.9833,,,0
2004,Uttar Pradesh,73,Khurja,SC,Ashok Kumar Pradhan,BJP,214701.0,55.3,Ravi Gautam,BSP,173551.0,44.7,41150.0,Result Declared,10.6,Comfortable,NDA,0.8083,,,0
2004,Uttar Pradesh,74,Bulandshahr,GEN,Kalyan Singh,BJP,258284.0,51.67,Badrul Islam,RLD,241633.0,48.33,16651.0,Result Declared,3.33,Tight / Close Contest,NDA,0.9355,,,0
2004,Uttar Pradesh,75,Hapur,GEN,Surendra Prakash Goel,INC,235114.0,54.95,Ramesh Chand Tomar,BJP,192751.0,45.05,42363.0,Result Declared,9.9,Comfortable,UPA / I.N.D.I.A.,0.8198,,,0
2004,Uttar Pradesh,76,Meerut,GEN,Mohammed Shahid Akhlaq,BSP,252518.0,57.96,Malook Nagar,RLD,183182.0,42.04,69336.0,Result Declared,15.91,Landslide,Others / Regional,0.7254,,,0
2004,Uttar Pradesh,77,Baghpat,GEN,Ajit Singh,RLD,353181.0,72.71,Aulad Ali,BSP,132543.0,27.29,220638.0,Result Declared,45.42,Landslide,NDA,0.3753,,,0
2004,Uttar Pradesh,78,Muzaffarnagar,GEN,Chaudhary Munawwar Hasan,SP,306225.0,56.35,Amar Pal Singh,BJP,237220.0,43.65,69005.0,Result Declared,12.7,Comfortable,UPA / I.N.D.I.A.,0.7747,,,0
2004,Uttar Pradesh,79,Kairana,GEN,Anuradha Choudhary,RLD,523923.0,74.27,Shahnawaz,BSP,181509.0,25.73,342414.0,Result Declared,48.54,Landslide,NDA,0.3464,,,0
2004,Uttar Pradesh,80,Saharanpur,GEN,Rasheed Masood,SP,353272.0,51.97,Mansoor Ali Khan,BSP,326444.0,48.03,26828.0,Result Declared,3.95,Tight / Close Contest,UPA / I.N.D.I.A.,0.9241,,,0
2004,Uttarakhand,1,Tehri Garhwal,GEN,Manabendra Shah,BJP,267395.0,51.69,Vijay Bahuguna,INC,249949.0,48.31,17446.0,Result Declared,3.37,Tight / Close Contest,NDA,0.9348,,,0
2004,Uttarakhand,2,Garhwal,GEN,B. C. Khanduri,BJP,257726.0,55.49,Tejpal Singh Rawat,INC,206764.0,44.51,50962.0,Result Declared,10.97,Comfortable,NDA,0.8023,,,0
2004,Uttarakhand,3,Almora,GEN,Bachi Singh Rawat,BJP,225742.0,51.14,Renuka Rawat,INC,215690.0,48.86,10052.0,Result Declared,2.28,Tight / Close Contest,NDA,0.9555,,,0
2004,Uttarakhand,4,Nainital,GEN,K. C. Singh Baba,INC,275658.0,54.9,Vijay Bansal,BJP,226474.0,45.1,49184.0,Result Declared,9.8,Comfortable,UPA / I.N.D.I.A.,0.8216,,,0
2004,Uttarakhand,5,Haridwar,SC,Rajendra Kumar Badi,SP,157331.0,56.8,Bhagwan Das,BSP,119672.0,43.2,37659.0,Result Declared,13.6,Comfortable,UPA / I.N.D.I.A.,0.7606,,,0
2004,West Bengal,1,Cooch Behar,SC,Hiten Barman,AIFB,490982.0,65.0,Girindra Nath Barman,TMC,264413.0,35.0,226569.0,Result Declared,29.99,Landslide,Left Front,0.5385,,,0
2004,West Bengal,2,Alipurduars,ST,Joachim Baxla,RSP,384252.0,61.64,Manoj Tigga,BJP,239128.0,38.36,145124.0,Result Declared,23.28,Landslide,UPA / I.N.D.I.A.,0.6223,,,0
2004,West Bengal,3,Jalpaiguri,GEN,Minati Sen,CPI(M),424163.0,63.52,Parash Datta,TMC,243558.0,36.48,180605.0,Result Declared,27.05,Landslide,UPA / I.N.D.I.A.,0.5742,,,0
2004,West Bengal,4,Darjeeling,GEN,Dawa Narbula,INC,396973.0,57.32,Moni Thapa,CPI(M),295557.0,42.68,101416.0,Result Declared,14.64,Comfortable,UPA / I.N.D.I.A.,0.7445,,,0
2004,West Bengal,5,Raiganj,GEN,Priya Ranjan Dasmunsi,INC,421904.0,52.43,Minati Ghosh,CPI(M),382757.0,47.57,39147.0,Result Declared,4.87,Tight / Close Contest,UPA / I.N.D.I.A.,0.9072,,,0
2004,West Bengal,6,Balurghat,SC,Ranen Barman,RSP,415298.0,54.68,Manomohan Ray,BJP,344152.0,45.32,71146.0,Result Declared,9.37,Comfortable,UPA / I.N.D.I.A.,0.8287,,,0
2004,West Bengal,7,Malda,GEN,A. B. A. Ghani Khan Choudhury,INC,412913.0,57.77,Pranab Das,CPI(M),301805.0,42.23,111108.0,Result Declared,15.55,Landslide,UPA / I.N.D.I.A.,0.7309,,,0
2004,West Bengal,8,Jangipur,GEN,Pranab Mukherjee,INC,431647.0,52.23,Abul Hasnat Khan,CPI(M),394787.0,47.77,36860.0,Result Declared,4.46,Tight / Close Contest,UPA / I.N.D.I.A.,0.9146,,,0
2004,West Bengal,9,Murshidabad,GEN,Abdul Mannan Hossain,INC,461895.0,50.85,Moinul Hassan,CPI(M),446415.0,49.15,15480.0,Result Declared,1.7,Tight / Close Contest,UPA / I.N.D.I.A.,0.9665,,,0
2004,West Bengal,10,Berhampore,GEN,Adhir Ranjan Chowdhury,INC,508095.0,55.39,Promothes Mukherjee,RSP,409194.0,44.61,98901.0,Result Declared,10.78,Comfortable,UPA / I.N.D.I.A.,0.8053,,,0
2004,West Bengal,11,Krishnagar,GEN,Jyotirmoyee Sikdar,CPI(M),397561.0,51.32,Satyabrata Mookherjee,BJP,377174.0,48.68,20387.0,Result Declared,2.63,Tight / Close Contest,UPA / I.N.D.I.A.,0.9487,,,0
2004,West Bengal,12,Nabadwip,SC,Alakesh Das,CPI(M),560176.0,50.45,Nilima Nag,TMC,550185.0,49.55,9991.0,Result Declared,0.9,Tight / Close Contest,UPA / I.N.D.I.A.,0.9822,,,0
2004,West Bengal,13,Barasat,GEN,Subrata Bose,AIFB,520384.0,50.59,Ranjit Kumar Panja,TMC,508224.0,49.41,12160.0,Result Declared,1.18,Tight / Close Contest,Left Front,0.9766,,,0
2004,West Bengal,14,Basirhat,GEN,Ajay Chakraborty,CPI,462605.0,62.25,Sujit Bose,TMC,280521.0,37.75,182084.0,Result Declared,24.5,Landslide,UPA / I.N.D.I.A.,0.6064,,,0
2004,West Bengal,15,Joynagar,SC,Sanat Kumar Mandal,RSP,450043.0,67.21,Asit Baran Thakur,BJP,219522.0,32.79,230521.0,Result Declared,34.43,Landslide,UPA / I.N.D.I.A.,0.4878,,,0
2004,West Bengal,16,Mathurapur,SC,Basudeb Barman,CPI(M),440862.0,55.13,Radhika Ranjan Pramanick,TMC,358834.0,44.87,82028.0,Result Declared,10.26,Comfortable,UPA / I.N.D.I.A.,0.8139,,,0
2004,West Bengal,17,Diamond Harbour,GEN,Samik Lahiri,CPI(M),430890.0,60.86,Saugata Roy,TMC,277106.0,39.14,153784.0,Result Declared,21.72,Landslide,UPA / I.N.D.I.A.,0.6431,,,0
2004,West Bengal,18,Jadavpur,GEN,Sujan Chakraborty,CPI(M),505396.0,54.87,Krishna Bose,TMC,415728.0,45.13,89668.0,Result Declared,9.73,Comfortable,UPA / I.N.D.I.A.,0.8226,,,0
2004,West Bengal,19,Barrackpore,GEN,Tarit Baran Topdar,CPI(M),443048.0,61.45,Arjun Singh,TMC,277977.0,38.55,165071.0,Result Declared,22.89,Landslide,UPA / I.N.D.I.A.,0.6274,,,0
2004,West Bengal,20,Dum Dum,GEN,Amitava Nandy,CPI(M),619325.0,54.31,Tapan Sikdar,BJP,521073.0,45.69,98252.0,Result Declared,8.62,Comfortable,UPA / I.N.D.I.A.,0.8414,,,0
2004,West Bengal,21,Calcutta North West,GEN,Sudhangshu Seal,CPI(M),151772.0,58.25,Subrata Mukherjee,TMC,108768.0,41.75,43004.0,Result Declared,16.51,Landslide,UPA / I.N.D.I.A.,0.7167,,,0
2004,West Bengal,22,Calcutta North East,GEN,Mohammed Salim,CPI(M),284427.0,57.45,Ajit Kumar Panja,TMC,210647.0,42.55,73780.0,Result Declared,14.9,Comfortable,UPA / I.N.D.I.A.,0.7406,,,0
2004,West Bengal,23,Calcutta South,GEN,Mamata Banerjee,TMC,393561.0,57.15,Rabin Deb,CPI(M),295132.0,42.85,98429.0,Result Declared,14.29,Comfortable,UPA / I.N.D.I.A.,0.7499,,,0
2004,West Bengal,24,Howrah,GEN,Swadesh Chakraborty,CPI(M),489444.0,66.87,Bikram Sarkar,TMC,242507.0,33.13,246937.0,Result Declared,33.74,Landslide,UPA / I.N.D.I.A.,0.4955,,,0
2004,West Bengal,25,Uluberia,GEN,Hannan Mollah,CPI(M),424749.0,60.91,Rajib Banerjee,TMC,272634.0,39.09,152115.0,Result Declared,21.81,Landslide,UPA / I.N.D.I.A.,0.6419,,,0
2004,West Bengal,26,Serampore,GEN,Santasri Chatterjee,CPI(M),404082.0,59.71,Akbar Ali Khandoker,TMC,272634.0,40.29,131448.0,Result Declared,19.42,Landslide,UPA / I.N.D.I.A.,0.6747,,,0
2004,West Bengal,27,Hooghly,GEN,Rupchand Pal,CPI(M),496890.0,60.1,Indrani Mukherjee,TMC,329924.0,39.9,166966.0,Result Declared,20.19,Landslide,UPA / I.N.D.I.A.,0.664,,,0
2004,West Bengal,28,Arambagh,GEN,Anil Basu,CPI(M),744464.0,83.05,Swapan Kumar Nandi,BJP,151962.0,16.95,592502.0,Result Declared,66.1,Landslide,UPA / I.N.D.I.A.,0.2041,,,0
2004,West Bengal,29,Panskura,GEN,Gurudas Dasgupta,CPI,541513.0,67.39,Hema Choubey,TMC,262035.0,32.61,279478.0,Result Declared,34.78,Landslide,UPA / I.N.D.I.A.,0.4839,,,0
2004,West Bengal,30,Tamluk,GEN,Lakshman Chandra Seth,CPI(M),507228.0,53.0,Suvendu Adhikari,TMC,449848.0,47.0,57380.0,Result Declared,6.0,Comfortable,UPA / I.N.D.I.A.,0.8869,,,0
2004,West Bengal,31,Contai,GEN,Prasanta Pradhan,CPI(M),464743.0,53.4,Nitish Sengupta,TMC,405553.0,46.6,59190.0,Result Declared,6.8,Comfortable,UPA / I.N.D.I.A.,0.8726,,,0
2004,West Bengal,32,Midnapore,GEN,Prabodh Panda,CPI,480034.0,60.06,Rahul Sinha,BJP,319274.0,39.94,160760.0,Result Declared,20.11,Landslide,UPA / I.N.D.I.A.,0.6651,,,0
2004,West Bengal,33,Jhargram,ST,Rupchand Murmu,CPI(M),509045.0,76.35,Nityananda Hembram,TMC,157702.0,23.65,351343.0,Result Declared,52.7,Landslide,UPA / I.N.D.I.A.,0.3098,,,0
2004,West Bengal,34,Purulia,GEN,Bir Singh Mahato,AIFB,341057.0,63.58,Shantiram Mahato,INC,195339.0,36.42,145718.0,Result Declared,27.17,Landslide,Left Front,0.5727,,,0
2004,West Bengal,35,Bankura,GEN,Basudeb Acharia,CPI(M),417798.0,69.03,Deb Prasad Kundu,TMC,187469.0,30.97,230329.0,Result Declared,38.05,Landslide,UPA / I.N.D.I.A.,0.4487,,,0
2004,West Bengal,36,Vishnupur,SC,Susmita Bauri,CPI(M),518507.0,73.53,Janardan Saha,TMC,186678.0,26.47,331829.0,Result Declared,47.06,Landslide,UPA / I.N.D.I.A.,0.36,,,0
2004,West Bengal,37,Durgapur,SC,Sunil Khan,CPI(M),505250.0,68.93,Shib Narayan Saha,BJP,227742.0,31.07,277508.0,Result Declared,37.86,Landslide,UPA / I.N.D.I.A.,0.4508,,,0
2004,West Bengal,38,Asansol,GEN,Bikash Chowdhury,CPI(M),369832.0,60.1,Moloy Ghatak,TMC,245514.0,39.9,124318.0,Result Declared,20.2,Landslide,UPA / I.N.D.I.A.,0.6639,,,0
2004,West Bengal,39,Burdwan,GEN,Nikhilananda Sar,CPI(M),673091.0,76.94,Anindya Gopal Mitra,BJP,201740.0,23.06,471351.0,Result Declared,53.88,Landslide,UPA / I.N.D.I.A.,0.2997,,,0
2004,West Bengal,40,Katwa,GEN,Mahboob Zahedi,CPI(M),494716.0,58.47,Sultan Ahmed,TMC,351367.0,41.53,143349.0,Result Declared,16.94,Landslide,UPA / I.N.D.I.A.,0.7102,,,0
2004,West Bengal,41,Bolpur,GEN,Somnath Chatterjee,CPI(M),504836.0,72.18,Nirmal Kumar Maji,TMC,194531.0,27.82,310305.0,Result Declared,44.37,Landslide,UPA / I.N.D.I.A.,0.3853,,,0
2004,West Bengal,42,Birbhum,SC,Ram Chandra Dome,CPI(M),372294.0,67.33,Gopal Chandra Das,INC,180682.0,32.67,191612.0,Result Declared,34.65,Landslide,UPA / I.N.D.I.A.,0.4853,,,0
2009,Andaman and Nicobar Islands,1,Andaman And Nicobar Islands,GEN,Bishnu Pada Ray,BJP,75211.0,51.01,Kuldeep Rai Sharma,INC,72221.0,48.99,2990.0,Result Declared,2.03,Tight / Close Contest,NDA,0.9602,INC,1.0,0
2009,Andhra Pradesh,1,Adilabad,ST,Ramesh Rathod,TDP,372268.0,59.14,Kotnak Ramesh,INC,257181.0,40.86,115087.0,Result Declared,18.28,Landslide,NDA,0.6908,TDP,0.0,1
2009,Andhra Pradesh,2,Peddapalli,SC,Gaddam Vivek Venkatswamy,INC,313748.0,54.24,Gomasa Srinivas,TRS,264731.0,45.76,49017.0,Result Declared,8.47,Comfortable,UPA / I.N.D.I.A.,0.8438,INC,0.0,1
2009,Andhra Pradesh,3,Karimnagar,GEN,Ponnam Prabhakar,INC,317927.0,54.29,Boianapalli Vinod Kumar,TRS,267684.0,45.71,50243.0,Result Declared,8.58,Comfortable,UPA / I.N.D.I.A.,0.842,TDP,1.0,0
2009,Andhra Pradesh,4,Nizamabad,GEN,Madhu Goud Yaskhi,INC,296504.0,55.67,Bigala Ganesh Gupta,TRS,236114.0,44.33,60390.0,Result Declared,11.34,Comfortable,UPA / I.N.D.I.A.,0.7963,INC,0.0,1
2009,Andhra Pradesh,5,Zahirabad,GEN,Suresh Shetkar,INC,395767.0,51.12,Syed Yousuf Ali,TRS,378360.0,48.88,17407.0,Result Declared,2.25,Tight / Close Contest,UPA / I.N.D.I.A.,0.956,CPI(M),1.0,0
2009,Andhra Pradesh,6,Medak,GEN,Vijayashanti,TRS,388839.0,50.39,Chaganla Narendra Nath,INC,382762.0,49.61,6077.0,Result Declared,0.79,Tight / Close Contest,Others / Regional,0.9844,TDP,1.0,0
2009,Andhra Pradesh,7,Malkajgiri,GEN,Sarvey Sathyanarayana,INC,388368.0,56.83,Bheemsen T,TDP,295042.0,43.17,93326.0,Result Declared,13.66,Comfortable,UPA / I.N.D.I.A.,0.7597,INC,0.0,1
2009,Andhra Pradesh,8,Secunderabad,GEN,Anjan Kumar Yadav,INC,340549.0,66.65,Bandaru Dattatreya,BJP,170382.0,33.35,170167.0,Result Declared,33.31,Landslide,UPA / I.N.D.I.A.,0.5003,INC,0.0,1
2009,Andhra Pradesh,9,Hyderabad,GEN,Asaduddin Owaisi,AIMIM,308061.0,61.34,Zahid Ali Khan,TDP,194196.0,38.66,113865.0,Result Declared,22.67,Landslide,Others / Regional,0.6304,INC,1.0,0
2009,Andhra Pradesh,10,Chevella,GEN,Jaipal Reddy,INC,420807.0,51.13,A. P. Jithender Reddy,TDP,402275.0,48.87,18532.0,Result Declared,2.25,Tight / Close Contest,UPA / I.N.D.I.A.,0.956,INC,0.0,1
2009,Andhra Pradesh,11,Mahbubnagar,GEN,K. Chandrashekar Rao,TRS,366569.0,51.42,Devarakonda Vittal Rao,INC,346385.0,48.58,20184.0,Result Declared,2.83,Tight / Close Contest,Others / Regional,0.9449,INC,1.0,0
2009,Andhra Pradesh,12,Nagarkurnool,SC,Manda Jagannath,INC,422745.0,52.99,Guvvala Balaraju,TRS,374978.0,47.01,47767.0,Result Declared,5.99,Comfortable,UPA / I.N.D.I.A.,0.887,INC,0.0,1
2009,Andhra Pradesh,13,Nalgonda,GEN,Gutha Sukender Reddy,INC,493849.0,59.16,Suravaram Sudhakar Reddy,CPI,340867.0,40.84,152982.0,Result Declared,18.33,Landslide,UPA / I.N.D.I.A.,0.6902,INC,0.0,1
2009,Andhra Pradesh,14,Bhongir,GEN,Komatireddy Raj Gopal Reddy,INC,504103.0,58.06,Nomula Narsimhaiah,CPI(M),364215.0,41.94,139888.0,Result Declared,16.11,Landslide,UPA / I.N.D.I.A.,0.7225,INC,0.0,1
2009,Andhra Pradesh,15,Warangal,SC,Siricilla Rajaiah,INC,396568.0,59.32,Ramagalla Parameshwar,TRS,271907.0,40.68,124661.0,Result Declared,18.65,Landslide,UPA / I.N.D.I.A.,0.6857,INC,0.0,1
2009,Andhra Pradesh,16,Mahabubabad,ST,Balram Naik,INC,394447.0,54.79,Kunja Srinivasa Rao,CPI,325490.0,45.21,68957.0,Result Declared,9.58,Comfortable,UPA / I.N.D.I.A.,0.8252,INC,0.0,1
2009,Andhra Pradesh,17,Khammam,GEN,Nama Nageswara Rao,TDP,469368.0,57.64,Renuka Chowdhury,INC,344920.0,42.36,124448.0,Result Declared,15.28,Landslide,NDA,0.7349,INC,1.0,0
2009,Andhra Pradesh,18,Araku,ST,Kishore Chandra Deo,INC,360458.0,68.21,Midiyam Babu Rao,CPI(M),168014.0,31.79,192444.0,Result Declared,36.42,Landslide,UPA / I.N.D.I.A.,0.4661,INC,0.0,1
2009,Andhra Pradesh,19,Srikakulam,GEN,Killi Krupa Rani,INC,387694.0,55.99,Kinjarapu Yerran Naidu,TDP,304707.0,44.01,82987.0,Result Declared,11.99,Comfortable,UPA / I.N.D.I.A.,0.7859,INC,0.0,1
2009,Andhra Pradesh,20,Vizianagaram,GEN,Jhansi Laxmi Botcha,INC,411584.0,53.97,Kondapalli Appalanaidu,TDP,351013.0,46.03,60571.0,Result Declared,7.94,Comfortable,UPA / I.N.D.I.A.,0.8528,INC,0.0,1
2009,Andhra Pradesh,21,Visakhapatnam,GEN,Daggubati Purandeswari,INC,368812.0,54.97,Palla Srinivasa Rao,Praja Rajyam Party,302126.0,45.03,66686.0,Result Declared,9.94,Comfortable,UPA / I.N.D.I.A.,0.8192,TDP,1.0,0
2009,Andhra Pradesh,22,Anakapalli,GEN,Sabbam Hari,INC,369968.0,53.85,Nookarapu Surya Prakasa Rao,TDP,317056.0,46.15,52912.0,Result Declared,7.7,Comfortable,UPA / I.N.D.I.A.,0.857,INC,0.0,1
2009,Andhra Pradesh,23,Kakinada,GEN,Mallipudi Mangapati Pallam Raju,INC,323607.0,52.78,Chalamalasetti Sunil,Praja Rajyam Party,289563.0,47.22,34044.0,Result Declared,5.55,Comfortable,UPA / I.N.D.I.A.,0.8948,INC,0.0,1
2009,Andhra Pradesh,24,Amalapuram,SC,G. V. Harsha Kumar,INC,368501.0,52.87,Pothula Prameela Devi,Praja Rajyam Party,328496.0,47.13,40005.0,Result Declared,5.74,Comfortable,UPA / I.N.D.I.A.,0.8914,INC,0.0,1
2009,Andhra Pradesh,25,Rajahmundry,GEN,Vundavalli Aruna Kumar,INC,357449.0,50.15,Murali Mohan,TDP,355302.0,49.85,2147.0,Result Declared,0.3,Tight / Close Contest,UPA / I.N.D.I.A.,0.994,INC,0.0,1
2009,Andhra Pradesh,26,Narasapuram,GEN,Kanumuru Bapi Raju,INC,389422.0,58.63,Thota Seetharama Lakshmi,TDP,274732.0,41.37,114690.0,Result Declared,17.27,Landslide,UPA / I.N.D.I.A.,0.7055,INC,0.0,1
2009,Andhra Pradesh,27,Eluru,GEN,Kavuri Samba Siva Rao,INC,423777.0,52.66,Maganti Venkateswara Rao,TDP,380994.0,47.34,42783.0,Result Declared,5.32,Comfortable,UPA / I.N.D.I.A.,0.899,INC,0.0,1
2009,Andhra Pradesh,28,Machilipatnam,GEN,Konakalla Narayana Rao,TDP,409936.0,50.77,Badiga Ramakrishna,INC,397480.0,49.23,12456.0,Result Declared,1.54,Tight / Close Contest,NDA,0.9696,TDP,0.0,1
2009,Andhra Pradesh,29,Vijayawada,GEN,Lagadapati Rajagopal,INC,429394.0,50.75,Vallabhaneni Vamsi Mohan,TDP,416682.0,49.25,12712.0,Result Declared,1.5,Tight / Close Contest,UPA / I.N.D.I.A.,0.9704,INC,0.0,1
2009,Andhra Pradesh,30,Guntur,GEN,Rayapati Sambasiva Rao,INC,403937.0,52.56,Madala Rajendra,TDP,364582.0,47.44,39355.0,Result Declared,5.12,Comfortable,UPA / I.N.D.I.A.,0.9026,AIMIM,1.0,0
2009,Andhra Pradesh,31,Narasaraopet,GEN,Modugula Venugopala Reddy,TDP,463358.0,50.09,Vallabhaneni Balasouri,INC,461751.0,49.91,1607.0,Result Declared,0.17,Tight / Close Contest,NDA,0.9965,INC,1.0,0
2009,Andhra Pradesh,32,Bapatla,SC,Panabaka Lakshmi,INC,460757.0,54.07,Malyadri Sriram,TDP,391419.0,45.93,69338.0,Result Declared,8.14,Comfortable,UPA / I.N.D.I.A.,0.8495,INC,0.0,1
2009,Andhra Pradesh,33,Ongole,GEN,Magunta Sreenivasulu Reddy,INC,450442.0,54.77,Madduluri Malakondaiah Yadav,TDP,371919.0,45.23,78523.0,Result Declared,9.55,Comfortable,UPA / I.N.D.I.A.,0.8257,TRS,1.0,0
2009,Andhra Pradesh,34,Nandyal,GEN,S. P. Y. Reddy,INC,400023.0,56.4,N. M. D. Farooq,TDP,309176.0,43.6,90847.0,Result Declared,12.81,Comfortable,UPA / I.N.D.I.A.,0.7729,INC,0.0,1
2009,Andhra Pradesh,35,Kurnool,GEN,Kotla Jayasurya Prakasha Reddy,INC,382668.0,55.33,B.T.Naidu,TDP,308895.0,44.67,73773.0,Result Declared,10.67,Comfortable,UPA / I.N.D.I.A.,0.8072,TRS,1.0,0
2009,Andhra Pradesh,36,Anantapur,GEN,Anantha Venkatarami Reddy,INC,457876.0,54.65,Kalava Srinivasulu,TDP,379955.0,45.35,77921.0,Result Declared,9.3,Comfortable,UPA / I.N.D.I.A.,0.8298,INC,0.0,1
2009,Andhra Pradesh,37,Hindupur,GEN,Kristappa Nimmala,TDP,435753.0,51.35,Khasim Khan,INC,412918.0,48.65,22835.0,Result Declared,2.69,Tight / Close Contest,NDA,0.9476,TRS,1.0,0
2009,Andhra Pradesh,38,Kadapa,GEN,Y. S. Jagan Mohan Reddy,INC,542611.0,59.87,Palem Srikanth Reddy,TDP,363765.0,40.13,178846.0,Result Declared,19.73,Landslide,UPA / I.N.D.I.A.,0.6704,TRS,1.0,0
2009,Andhra Pradesh,39,Nellore,GEN,Mekapati Rajamohan Reddy,INC,430235.0,53.41,Vanteru Venu Gopala Reddy,TDP,375242.0,46.59,54993.0,Result Declared,6.83,Comfortable,UPA / I.N.D.I.A.,0.8722,TRS,1.0,0
2009,Andhra Pradesh,40,Tirupati,SC,Chinta Mohan,INC,428403.0,51.15,Varla Ramaiah,TDP,409127.0,48.85,19276.0,Result Declared,2.3,Tight / Close Contest,UPA / I.N.D.I.A.,0.955,INC,0.0,1
2009,Andhra Pradesh,41,Rajampet,GEN,Annayyagari Sai Prathap,INC,423910.0,70.13,Ramesh Kumar Reddy Reddappagari,TDP,180537.0,29.87,110377.0,Result Declared,18.26,Landslide,UPA / I.N.D.I.A.,0.4259,CPI,1.0,0
2009,Andhra Pradesh,42,Chittoor,SC,Naramalli Sivaprasad,TDP,434376.0,50.62,M. Thippeswamy,INC,423717.0,49.38,10659.0,Result Declared,1.24,Tight / Close Contest,NDA,0.9755,INC,1.0,0
2009,Arunachal Pradesh,1,Arunachal West,ST,Takam Sanjoy,INC,140443.0,50.24,Kiren Rijiju,BJP,139129.0,49.76,1314.0,Result Declared,0.47,Tight / Close Contest,UPA / I.N.D.I.A.,0.9906,BJP,1.0,0
2009,Arunachal Pradesh,2,Arunachal East,ST,Ninong Ering,INC,115423.0,71.07,Tapir Gao,BJP,46974.0,28.93,68449.0,Result Declared,42.15,Landslide,UPA / I.N.D.I.A.,0.407,BJP,1.0,0
2009,Assam,1,Karimganj,SC,Lalit Mohan Suklabaidya,INC,259717.0,50.77,Rajesh Mallah,AIUDF,251797.0,49.23,7920.0,Result Declared,1.55,Tight / Close Contest,UPA / I.N.D.I.A.,0.9695,INC,0.0,1
2009,Assam,2,Silchar,GEN,Kabindra Purkayastha,BJP,243532.0,54.65,Badruddin Ajmal,AIUDF,202062.0,45.35,41470.0,Result Declared,9.31,Comfortable,NDA,0.8297,INC,1.0,0
2009,Assam,3,Autonomous District,ST,Biren Sing Engti,INC,197835.0,61.61,Elwin Teron,Autonomous State Demand Committee,123287.0,38.39,74548.0,Result Declared,23.21,Landslide,UPA / I.N.D.I.A.,0.6232,INC,0.0,1
2009,Assam,4,Dhubri,GEN,Badruddin Ajmal,AIUDF,540820.0,60.28,Anwar Hussain,INC,356401.0,39.72,184419.0,Result Declared,20.55,Landslide,Others / Regional,0.659,INC,1.0,0
2009,Assam,5,Kokrajhar,ST,Sansuma Khunggur Bwiswmuthiary,BPF,495211.0,61.89,Urkhao Gwra Brahma,IND,304889.0,38.11,190322.0,Result Declared,23.79,Landslide,Others / Regional,0.6157,IND,1.0,0
2009,Assam,6,Barpeta,GEN,Ismail Hussain,INC,322137.0,52.48,Bhupen Ray,AGP,291708.0,47.52,30429.0,Result Declared,4.96,Tight / Close Contest,UPA / I.N.D.I.A.,0.9055,INC,0.0,1
2009,Assam,7,Guwahati,GEN,Bijoya Chakravarty,BJP,496047.0,50.6,Robin Bordoloi,INC,484192.0,49.4,11855.0,Result Declared,1.21,Tight / Close Contest,NDA,0.9761,INC,1.0,0
2009,Assam,8,Mangaldoi,GEN,Ramen Deka,BJP,307881.0,54.99,Madhab Rajbangshi,INC,252032.0,45.01,55849.0,Result Declared,9.97,Comfortable,NDA,0.8186,BJP,0.0,1
2009,Assam,9,Tezpur,GEN,Joseph Toppo,AGP,352246.0,52.24,Moni Kumar Subba,INC,322093.0,47.76,30153.0,Result Declared,4.47,Tight / Close Contest,NDA,0.9144,INC,1.0,0
2009,Assam,10,Nagaon,GEN,Rajen Gohain,BJP,380921.0,53.17,Anil Raja,INC,335541.0,46.83,45380.0,Result Declared,6.33,Comfortable,NDA,0.8809,BJP,0.0,1
2009,Assam,11,Kaliabor,GEN,Dip Gogoi,INC,434676.0,60.59,Gunin Hazarika,AGP,282687.0,39.41,151989.0,Result Declared,21.19,Landslide,UPA / I.N.D.I.A.,0.6503,INC,0.0,1
2009,Assam,12,Jorhat,GEN,Bijoy Krishna Handique,INC,362320.0,55.51,Kamakhya Prasad Tasa,BJP,290406.0,44.49,71914.0,Result Declared,11.02,Comfortable,UPA / I.N.D.I.A.,0.8015,INC,0.0,1
2009,Assam,13,Dibrugarh,GEN,Paban Singh Ghatowar,INC,359163.0,52.57,Sarbananda Sonowal,AGP,324020.0,47.43,35143.0,Result Declared,5.14,Comfortable,UPA / I.N.D.I.A.,0.9022,AGP,1.0,0
2009,Assam,14,Lakhimpur,GEN,Ranee Narah,INC,352330.0,53.38,Arun Kumar Sarmah,AGP,307758.0,46.62,44572.0,Result Declared,6.75,Comfortable,UPA / I.N.D.I.A.,0.8735,AGP,1.0,0
2009,Bihar,1,Valmiki Nagar,GEN,Baidyanath Prasad Mahto,JD(U),277696.0,74.71,Fakhruddin,IND,94021.0,25.29,183675.0,Result Declared,49.41,Landslide,NDA,0.3386,JD(U),0.0,1
2009,Bihar,2,Paschim Champaran,GEN,Sanjay Jaiswal,BJP,198781.0,56.76,Prakash Jha,LJP,151438.0,43.24,47343.0,Result Declared,13.52,Comfortable,NDA,0.7618,RJD,1.0,0
2009,Bihar,3,Purvi Champaran,GEN,Radha Mohan Singh,BJP,201114.0,62.28,Akhilesh Prasad Singh,RJD,121824.0,37.72,79290.0,Result Declared,24.55,Landslide,NDA,0.6057,RJD,1.0,0
2009,Bihar,4,Sheohar,GEN,Rama Devi,BJP,233499.0,68.41,Md Anwarul Haque,BSP,107815.0,31.59,125684.0,Result Declared,36.82,Landslide,NDA,0.4617,RJD,1.0,0
2009,Bihar,5,Sitamarhi,GEN,Arjun Rai,JD(U),232782.0,65.57,Samir Kumar Mahaseth,INC,122216.0,34.43,110566.0,Result Declared,31.15,Landslide,NDA,0.525,RJD,1.0,0
2009,Bihar,6,Madhubani,GEN,Hukmdev Narayan Yadav,BJP,164094.0,51.56,Abdul Bari Siddiqui,RJD,154167.0,48.44,9927.0,Result Declared,3.12,Tight / Close Contest,NDA,0.9395,JD(U),1.0,0
2009,Bihar,7,Jhanjharpur,GEN,Mangani Lal Mandal,JD(U),265175.0,57.94,Devendra Prasad Yadav,RJD,192466.0,42.06,72709.0,Result Declared,15.89,Landslide,NDA,0.7258,RJD,1.0,0
2009,Bihar,8,Supaul,GEN,Vishwa Mohan Kumar,JD(U),313677.0,68.0,Ranjeet Ranjan,INC,147602.0,32.0,166075.0,Result Declared,36.0,Landslide,NDA,0.4706,LJP,1.0,0
2009,Bihar,9,Araria,GEN,Pradeep Kumar Singh,BJP,282742.0,52.07,Zakir Hussain Khan,LJP,260240.0,47.93,22502.0,Result Declared,4.14,Tight / Close Contest,NDA,0.9204,RJD,1.0,0
2009,Bihar,10,Kishanganj,GEN,Mohammad Asrarul Haque,INC,239405.0,60.07,Syed Mahmood Ashraf,JD(U),159136.0,39.93,80269.0,Result Declared,20.14,Landslide,UPA / I.N.D.I.A.,0.6647,JD(U),1.0,0
2009,Bihar,11,Katihar,GEN,Nikhil Kumar Choudhary,BJP,269834.0,51.33,Tariq Anwar,NCP,255819.0,48.67,14015.0,Result Declared,2.67,Tight / Close Contest,NDA,0.9481,RJD,1.0,0
2009,Bihar,12,Purnia,GEN,Uday Singh,BJP,362952.0,67.25,Shanti Priya,IND,176725.0,32.75,186227.0,Result Declared,34.51,Landslide,NDA,0.4869,RJD,1.0,0
2009,Bihar,13,Madhepura,GEN,Sharad Yadav,JD(U),370585.0,65.76,Ravindra Charan Yadav,RJD,192964.0,34.24,177621.0,Result Declared,31.52,Landslide,NDA,0.5207,INC,1.0,0
2009,Bihar,14,Darbhanga,GEN,Kirti Azad,BJP,239268.0,55.38,Ali Ashraf Fatmi,RJD,192815.0,44.62,46453.0,Result Declared,10.75,Comfortable,NDA,0.8059,RJD,1.0,0
2009,Bihar,15,Muzaffarpur,GEN,Jai Narain Prasad Nishad,JD(U),195091.0,56.98,Bhagwanlal Sahni,LJP,147282.0,43.02,47809.0,Result Declared,13.96,Comfortable,NDA,0.7549,RJD,1.0,0
2009,Bihar,16,Vaishali,GEN,Raghuvansh Prasad Singh,RJD,284479.0,52.04,Vijay Kumar Shukla,JD(U),262171.0,47.96,22308.0,Result Declared,4.08,Tight / Close Contest,UPA / I.N.D.I.A.,0.9216,LJP,1.0,0
2009,Bihar,17,Gopalganj,SC,Purnmasi Ram,JD(U),200024.0,55.94,Anil Kumar,RJD,157552.0,44.06,42472.0,Result Declared,11.88,Comfortable,NDA,0.7877,RJD,1.0,0
2009,Bihar,18,Siwan,GEN,Om Prakash Yadav,IND,236194.0,57.76,Hena Shahab,RJD,172764.0,42.24,63430.0,Result Declared,15.51,Landslide,Others / Regional,0.7314,RJD,1.0,0
2009,Bihar,19,Maharajganj,GEN,Umashanker Singh,RJD,211610.0,50.33,Prabhunath Singh,JD(U),208813.0,49.67,2797.0,Result Declared,0.67,Tight / Close Contest,UPA / I.N.D.I.A.,0.9868,LJP,1.0,0
2009,Bihar,20,Saran,GEN,Lalu Prasad Yadav,RJD,274209.0,55.22,Rajiv Pratap Rudy,BJP,222394.0,44.78,51815.0,Result Declared,10.43,Comfortable,UPA / I.N.D.I.A.,0.811,LJP,1.0,0
2009,Bihar,21,Hajipur,SC,Ram Sundar Das,JD(U),246715.0,54.17,Ram Vilas Paswan,LJP,208761.0,45.83,37954.0,Result Declared,8.33,Comfortable,NDA,0.8462,RJD,1.0,0
2009,Bihar,22,Ujiarpur,GEN,Ashwamedh Devi,JD(U),180082.0,53.78,Alok Kumar Mehta,RJD,154770.0,46.22,25312.0,Result Declared,7.56,Comfortable,NDA,0.8594,BJP,1.0,0
2009,Bihar,23,Samastipur,SC,Maheshwar Hazari,JD(U),259458.0,62.59,Ram Chandra Paswan,LJP,155082.0,37.41,104376.0,Result Declared,25.18,Landslide,NDA,0.5977,RJD,1.0,0
2009,Bihar,24,Begusarai,GEN,Monazir Hassan,JD(U),205680.0,55.51,Shatrughna Prasad Singh,CPI,164843.0,44.49,40837.0,Result Declared,11.02,Comfortable,NDA,0.8015,BJP,1.0,0
2009,Bihar,25,Khagaria,GEN,Dinesh Chandra Yadav,JD(U),266964.0,67.56,Ravindar Rana,RJD,128209.0,32.44,138755.0,Result Declared,35.11,Landslide,NDA,0.4802,BJP,1.0,0
2009,Bihar,26,Bhagalpur,GEN,Syed Shahnawaz Hussain,BJP,228384.0,56.96,Shakuni Choudhary,RJD,172573.0,43.04,55811.0,Result Declared,13.92,Comfortable,NDA,0.7556,RJD,1.0,0
2009,Bihar,27,Banka,GEN,Digvijay Singh,IND,185762.0,54.19,Jay Prakash Narayan Yadav,RJD,157046.0,45.81,28716.0,Result Declared,8.38,Comfortable,Others / Regional,0.8454,BJP,1.0,0
2009,Bihar,28,Munger,GEN,Rajiv Ranjan Singh,JD(U),374317.0,66.93,Ram Badan Roy,RJD,184956.0,33.07,189361.0,Result Declared,33.86,Landslide,NDA,0.4941,RJD,1.0,0
2009,Bihar,29,Nalanda,GEN,Kaushalendra Kumar,JD(U),299155.0,67.13,Satish Kumar,LJP,146478.0,32.87,152677.0,Result Declared,34.26,Landslide,NDA,0.4896,RJD,1.0,0
2009,Bihar,30,Patna Sahib,GEN,Shatrughan Sinha,BJP,316549.0,67.88,Vijay Kumar,RJD,149779.0,32.12,166770.0,Result Declared,35.76,Landslide,NDA,0.4732,JD(U),1.0,0
2009,Bihar,31,Pataliputra,GEN,Ranjan Prasad Yadav,JD(U),269298.0,52.29,Lalu Prasad Yadav,RJD,245757.0,47.71,23541.0,Result Declared,4.57,Tight / Close Contest,NDA,0.9126,JD(U),0.0,1
2009,Bihar,32,Arrah,GEN,Meena Singh,JD(U),212726.0,60.65,Rama Kishore Singh,LJP,138006.0,39.35,74720.0,Result Declared,21.3,Landslide,NDA,0.6488,RJD,1.0,0
2009,Bihar,33,Buxar,GEN,Jagada Nand Singh,RJD,132614.0,50.43,Lalmuni Chaubey,BJP,130376.0,49.57,2238.0,Result Declared,0.85,Tight / Close Contest,UPA / I.N.D.I.A.,0.9831,RJD,0.0,1
2009,Bihar,34,Sasaram,SC,Meira Kumar,INC,192213.0,56.29,Muni Lall,BJP,149259.0,43.71,42954.0,Result Declared,12.58,Comfortable,UPA / I.N.D.I.A.,0.7765,BJP,1.0,0
2009,Bihar,35,Karakat,GEN,Mahabali Singh,JD(U),196946.0,52.74,Kanti Singh,RJD,176463.0,47.26,20483.0,Result Declared,5.49,Comfortable,NDA,0.896,INC,1.0,0
2009,Bihar,36,Jahanabad,GEN,Jagdish Sharma,JD(U),234769.0,52.38,Surendra Yadav,RJD,213442.0,47.62,21327.0,Result Declared,4.76,Tight / Close Contest,NDA,0.9092,JD(U),0.0,1
2009,Bihar,37,Aurangabad,GEN,Sushil Kumar Singh,JD(U),260153.0,58.04,Shakil Ahmad Khan,RJD,188095.0,41.96,72058.0,Result Declared,16.08,Landslide,NDA,0.723,INC,1.0,0
2009,Bihar,38,Gaya,SC,Hari Manjhi,BJP,246255.0,57.26,Ramji Manjhi,RJD,183802.0,42.74,62453.0,Result Declared,14.52,Comfortable,NDA,0.7464,RJD,1.0,0
2009,Bihar,39,Nawada,GEN,Bhola Singh,BJP,130608.0,57.71,Veena Devi,LJP,95691.0,42.29,34917.0,Result Declared,15.43,Landslide,NDA,0.7327,RJD,1.0,0
2009,Bihar,40,Jamui,SC,Bhudeo Choudhary,JD(U),178560.0,54.55,Shyam Rajak,RJD,148763.0,45.45,29797.0,Result Declared,9.1,Comfortable,NDA,0.8331,RJD,1.0,0
2009,Chandigarh,1,Chandigarh,GEN,Pawan Kumar Bansal,INC,161042.0,61.21,Satya Pal Jain,BJP,102075.0,38.79,58967.0,Result Declared,22.41,Landslide,UPA / I.N.D.I.A.,0.6338,INC,0.0,1
2009,Chhattisgarh,1,Sarguja,ST,Murarilal Singh,BJP,416532.0,61.84,Bhanu Pratap Singh,INC,256984.0,38.16,159548.0,Result Declared,23.69,Landslide,NDA,0.617,BJP,0.0,1
2009,Chhattisgarh,2,Raigarh,ST,Vishnu Deo Sai,BJP,443948.0,53.36,Hridayaram Rathiya,INC,388100.0,46.64,55848.0,Result Declared,6.71,Comfortable,NDA,0.8742,BJP,0.0,1
2009,Chhattisgarh,3,Janjgir-Champa,SC,Kamla Devi Patle,BJP,302142.0,58.43,Shiv Kumar Dahariya,INC,214931.0,41.57,87211.0,Result Declared,16.87,Landslide,NDA,0.7114,BJP,0.0,1
2009,Chhattisgarh,4,Korba,GEN,Charan Das Mahant,INC,314616.0,51.7,Karuna Shukla,BJP,293879.0,48.3,20737.0,Result Declared,3.41,Tight / Close Contest,UPA / I.N.D.I.A.,0.9341,BJP,1.0,0
2009,Chhattisgarh,5,Bilaspur,GEN,Dilip Singh Judeo,BJP,347930.0,51.49,Renu Jogi,INC,327791.0,48.51,20139.0,Result Declared,2.98,Tight / Close Contest,NDA,0.9421,BJP,0.0,1
2009,Chhattisgarh,6,Rajnandgaon,GEN,Madhusudan Yadav,BJP,437721.0,57.87,Devwrat Singh,INC,318647.0,42.13,119074.0,Result Declared,15.74,Landslide,NDA,0.728,BJP,0.0,1
2009,Chhattisgarh,7,Durg,GEN,Saroj Pandey,BJP,283170.0,50.89,Pradeep Choubey,INC,273216.0,49.11,9954.0,Result Declared,1.79,Tight / Close Contest,NDA,0.9648,INC,1.0,0
2009,Chhattisgarh,8,Raipur,GEN,Ramesh Bais,BJP,364943.0,54.31,Bhupesh Baghel,INC,307042.0,45.69,57901.0,Result Declared,8.62,Comfortable,NDA,0.8413,BJP,0.0,1
2009,Chhattisgarh,9,Mahasamund,GEN,Chandu Lal Sahu,BJP,371201.0,53.73,Motilal Sahu,INC,319726.0,46.27,51475.0,Result Declared,7.45,Comfortable,NDA,0.8613,BJP,0.0,1
2009,Chhattisgarh,10,Bastar,ST,Baliram Kashyap,BJP,249373.0,62.58,Shankar Sodi,INC,149111.0,37.42,100262.0,Result Declared,25.16,Landslide,NDA,0.5979,BJP,0.0,1
2009,Chhattisgarh,11,Kanker,ST,Sohan Potai,BJP,341131.0,51.45,Phulo Devi Netam,INC,321843.0,48.55,19288.0,Result Declared,2.91,Tight / Close Contest,NDA,0.9435,BJP,0.0,1
2009,Dadra and Nagar Haveli,1,Dadra And Nagar Haveli,ST,Natubhai Gomanbhai Patel,BJP,51242.0,50.3,Mohanbhai Sanjibhai Delkar,INC,50624.0,49.7,618.0,Result Declared,0.61,Tight / Close Contest,NDA,0.9879,Bharatiya Navshakti Party,1.0,0
2009,Daman and Diu,1,Daman And Diu,GEN,Lalubhai Patel,BJP,44546.0,69.33,Dahyabhai Vallabhbhai Patel,INC,19708.0,30.67,24838.0,Result Declared,38.66,Landslide,NDA,0.4424,INC,1.0,0
2009,Delhi,1,Chandni Chowk,GEN,Kapil Sibal,INC,465713.0,63.73,Vijender Gupta,BJP,265003.0,36.27,200710.0,Result Declared,27.47,Landslide,UPA / I.N.D.I.A.,0.569,INC,0.0,1
2009,Delhi,2,North East Delhi,GEN,Jai Parkash Aggarwal,INC,518191.0,63.65,B. L. Sharma,BJP,295948.0,36.35,222243.0,Result Declared,27.3,Landslide,UPA / I.N.D.I.A.,0.5711,BJP,1.0,0
2009,Delhi,3,East Delhi,GEN,Sandeep Dikshit,INC,518001.0,65.16,Chetan Chauhan,BJP,276948.0,34.84,241053.0,Result Declared,30.32,Landslide,UPA / I.N.D.I.A.,0.5346,INC,0.0,1
2009,Delhi,4,New Delhi,GEN,Ajay Maken,INC,455867.0,62.97,Vijay Goel,BJP,268058.0,37.03,187809.0,Result Declared,25.94,Landslide,UPA / I.N.D.I.A.,0.588,INC,0.0,1
2009,Delhi,5,North West Delhi,SC,Krishna Tirath,INC,487404.0,61.67,Meera Kanwaria,BJP,302971.0,38.33,184433.0,Result Declared,23.33,Landslide,UPA / I.N.D.I.A.,0.6216,INC,0.0,1
2009,Delhi,6,West Delhi,GEN,Mahabal Mishra,INC,479899.0,57.76,Jagdish Mukhi,BJP,350889.0,42.24,129010.0,Result Declared,15.53,Landslide,UPA / I.N.D.I.A.,0.7312,INC,0.0,1
2009,Delhi,7,South Delhi,GEN,Ramesh Kumar,INC,360278.0,57.43,Ramesh Bidhuri,BJP,267059.0,42.57,93219.0,Result Declared,14.86,Comfortable,UPA / I.N.D.I.A.,0.7413,INC,0.0,1
2009,Goa,1,North Goa,GEN,Shripad Yesso Naik,BJP,137716.0,51.18,Jitendra Raghuraj Deshprabhu,NCP,131363.0,48.82,6353.0,Result Declared,2.36,Tight / Close Contest,NDA,0.9539,BJP,0.0,1
2009,Goa,2,South Goa,GEN,Francisco Sardinha,INC,127494.0,52.58,Narendra Keshav Sawaikar,BJP,114978.0,47.42,12516.0,Result Declared,5.16,Comfortable,UPA / I.N.D.I.A.,0.9018,INC,0.0,1
2009,Gujarat,1,Kachchh,SC,Poonamben Jat,BJP,285300.0,57.14,Valjibhai Danicha,INC,213957.0,42.86,71343.0,Result Declared,14.29,Comfortable,NDA,0.7499,BJP,0.0,1
2009,Gujarat,2,Banaskantha,GEN,Mukesh Gadhvi,INC,289409.0,50.91,Haribhai Parthibhai Chaudhary,BJP,279108.0,49.09,10301.0,Result Declared,1.81,Tight / Close Contest,UPA / I.N.D.I.A.,0.9644,BJP,1.0,0
2009,Gujarat,3,Patan,GEN,Jagdish Thakor,INC,283778.0,51.69,Bhavsinh Rathod,BJP,265274.0,48.31,18504.0,Result Declared,3.37,Tight / Close Contest,UPA / I.N.D.I.A.,0.9348,INC,0.0,1
2009,Gujarat,4,Mahesana,GEN,Jayshreeben Patel,BJP,334631.0,51.69,Jivabhai Ambalal Patel,INC,312766.0,48.31,21865.0,Result Declared,3.38,Tight / Close Contest,NDA,0.9347,BJP,0.0,1
2009,Gujarat,5,Sabarkantha,GEN,Mahendrasinh Chauhan,BJP,337432.0,51.3,Madhusudan Mistry,INC,320272.0,48.7,17160.0,Result Declared,2.61,Tight / Close Contest,NDA,0.9491,BJP,0.0,1
2009,Gujarat,6,Gandhinagar,GEN,L. K. Advani,BJP,434044.0,58.16,Sureshkumar Chaturdas Patel,INC,312297.0,41.84,121747.0,Result Declared,16.31,Landslide,NDA,0.7195,INC,1.0,0
2009,Gujarat,7,Ahmedabad East,GEN,Harin Pathak,BJP,318846.0,57.8,Deepakbhai Babariya,INC,232790.0,42.2,86056.0,Result Declared,15.6,Landslide,NDA,0.7301,INC,1.0,0
2009,Gujarat,8,Ahmedabad West,SC,Kirit Solanki,BJP,376823.0,56.88,Shailesh Parmar,INC,285696.0,43.12,91127.0,Result Declared,13.75,Comfortable,NDA,0.7582,BJP,0.0,1
2009,Gujarat,9,Surendranagar,GEN,Somabhai Patel,INC,247710.0,50.49,Laljibhai Mer,BJP,242879.0,49.51,4831.0,Result Declared,0.98,Tight / Close Contest,UPA / I.N.D.I.A.,0.9805,BJP,1.0,0
2009,Gujarat,10,Rajkot,GEN,Kunwarjibhai Bavaliya,INC,307553.0,52.09,Kiran Kumar Patel,BJP,282818.0,47.91,24735.0,Result Declared,4.19,Tight / Close Contest,UPA / I.N.D.I.A.,0.9196,BJP,1.0,0
2009,Gujarat,11,Porbandar,GEN,Vitthal Radadiya,INC,329436.0,53.19,Mansukhbhai Shamjibhai Kachariya,BJP,289933.0,46.81,39503.0,Result Declared,6.38,Comfortable,UPA / I.N.D.I.A.,0.8801,BJP,1.0,0
2009,Gujarat,12,Jamnagar,GEN,Vikrambhai Arjanbhai Madam,INC,281410.0,52.46,Rameshbhai Mungra,BJP,254992.0,47.54,26418.0,Result Declared,4.93,Tight / Close Contest,UPA / I.N.D.I.A.,0.9061,INC,0.0,1
2009,Gujarat,13,Junagadh,GEN,Dinubhai Solanki,BJP,355335.0,50.99,Jashubhai Barad,INC,341576.0,49.01,13759.0,Result Declared,1.97,Tight / Close Contest,NDA,0.9613,BJP,0.0,1
2009,Gujarat,14,Amreli,GEN,Naranbhai Kachhadia,BJP,247666.0,54.07,Nilaben Thummar,INC,210349.0,45.93,37317.0,Result Declared,8.15,Comfortable,NDA,0.8493,INC,1.0,0
2009,Gujarat,15,Bhavnagar,GEN,Rajendrasinh Rana,BJP,213376.0,50.7,Mahavirsinh Gohil,INC,207483.0,49.3,5893.0,Result Declared,1.4,Tight / Close Contest,NDA,0.9724,INC,1.0,0
2009,Gujarat,16,Anand,GEN,Bharatsinh Solanki,INC,348655.0,55.34,Dipakbhai Patel,BJP,281337.0,44.66,67318.0,Result Declared,10.69,Comfortable,UPA / I.N.D.I.A.,0.8069,INC,0.0,1
2009,Gujarat,17,Kheda,GEN,Dinsha Patel,INC,284004.0,50.07,Devusinh Chauhan,BJP,283158.0,49.93,846.0,Result Declared,0.15,Tight / Close Contest,UPA / I.N.D.I.A.,0.997,BJP,1.0,0
2009,Gujarat,18,Panchmahal,GEN,Prabhatsinh Pratapsinh Chauhan,BJP,282079.0,50.19,Shankersinh Vaghela,INC,279998.0,49.81,2081.0,Result Declared,0.37,Tight / Close Contest,NDA,0.9926,BJP,0.0,1
2009,Gujarat,19,Dahod,ST,Prabha Kishor Taviad,INC,250586.0,56.61,Somjibhai Damor,BJP,192050.0,43.39,58536.0,Result Declared,13.22,Comfortable,UPA / I.N.D.I.A.,0.7664,INC,0.0,1
2009,Gujarat,20,Vadodara,GEN,Balkrishna Khanderao Shukla,BJP,428833.0,59.42,Satyajitsinh Gaekwad,INC,292805.0,40.58,136028.0,Result Declared,18.85,Landslide,NDA,0.6828,INC,1.0,0
2009,Gujarat,21,Chhota Udaipur,ST,Ramsinh Rathwa,BJP,353534.0,51.98,Naranbhai Rathwa,INC,326536.0,48.02,26998.0,Result Declared,3.97,Tight / Close Contest,NDA,0.9236,INC,1.0,0
2009,Gujarat,22,Bharuch,GEN,Mansukhbhai Vasava,BJP,311019.0,52.29,Aziz Tankarvi,INC,283787.0,47.71,27232.0,Result Declared,4.58,Tight / Close Contest,NDA,0.9124,BJP,0.0,1
2009,Gujarat,23,Bardoli,ST,Tushar Amarsinh Chaudhary,INC,398430.0,54.0,Riteshkumar Vasava,BJP,339445.0,46.0,58985.0,Result Declared,7.99,Comfortable,UPA / I.N.D.I.A.,0.852,BJP,1.0,0
2009,Gujarat,24,Surat,GEN,Darshana Jardosh,BJP,364947.0,55.71,Dhirubhai Haribhai Gajera,INC,290149.0,44.29,74798.0,Result Declared,11.42,Comfortable,NDA,0.795,BJP,0.0,1
2009,Gujarat,25,Navsari,GEN,C. R. Patil,BJP,423413.0,59.29,Dhansukh Rajput,INC,290770.0,40.71,132643.0,Result Declared,18.57,Landslide,NDA,0.6867,INC,1.0,0
2009,Gujarat,26,Valsad,ST,Kishanbhai Vestabhai Patel,INC,357755.0,50.51,DC Patel,BJP,350586.0,49.49,7169.0,Result Declared,1.01,Tight / Close Contest,UPA / I.N.D.I.A.,0.98,INC,0.0,1
2009,Haryana,1,Ambala,SC,Kumari Selja,INC,322258.0,51.16,Rattan Lal Kataria,BJP,307688.0,48.84,14570.0,Result Declared,2.31,Tight / Close Contest,UPA / I.N.D.I.A.,0.9548,INC,0.0,1
2009,Haryana,2,Kurukshetra,GEN,Naveen Jindal,INC,397204.0,58.79,Ashok Kumar Arora,Indian National Lok Dal,278475.0,41.21,118729.0,Result Declared,17.57,Landslide,UPA / I.N.D.I.A.,0.7011,INC,0.0,1
2009,Haryana,3,Sirsa,SC,Ashok Tanwar,INC,415584.0,52.23,Sita Ram,Indian National Lok Dal,380085.0,47.77,35499.0,Result Declared,4.46,Tight / Close Contest,UPA / I.N.D.I.A.,0.9146,INC,0.0,1
2009,Haryana,4,Hisar,GEN,Bhajan Lal,Haryana Janhit Congress (Bl),248476.0,50.71,Sampat Singh,Indian National Lok Dal,241493.0,49.29,6983.0,Result Declared,1.43,Tight / Close Contest,Others / Regional,0.9719,BJP,1.0,0
2009,Haryana,5,Karnal,GEN,Arvind Kumar Sharma,INC,304698.0,57.16,Maratha Virender Verma,BSP,228352.0,42.84,76346.0,Result Declared,14.32,Comfortable,UPA / I.N.D.I.A.,0.7494,INC,0.0,1
2009,Haryana,6,Sonipat,GEN,Jitender Singh Malik,INC,338795.0,65.62,Kishan Singh Sangwan,BJP,177511.0,34.38,161284.0,Result Declared,31.24,Landslide,UPA / I.N.D.I.A.,0.5239,INC,0.0,1
2009,Haryana,7,Rohtak,GEN,Deepender Singh Hooda,INC,585016.0,80.77,Nafe Singh Rathee,Indian National Lok Dal,139280.0,19.23,445736.0,Result Declared,61.54,Landslide,UPA / I.N.D.I.A.,0.2381,INC,0.0,1
2009,Haryana,8,Bhiwani-Mahendragarh,GEN,Shruti Choudhry,INC,302817.0,55.05,Ajay Singh Chautala,Indian National Lok Dal,247240.0,44.95,55577.0,Result Declared,10.1,Comfortable,UPA / I.N.D.I.A.,0.8165,INC,0.0,1
2009,Haryana,9,Gurgaon,GEN,Rao Inderjit Singh,INC,278516.0,58.99,Zakir Hussain,BSP,193652.0,41.01,84864.0,Result Declared,17.97,Landslide,UPA / I.N.D.I.A.,0.6953,INC,0.0,1
2009,Haryana,10,Faridabad,GEN,Avtar Singh Bhadana,INC,257864.0,57.62,Ram Chander Bainda,BJP,189663.0,42.38,68201.0,Result Declared,15.24,Landslide,UPA / I.N.D.I.A.,0.7355,INC,0.0,1
2009,Himachal Pradesh,1,Kangra,GEN,Rajan Sushant,BJP,322254.0,51.67,Chander Kumar,INC,301475.0,48.33,20779.0,Result Declared,3.33,Tight / Close Contest,NDA,0.9355,INC,1.0,0
2009,Himachal Pradesh,2,Mandi,GEN,Virbhadra Singh,INC,340973.0,51.05,Maheshwar Singh,BJP,326976.0,48.95,13997.0,Result Declared,2.1,Tight / Close Contest,UPA / I.N.D.I.A.,0.9589,INC,0.0,1
2009,Himachal Pradesh,3,Hamirpur,GEN,Anurag Thakur,BJP,373598.0,55.39,Narinder Thakur,INC,300866.0,44.61,72732.0,Result Declared,10.78,Comfortable,NDA,0.8053,INC,1.0,0
2009,Himachal Pradesh,4,Shimla,SC,Virender Kashyap,BJP,310946.0,52.3,Dhani Ram Shandil,INC,283619.0,47.7,27327.0,Result Declared,4.6,Tight / Close Contest,NDA,0.9121,BJP,0.0,1
2009,Jammu and Kashmir,1,Baramulla,GEN,Sharifuddin Shariq,JKNC,203022.0,59.5,Mohammad Dilawar Mir,JKPDP,138208.0,40.5,64814.0,Result Declared,18.99,Landslide,UPA / I.N.D.I.A.,0.6808,JKNC,0.0,1
2009,Jammu and Kashmir,2,Srinagar,GEN,Farooq Abdullah,JKNC,147035.0,55.73,Iftikhar Hussain Ansari,JKPDP,116793.0,44.27,30242.0,Result Declared,11.46,Comfortable,UPA / I.N.D.I.A.,0.7943,JKNC,0.0,1
2009,Jammu and Kashmir,3,Anantnag,GEN,Mirza Mehboob Beg,JKNC,148317.0,50.9,Peer Mohd Hussain,JKPDP,143093.0,49.1,5224.0,Result Declared,1.79,Tight / Close Contest,UPA / I.N.D.I.A.,0.9648,JKPDP,1.0,0
2009,Jammu and Kashmir,4,Ladakh,GEN,Hassan Khan,IND,32701.0,52.98,Phuntsog Namgyal,INC,29017.0,47.02,3684.0,Result Declared,5.97,Comfortable,Others / Regional,0.8873,IND,0.0,1
2009,Jammu and Kashmir,5,Udhampur,GEN,Chaudhary Lal Singh,INC,231853.0,51.49,Nirmal Singh,BJP,218459.0,48.51,13394.0,Result Declared,2.97,Tight / Close Contest,UPA / I.N.D.I.A.,0.9422,INC,0.0,1
2009,Jammu and Kashmir,6,Jammu,GEN,Madan Lal Sharma,INC,382305.0,59.43,Lila Karan Sharma,BJP,260932.0,40.57,121373.0,Result Declared,18.87,Landslide,UPA / I.N.D.I.A.,0.6825,INC,0.0,1
2009,Jharkhand,1,Rajmahal,ST,Devidhan Besra,BJP,168357.0,51.37,Hemlal Murmu,JMM,159374.0,48.63,8983.0,Result Declared,2.74,Tight / Close Contest,NDA,0.9466,JMM,1.0,0
2009,Jharkhand,2,Dumka,ST,Shibu Soren,JMM,208518.0,52.36,Sunil Soren,BJP,189706.0,47.64,18812.0,Result Declared,4.72,Tight / Close Contest,UPA / I.N.D.I.A.,0.9098,JMM,0.0,1
2009,Jharkhand,3,Godda,GEN,Nishikant Dubey,BJP,189526.0,50.86,Furkan Ansari,INC,183119.0,49.14,6407.0,Result Declared,1.72,Tight / Close Contest,NDA,0.9662,INC,1.0,0
2009,Jharkhand,4,Chatra,GEN,Inder Singh Namdhari,IND,108336.0,54.03,Dhiraj Prasad Sahu,INC,92158.0,45.97,16178.0,Result Declared,8.07,Comfortable,Others / Regional,0.8507,RJD,1.0,0
2009,Jharkhand,5,Kodarma,GEN,Babulal Marandi,Jharkhand Vikas Morcha (Prajatantrik),199462.0,56.92,Raj Kumar Yadav,CPI(ML)L,150942.0,43.08,48520.0,Result Declared,13.85,Comfortable,Others / Regional,0.7567,BJP,1.0,0
2009,Jharkhand,6,Giridih,GEN,Ravindra Kumar Pandey,BJP,233435.0,62.73,Tek Lal Mahto,JMM,138697.0,37.27,94738.0,Result Declared,25.46,Landslide,NDA,0.5942,JMM,1.0,0
2009,Jharkhand,7,Dhanbad,GEN,Pashupati Nath Singh,BJP,260521.0,56.27,Chandra Shekhar Dubey,INC,202474.0,43.73,58047.0,Result Declared,12.54,Comfortable,NDA,0.7772,INC,1.0,0
2009,Jharkhand,8,Ranchi,GEN,Subodh Kant Sahay,INC,310499.0,51.1,Ram Tahal Choudhary,BJP,297149.0,48.9,13350.0,Result Declared,2.2,Tight / Close Contest,UPA / I.N.D.I.A.,0.957,INC,0.0,1
2009,Jharkhand,9,Jamshedpur,GEN,Arjun Munda,BJP,319620.0,61.52,Suman Mahato,JMM,199957.0,38.48,119663.0,Result Declared,23.03,Landslide,NDA,0.6256,JMM,1.0,0
2009,Jharkhand,10,Singhbhum,ST,Madhu Koda,IND,256827.0,60.58,Barkuwar Gagrai,BJP,167154.0,39.42,89673.0,Result Declared,21.15,Landslide,Others / Regional,0.6508,INC,1.0,0
2009,Jharkhand,11,Khunti,ST,Kariya Munda,BJP,210214.0,61.78,Neil Tirkey,INC,130039.0,38.22,80175.0,Result Declared,23.56,Landslide,NDA,0.6186,INC,1.0,0
2009,Jharkhand,12,Lohardaga,ST,Sudarshan Bhagat,BJP,144628.0,51.47,Chamra Linda,IND,136345.0,48.53,8283.0,Result Declared,2.95,Tight / Close Contest,NDA,0.9427,INC,1.0,0
2009,Jharkhand,13,Palamau,SC,Kameshwar Baitha,JMM,167995.0,53.77,Ghuran Ram,RJD,144457.0,46.23,23538.0,Result Declared,7.53,Comfortable,UPA / I.N.D.I.A.,0.8599,RJD,1.0,0
2009,Jharkhand,14,Hazaribagh,GEN,Yashwant Sinha,BJP,219810.0,55.03,Saurabh Narain Singh,INC,179646.0,44.97,40164.0,Result Declared,10.05,Comfortable,NDA,0.8173,CPI,1.0,0
2009,Karnataka,1,Chikkodi,GEN,Ramesh Katti,BJP,438081.0,53.37,Prakash Hukkeri,INC,382794.0,46.63,55287.0,Result Declared,6.74,Comfortable,NDA,0.8738,BJP,0.0,1
2009,Karnataka,2,Belgaum,GEN,Suresh Angadi,BJP,384324.0,59.13,Amarsinh Vasantrao Patil,INC,265637.0,40.87,118687.0,Result Declared,18.26,Landslide,NDA,0.6912,INC,1.0,0
2009,Karnataka,3,Bagalkot,GEN,P. C. Gaddigoudar,BJP,413272.0,52.24,J. T. Patil,INC,377826.0,47.76,35446.0,Result Declared,4.48,Tight / Close Contest,NDA,0.9142,INC,1.0,0
2009,Karnataka,4,Bijapur,SC,Ramesh Jigajinagi,BJP,308939.0,53.68,Prakash Rathod,INC,266535.0,46.32,42404.0,Result Declared,7.37,Comfortable,NDA,0.8627,INC,1.0,0
2009,Karnataka,5,Gulbarga,SC,Mallikarjun Kharge,INC,345241.0,50.99,Revu Naik Belamgi,BJP,331837.0,49.01,13404.0,Result Declared,1.98,Tight / Close Contest,UPA / I.N.D.I.A.,0.9612,BJP,1.0,0
2009,Karnataka,6,Raichur,ST,Sanna Pakirappa,BJP,316450.0,52.54,Raja Venkatappa Naik,INC,285814.0,47.46,30636.0,Result Declared,5.09,Comfortable,NDA,0.9032,BJP,0.0,1
2009,Karnataka,7,Bidar,GEN,Dharam Singh,INC,337957.0,53.11,Gurupadappa Nagamarapalli,BJP,298338.0,46.89,39619.0,Result Declared,6.23,Comfortable,UPA / I.N.D.I.A.,0.8828,INC,0.0,1
2009,Karnataka,8,Koppal,GEN,Shivaramagouda Shivanagouda,BJP,291693.0,58.15,Basavaraj Rayareddy,INC,209904.0,41.85,81789.0,Result Declared,16.31,Landslide,NDA,0.7196,BJP,0.0,1
2009,Karnataka,9,Bellary,ST,J. Shantha,BJP,402213.0,50.14,N. Y. Hanumanthappa,INC,399970.0,49.86,2243.0,Result Declared,0.28,Tight / Close Contest,NDA,0.9944,INC,1.0,0
2009,Karnataka,10,Haveri,GEN,Shivkumar Chanabasappa Udasi,BJP,430293.0,55.69,Saleem Ahmed,INC,342373.0,44.31,87920.0,Result Declared,11.38,Comfortable,NDA,0.7957,INC,1.0,0
2009,Karnataka,11,Dharwad,GEN,Pralhad Joshi,BJP,446786.0,59.11,Manjunath Kunnur,INC,309123.0,40.89,137663.0,Result Declared,18.21,Landslide,NDA,0.6919,INC,1.0,0
2009,Karnataka,12,Uttara Kannada,GEN,Anant Kumar Hegde,BJP,339300.0,51.74,Margaret Alva,INC,316531.0,48.26,22769.0,Result Declared,3.47,Tight / Close Contest,NDA,0.9329,BJP,0.0,1
2009,Karnataka,13,Davanagere,GEN,G. M. Siddeshwara,BJP,423447.0,50.12,SS Mallikarjuna,INC,421423.0,49.88,2024.0,Result Declared,0.24,Tight / Close Contest,NDA,0.9952,BJP,0.0,1
2009,Karnataka,14,Shimoga,GEN,B. Y. Raghavendra,BJP,482783.0,52.9,Sarekoppa Bangarappa,INC,429890.0,47.1,52893.0,Result Declared,5.8,Comfortable,NDA,0.8904,INC,1.0,0
2009,Karnataka,15,Udupi Chikmagalur,GEN,D. V. Sadananda Gowda,BJP,401441.0,51.74,K. Jayaprakash Hegde,INC,374423.0,48.26,27018.0,Result Declared,3.48,Tight / Close Contest,NDA,0.9327,JD(S),1.0,0
2009,Karnataka,16,Hassan,GEN,H. D. Deve Gowda,JD(S),496429.0,70.74,K H Hanume Gowda,BJP,205316.0,29.26,291113.0,Result Declared,41.48,Landslide,Others / Regional,0.4136,BJP,1.0,0
2009,Karnataka,17,Dakshina Kannada,GEN,Nalin Kumar Kateel,BJP,499385.0,52.11,Janardhana Poojary,INC,458965.0,47.89,40420.0,Result Declared,4.22,Tight / Close Contest,NDA,0.9191,BJP,0.0,1
2009,Karnataka,18,Chitradurga,SC,Janardhana Swamy,BJP,370920.0,61.18,B Thippeswamy,INC,235349.0,38.82,135571.0,Result Declared,22.36,Landslide,NDA,0.6345,BJP,0.0,1
2009,Karnataka,19,Tumkur,GEN,G. S. Basavaraj,BJP,331064.0,51.67,S. P. Muddahanumegowda,JD(S),309619.0,48.33,21445.0,Result Declared,3.35,Tight / Close Contest,NDA,0.9352,JD(S),1.0,0
2009,Karnataka,20,Mandya,GEN,N Cheluvaraya Swamy,JD(S),384443.0,51.58,Ambareesh,INC,360943.0,48.42,23500.0,Result Declared,3.15,Tight / Close Contest,Others / Regional,0.9389,BJP,1.0,0
2009,Karnataka,21,Mysore,GEN,Adagur H. Vishwanath,INC,354810.0,50.55,C. H. Vijayashankar,BJP,347119.0,49.45,7691.0,Result Declared,1.1,Tight / Close Contest,UPA / I.N.D.I.A.,0.9783,BJP,1.0,0
2009,Karnataka,22,Chamarajanagar,SC,R. Dhruvanarayana,INC,369970.0,50.27,A R Krishnamurthy,BJP,365968.0,49.73,4002.0,Result Declared,0.54,Tight / Close Contest,UPA / I.N.D.I.A.,0.9892,BJP,1.0,0
2009,Karnataka,23,Bangalore Rural,GEN,H. D. Kumaraswamy,JD(S),493302.0,57.61,C. P. Yogeeshwara,BJP,363027.0,42.39,130275.0,Result Declared,15.21,Landslide,Others / Regional,0.7359,BJP,1.0,0
2009,Karnataka,24,Bangalore North,GEN,D. B. Chandre Gowda,BJP,452920.0,53.53,C. K. Jaffer Sharief,INC,393255.0,46.47,59665.0,Result Declared,7.05,Comfortable,NDA,0.8683,BJP,0.0,1
2009,Karnataka,25,Bangalore Central,GEN,P. C. Mohan,BJP,340162.0,52.73,H. T. Sangliana,INC,304944.0,47.27,35218.0,Result Declared,5.46,Comfortable,NDA,0.8965,BJP,0.0,1
2009,Karnataka,26,Bangalore South,GEN,Ananth Kumar,BJP,437953.0,52.24,Krishna Byre Gowda,INC,400341.0,47.76,37612.0,Result Declared,4.49,Tight / Close Contest,NDA,0.9141,BJP,0.0,1
2009,Karnataka,27,Chikballapur,GEN,Veerappa Moily,INC,390500.0,53.52,C Aswathanarayana,BJP,339119.0,46.48,51381.0,Result Declared,7.04,Comfortable,UPA / I.N.D.I.A.,0.8684,BJP,1.0,0
2009,Karnataka,28,Kolar,GEN,K. H. Muniyappa,INC,344771.0,51.73,DS Veeraiah,BJP,321765.0,48.27,23006.0,Result Declared,3.45,Tight / Close Contest,UPA / I.N.D.I.A.,0.9333,BJP,1.0,0
2009,Kerala,1,Kasaragod,GEN,P. Karunakaran,CPI(M),385522.0,54.56,Shahida Kamal,INC,321095.0,45.44,64427.0,Result Declared,9.12,Comfortable,UPA / I.N.D.I.A.,0.8329,CPI(M),0.0,1
2009,Kerala,2,Kannur,GEN,K. Sudhakaran,INC,432878.0,52.62,K. K. Ragesh,CPI(M),389727.0,47.38,43151.0,Result Declared,5.25,Comfortable,UPA / I.N.D.I.A.,0.9003,CPI(M),1.0,0
2009,Kerala,3,Vatakara,GEN,Mullappally Ramachandran,INC,421255.0,53.57,P Satheedevi,CPI(M),365069.0,46.43,56186.0,Result Declared,7.15,Comfortable,UPA / I.N.D.I.A.,0.8666,CPI(M),1.0,0
2009,Kerala,4,Wayanad,GEN,M. I. Shanavas,INC,410703.0,61.49,M Rahmathulla,CPI,257264.0,38.51,153439.0,Result Declared,22.97,Landslide,UPA / I.N.D.I.A.,0.6264,JD(S),1.0,0
2009,Kerala,5,Kozhikode,GEN,M. K. Raghavan,INC,342309.0,50.06,P. A. Mohammed Riyas,CPI(M),341471.0,49.94,838.0,Result Declared,0.12,Tight / Close Contest,UPA / I.N.D.I.A.,0.9976,CPI(M),1.0,0
2009,Kerala,6,Malappuram,GEN,E. Ahamed,IUML,427940.0,57.81,T. K. Hamza,CPI(M),312343.0,42.19,115597.0,Result Declared,15.62,Landslide,UPA / I.N.D.I.A.,0.7299,IUML,0.0,1
2009,Kerala,7,Ponnani,GEN,E. T. Mohammed Basheer,IUML,385801.0,56.0,Hussain Randathani,IND,303117.0,44.0,82684.0,Result Declared,12.0,Comfortable,UPA / I.N.D.I.A.,0.7857,CPI(M),1.0,0
2009,Kerala,8,Palakkad,GEN,M. B. Rajesh,CPI(M),338070.0,50.13,Satheeshan Pacheni,INC,336250.0,49.87,1820.0,Result Declared,0.27,Tight / Close Contest,UPA / I.N.D.I.A.,0.9946,CPI(M),0.0,1
2009,Kerala,9,Alathur,SC,P. K. Biju,CPI(M),387352.0,51.39,NK Sudheer,INC,366392.0,48.61,20960.0,Result Declared,2.78,Tight / Close Contest,UPA / I.N.D.I.A.,0.9459,CPI,1.0,0
2009,Kerala,10,Thrissur,GEN,P. C. Chacko,INC,385297.0,51.69,C. N. Jayadevan,CPI,360146.0,48.31,25151.0,Result Declared,3.37,Tight / Close Contest,UPA / I.N.D.I.A.,0.9347,CPI(M),1.0,0
2009,Kerala,11,Chalakudy,GEN,K. P. Dhanapalan,INC,399035.0,54.93,UP Joseph,CPI(M),327356.0,45.07,71679.0,Result Declared,9.87,Comfortable,UPA / I.N.D.I.A.,0.8204,IND,1.0,0
2009,Kerala,12,Ernakulam,GEN,K. V. Thomas,INC,342845.0,50.87,Sindhu Joy,CPI(M),331055.0,49.13,11790.0,Result Declared,1.75,Tight / Close Contest,UPA / I.N.D.I.A.,0.9656,Indian Federal Democratic Party,1.0,0
2009,Kerala,13,Idukki,GEN,P. T. Thomas,INC,408484.0,55.04,Francis George,Kerala Congress,333688.0,44.96,74796.0,Result Declared,10.08,Comfortable,UPA / I.N.D.I.A.,0.8169,CPI(M),1.0,0
2009,Kerala,14,Kottayam,GEN,Jose K. Mani,Kerala Congress (M),404962.0,54.85,K. Suresh Kurup,CPI(M),333392.0,45.15,71570.0,Result Declared,9.69,Comfortable,Others / Regional,0.8233,Kerala Congress,1.0,0
2009,Kerala,15,Alappuzha,GEN,K. C. Venugopal,INC,468679.0,53.28,K. S. Manoj,CPI(M),411044.0,46.72,57635.0,Result Declared,6.55,Comfortable,UPA / I.N.D.I.A.,0.877,CPI(M),1.0,0
2009,Kerala,16,Mavelikkara,SC,Kodikunnil Suresh,INC,397211.0,53.22,RS Anil,CPI,349163.0,46.78,48048.0,Result Declared,6.44,Comfortable,UPA / I.N.D.I.A.,0.879,CPI(M),1.0,0
2009,Kerala,17,Pathanamthitta,GEN,Anto Antony,INC,408232.0,57.88,K Anantha Gopan,CPI(M),297026.0,42.12,111206.0,Result Declared,15.77,Landslide,UPA / I.N.D.I.A.,0.7276,CPI,1.0,0
2009,Kerala,18,Kollam,GEN,N. Peethambara Kurup,INC,357401.0,51.26,P. Rajendran,CPI(M),339870.0,48.74,17531.0,Result Declared,2.51,Tight / Close Contest,UPA / I.N.D.I.A.,0.9509,CPI(M),1.0,0
2009,Kerala,19,Attingal,GEN,A Sampath,CPI(M),328036.0,51.44,G Balachandran,INC,309695.0,48.56,18341.0,Result Declared,2.88,Tight / Close Contest,UPA / I.N.D.I.A.,0.9441,CPI(M),0.0,1
2009,Kerala,20,Thiruvananthapuram,GEN,Shashi Tharoor,INC,326725.0,59.03,P Ramachandran Nair,CPI(M),226727.0,40.97,99998.0,Result Declared,18.07,Landslide,UPA / I.N.D.I.A.,0.6939,CPI,1.0,0
2009,Lakshadweep,1,Lakshadweep,ST,Muhammed Hamdulla Sayeed,INC,20492.0,52.83,P. Pookunhi Koya,NCP,18294.0,47.17,2198.0,Result Declared,5.67,Comfortable,UPA / I.N.D.I.A.,0.8927,JD(U),1.0,0
2009,Madhya Pradesh,1,Morena,GEN,Narendra Singh Tomar,BJP,300647.0,60.09,Ramnivas Rawat,INC,199650.0,39.91,100997.0,Result Declared,20.19,Landslide,NDA,0.6641,BJP,0.0,1
2009,Madhya Pradesh,2,Bhind,SC,Ashok Argal,BJP,227365.0,52.17,Bhagirath Prasad,INC,208479.0,47.83,18886.0,Result Declared,4.33,Tight / Close Contest,NDA,0.9169,BJP,0.0,1
2009,Madhya Pradesh,3,Gwalior,GEN,Yashodhara Raje Scindia,BJP,252314.0,52.78,Ashok Singh,INC,225723.0,47.22,26591.0,Result Declared,5.56,Comfortable,NDA,0.8946,INC,1.0,0
2009,Madhya Pradesh,4,Guna,GEN,Jyotiraditya Scindia,INC,413297.0,71.65,Narottam Mishra,BJP,163560.0,28.35,249737.0,Result Declared,43.29,Landslide,UPA / I.N.D.I.A.,0.3957,INC,0.0,1
2009,Madhya Pradesh,5,Sagar,GEN,Bhupendra Singh,BJP,323954.0,62.69,Aslam Sher Khan,INC,192786.0,37.31,131168.0,Result Declared,25.38,Landslide,NDA,0.5951,BJP,0.0,1
2009,Madhya Pradesh,6,Tikamgarh,SC,Virendra Kumar,BJP,200109.0,55.84,Ahirwar Vrindavan,INC,158247.0,44.16,41862.0,Result Declared,11.68,Comfortable,NDA,0.7908,BJP,0.0,1
2009,Madhya Pradesh,7,Damoh,GEN,Shivraj Singh Lodhi,BJP,302673.0,56.63,Chandrabhan Bhaiya,INC,231796.0,43.37,70877.0,Result Declared,13.26,Comfortable,NDA,0.7658,BJP,0.0,1
2009,Madhya Pradesh,8,Khajuraho,GEN,Jeetendra Singh Bundela,BJP,229369.0,53.29,Raja Pateria,INC,201037.0,46.71,28332.0,Result Declared,6.58,Comfortable,NDA,0.8765,BJP,0.0,1
2009,Madhya Pradesh,9,Satna,GEN,Ganesh Singh,BJP,194624.0,50.57,Sukhlal Kushwaha,BSP,190206.0,49.43,4418.0,Result Declared,1.15,Tight / Close Contest,NDA,0.9773,BJP,0.0,1
2009,Madhya Pradesh,10,Rewa,GEN,Deoraj Singh Patel,BSP,172002.0,50.59,Sundar Lal Tiwari,INC,167981.0,49.41,4021.0,Result Declared,1.18,Tight / Close Contest,Others / Regional,0.9766,BJP,1.0,0
2009,Madhya Pradesh,11,Sidhi,GEN,Govind Prasad Mishra,BJP,270914.0,54.61,Indrajeet Kumar,INC,225174.0,45.39,45740.0,Result Declared,9.22,Comfortable,NDA,0.8312,BJP,0.0,1
2009,Madhya Pradesh,12,Shahdol,ST,Rajesh Nandini Singh,INC,263434.0,51.31,Narendra Singh Maravi,BJP,250019.0,48.69,13415.0,Result Declared,2.61,Tight / Close Contest,UPA / I.N.D.I.A.,0.9491,BJP,1.0,0
2009,Madhya Pradesh,13,Jabalpur,GEN,Rakesh Singh,BJP,343922.0,59.11,Rameshwar Neekhra,INC,237919.0,40.89,106003.0,Result Declared,18.22,Landslide,NDA,0.6918,BJP,0.0,1
2009,Madhya Pradesh,14,Mandla,ST,Basori Singh Masram,INC,391133.0,54.54,Faggan Singh Kulaste,BJP,326080.0,45.46,65053.0,Result Declared,9.07,Comfortable,UPA / I.N.D.I.A.,0.8337,BJP,1.0,0
2009,Madhya Pradesh,15,Balaghat,GEN,K. D. Deshmukh,BJP,299959.0,53.65,Vishveshwar Bhagat,INC,259140.0,46.35,40819.0,Result Declared,7.3,Comfortable,NDA,0.8639,BJP,0.0,1
2009,Madhya Pradesh,16,Chhindwara,GEN,Kamal Nath,INC,409736.0,58.68,Marot Rao Khavase,BJP,288516.0,41.32,121220.0,Result Declared,17.36,Landslide,UPA / I.N.D.I.A.,0.7042,INC,0.0,1
2009,Madhya Pradesh,17,Narmadapuram,GEN,Uday Pratap Singh,INC,339496.0,51.46,Rampal Singh,BJP,320251.0,48.54,19245.0,Result Declared,2.92,Tight / Close Contest,UPA / I.N.D.I.A.,0.9433,BJP,1.0,0
2009,Madhya Pradesh,18,Vidisha,GEN,Sushma Swaraj,BJP,438235.0,90.06,Munvvar Saleem,SP,48391.0,9.94,389844.0,Result Declared,80.11,Landslide,NDA,0.1104,BJP,0.0,1
2009,Madhya Pradesh,19,Bhopal,GEN,Kailash Joshi,BJP,335678.0,55.37,Surendra Singh Thakur,INC,270521.0,44.63,65157.0,Result Declared,10.75,Comfortable,NDA,0.8059,BJP,0.0,1
2009,Madhya Pradesh,20,Rajgarh,GEN,Narayan Singh Amlabe,INC,319371.0,51.98,Lakshman Singh,BJP,294983.0,48.02,24388.0,Result Declared,3.97,Tight / Close Contest,UPA / I.N.D.I.A.,0.9236,BJP,1.0,0
2009,Madhya Pradesh,21,Dewas,SC,Sajjan Singh Verma,INC,376421.0,51.05,Thawar Chand Gehlot,BJP,360964.0,48.95,15457.0,Result Declared,2.1,Tight / Close Contest,UPA / I.N.D.I.A.,0.9589,BJP,1.0,0
2009,Madhya Pradesh,22,Ujjain,SC,Premchand Guddu,INC,326905.0,51.24,Satyanarayan Jatiya,BJP,311064.0,48.76,15841.0,Result Declared,2.48,Tight / Close Contest,UPA / I.N.D.I.A.,0.9515,BJP,1.0,0
2009,Madhya Pradesh,23,Mandsaur,GEN,Meenakshi Natarajan,INC,373532.0,52.15,Laxminarayan Pandey,BJP,342713.0,47.85,30819.0,Result Declared,4.3,Tight / Close Contest,UPA / I.N.D.I.A.,0.9175,BJP,1.0,0
2009,Madhya Pradesh,24,Ratlam,ST,Kantilal Bhuria,INC,308923.0,55.15,Dileep Singh Bhuria,BJP,251255.0,44.85,57668.0,Result Declared,10.29,Comfortable,UPA / I.N.D.I.A.,0.8133,BJP,1.0,0
2009,Madhya Pradesh,25,Dhar,ST,Gajendra Singh Rajukhedi,INC,302660.0,50.22,Mukam Singh Kirade,BJP,299999.0,49.78,2661.0,Result Declared,0.44,Tight / Close Contest,UPA / I.N.D.I.A.,0.9912,BJP,1.0,0
2009,Madhya Pradesh,26,Indore,GEN,Sumitra Mahajan,BJP,388662.0,50.75,Satyanarayan Patel,INC,377182.0,49.25,11480.0,Result Declared,1.5,Tight / Close Contest,NDA,0.9705,BJP,0.0,1
2009,Madhya Pradesh,27,Khargone,ST,Makhansingh Solanki,BJP,351296.0,52.56,Bala Bachchan,INC,317121.0,47.44,34175.0,Result Declared,5.11,Comfortable,NDA,0.9027,BJP,0.0,1
2009,Madhya Pradesh,28,Khandwa,GEN,Arun Subhash Chandra Yadav,INC,394241.0,53.32,Nandkumar Singh Chauhan,BJP,345160.0,46.68,49081.0,Result Declared,6.64,Comfortable,UPA / I.N.D.I.A.,0.8755,INC,0.0,1
2009,Madhya Pradesh,29,Betul,ST,Jyoti Dhurve,BJP,334939.0,58.5,Ojharam Evane,INC,237622.0,41.5,97317.0,Result Declared,17.0,Landslide,NDA,0.7094,BJP,0.0,1
2009,Maharashtra,1,Nandurbar,ST,Manikrao Hodlya Gavit,INC,275936.0,54.0,Sharad Gavit,SP,235093.0,46.0,40843.0,Result Declared,7.99,Comfortable,UPA / I.N.D.I.A.,0.852,SS,1.0,0
2009,Maharashtra,2,Dhule,GEN,Pratap Narayanrao Sonawane,BJP,263260.0,51.91,Amarishbhai Rasiklal Patel,INC,243841.0,48.09,19419.0,Result Declared,3.83,Tight / Close Contest,NDA,0.9262,SS,1.0,0
2009,Maharashtra,3,Jalgaon,GEN,AT Nana Patil,BJP,343647.0,58.12,Vasantrao More,NCP,247627.0,41.88,96020.0,Result Declared,16.24,Landslide,NDA,0.7206,INC,1.0,0
2009,Maharashtra,4,Raver,GEN,Haribhau Jawale,BJP,328843.0,52.24,Ravindra Patil,NCP,300625.0,47.76,28218.0,Result Declared,4.48,Tight / Close Contest,NDA,0.9142,INC,1.0,0
2009,Maharashtra,5,Buldhana,GEN,Prataprao Ganpatrao Jadhav,SS,353671.0,52.07,Rajendra Shingne,NCP,325593.0,47.93,28078.0,Result Declared,4.13,Tight / Close Contest,NDA,0.9206,SS,0.0,1
2009,Maharashtra,6,Akola,GEN,Sanjay Shamrao Dhotre,BJP,287526.0,56.36,Prakash Yashwant Ambedkar,Bharipa Bahujan Mahasangh,222678.0,43.64,64848.0,Result Declared,12.71,Comfortable,NDA,0.7745,INC,1.0,0
2009,Maharashtra,7,Amravati,SC,Anandrao Vithoba Adsul,SS,314286.0,55.44,Rajendra Gavai,Republican Party Of India (G),252570.0,44.56,61716.0,Result Declared,10.89,Comfortable,NDA,0.8036,INC,1.0,0
2009,Maharashtra,8,Wardha,GEN,Datta Meghe,INC,352853.0,57.86,Suresh Wagmare,BJP,256935.0,42.14,95918.0,Result Declared,15.73,Landslide,UPA / I.N.D.I.A.,0.7282,INC,0.0,1
2009,Maharashtra,9,Ramtek,SC,Mukul Wasnik,INC,311614.0,51.38,Krupal Tumane,SS,294913.0,48.62,16701.0,Result Declared,2.75,Tight / Close Contest,UPA / I.N.D.I.A.,0.9464,INC,0.0,1
2009,Maharashtra,10,Nagpur,GEN,Vilas Muttemwar,INC,315148.0,52.01,Banwarilal Purohit,BJP,290749.0,47.99,24399.0,Result Declared,4.03,Tight / Close Contest,UPA / I.N.D.I.A.,0.9226,SS,1.0,0
2009,Maharashtra,11,Bhandara-Gondiya,GEN,Praful Patel,NCP,489814.0,67.31,Nana Patole,IND,237899.0,32.69,251915.0,Result Declared,34.62,Landslide,NDA,0.4857,INC,1.0,0
2009,Maharashtra,12,Gadchiroli-Chimur,ST,Marotrao Kowase,INC,321756.0,52.32,Ashok Nete,BJP,293176.0,47.68,28580.0,Result Declared,4.65,Tight / Close Contest,UPA / I.N.D.I.A.,0.9112,NCP,1.0,0
2009,Maharashtra,13,Chandrapur,GEN,Hansraj Gangaram Ahir,BJP,301467.0,52.85,Naresh Puglia,INC,268972.0,47.15,32495.0,Result Declared,5.7,Comfortable,NDA,0.8922,BJP,0.0,1
2009,Maharashtra,14,Yavatmal-Washim,GEN,Bhavana Gawali,SS,384443.0,54.0,Harising Rathod,INC,327492.0,46.0,56951.0,Result Declared,8.0,Comfortable,NDA,0.8519,INC,1.0,0
2009,Maharashtra,15,Hingoli,GEN,Subhash Wankhede,SS,340148.0,56.07,Suryakanta Patil,NCP,266514.0,43.93,73634.0,Result Declared,12.14,Comfortable,NDA,0.7835,INC,1.0,0
2009,Maharashtra,16,Nanded,GEN,Bhaskarrao Khatgaonkar,INC,346400.0,56.03,Sambhaji Pawar,BJP,271786.0,43.97,74614.0,Result Declared,12.07,Comfortable,UPA / I.N.D.I.A.,0.7846,BJP,1.0,0
2009,Maharashtra,17,Parbhani,GEN,Ganeshrao Dudhgaonkar,SS,385387.0,54.64,Suresh Warpudkar,NCP,319969.0,45.36,65418.0,Result Declared,9.27,Comfortable,NDA,0.8303,BJP,1.0,0
2009,Maharashtra,18,Jalna,GEN,Raosaheb Danve,BJP,350710.0,50.61,Kalyan Vaijinath Kale,INC,342228.0,49.39,8482.0,Result Declared,1.22,Tight / Close Contest,NDA,0.9758,SS,1.0,0
2009,Maharashtra,19,Aurangabad,GEN,Chandrakant Khaire,SS,255896.0,53.45,Uttamsingh Pawar,INC,222882.0,46.55,33014.0,Result Declared,6.9,Comfortable,NDA,0.871,BJP,1.0,0
2009,Maharashtra,20,Dindori,ST,Harischandra Devram Chavan,BJP,281254.0,53.56,Zirwal Narhari Sitaram,NCP,243907.0,46.44,37347.0,Result Declared,7.11,Comfortable,NDA,0.8672,SS,1.0,0
2009,Maharashtra,21,Nashik,GEN,Sameer Bhujbal,NCP,238706.0,52.42,Hemant Godse,Maharashtra Navnirman Sena,216674.0,47.58,22032.0,Result Declared,4.84,Tight / Close Contest,NDA,0.9077,SS,1.0,0
2009,Maharashtra,22,Palghar,ST,Baliram Jadhav,Bahujan Vikas Aaghadi,223234.0,51.42,Chintaman Vanaga,BJP,210874.0,48.58,12360.0,Result Declared,2.85,Tight / Close Contest,Others / Regional,0.9446,SS,1.0,0
2009,Maharashtra,23,Bhiwandi,GEN,Suresh Kashinath Taware,INC,182789.0,56.38,Jagannath Patil,BJP,141425.0,43.62,41364.0,Result Declared,12.76,Comfortable,UPA / I.N.D.I.A.,0.7737,INC,0.0,1
2009,Maharashtra,24,Kalyan,GEN,Anand Paranjpe,SS,212476.0,53.02,Vasant Davkhare,NCP,188274.0,46.98,24202.0,Result Declared,6.04,Comfortable,NDA,0.8861,BJP,1.0,0
2009,Maharashtra,25,Thane,GEN,Sanjeev Naik,NCP,301000.0,54.43,Vijay Chougule,SS,251980.0,45.57,49020.0,Result Declared,8.86,Comfortable,NDA,0.8371,BJP,1.0,0
2009,Maharashtra,26,Mumbai North,GEN,Sanjay Nirupam,INC,255157.0,50.57,Ram Naik,BJP,249378.0,49.43,5779.0,Result Declared,1.15,Tight / Close Contest,UPA / I.N.D.I.A.,0.9774,BJP,1.0,0
2009,Maharashtra,27,Mumbai North West,GEN,Gurudas Kamat,INC,253920.0,54.09,Gajanan Kirtikar,SS,215533.0,45.91,38387.0,Result Declared,8.18,Comfortable,UPA / I.N.D.I.A.,0.8488,BJP,1.0,0
2009,Maharashtra,28,Mumbai North East,GEN,Sanjay Dina Patil,NCP,213505.0,50.35,Kirit Somaiya,BJP,210572.0,49.65,2933.0,Result Declared,0.69,Tight / Close Contest,NDA,0.9863,BJP,1.0,0
2009,Maharashtra,29,Mumbai North Central,GEN,Priya Dutt,INC,319352.0,68.8,Mahesh Ram Jethmalani,BJP,144797.0,31.2,174555.0,Result Declared,37.61,Landslide,UPA / I.N.D.I.A.,0.4534,NCP,1.0,0
2009,Maharashtra,30,Mumbai South Central,GEN,Eknath Gaikwad,INC,257523.0,58.62,Suresh Anant Gambhir,SS,181817.0,41.38,75706.0,Result Declared,17.23,Landslide,UPA / I.N.D.I.A.,0.706,BJP,1.0,0
2009,Maharashtra,31,Mumbai South,GEN,Milind Deora,INC,272411.0,63.04,Bala Nandgaonkar,Maharashtra Navnirman Sena,159729.0,36.96,112682.0,Result Declared,26.08,Landslide,UPA / I.N.D.I.A.,0.5864,SS,1.0,0
2009,Maharashtra,32,Raigad,GEN,Anant Geete,SS,413546.0,60.76,A. R. Antulay,INC,267025.0,39.24,146521.0,Result Declared,21.53,Landslide,NDA,0.6457,BJP,1.0,0
2009,Maharashtra,33,Maval,GEN,Gajanan Babar,SS,364857.0,56.21,Azam Pansare,NCP,284238.0,43.79,80619.0,Result Declared,12.42,Comfortable,NDA,0.779,SS,0.0,1
2009,Maharashtra,34,Pune,GEN,Suresh Kalmadi,INC,279973.0,52.41,Anil Shirole,BJP,254272.0,47.59,25701.0,Result Declared,4.81,Tight / Close Contest,UPA / I.N.D.I.A.,0.9082,NCP,1.0,0
2009,Maharashtra,35,Baramati,GEN,Supriya Sule,NCP,487827.0,76.36,Kanta Nalawade,BJP,150996.0,23.64,336831.0,Result Declared,52.73,Landslide,NDA,0.3095,BJP,1.0,0
2009,Maharashtra,36,Shirur,GEN,Shivajirao Adhalarao Patil,SS,482563.0,61.35,Vilas Vithoba Lande,NCP,303952.0,38.65,178611.0,Result Declared,22.71,Landslide,NDA,0.6299,SS,0.0,1
2009,Maharashtra,37,Ahmednagar,GEN,Dilip Kumar Gandhi,BJP,312047.0,54.05,Kardile Shivaji Bhanudas,NCP,265316.0,45.95,46731.0,Result Declared,8.09,Comfortable,NDA,0.8502,BJP,0.0,1
2009,Maharashtra,38,Shirdi,SC,Bhausaheb Wakchaure,SS,359921.0,61.31,Ramdas Athawale,Republican Party Of India (A),227170.0,38.69,132751.0,Result Declared,22.61,Landslide,NDA,0.6312,Republican Party Of India (A),1.0,0
2009,Maharashtra,39,Beed,GEN,Gopinath Munde,BJP,553994.0,57.29,Rameshrao Baburao Kokate,NCP,413042.0,42.71,140952.0,Result Declared,14.58,Comfortable,NDA,0.7456,NCP,1.0,0
2009,Maharashtra,40,Osmanabad,GEN,Padamsinha Patil,NCP,408840.0,50.42,Ravindra Gaikwad,SS,402053.0,49.58,6787.0,Result Declared,0.84,Tight / Close Contest,NDA,0.9834,INC,1.0,0
2009,Maharashtra,41,Latur,SC,Jaywantrao Awale,INC,372890.0,50.54,Sunil Gaikwad,BJP,364915.0,49.46,7975.0,Result Declared,1.08,Tight / Close Contest,UPA / I.N.D.I.A.,0.9786,SS,1.0,0
2009,Maharashtra,42,Solapur,SC,Sushilkumar Shinde,INC,387591.0,57.37,Sharad Bansode,BJP,287959.0,42.63,99632.0,Result Declared,14.75,Comfortable,UPA / I.N.D.I.A.,0.7429,INC,0.0,1
2009,Maharashtra,43,Madha,GEN,Sharad Pawar,NCP,530596.0,71.06,Subhash Sureshchandra Deshmukh,BJP,216137.0,28.94,314459.0,Result Declared,42.11,Landslide,NDA,0.4073,NCP,0.0,1
2009,Maharashtra,44,Sangli,GEN,Pratik Patil,INC,378620.0,52.77,Ajitrao Shankarrao Ghorpade,IND,338837.0,47.23,39783.0,Result Declared,5.55,Comfortable,UPA / I.N.D.I.A.,0.8949,NCP,1.0,0
2009,Maharashtra,45,Satara,GEN,Udayanraje Bhosale,NCP,532583.0,69.38,Purushottam Bajirao Jadhav,SS,235068.0,30.62,297515.0,Result Declared,38.76,Landslide,NDA,0.4414,NCP,0.0,1
2009,Maharashtra,46,Ratnagiri-Sindhudurg,GEN,Nilesh Narayan Rane,INC,353915.0,53.54,Suresh Prabhu,SS,307165.0,46.46,46750.0,Result Declared,7.07,Comfortable,UPA / I.N.D.I.A.,0.8679,INC,0.0,1
2009,Maharashtra,47,Kolhapur,GEN,Sadashivrao Mandlik,IND,428082.0,52.76,Sambhaji Raje,NCP,383282.0,47.24,44800.0,Result Declared,5.52,Comfortable,Others / Regional,0.8953,NCP,1.0,0
2009,Maharashtra,48,Hatkanangle,GEN,Raju Shetti,Swabhimani Paksha,481025.0,55.48,Nivedita Mane,NCP,385965.0,44.52,95060.0,Result Declared,10.96,Comfortable,Others / Regional,0.8024,NCP,1.0,0
2009,Manipur,1,Inner Manipur,GEN,Thokchom Meinya,INC,230876.0,53.59,Moirangthem Nara,CPI,199916.0,46.41,30960.0,Result Declared,7.19,Comfortable,UPA / I.N.D.I.A.,0.8659,INC,0.0,1
2009,Manipur,2,Outer Manipur,ST,Thangso Baite,INC,344517.0,60.52,Mani Charenamei,People'S Democratic Alliance,224719.0,39.48,119798.0,Result Declared,21.05,Landslide,UPA / I.N.D.I.A.,0.6523,IND,1.0,0
2009,Meghalaya,1,Shillong,ST,Vincent Pala,INC,232270.0,65.12,John Filmore Kharshiing,United Democratic Party,124402.0,34.88,107868.0,Result Declared,30.24,Landslide,UPA / I.N.D.I.A.,0.5356,INC,0.0,1
2009,Meghalaya,2,Tura,ST,Agatha Sangma,NCP,154476.0,53.08,Debora C Marak,INC,136531.0,46.92,17945.0,Result Declared,6.17,Comfortable,NDA,0.8838,TMC,1.0,0
2009,Mizoram,1,Mizoram,ST,C. L. Ruala,INC,213779.0,67.1,H. Lallungmuana,IND,104824.0,32.9,108955.0,Result Declared,34.2,Landslide,UPA / I.N.D.I.A.,0.4903,Mizo National Front,1.0,0
2009,Nagaland,1,Nagaland,ST,C. M. Chang,Naga People'S Front,832224.0,70.44,K. Asungba Sangtam,INC,349203.0,29.56,483021.0,Result Declared,40.88,Landslide,Others / Regional,0.4196,Naga People'S Front,0.0,1
2009,Odisha,1,Bargarh,GEN,Sanjay Bhoi,INC,397375.0,57.07,Hamid Hussain,BJD,298931.0,42.93,98444.0,Result Declared,14.14,Comfortable,UPA / I.N.D.I.A.,0.7523,JMM,1.0,0
2009,Odisha,2,Sundargarh,ST,Hemananda Biswal,INC,280054.0,51.06,Jual Oram,BJP,268430.0,48.94,11624.0,Result Declared,2.12,Tight / Close Contest,UPA / I.N.D.I.A.,0.9585,BJP,1.0,0
2009,Odisha,3,Sambalpur,GEN,Amarnath Pradhan,INC,304890.0,51.25,Rohit Pujari,BJD,290016.0,48.75,14874.0,Result Declared,2.5,Tight / Close Contest,UPA / I.N.D.I.A.,0.9512,BJD,1.0,0
2009,Odisha,4,Keonjhar,ST,Yashbant Narayan Singh Laguri,BJD,389104.0,59.7,Dhanurjaya Sidu,INC,262620.0,40.3,126484.0,Result Declared,19.41,Landslide,Others / Regional,0.6749,BJD,0.0,1
2009,Odisha,5,Mayurbhanj,ST,Laxman Tudu,BJD,256648.0,57.4,Sudam Marndi,JMM,190470.0,42.6,66178.0,Result Declared,14.8,Comfortable,Others / Regional,0.7421,BJD,0.0,1
2009,Odisha,6,Balasore,GEN,Srikant Kumar Jena,INC,313888.0,53.3,Arun Dey,NCP,274988.0,46.7,38900.0,Result Declared,6.61,Comfortable,UPA / I.N.D.I.A.,0.8761,BJD,1.0,0
2009,Odisha,7,Bhadrak,SC,Arjun Charan Sethi,BJD,416808.0,53.53,Ananta Prasad Sethi,INC,361870.0,46.47,54938.0,Result Declared,7.06,Comfortable,Others / Regional,0.8682,BJD,0.0,1
2009,Odisha,8,Jajpur,SC,Mohan Jena,BJD,433350.0,58.64,Amiya Kanta Mallik,INC,305603.0,41.36,127747.0,Result Declared,17.29,Landslide,Others / Regional,0.7052,BJD,0.0,1
2009,Odisha,9,Dhenkanal,GEN,Tathagata Satpathy,BJD,398568.0,65.28,Chandra Sekhar Tripathi,INC,211981.0,34.72,186587.0,Result Declared,30.56,Landslide,Others / Regional,0.5319,BJD,0.0,1
2009,Odisha,10,Bolangir,GEN,Kalikesh Narayan Singh Deo,BJD,430150.0,55.9,Narasingha Mishra,INC,339315.0,44.1,90835.0,Result Declared,11.8,Comfortable,Others / Regional,0.7888,BJD,0.0,1
2009,Odisha,11,Kalahandi,GEN,Bhakta Charan Das,INC,401736.0,61.86,Subash Chandra Nayak,BJD,247699.0,38.14,154037.0,Result Declared,23.72,Landslide,UPA / I.N.D.I.A.,0.6166,INC,0.0,1
2009,Odisha,12,Nabarangpur,ST,Pradeep Kumar Majhi,INC,308307.0,52.55,Domburu Majhi,BJD,278330.0,47.45,29977.0,Result Declared,5.11,Comfortable,UPA / I.N.D.I.A.,0.9028,INC,0.0,1
2009,Odisha,13,Kandhamal,GEN,Rudra Madhab Ray,BJD,315314.0,65.74,Suzit Kumar Padhi,INC,164307.0,34.26,151007.0,Result Declared,31.48,Landslide,Others / Regional,0.5211,BJP,1.0,0
2009,Odisha,14,Cuttack,GEN,Bhartruhari Mahtab,BJD,465089.0,67.03,Bibhuti Bhusan Mishra,INC,228797.0,32.97,236292.0,Result Declared,34.05,Landslide,Others / Regional,0.4919,BJP,1.0,0
2009,Odisha,15,Kendrapara,GEN,Baijayant Panda,BJD,502635.0,57.24,Ranjib Biswal,INC,375528.0,42.76,127107.0,Result Declared,14.47,Comfortable,Others / Regional,0.7471,BJD,0.0,1
2009,Odisha,16,Jagatsinghpur,SC,Bibhu Prasad Tarai,CPI,457234.0,54.58,Rabindra Kumar Sethy,INC,380499.0,45.42,76735.0,Result Declared,9.16,Comfortable,UPA / I.N.D.I.A.,0.8322,BJP,1.0,0
2009,Odisha,17,Puri,GEN,Pinaki Misra,BJD,436961.0,65.94,Debendra Nath Mansingh,INC,225656.0,34.06,211305.0,Result Declared,31.89,Landslide,Others / Regional,0.5164,BJD,0.0,1
2009,Odisha,18,Bhubaneswar,GEN,Prasanna Kumar Patasani,BJD,400472.0,73.05,Santosh Mohanty,INC,147712.0,26.95,252760.0,Result Declared,46.11,Landslide,Others / Regional,0.3688,BJP,1.0,0
2009,Odisha,19,Aska,GEN,Nityananda Pradhan,BJD,419862.0,69.18,Ramchandra Rath,INC,187028.0,30.82,232834.0,Result Declared,38.37,Landslide,Others / Regional,0.4455,BJD,0.0,1
2009,Odisha,20,Berhampur,GEN,Siddhanta Mahapatra,BJD,319839.0,54.92,Chandra Sekhar Sahu,INC,262552.0,45.08,57287.0,Result Declared,9.84,Comfortable,Others / Regional,0.8209,BJP,1.0,0
2009,Odisha,21,Koraput,ST,Jayaram Pangi,BJD,312776.0,59.1,Giridhar Gamang,INC,216416.0,40.9,96360.0,Result Declared,18.21,Landslide,Others / Regional,0.6919,BJP,1.0,0
2009,Puducherry,1,Puducherry,GEN,V. Narayanasamy,INC,300391.0,59.01,M. Ramadass,Pattali Makkal Katchi,208619.0,40.99,91772.0,Result Declared,18.03,Landslide,UPA / I.N.D.I.A.,0.6945,Pattali Makkal Katchi,1.0,0
2009,Punjab,1,Gurdaspur,GEN,Partap Singh Bajwa,INC,447994.0,50.47,Vinod Khanna,BJP,439652.0,49.53,8342.0,Result Declared,0.94,Tight / Close Contest,UPA / I.N.D.I.A.,0.9814,BJP,1.0,0
2009,Punjab,2,Amritsar,GEN,Navjot Singh Sidhu,BJP,392046.0,50.44,Om Parkash Soni,INC,385188.0,49.56,6858.0,Result Declared,0.88,Tight / Close Contest,NDA,0.9825,BJP,0.0,1
2009,Punjab,3,Khadoor Sahib,GEN,Rattan Singh Ajnala,SAD,467980.0,51.78,Rana Gurjeet Singh,INC,435720.0,48.22,32260.0,Result Declared,3.57,Tight / Close Contest,NDA,0.9311,SAD,0.0,1
2009,Punjab,4,Jalandhar,SC,Mohinder Singh Kaypee,INC,408103.0,52.34,Hans Raj Hans,SAD,371658.0,47.66,36445.0,Result Declared,4.67,Tight / Close Contest,UPA / I.N.D.I.A.,0.9107,INC,0.0,1
2009,Punjab,5,Hoshiarpur,SC,Santosh Chowdhary,INC,358812.0,50.03,Som Parkash,BJP,358446.0,49.97,366.0,Result Declared,0.05,Tight / Close Contest,UPA / I.N.D.I.A.,0.999,SAD,1.0,0
2009,Punjab,6,Anandpur Sahib,GEN,Ravneet Singh Bittu,INC,404836.0,54.53,Daljit Singh Cheema,SAD,337632.0,45.47,67204.0,Result Declared,9.05,Comfortable,UPA / I.N.D.I.A.,0.834,BJP,1.0,0
2009,Punjab,7,Ludhiana,GEN,Manish Tewari,INC,449264.0,57.24,Gurcharan Singh Galib,SAD,335558.0,42.76,113706.0,Result Declared,14.49,Comfortable,UPA / I.N.D.I.A.,0.7469,SAD,1.0,0
2009,Punjab,8,Fatehgarh Sahib,SC,Sukhdev Singh Libra,INC,393557.0,52.28,Charanjit Singh Atwal,SAD,359258.0,47.72,34299.0,Result Declared,4.56,Tight / Close Contest,UPA / I.N.D.I.A.,0.9128,INC,0.0,1
2009,Punjab,9,Faridkot,SC,Paramjit Kaur Gulshan,SAD,457734.0,53.63,Sukhwinder Singh Danny,INC,395692.0,46.37,62042.0,Result Declared,7.27,Comfortable,NDA,0.8645,SAD,0.0,1
2009,Punjab,10,Ferozepur,GEN,Sher Singh Ghubaya,SAD,450900.0,51.2,Jagmeet Singh Brar,INC,429829.0,48.8,21071.0,Result Declared,2.39,Tight / Close Contest,NDA,0.9533,SAD,0.0,1
2009,Punjab,11,Bathinda,GEN,Harsimrat Kaur Badal,SAD,529472.0,56.45,Raninder Singh,INC,408524.0,43.55,120948.0,Result Declared,12.89,Comfortable,NDA,0.7716,SAD,0.0,1
2009,Punjab,12,Sangrur,GEN,Vijay Inder Singla,INC,358670.0,53.02,Sukhdev Singh Dhindsa,SAD,317798.0,46.98,40872.0,Result Declared,6.04,Comfortable,UPA / I.N.D.I.A.,0.886,SAD,1.0,0
2009,Punjab,13,Patiala,GEN,Preneet Kaur,INC,474188.0,55.72,Prem Singh Chandumajra,SAD,376799.0,44.28,97389.0,Result Declared,11.44,Comfortable,UPA / I.N.D.I.A.,0.7946,SAD,1.0,0
2009,Rajasthan,1,Ganganagar,SC,Bharat Ram Meghwal,INC,476554.0,58.66,Nihalchand,BJP,335886.0,41.34,140668.0,Result Declared,17.31,Landslide,UPA / I.N.D.I.A.,0.7048,BJP,1.0,0
2009,Rajasthan,2,Bikaner,SC,Arjun Ram Meghwal,BJP,244537.0,52.08,Rewat Ram Panwar,INC,224962.0,47.92,19575.0,Result Declared,4.17,Tight / Close Contest,NDA,0.92,BJP,0.0,1
2009,Rajasthan,3,Churu,GEN,Ram Singh Kaswan,BJP,376708.0,50.84,Rafique Mandelia,INC,364268.0,49.16,12440.0,Result Declared,1.68,Tight / Close Contest,NDA,0.967,BJP,0.0,1
2009,Rajasthan,4,Jhunjhunu,GEN,Sis Ram Ola,INC,306330.0,55.97,Dasrath Singh Shekhawat,BJP,240998.0,44.03,65332.0,Result Declared,11.94,Comfortable,UPA / I.N.D.I.A.,0.7867,INC,0.0,1
2009,Rajasthan,5,Sikar,GEN,Mahadeo Singh Khandela,INC,324812.0,64.94,Subhash Maharia,BJP,175386.0,35.06,149426.0,Result Declared,29.87,Landslide,UPA / I.N.D.I.A.,0.54,BJP,1.0,0
2009,Rajasthan,6,Jaipur Rural,GEN,Lal Chand Kataria,INC,278266.0,55.18,Rao Rajendra Singh,BJP,226029.0,44.82,52237.0,Result Declared,10.36,Comfortable,UPA / I.N.D.I.A.,0.8123,BJP,1.0,0
2009,Rajasthan,7,Jaipur,GEN,Mahesh Joshi,INC,397438.0,51.03,Ramcharan Bohra,BJP,381339.0,48.97,16099.0,Result Declared,2.07,Tight / Close Contest,UPA / I.N.D.I.A.,0.9595,INC,0.0,1
2009,Rajasthan,8,Alwar,GEN,Bhanwar Jitendra Singh,INC,450119.0,60.53,Kiran Yadav,BJP,293500.0,39.47,156619.0,Result Declared,21.06,Landslide,UPA / I.N.D.I.A.,0.652,INC,0.0,1
2009,Rajasthan,9,Bharatpur,SC,Ratan Singh,INC,301434.0,57.81,Khemchand,BJP,219980.0,42.19,81454.0,Result Declared,15.62,Landslide,UPA / I.N.D.I.A.,0.7298,BJP,1.0,0
2009,Rajasthan,10,Karauli-Dholpur,SC,Khiladi Lal Bairwa,INC,215810.0,53.7,Manoj Rajoria,BJP,186087.0,46.3,29723.0,Result Declared,7.4,Comfortable,UPA / I.N.D.I.A.,0.8623,BJP,1.0,0
2009,Rajasthan,11,Dausa,ST,Kirodi Lal Meena,IND,433666.0,59.44,Qummer Rubbani,IND,295907.0,40.56,137759.0,Result Declared,18.88,Landslide,Others / Regional,0.6823,INC,1.0,0
2009,Rajasthan,12,Tonk-Sawai Madhopur,GEN,Namo Narain Meena,INC,375572.0,50.02,Kirori Singh Bainsla,BJP,375255.0,49.98,317.0,Result Declared,0.04,Tight / Close Contest,UPA / I.N.D.I.A.,0.9992,BJP,1.0,0
2009,Rajasthan,13,Ajmer,GEN,Sachin Pilot,INC,405575.0,55.18,Kiran Maheshwari,BJP,329440.0,44.82,76135.0,Result Declared,10.36,Comfortable,UPA / I.N.D.I.A.,0.8123,BJP,1.0,0
2009,Rajasthan,14,Nagaur,GEN,Jyoti Mirdha,INC,333261.0,65.17,Bindu Chaudhary,BJP,178124.0,34.83,155137.0,Result Declared,30.34,Landslide,UPA / I.N.D.I.A.,0.5345,BJP,1.0,0
2009,Rajasthan,15,Pali,GEN,Badri Ram Jakhar,INC,387604.0,67.0,Pusp Jain,BJP,190887.0,33.0,196717.0,Result Declared,34.01,Landslide,UPA / I.N.D.I.A.,0.4925,BJP,1.0,0
2009,Rajasthan,16,Jodhpur,GEN,Chandresh Kumari Katoch,INC,361577.0,57.87,Jaswant Singh Bishnoi,BJP,263248.0,42.13,98329.0,Result Declared,15.74,Landslide,UPA / I.N.D.I.A.,0.7281,BJP,1.0,0
2009,Rajasthan,17,Barmer,GEN,Harish Chaudhary,INC,416497.0,58.34,Manvendra Singh,BJP,297391.0,41.66,119106.0,Result Declared,16.68,Landslide,UPA / I.N.D.I.A.,0.714,BJP,1.0,0
2009,Rajasthan,18,Jalore,SC,Devji Patel,BJP,194503.0,57.34,Buta Singh,IND,144698.0,42.66,49805.0,Result Declared,14.68,Comfortable,NDA,0.7439,BJP,0.0,1
2009,Rajasthan,19,Udaipur,ST,Raghuveer Meena,INC,411510.0,62.53,Mahaveer Bhagora,BJP,246585.0,37.47,164925.0,Result Declared,25.06,Landslide,UPA / I.N.D.I.A.,0.5992,BJP,1.0,0
2009,Rajasthan,20,Banswara,ST,Tarachand Bhagora,INC,413169.0,65.9,Hakaru Maida,BJP,213751.0,34.1,199418.0,Result Declared,31.81,Landslide,UPA / I.N.D.I.A.,0.5173,BJP,1.0,0
2009,Rajasthan,21,Chittorgarh,GEN,Girija Vyas,INC,399663.0,55.01,Shrichand Kriplani,BJP,326885.0,44.99,72778.0,Result Declared,10.02,Comfortable,UPA / I.N.D.I.A.,0.8179,BJP,1.0,0
2009,Rajasthan,22,Rajsamand,GEN,Gopal Singh Shekhawat,INC,294451.0,54.23,Rasa Singh Rawat,BJP,248561.0,45.77,45890.0,Result Declared,8.45,Comfortable,UPA / I.N.D.I.A.,0.8442,BJP,1.0,0
2009,Rajasthan,23,Bhilwara,GEN,C. P. Joshi,INC,413128.0,59.8,V. P. Singh Badnore,BJP,277760.0,40.2,135368.0,Result Declared,19.59,Landslide,UPA / I.N.D.I.A.,0.6723,BJP,1.0,0
2009,Rajasthan,24,Kota,GEN,Ijyaraj Singh,INC,360486.0,56.51,Shyam Sharma,BJP,277393.0,43.49,83093.0,Result Declared,13.03,Comfortable,UPA / I.N.D.I.A.,0.7695,BJP,1.0,0
2009,Rajasthan,25,Jhalawar-Baran,GEN,Dushyant Singh,BJP,429096.0,53.28,Urmila Jain,INC,376255.0,46.72,52841.0,Result Declared,6.56,Comfortable,NDA,0.8769,BJP,0.0,1
2009,Sikkim,1,Sikkim,GEN,Prem Das Rai,SDF,159351.0,68.15,Kharananda Upreti,INC,74483.0,31.85,84868.0,Result Declared,36.29,Landslide,Others / Regional,0.4674,SDF,0.0,1
2009,Tamil Nadu,1,Thiruvallur,SC,P Venugopal,AIADMK,368294.0,52.25,Gayathri S,DMK,336621.0,47.75,31673.0,Result Declared,4.49,Tight / Close Contest,Others / Regional,0.914,DMK,1.0,0
2009,Tamil Nadu,2,Chennai North,GEN,T. K. S. Elangovan,DMK,281055.0,51.76,D. Pandian,CPI,261902.0,48.24,19153.0,Result Declared,3.53,Tight / Close Contest,UPA / I.N.D.I.A.,0.9319,DMK,0.0,1
2009,Tamil Nadu,3,Chennai South,GEN,C. Rajendran,AIADMK,308567.0,52.82,R. S. Bharathi,DMK,275632.0,47.18,32935.0,Result Declared,5.64,Comfortable,Others / Regional,0.8933,DMK,1.0,0
2009,Tamil Nadu,4,Chennai Central,GEN,Dayanidhi Maran,DMK,285783.0,53.11,S.M.K Mogamed Ali Jinnah,AIADMK,252329.0,46.89,33454.0,Result Declared,6.22,Comfortable,UPA / I.N.D.I.A.,0.8829,DMK,0.0,1
2009,Tamil Nadu,5,Sriperumbudur,SC,T. R. Baalu,DMK,352641.0,51.84,A. K. Moorthy,Pattali Makkal Katchi,327605.0,48.16,25036.0,Result Declared,3.68,Tight / Close Contest,UPA / I.N.D.I.A.,0.929,Pattali Makkal Katchi,1.0,0
2009,Tamil Nadu,6,Kancheepuram,SC,P. Viswanathan,INC,330237.0,51.01,Ramakrishnan E,AIADMK,317134.0,48.99,13103.0,Result Declared,2.02,Tight / Close Contest,UPA / I.N.D.I.A.,0.9603,Pattali Makkal Katchi,1.0,0
2009,Tamil Nadu,7,Arakkonam,SC,S. Jagathrakshakan,DMK,415041.0,57.62,R. Velu,Pattali Makkal Katchi,305245.0,42.38,109796.0,Result Declared,15.24,Landslide,UPA / I.N.D.I.A.,0.7355,DMK,0.0,1
2009,Tamil Nadu,8,Vellore,SC,Abdul Rahman,DMK,360474.0,58.75,L.K.M.B Vasu,AIADMK,253081.0,41.25,107393.0,Result Declared,17.5,Landslide,UPA / I.N.D.I.A.,0.7021,DMK,0.0,1
2009,Tamil Nadu,9,Krishnagiri,GEN,E. G. Sugavanam,DMK,335977.0,56.43,Nanjegowdu K,AIADMK,259379.0,43.57,76598.0,Result Declared,12.87,Comfortable,UPA / I.N.D.I.A.,0.772,MDMK,1.0,0
2009,Tamil Nadu,10,Dharmapuri,GEN,R. Thamaraiselvan,DMK,365812.0,61.41,R. Senthil,Pattali Makkal Katchi,229870.0,38.59,135942.0,Result Declared,22.82,Landslide,UPA / I.N.D.I.A.,0.6284,Pattali Makkal Katchi,1.0,0
2009,Tamil Nadu,11,Tiruvannamalai,GEN,D. Venugopal,DMK,436866.0,60.22,Guru Gurunathan,Pattali Makkal Katchi,288566.0,39.78,148300.0,Result Declared,20.44,Landslide,UPA / I.N.D.I.A.,0.6605,DMK,0.0,1
2009,Tamil Nadu,12,Arani,GEN,M. Krishnasamy,INC,396728.0,57.78,N. Subramanian,AIADMK,289898.0,42.22,106830.0,Result Declared,15.56,Landslide,UPA / I.N.D.I.A.,0.7307,Pattali Makkal Katchi,1.0,0
2009,Tamil Nadu,13,Villupuram,GEN,Anandan M,AIADMK,306826.0,50.23,Swamidurai K,VCK,304029.0,49.77,2797.0,Result Declared,0.46,Tight / Close Contest,Others / Regional,0.9909,Pattali Makkal Katchi,1.0,0
2009,Tamil Nadu,14,Kallakurichi,GEN,Adhi Sankar,DMK,363601.0,58.78,K. Dhanaraju,Pattali Makkal Katchi,254993.0,41.22,108608.0,Result Declared,17.56,Landslide,UPA / I.N.D.I.A.,0.7013,DMK,0.0,1
2009,Tamil Nadu,15,Salem,GEN,S. Semmalai,AIADMK,380460.0,53.25,K. V. Thangkabalu,INC,333969.0,46.75,46491.0,Result Declared,6.51,Comfortable,Others / Regional,0.8778,INC,1.0,0
2009,Tamil Nadu,16,Namakkal,GEN,S. Gandhiselvan,DMK,371476.0,58.0,Vairam Tamilarasi,AIADMK,269045.0,42.0,102431.0,Result Declared,15.99,Landslide,UPA / I.N.D.I.A.,0.7243,INC,1.0,0
2009,Tamil Nadu,17,Erode,GEN,A. Ganeshamurthi,MDMK,284148.0,54.75,E. V. K. S. Elangovan,INC,234812.0,45.25,49336.0,Result Declared,9.51,Comfortable,UPA / I.N.D.I.A.,0.8264,DMK,1.0,0
2009,Tamil Nadu,18,Tiruppur,GEN,C. Sivasamy,AIADMK,295731.0,58.43,S. K. Kharventhan,INC,210385.0,41.57,85346.0,Result Declared,16.86,Landslide,Others / Regional,0.7114,INC,1.0,0
2009,Tamil Nadu,19,Nilgiris,GEN,A. Raja,DMK,316802.0,57.85,Krishnan C,MDMK,230781.0,42.15,86021.0,Result Declared,15.71,Landslide,UPA / I.N.D.I.A.,0.7285,INC,1.0,0
2009,Tamil Nadu,20,Coimbatore,GEN,P. R. Natarajan,CPI(M),293165.0,53.53,R. Prabhu,INC,254501.0,46.47,38664.0,Result Declared,7.06,Comfortable,UPA / I.N.D.I.A.,0.8681,CPI,1.0,0
2009,Tamil Nadu,21,Pollachi,GEN,K. Sugumar,AIADMK,305935.0,54.07,K. Shamugasundaram,DMK,259910.0,45.93,46025.0,Result Declared,8.13,Comfortable,Others / Regional,0.8496,MDMK,1.0,0
2009,Tamil Nadu,22,Dindigul,GEN,N. S. V. Chitthan,INC,361545.0,54.06,Baalasubramani P,AIADMK,307198.0,45.94,54347.0,Result Declared,8.13,Comfortable,UPA / I.N.D.I.A.,0.8497,INC,0.0,1
2009,Tamil Nadu,23,Karur,GEN,M. Thambidurai,AIADMK,380542.0,53.31,K. C. Palanisamy,DMK,333288.0,46.69,47254.0,Result Declared,6.62,Comfortable,Others / Regional,0.8758,INC,1.0,0
2009,Tamil Nadu,24,Tiruchirappalli,GEN,P Kumar,AIADMK,298710.0,50.37,Sarubala R Thondaiman,INC,294375.0,49.63,4335.0,Result Declared,0.73,Tight / Close Contest,Others / Regional,0.9855,CPI(M),1.0,0
2009,Tamil Nadu,25,Perambalur,GEN,Napoleon D,DMK,398742.0,55.39,Balasubramanian KK,AIADMK,321138.0,44.61,77604.0,Result Declared,10.78,Comfortable,UPA / I.N.D.I.A.,0.8054,INC,1.0,0
2009,Tamil Nadu,26,Cuddalore,GEN,K. S. Alagiri,INC,320473.0,51.91,M. C. Sampath,AIADMK,296941.0,48.09,23532.0,Result Declared,3.81,Tight / Close Contest,UPA / I.N.D.I.A.,0.9266,DMK,1.0,0
2009,Tamil Nadu,27,Chidambaram,SC,Thol. Thirumavalavan,VCK,428804.0,56.53,E. Ponnuswamy,Pattali Makkal Katchi,329721.0,43.47,99083.0,Result Declared,13.06,Comfortable,UPA / I.N.D.I.A.,0.7689,MDMK,1.0,0
2009,Tamil Nadu,28,Mayiladuthurai,GEN,O. S. Manian,AIADMK,364089.0,52.67,Mani Shankar Aiyar,INC,327235.0,47.33,36854.0,Result Declared,5.33,Comfortable,Others / Regional,0.8988,DMK,1.0,0
2009,Tamil Nadu,29,Nagapattinam,SC,A. K. S. Vijayan,DMK,369915.0,53.47,Selvaraj M,CPI,321953.0,46.53,47962.0,Result Declared,6.93,Comfortable,UPA / I.N.D.I.A.,0.8703,INC,1.0,0
2009,Tamil Nadu,30,Thanjavur,SC,S. S. Palanimanickam,DMK,408343.0,57.12,Durai Balakrishnan,MDMK,306556.0,42.88,101787.0,Result Declared,14.24,Comfortable,UPA / I.N.D.I.A.,0.7507,DMK,0.0,1
2009,Tamil Nadu,31,Sivaganga,GEN,P. Chidambaram,INC,334348.0,50.25,R. S. Raja Kannappan,AIADMK,330994.0,49.75,3354.0,Result Declared,0.5,Tight / Close Contest,UPA / I.N.D.I.A.,0.99,DMK,1.0,0
2009,Tamil Nadu,32,Madurai,GEN,M. K. Alagiri,DMK,431295.0,59.77,P. Mohan,CPI(M),290310.0,40.23,140985.0,Result Declared,19.54,Landslide,UPA / I.N.D.I.A.,0.6731,DMK,0.0,1
2009,Tamil Nadu,33,Theni,GEN,J. M. Aaroon Rashid,INC,340575.0,50.47,Thanga Tamil Selvan,AIADMK,334273.0,49.53,6302.0,Result Declared,0.93,Tight / Close Contest,UPA / I.N.D.I.A.,0.9815,INC,0.0,1
2009,Tamil Nadu,34,Virudhunagar,GEN,Manickam Tagore,INC,307187.0,51.32,Vaiko,MDMK,291423.0,48.68,15764.0,Result Declared,2.63,Tight / Close Contest,UPA / I.N.D.I.A.,0.9487,DMK,1.0,0
2009,Tamil Nadu,35,Ramanathapuram,GEN,J. K. Rithesh,DMK,294945.0,56.72,Sathiamoorthy V,AIADMK,225030.0,43.28,69915.0,Result Declared,13.45,Comfortable,UPA / I.N.D.I.A.,0.763,MDMK,1.0,0
2009,Tamil Nadu,36,Thoothukudi,GEN,S. R. Jeyadurai,DMK,311017.0,57.03,Cynthia Pandian,AIADMK,234368.0,42.97,76649.0,Result Declared,14.05,Comfortable,UPA / I.N.D.I.A.,0.7536,INC,1.0,0
2009,Tamil Nadu,37,Tenkasi,GEN,P. Lingam,CPI,281174.0,53.29,Vellaipandi G,INC,246497.0,46.71,34677.0,Result Declared,6.57,Comfortable,UPA / I.N.D.I.A.,0.8767,CPI,0.0,1
2009,Tamil Nadu,38,Tirunelveli,GEN,S. S. Ramasubbu,INC,274932.0,52.02,K Annamalai,AIADMK,253629.0,47.98,21303.0,Result Declared,4.03,Tight / Close Contest,UPA / I.N.D.I.A.,0.9225,DMK,1.0,0
2009,Tamil Nadu,39,Kanyakumari,GEN,J. Helen Davidson,DMK,320161.0,55.72,Pon Radhakrishnan,BJP,254474.0,44.28,65687.0,Result Declared,11.43,Comfortable,UPA / I.N.D.I.A.,0.7948,CPI(M),1.0,0
2009,Tripura,1,Tripura West,GEN,Khagen Das,CPI(M),563799.0,64.14,Sudip Roy Barman,INC,315250.0,35.86,248549.0,Result Declared,28.27,Landslide,UPA / I.N.D.I.A.,0.5592,CPI(M),0.0,1
2009,Tripura,2,Tripura East,ST,Baju Ban Riyan,CPI(M),521084.0,69.8,Diba Chandra Hrangkhawl,INC,225503.0,30.2,295581.0,Result Declared,39.59,Landslide,UPA / I.N.D.I.A.,0.4328,CPI(M),0.0,1
2009,Uttar Pradesh,1,Saharanpur,GEN,Jagdish Singh Rana,BSP,354807.0,56.79,Rasheed Masood,SP,269934.0,43.21,84873.0,Result Declared,13.59,Comfortable,Others / Regional,0.7608,RLD,1.0,0
2009,Uttar Pradesh,2,Kairana,GEN,Begum Tabassum Hasan,BSP,283259.0,52.06,Hukum Singh,BJP,260796.0,47.94,22463.0,Result Declared,4.13,Tight / Close Contest,Others / Regional,0.9207,IND,1.0,0
2009,Uttar Pradesh,3,Muzaffarnagar,GEN,Kadir Rana,BSP,275318.0,51.94,Anuradha Choudhary,RLD,254720.0,48.06,20598.0,Result Declared,3.89,Tight / Close Contest,Others / Regional,0.9252,SP,1.0,0
2009,Uttar Pradesh,4,Bijnor,GEN,Sanjay Singh Chauhan,RLD,244587.0,53.09,Shahid Siddiqui,BSP,216157.0,46.91,28430.0,Result Declared,6.17,Comfortable,NDA,0.8838,SP,1.0,0
2009,Uttar Pradesh,5,Nagina,SC,Yashvir Singh,SP,234815.0,57.28,Ram Kishan Singh,BSP,175127.0,42.72,59688.0,Result Declared,14.56,Comfortable,UPA / I.N.D.I.A.,0.7458,SP,0.0,1
2009,Uttar Pradesh,6,Moradabad,GEN,Mohammad Azharuddin,INC,301283.0,54.44,Kunwar Sarvesh Kumar Singh,BJP,252176.0,45.56,49107.0,Result Declared,8.87,Comfortable,UPA / I.N.D.I.A.,0.837,SP,1.0,0
2009,Uttar Pradesh,7,Rampur,GEN,Jaya Prada,SP,230724.0,53.59,Begum Noor Bano,INC,199793.0,46.41,30931.0,Result Declared,7.18,Comfortable,UPA / I.N.D.I.A.,0.8659,JD(U),1.0,0
2009,Uttar Pradesh,8,Sambhal,GEN,Shafiqur Rahman Barq,BSP,207422.0,51.68,Iqbal Mehmood,SP,193958.0,48.32,13464.0,Result Declared,3.35,Tight / Close Contest,Others / Regional,0.9351,BJP,1.0,0
2009,Uttar Pradesh,9,Amroha,GEN,Devendra Nagpal,RLD,283182.0,59.71,Mehboob Ali,SP,191099.0,40.29,92083.0,Result Declared,19.42,Landslide,NDA,0.6748,BJP,1.0,0
2009,Uttar Pradesh,10,Meerut,GEN,Rajendra Agrawal,BJP,232137.0,55.65,Malook Nagar,BSP,184991.0,44.35,47146.0,Result Declared,11.3,Comfortable,NDA,0.7969,INC,1.0,0
2009,Uttar Pradesh,11,Baghpat,GEN,Ajit Singh,RLD,238638.0,57.61,Mukesh Sharma,BSP,175611.0,42.39,63027.0,Result Declared,15.21,Landslide,NDA,0.7359,SP,1.0,0
2009,Uttar Pradesh,12,Ghaziabad,GEN,Rajnath Singh,BJP,359637.0,57.21,Surendra Prakash Goel,INC,268956.0,42.79,90681.0,Result Declared,14.43,Comfortable,NDA,0.7479,SP,1.0,0
2009,Uttar Pradesh,13,Gautam Buddh Nagar,GEN,Surendra Singh Nagar,BSP,245613.0,51.67,Mahesh Sharma,BJP,229709.0,48.33,15904.0,Result Declared,3.35,Tight / Close Contest,Others / Regional,0.9352,BSP,0.0,1
2009,Uttar Pradesh,14,Bulandshahr,SC,Kamlesh Balmiki,SP,236257.0,58.13,Ashok Kumar Pradhan,BJP,170192.0,41.87,66065.0,Result Declared,16.25,Landslide,UPA / I.N.D.I.A.,0.7204,BSP,1.0,0
2009,Uttar Pradesh,15,Aligarh,GEN,Raj Kumari Chauhan,BSP,193444.0,52.24,Zafar Alam,SP,176887.0,47.76,16557.0,Result Declared,4.47,Tight / Close Contest,Others / Regional,0.9144,SP,1.0,0
2009,Uttar Pradesh,16,Hathras,SC,Sarika Singh,RLD,247927.0,54.01,Rajendra Kumar,BSP,211075.0,45.99,36852.0,Result Declared,8.03,Comfortable,NDA,0.8514,BJP,1.0,0
2009,Uttar Pradesh,17,Mathura,GEN,Jayant Chaudhary,RLD,379870.0,64.37,Shyam Sunder Sharma,BSP,210257.0,35.63,169613.0,Result Declared,28.74,Landslide,NDA,0.5535,SP,1.0,0
2009,Uttar Pradesh,18,Agra,SC,Ram Shankar Katheria,BJP,203697.0,51.22,Kunwar Chand,BSP,193982.0,48.78,9715.0,Result Declared,2.44,Tight / Close Contest,NDA,0.9523,BSP,1.0,0
2009,Uttar Pradesh,19,Fatehpur Sikri,GEN,Seema Upadhyay,BSP,209466.0,51.21,Raj Babbar,INC,199530.0,48.79,9936.0,Result Declared,2.43,Tight / Close Contest,Others / Regional,0.9526,INC,1.0,0
2009,Uttar Pradesh,20,Firozabad,GEN,Akhilesh Yadav,SP,287011.0,56.64,S. P. Singh Baghel,BSP,219710.0,43.36,67301.0,Result Declared,13.28,Comfortable,UPA / I.N.D.I.A.,0.7655,SP,0.0,1
2009,Uttar Pradesh,21,Mainpuri,GEN,Mulayam Singh Yadav,SP,392308.0,64.15,Vinay Shakya,BSP,219239.0,35.85,173069.0,Result Declared,28.3,Landslide,UPA / I.N.D.I.A.,0.5588,INC,1.0,0
2009,Uttar Pradesh,22,Etah,GEN,Kalyan Singh,IND,275717.0,65.16,Devendra Singh Yadav,BSP,147449.0,34.84,128268.0,Result Declared,30.31,Landslide,Others / Regional,0.5348,BSP,1.0,0
2009,Uttar Pradesh,23,Badaun,GEN,Dharmendra Yadav,SP,233744.0,53.74,Dharam Yadav,BSP,201202.0,46.26,32542.0,Result Declared,7.48,Comfortable,UPA / I.N.D.I.A.,0.8608,BSP,1.0,0
2009,Uttar Pradesh,24,Aonla,GEN,Maneka Gandhi,BJP,216503.0,50.9,Dharmendra Kashyap,SP,208822.0,49.1,7681.0,Result Declared,1.81,Tight / Close Contest,NDA,0.9645,BSP,1.0,0
2009,Uttar Pradesh,25,Bareilly,GEN,Praveen Singh Aron,INC,220976.0,51.08,Santosh Kumar Gangwar,BJP,211638.0,48.92,9338.0,Result Declared,2.16,Tight / Close Contest,UPA / I.N.D.I.A.,0.9577,BSP,1.0,0
2009,Uttar Pradesh,26,Pilibhit,GEN,Varun Gandhi,BJP,419539.0,75.24,V M Singh,INC,138038.0,24.76,281501.0,Result Declared,50.49,Landslide,NDA,0.329,SP,1.0,0
2009,Uttar Pradesh,27,Shahjahanpur,SC,Mithlesh Kumar,SP,257033.0,57.96,Sunita Singh,BSP,186454.0,42.04,70579.0,Result Declared,15.91,Landslide,UPA / I.N.D.I.A.,0.7254,SP,0.0,1
2009,Uttar Pradesh,28,Kheri,GEN,Zafar Ali Naqvi,INC,184982.0,51.22,Iliyas Azmi,BSP,176205.0,48.78,8777.0,Result Declared,2.43,Tight / Close Contest,UPA / I.N.D.I.A.,0.9526,BJP,1.0,0
2009,Uttar Pradesh,29,Dhaurahra,GEN,Jitin Prasada,INC,391391.0,65.42,Rajesh Verma,BSP,206882.0,34.58,184509.0,Result Declared,30.84,Landslide,UPA / I.N.D.I.A.,0.5286,SP,1.0,0
2009,Uttar Pradesh,30,Sitapur,GEN,Kaisar Jahan,BSP,241106.0,52.12,Mahendra Singh Verma,SP,221474.0,47.88,19632.0,Result Declared,4.24,Tight / Close Contest,Others / Regional,0.9186,BSP,0.0,1
2009,Uttar Pradesh,31,Hardoi,SC,Usha Verma,SP,294030.0,59.39,Ram Kumar Kuril,BSP,201095.0,40.61,92935.0,Result Declared,18.77,Landslide,UPA / I.N.D.I.A.,0.6839,BSP,1.0,0
2009,Uttar Pradesh,32,Misrikh,SC,Ashok Kumar Rawat,BSP,207627.0,52.97,Shyam Prakash,SP,184335.0,47.03,23292.0,Result Declared,5.94,Comfortable,Others / Regional,0.8878,BSP,0.0,1
2009,Uttar Pradesh,33,Unnao,GEN,Annu Tandon,INC,475476.0,73.28,Arun Shankar Shukla,BSP,173384.0,26.72,302092.0,Result Declared,46.56,Landslide,UPA / I.N.D.I.A.,0.3647,INC,0.0,1
2009,Uttar Pradesh,34,Mohanlalganj,SC,Sushila Saroj,SP,256367.0,58.78,Jai Prakash Rawat,BSP,179772.0,41.22,76595.0,Result Declared,17.56,Landslide,UPA / I.N.D.I.A.,0.7012,BJP,1.0,0
2009,Uttar Pradesh,35,Lucknow,GEN,Lalji Tandon,BJP,204028.0,55.57,Rita Bahuguna Joshi,INC,163127.0,44.43,40901.0,Result Declared,11.14,Comfortable,NDA,0.7995,BJP,0.0,1
2009,Uttar Pradesh,36,Rae Bareli,GEN,Sonia Gandhi,INC,481490.0,81.5,R. S. Kushwaha,BSP,109325.0,18.5,372165.0,Result Declared,62.99,Landslide,UPA / I.N.D.I.A.,0.2271,National Loktantrik Party,1.0,0
2009,Uttar Pradesh,37,Amethi,GEN,Rahul Gandhi,INC,464195.0,83.16,Asheesh Shukla,BSP,93997.0,16.84,370198.0,Result Declared,66.32,Landslide,UPA / I.N.D.I.A.,0.2025,SP,1.0,0
2009,Uttar Pradesh,38,Sultanpur,GEN,Sanjaya Sinh,INC,300411.0,59.84,Mohammad Tahir,BSP,201632.0,40.16,98779.0,Result Declared,19.68,Landslide,UPA / I.N.D.I.A.,0.6712,SP,1.0,0
2009,Uttar Pradesh,39,Pratapgarh,GEN,Ratna Singh,INC,169137.0,54.83,Shivakant Ojha,BSP,139358.0,45.17,29779.0,Result Declared,9.65,Comfortable,UPA / I.N.D.I.A.,0.8239,Samajwadi Janata Party (Rashtriya),1.0,0
2009,Uttar Pradesh,40,Farrukhabad,GEN,Salman Khurshid,INC,169351.0,54.37,Naresh Chandra Agrawal,BSP,142152.0,45.63,27199.0,Result Declared,8.73,Comfortable,UPA / I.N.D.I.A.,0.8394,SP,1.0,0
2009,Uttar Pradesh,41,Etawah,SC,Premdas Katheria,SP,278776.0,54.58,Gaurishanker,BSP,232030.0,45.42,46746.0,Result Declared,9.15,Comfortable,UPA / I.N.D.I.A.,0.8323,BSP,1.0,0
2009,Uttar Pradesh,42,Kannauj,GEN,Akhilesh Yadav,SP,337751.0,60.35,Mahesh Chandra Verma,BSP,221887.0,39.65,115864.0,Result Declared,20.7,Landslide,UPA / I.N.D.I.A.,0.657,SP,0.0,1
2009,Uttar Pradesh,43,Kanpur Urban,GEN,Sriprakash Jaiswal,INC,214988.0,52.3,Satish Mahana,BJP,196082.0,47.7,18906.0,Result Declared,4.6,Tight / Close Contest,UPA / I.N.D.I.A.,0.9121,BSP,1.0,0
2009,Uttar Pradesh,44,Akbarpur,GEN,Raja Ram Pal,INC,192549.0,54.54,Anil Shukla Warsi,BSP,160506.0,45.46,32043.0,Result Declared,9.08,Comfortable,UPA / I.N.D.I.A.,0.8336,SP,1.0,0
2009,Uttar Pradesh,45,Jalaun,SC,Ghanshyam Anuragi,SP,283023.0,51.03,Tilak Chandra Ahirwar,BSP,271614.0,48.97,11409.0,Result Declared,2.06,Tight / Close Contest,UPA / I.N.D.I.A.,0.9597,SP,0.0,1
2009,Uttar Pradesh,46,Jhansi,GEN,Pradeep Jain Aditya,INC,252712.0,55.21,Ramesh Kumar Sharma,BSP,205042.0,44.79,47670.0,Result Declared,10.41,Comfortable,UPA / I.N.D.I.A.,0.8114,SP,1.0,0
2009,Uttar Pradesh,47,Hamirpur,GEN,Vijay Bahadur Singh,BSP,199143.0,53.42,Siddha Gopal Sahu,INC,173641.0,46.58,25502.0,Result Declared,6.84,Comfortable,Others / Regional,0.8719,BSP,0.0,1
2009,Uttar Pradesh,48,Banda,GEN,R. K. Singh Patel,SP,240948.0,53.87,Bhairon Prasad Mishra,BSP,206355.0,46.13,34593.0,Result Declared,7.73,Comfortable,UPA / I.N.D.I.A.,0.8564,INC,1.0,0
2009,Uttar Pradesh,49,Fatehpur,GEN,Rakesh Sachan,SP,218953.0,56.77,Mahendra Prasad Nishad,BSP,166725.0,43.23,52228.0,Result Declared,13.54,Comfortable,UPA / I.N.D.I.A.,0.7615,BSP,1.0,0
2009,Uttar Pradesh,50,Kaushambi,SC,Shailendra Kumar,SP,246501.0,56.38,Girish Chandra Pasi,BSP,190712.0,43.62,55789.0,Result Declared,12.76,Comfortable,UPA / I.N.D.I.A.,0.7737,BSP,1.0,0
2009,Uttar Pradesh,51,Phulpur,GEN,Kapil Muni Karwariya,BSP,167542.0,52.27,Shyama Charan Gupta,SP,152964.0,47.73,14578.0,Result Declared,4.55,Tight / Close Contest,Others / Regional,0.913,SP,1.0,0
2009,Uttar Pradesh,52,Allahabad,GEN,Rewati Raman Singh,SP,209431.0,54.55,Ashok Kumar Bajpai,BSP,174511.0,45.45,34920.0,Result Declared,9.1,Comfortable,UPA / I.N.D.I.A.,0.8333,SP,0.0,1
2009,Uttar Pradesh,53,Barabanki,SC,P. L. Punia,INC,328418.0,67.17,Ram Sagar Rawat,SP,160505.0,32.83,167913.0,Result Declared,34.34,Landslide,UPA / I.N.D.I.A.,0.4887,SP,1.0,0
2009,Uttar Pradesh,54,Faizabad,GEN,Nirmal Khatri,INC,211543.0,57.35,Mitrasen Yadav,SP,157315.0,42.65,54228.0,Result Declared,14.7,Comfortable,UPA / I.N.D.I.A.,0.7437,BSP,1.0,0
2009,Uttar Pradesh,55,Ambedkar Nagar,GEN,Rakesh Pandey,BSP,259487.0,52.29,Shankhlal Majhi,SP,236751.0,47.71,22736.0,Result Declared,4.58,Tight / Close Contest,Others / Regional,0.9124,SP,1.0,0
2009,Uttar Pradesh,56,Bahraich,SC,Kamal Kishor,INC,160005.0,56.93,Lal Mani Prasad,BSP,121052.0,43.07,38953.0,Result Declared,13.86,Comfortable,UPA / I.N.D.I.A.,0.7566,SP,1.0,0
2009,Uttar Pradesh,57,Kaiserganj,GEN,Brij Bhushan Sharan Singh,SP,196063.0,61.28,Surendra Nath Awasthi,BSP,123864.0,38.72,72199.0,Result Declared,22.57,Landslide,UPA / I.N.D.I.A.,0.6318,SP,0.0,1
2009,Uttar Pradesh,58,Shrawasti,GEN,Vinay Kumar Pandey,INC,201556.0,55.82,Rizwan Zaheer,BSP,159527.0,44.18,42029.0,Result Declared,11.64,Comfortable,UPA / I.N.D.I.A.,0.7915,BJP,1.0,0
2009,Uttar Pradesh,59,Gonda,GEN,Beni Prasad Verma,INC,155675.0,54.11,Kirti Vardhan Singh,BSP,132000.0,45.89,23675.0,Result Declared,8.23,Comfortable,UPA / I.N.D.I.A.,0.8479,SP,1.0,0
2009,Uttar Pradesh,60,Domariyaganj,GEN,Jagdambika Pal,INC,229872.0,59.99,Jai Pratap Singh,BJP,153306.0,40.01,76566.0,Result Declared,19.98,Landslide,UPA / I.N.D.I.A.,0.6669,BSP,1.0,0
2009,Uttar Pradesh,61,Basti,GEN,Arvind Kumar Chaudhary,BSP,268666.0,62.17,Raj Kishor Singh,SP,163456.0,37.83,105210.0,Result Declared,24.35,Landslide,Others / Regional,0.6084,INC,1.0,0
2009,Uttar Pradesh,62,Sant Kabir Nagar,GEN,Bhishma Shankar Tiwari,BSP,211043.0,53.76,Sharad Tripathi,BJP,181547.0,46.24,29496.0,Result Declared,7.51,Comfortable,Others / Regional,0.8602,SP,1.0,0
2009,Uttar Pradesh,63,Maharajganj,GEN,Harsh Vardhan,INC,305474.0,62.68,Ganesh Shanker Pandey,BSP,181846.0,37.32,123628.0,Result Declared,25.37,Landslide,UPA / I.N.D.I.A.,0.5953,SP,1.0,0
2009,Uttar Pradesh,64,Gorakhpur,GEN,Yogi Adityanath,BJP,403156.0,68.79,Vinay Shankar Tiwari,BSP,182885.0,31.21,220271.0,Result Declared,37.59,Landslide,NDA,0.4536,SP,1.0,0
2009,Uttar Pradesh,65,Kushi Nagar,GEN,R. P. N. Singh,INC,223954.0,52.47,Swami Prasad Maurya,BSP,202860.0,47.53,21094.0,Result Declared,4.94,Tight / Close Contest,UPA / I.N.D.I.A.,0.9058,SP,1.0,0
2009,Uttar Pradesh,66,Deoria,GEN,Gorakh Prasad Jaiswal,BSP,219889.0,55.25,Prakash Mani Tripathi,BJP,178110.0,44.75,41779.0,Result Declared,10.5,Comfortable,Others / Regional,0.81,SP,1.0,0
2009,Uttar Pradesh,67,Bansgaon,SC,Kamlesh Paswan,BJP,223011.0,56.71,Shree Nath Ji,BSP,170224.0,43.29,52787.0,Result Declared,13.42,Comfortable,NDA,0.7633,SP,1.0,0
2009,Uttar Pradesh,68,Lalganj,SC,Bali Ram,BSP,207998.0,55.31,Neelam Sonkar,BJP,168050.0,44.69,39948.0,Result Declared,10.62,Comfortable,Others / Regional,0.8079,SP,1.0,0
2009,Uttar Pradesh,69,Azamgarh,GEN,Ramakant Yadav,BJP,247648.0,55.49,Akbar Ahmad Dumpy,BSP,198609.0,44.51,49039.0,Result Declared,10.99,Comfortable,NDA,0.802,SP,1.0,0
2009,Uttar Pradesh,70,Ghosi,GEN,Dara Singh Chauhan,BSP,220695.0,58.01,Arshad Jamal Ansari,SP,159750.0,41.99,60945.0,Result Declared,16.02,Landslide,Others / Regional,0.7238,INC,1.0,0
2009,Uttar Pradesh,71,Salempur,GEN,Ramashankar Rajbhar,BSP,175088.0,52.76,Bhola Pandey,INC,156783.0,47.24,18305.0,Result Declared,5.52,Comfortable,Others / Regional,0.8955,BJP,1.0,0
2009,Uttar Pradesh,72,Ballia,GEN,Neeraj Shekhar,SP,276649.0,57.55,Sangram Singh Yadav,BSP,204094.0,42.45,72555.0,Result Declared,15.09,Landslide,UPA / I.N.D.I.A.,0.7377,INC,1.0,0
2009,Uttar Pradesh,73,Jaunpur,GEN,Dhananjay Singh,BSP,302618.0,57.65,Parasnath Yadav,SP,222267.0,42.35,80351.0,Result Declared,15.31,Landslide,Others / Regional,0.7345,BJP,1.0,0
2009,Uttar Pradesh,74,Machhlishahr,SC,Tufani Saroj,SP,223152.0,52.88,Kamla Kant Gautam,BSP,198846.0,47.12,24306.0,Result Declared,5.76,Comfortable,UPA / I.N.D.I.A.,0.8911,BJP,1.0,0
2009,Uttar Pradesh,75,Ghazipur,GEN,Radhe Mohan Singh,SP,379233.0,55.03,Afzal Ansari,BSP,309924.0,44.97,69309.0,Result Declared,10.06,Comfortable,UPA / I.N.D.I.A.,0.8172,INC,1.0,0
2009,Uttar Pradesh,76,Chandauli,GEN,Ramkishun,SP,180114.0,50.06,Kailash Nath Singh Yadav,BSP,179655.0,49.94,459.0,Result Declared,0.13,Tight / Close Contest,UPA / I.N.D.I.A.,0.9975,BSP,1.0,0
2009,Uttar Pradesh,77,Varanasi,GEN,Murli Manohar Joshi,BJP,203122.0,52.21,Mukhtar Ansari,BSP,185911.0,47.79,17211.0,Result Declared,4.42,Tight / Close Contest,NDA,0.9153,RLD,1.0,0
2009,Uttar Pradesh,78,Bhadohi,GEN,Gorakh Nath Pandey,BSP,195808.0,51.71,Chhotelal Bind,SP,182845.0,48.29,12963.0,Result Declared,3.42,Tight / Close Contest,Others / Regional,0.9338,SP,1.0,0
2009,Uttar Pradesh,79,Mirzapur,GEN,Bal Kumar Patel,SP,218898.0,52.35,Anil Kumar Maurya,BSP,199216.0,47.65,19682.0,Result Declared,4.71,Tight / Close Contest,UPA / I.N.D.I.A.,0.9101,RLD,1.0,0
2009,Uttar Pradesh,80,Robertsganj,SC,Pakaudi Lal Kol,SP,216478.0,56.57,Ram Chandra Tyagi,BSP,166219.0,43.43,50259.0,Result Declared,13.13,Comfortable,UPA / I.N.D.I.A.,0.7678,SP,0.0,1
2009,Uttarakhand,1,Tehri Garhwal,GEN,Vijay Bahuguna,INC,263083.0,55.59,Jaspal Rana,BJP,210144.0,44.41,52939.0,Result Declared,11.19,Comfortable,UPA / I.N.D.I.A.,0.7988,BJP,1.0,0
2009,Uttarakhand,2,Garhwal,GEN,Satpal Maharaj,INC,236949.0,51.91,Tejpal Singh Rawat,BJP,219552.0,48.09,17397.0,Result Declared,3.81,Tight / Close Contest,UPA / I.N.D.I.A.,0.9266,BJP,1.0,0
2009,Uttarakhand,3,Almora,SC,Pradeep Tamta,INC,200824.0,50.88,Ajay Tamta,BJP,193874.0,49.12,6950.0,Result Declared,1.76,Tight / Close Contest,UPA / I.N.D.I.A.,0.9654,BJP,1.0,0
2009,Uttarakhand,4,Nainital-Udhamsingh Nagar,GEN,K. C. Singh Baba,INC,321377.0,57.97,Bachi Singh Rawat,BJP,232965.0,42.03,88412.0,Result Declared,15.95,Landslide,UPA / I.N.D.I.A.,0.7249,INC,0.0,1
2009,Uttarakhand,5,Haridwar,GEN,Harish Rawat,INC,332235.0,72.28,Swami Yatindranand Giri,BJP,127412.0,27.72,204823.0,Result Declared,44.56,Landslide,UPA / I.N.D.I.A.,0.3835,SP,1.0,0
2009,West Bengal,1,Cooch Behar,SC,Nripendra Nath Roy,AIFB,500677.0,51.74,Arghya Roy Pradhan,TMC,466928.0,48.26,33749.0,Result Declared,3.49,Tight / Close Contest,Left Front,0.9326,AIFB,0.0,1
2009,West Bengal,2,Alipurduars,SC,Manohar Tirkey,RSP,384890.0,58.59,Paban Kumar Lakra,TMC,272068.0,41.41,112822.0,Result Declared,17.17,Landslide,UPA / I.N.D.I.A.,0.7069,RSP,0.0,1
2009,West Bengal,3,Jalpaiguri,SC,Mahendra Kumar Roy,CPI(M),469613.0,55.19,Sukhbilas Barma,INC,381242.0,44.81,88371.0,Result Declared,10.39,Comfortable,UPA / I.N.D.I.A.,0.8118,CPI(M),0.0,1
2009,West Bengal,4,Darjeeling,GEN,Jaswant Singh,BJP,497649.0,67.07,Jibesh Sarkar,CPI(M),244360.0,32.93,253289.0,Result Declared,34.14,Landslide,NDA,0.491,INC,1.0,0
2009,West Bengal,5,Raiganj,GEN,Deepa Dasmunsi,INC,451776.0,56.59,Bireswar Lahiri,CPI(M),346573.0,43.41,105203.0,Result Declared,13.18,Comfortable,UPA / I.N.D.I.A.,0.7671,INC,0.0,1
2009,West Bengal,6,Balurghat,GEN,Prasanta Kumar Majumdar,RSP,388444.0,50.33,Biplab Mitra,TMC,383339.0,49.67,5105.0,Result Declared,0.66,Tight / Close Contest,UPA / I.N.D.I.A.,0.9869,RSP,0.0,1
2009,West Bengal,7,Maldaha Uttar,GEN,Mausam Noor,INC,440264.0,53.67,Sailen Sarkar,CPI(M),380123.0,46.33,60141.0,Result Declared,7.33,Comfortable,UPA / I.N.D.I.A.,0.8634,INC,0.0,1
2009,West Bengal,8,Maldaha Dakshin,GEN,Abu Hasem Khan Choudhury,INC,443377.0,59.08,Abdur Razzaque,CPI(M),307097.0,40.92,136280.0,Result Declared,18.16,Landslide,UPA / I.N.D.I.A.,0.6926,INC,0.0,1
2009,West Bengal,9,Jangipur,GEN,Pranab Mukherjee,INC,506749.0,57.24,Mriganka Sekhar Bhattacharya,CPI(M),378600.0,42.76,128149.0,Result Declared,14.47,Comfortable,UPA / I.N.D.I.A.,0.7471,INC,0.0,1
2009,West Bengal,10,Baharampur,GEN,Adhir Ranjan Chowdhury,INC,541920.0,60.42,Promothes Mukherjee,RSP,354943.0,39.58,186977.0,Result Declared,20.85,Landslide,UPA / I.N.D.I.A.,0.655,INC,0.0,1
2009,West Bengal,11,Murshidabad,GEN,Abdul Mannan Hossain,INC,496348.0,51.86,Anisur Rahman Sarkar,CPI(M),460701.0,48.14,35647.0,Result Declared,3.72,Tight / Close Contest,UPA / I.N.D.I.A.,0.9282,CPI(M),1.0,0
2009,West Bengal,12,Krishnanagar,GEN,Tapas Paul,TMC,443679.0,54.78,Jyotirmoyee Sikdar,CPI(M),366293.0,45.22,77386.0,Result Declared,9.55,Comfortable,UPA / I.N.D.I.A.,0.8256,CPI(M),1.0,0
2009,West Bengal,13,Ranaghat,SC,Sucharu Ranjan Haldar,TMC,575058.0,54.86,Basudeb Barman,CPI(M),473235.0,45.14,101823.0,Result Declared,9.71,Comfortable,UPA / I.N.D.I.A.,0.8229,AIFB,1.0,0
2009,West Bengal,14,Bangaon,SC,Gobinda Chandra Naskar,TMC,546596.0,54.64,Asim Bala,CPI(M),453770.0,45.36,92826.0,Result Declared,9.28,Comfortable,UPA / I.N.D.I.A.,0.8302,CPI,1.0,0
2009,West Bengal,15,Barrackpur,GEN,Dinesh Trivedi,TMC,428699.0,53.5,Tarit Baran Topdar,CPI(M),372675.0,46.5,56024.0,Result Declared,6.99,Comfortable,UPA / I.N.D.I.A.,0.8693,RSP,1.0,0
2009,West Bengal,16,Dum Dum,GEN,Saugata Roy,TMC,458988.0,51.14,Amitava Nandy,CPI(M),438510.0,48.86,20478.0,Result Declared,2.28,Tight / Close Contest,UPA / I.N.D.I.A.,0.9554,CPI(M),1.0,0
2009,West Bengal,17,Barasat,GEN,Kakoli Ghosh Dastidar,TMC,522530.0,56.66,Sudin Chattopadhyay,AIFB,399629.0,43.34,122901.0,Result Declared,13.33,Comfortable,UPA / I.N.D.I.A.,0.7648,CPI(M),1.0,0
2009,West Bengal,18,Basirhat,GEN,Haji Nurul Islam,TMC,479650.0,53.36,Ajay Chakraborty,CPI,419267.0,46.64,60383.0,Result Declared,6.72,Comfortable,UPA / I.N.D.I.A.,0.8741,CPI(M),1.0,0
2009,West Bengal,19,Jaynagar,SC,Tarun Mandal,Socialist Unity Centre Of India (C),446200.0,53.2,Nimai Barman,RSP,392495.0,46.8,53705.0,Result Declared,6.4,Comfortable,Others / Regional,0.8796,CPI(M),1.0,0
2009,West Bengal,20,Mathurapur,SC,Choudhury Mohan Jatua,TMC,565505.0,56.49,Animesh Naskar,CPI(M),435542.0,43.51,129963.0,Result Declared,12.98,Comfortable,UPA / I.N.D.I.A.,0.7702,CPI(M),1.0,0
2009,West Bengal,21,Diamond Harbour,GEN,Somen Mitra,TMC,564612.0,57.76,Samik Lahiri,CPI(M),412923.0,42.24,151689.0,Result Declared,15.52,Landslide,UPA / I.N.D.I.A.,0.7313,CPI(M),1.0,0
2009,West Bengal,22,Jadavpur,GEN,Kabir Suman,TMC,540667.0,52.74,Sujan Chakraborty,CPI(M),484400.0,47.26,56267.0,Result Declared,5.49,Comfortable,UPA / I.N.D.I.A.,0.8959,CPI(M),1.0,0
2009,West Bengal,23,Kolkata Dakshin,GEN,Mamata Banerjee,TMC,576045.0,61.77,Rabin Deb,CPI(M),356474.0,38.23,219571.0,Result Declared,23.55,Landslide,UPA / I.N.D.I.A.,0.6188,TMC,0.0,1
2009,West Bengal,24,Kolkata Uttar,GEN,Sudip Bandyopadhyay,TMC,460646.0,56.73,Mohammed Salim,CPI(M),351368.0,43.27,109278.0,Result Declared,13.46,Comfortable,UPA / I.N.D.I.A.,0.7628,CPI(M),1.0,0
2009,West Bengal,25,Howrah,GEN,Ambica Banerjee,TMC,477449.0,52.04,Swadesh Chakraborty,CPI(M),440057.0,47.96,37392.0,Result Declared,4.08,Tight / Close Contest,UPA / I.N.D.I.A.,0.9217,CPI(M),1.0,0
2009,West Bengal,26,Uluberia,GEN,Sultan Ahmed,TMC,514193.0,55.32,Hannan Mollah,CPI(M),415257.0,44.68,98936.0,Result Declared,10.64,Comfortable,UPA / I.N.D.I.A.,0.8076,CPI(M),1.0,0
2009,West Bengal,27,Srerampur,GEN,Kalyan Banerjee,TMC,569725.0,56.84,Santasri Chatterjee,CPI(M),432535.0,43.16,137190.0,Result Declared,13.69,Comfortable,UPA / I.N.D.I.A.,0.7592,CPI(M),1.0,0
2009,West Bengal,28,Hooghly,GEN,Ratna De,TMC,574022.0,53.82,Rupchand Pal,CPI(M),492499.0,46.18,81523.0,Result Declared,7.64,Comfortable,UPA / I.N.D.I.A.,0.858,CPI(M),1.0,0
2009,West Bengal,29,Arambagh,SC,Sakti Mohan Malik,CPI(M),630254.0,59.52,Sambhu Nath Malik,INC,428696.0,40.48,201558.0,Result Declared,19.03,Landslide,UPA / I.N.D.I.A.,0.6802,CPI,1.0,0
2009,West Bengal,30,Tamluk,GEN,Suvendu Adhikari,TMC,637664.0,57.84,Lakshman Chandra Seth,CPI(M),464706.0,42.16,172958.0,Result Declared,15.69,Landslide,UPA / I.N.D.I.A.,0.7288,CPI(M),1.0,0
2009,West Bengal,31,Kanthi,GEN,Sisir Adhikari,TMC,606712.0,55.95,Prasanta Pradhan,CPI(M),477609.0,44.05,129103.0,Result Declared,11.91,Comfortable,UPA / I.N.D.I.A.,0.7872,CPI(M),1.0,0
2009,West Bengal,32,Ghatal,GEN,Gurudas Dasgupta,CPI,625923.0,56.66,Noor Alam Chowdhury,TMC,478739.0,43.34,147184.0,Result Declared,13.32,Comfortable,UPA / I.N.D.I.A.,0.7649,CPI,0.0,1
2009,West Bengal,33,Jhargram,ST,Pulin Bihari Baske,CPI(M),545231.0,68.31,Amrit Hansda,INC,252886.0,31.69,292345.0,Result Declared,36.63,Landslide,UPA / I.N.D.I.A.,0.4638,CPI(M),0.0,1
2009,West Bengal,34,Medinipur,GEN,Prabodh Panda,CPI,493021.0,52.56,Dipak Kumar Ghosh,TMC,445004.0,47.44,48017.0,Result Declared,5.12,Comfortable,UPA / I.N.D.I.A.,0.9026,AIFB,1.0,0
2009,West Bengal,35,Purulia,GEN,Narahari Mahato,AIFB,399201.0,51.24,Santiram Mahato,INC,379900.0,48.76,19301.0,Result Declared,2.48,Tight / Close Contest,Left Front,0.9517,CPI(M),1.0,0
2009,West Bengal,36,Bankura,GEN,Basudeb Acharia,CPI(M),469223.0,56.49,Subrata Mukherjee,INC,361421.0,43.51,107802.0,Result Declared,12.98,Comfortable,UPA / I.N.D.I.A.,0.7703,CPI(M),0.0,1
2009,West Bengal,37,Bishnupur,SC,Susmita Bauri,CPI(M),541075.0,56.79,Seuli Saha,TMC,411709.0,43.21,129366.0,Result Declared,13.58,Comfortable,UPA / I.N.D.I.A.,0.7609,CPI(M),0.0,1
2009,West Bengal,38,Bardhaman Purba,SC,Anup Kumar Saha,CPI(M),531987.0,52.96,Ashoke Biswas,TMC,472568.0,47.04,59419.0,Result Declared,5.91,Comfortable,UPA / I.N.D.I.A.,0.8883,CPI(M),0.0,1
2009,West Bengal,39,Bardhaman-Durgapur,GEN,Sheikh Saidul Haque,CPI(M),573399.0,55.21,Nargis Begum,INC,465162.0,44.79,108237.0,Result Declared,10.42,Comfortable,UPA / I.N.D.I.A.,0.8112,CPI(M),0.0,1
2009,West Bengal,40,Asansol,GEN,Bansa Gopal Chowdhury,CPI(M),435161.0,54.57,Moloy Ghatak,TMC,362205.0,45.43,72956.0,Result Declared,9.15,Comfortable,UPA / I.N.D.I.A.,0.8323,CPI(M),0.0,1
2009,West Bengal,41,Bolpur,SC,Ram Chandra Dome,CPI(M),538383.0,56.68,Asit Kumar Mal,INC,411501.0,43.32,126882.0,Result Declared,13.36,Comfortable,UPA / I.N.D.I.A.,0.7643,CPI(M),0.0,1
2009,West Bengal,42,Birbhum,GEN,Satabdi Roy,TMC,486553.0,53.37,Braja Mukherjee,CPI(M),425034.0,46.63,61519.0,Result Declared,6.75,Comfortable,UPA / I.N.D.I.A.,0.8736,CPI(M),1.0,0
2014,Andaman and Nicobar Islands,1,Andaman And Nicobar Islands,GEN,Bishnu Pada Ray,BJP,90969.0,52.24,Kuldeep Rai Sharma,INC,83157.0,47.76,7812.0,Result Declared,4.49,Tight / Close Contest,NDA,0.9141,BJP,0.0,1
2014,Andhra Pradesh,1,Adilabad,ST,Godam Nagesh,TRS,430847.0,62.41,Naresh,INC,259557.0,37.59,171290.0,Result Declared,24.81,Landslide,Others / Regional,0.6024,TDP,1.0,0
2014,Andhra Pradesh,2,Peddapalle,SC,Balka Suman,TRS,565496.0,67.33,G. Vivekanand,INC,274338.0,32.67,291158.0,Result Declared,34.67,Landslide,Others / Regional,0.4851,INC,1.0,0
2014,Andhra Pradesh,3,Karimnagar,GEN,Vinod Kumar Boinapally,TRS,505783.0,62.71,Ponnam Prabhakar,INC,300706.0,37.29,205077.0,Result Declared,25.43,Landslide,Others / Regional,0.5945,INC,1.0,0
2014,Andhra Pradesh,4,Nizamabad,GEN,Kalvakuntla Kavitha,TRS,439307.0,61.75,Madhu Yaskhi Goud,INC,272123.0,38.25,167184.0,Result Declared,23.5,Landslide,Others / Regional,0.6194,INC,1.0,0
2014,Andhra Pradesh,5,Zahirabad,GEN,B.B. Patil,TRS,508661.0,58.29,Suresh Kumar Shetkar,INC,364030.0,41.71,144631.0,Result Declared,16.57,Landslide,Others / Regional,0.7157,INC,1.0,0
2014,Andhra Pradesh,6,Medak,GEN,K. Chandrashekar Rao,TRS,657492.0,71.63,P Shravan Kumar Reddy,INC,260463.0,28.37,397029.0,Result Declared,43.25,Landslide,Others / Regional,0.3961,TRS,0.0,1
2014,Andhra Pradesh,7,Malkajgiri,GEN,Ch.Malla Reddy,TDP,523336.0,51.39,Hanumanth Rao Mynampally,TRS,494965.0,48.61,28371.0,Result Declared,2.79,Tight / Close Contest,NDA,0.9458,INC,1.0,0
2014,Andhra Pradesh,8,Secunderabad,GEN,Bandaru Dattatreya,BJP,438271.0,70.48,M.Anjan Kumar Yadav,INC,183536.0,29.52,254735.0,Result Declared,40.97,Landslide,NDA,0.4188,INC,1.0,0
2014,Andhra Pradesh,9,Hyderabad,GEN,Asaduddin Owaisi,AIMIM,513868.0,62.27,Dr.Bhagavanth Rao,BJP,311414.0,37.73,202454.0,Result Declared,24.53,Landslide,Others / Regional,0.606,AIMIM,0.0,1
2014,Andhra Pradesh,10,Chevella,GEN,Konda Vishweshwar Reddy,TRS,435077.0,54.58,Patlolla Kartik Reddy,INC,362054.0,45.42,73023.0,Result Declared,9.16,Comfortable,Others / Regional,0.8322,INC,1.0,0
2014,Andhra Pradesh,11,Mahabubnagar,GEN,Ap Jithender Reddy,TRS,334228.0,50.19,Jaipal Reddy Sudini,INC,331638.0,49.81,2590.0,Result Declared,0.39,Tight / Close Contest,Others / Regional,0.9923,TRS,0.0,1
2014,Andhra Pradesh,12,Nagarkurnool,SC,Yellaiah Nandi,INC,420075.0,51.01,Dr. Manda Jagannath,TRS,403399.0,48.99,16676.0,Result Declared,2.03,Tight / Close Contest,UPA / I.N.D.I.A.,0.9603,INC,0.0,2
2014,Andhra Pradesh,13,Nalgonda,GEN,Gutha Sukhender Reddy,INC,472093.0,62.86,Tera Chinnapa Reddy,TDP,278937.0,37.14,193156.0,Result Declared,25.72,Landslide,UPA / I.N.D.I.A.,0.5909,INC,0.0,2
2014,Andhra Pradesh,14,Bhongir,GEN,Dr. Boora Narsaiah Goud,TRS,448245.0,51.76,Komatireddy Rajgopal Reddy,INC,417751.0,48.24,30494.0,Result Declared,3.52,Tight / Close Contest,Others / Regional,0.932,INC,1.0,0
2014,Andhra Pradesh,15,Warangal,SC,Kadiyam Srihari,TRS,661639.0,71.09,Rajaiah Siricilla,INC,269065.0,28.91,392574.0,Result Declared,42.18,Landslide,Others / Regional,0.4067,INC,1.0,0
2014,Andhra Pradesh,16,Mahabubabad,ST,Prof. Azmeera Seetaram Naik,TRS,320569.0,52.89,P. Balram,INC,285577.0,47.11,34992.0,Result Declared,5.77,Comfortable,Others / Regional,0.8908,INC,1.0,0
2014,Andhra Pradesh,17,Khammam,GEN,Ponguleti Srinivasa Reddy,YSRCP,421957.0,50.72,Nama Nageswara Rao,TDP,409983.0,49.28,11974.0,Result Declared,1.44,Tight / Close Contest,Others / Regional,0.9716,TDP,1.0,0
2014,Andhra Pradesh,18,Araku,ST,Kothapalli Geetha,YSRCP,413191.0,56.22,Gummidi Sandhyarani,TDP,321793.0,43.78,91398.0,Result Declared,12.44,Comfortable,Others / Regional,0.7788,INC,1.0,0
2014,Andhra Pradesh,19,Srikakulam,GEN,Ram Mohan Naidu Kinjarapu,TDP,556163.0,56.48,Reddy Shanthi,YSRCP,428591.0,43.52,127572.0,Result Declared,12.95,Comfortable,NDA,0.7706,INC,1.0,0
2014,Andhra Pradesh,20,Vizianagaram,GEN,Pusapati Ashok Gajapathi Raju,TDP,536549.0,55.53,V.S.K Rangarao Ravu,YSRCP,429638.0,44.47,106911.0,Result Declared,11.07,Comfortable,NDA,0.8007,INC,1.0,0
2014,Andhra Pradesh,21,Visakhapatnam,GEN,Kambhampati Hari Babu,BJP,566832.0,54.34,Y. S. Vijayamma,YSRCP,476344.0,45.66,90488.0,Result Declared,8.67,Comfortable,NDA,0.8404,INC,1.0,0
2014,Andhra Pradesh,22,Anakapalli,GEN,Muttamsetti Srinivasa Rao,TDP,568463.0,52.2,Gudivada Amarnadh,YSRCP,520531.0,47.8,47932.0,Result Declared,4.4,Tight / Close Contest,NDA,0.9157,INC,1.0,0
2014,Andhra Pradesh,23,Kakinada,GEN,Thota Narasimham,TDP,514402.0,50.17,Chalamalasetty Sunil,YSRCP,510971.0,49.83,3431.0,Result Declared,0.33,Tight / Close Contest,NDA,0.9933,INC,1.0,0
2014,Andhra Pradesh,24,Amalapuram,SC,Pandula Ravindra Babu,TDP,594547.0,55.64,Pinipe Viswarup,YSRCP,473971.0,44.36,120576.0,Result Declared,11.28,Comfortable,NDA,0.7972,INC,1.0,0
2014,Andhra Pradesh,25,Rajahmundry,GEN,Maganti Murali Mohan,TDP,630573.0,57.65,Boddu Venkata Ramana Chowdary,YSRCP,463139.0,42.35,167434.0,Result Declared,15.31,Landslide,NDA,0.7345,INC,1.0,0
2014,Andhra Pradesh,26,Narasapuram,GEN,Gokaraju Ganga Raju,BJP,540306.0,54.29,Vanka Ravindranath,YSRCP,454955.0,45.71,85351.0,Result Declared,8.58,Comfortable,NDA,0.842,INC,1.0,0
2014,Andhra Pradesh,27,Eluru,GEN,Maganti Venkateswara Rao,TDP,623471.0,54.45,Thota Chandra Sekhar,YSRCP,521545.0,45.55,101926.0,Result Declared,8.9,Comfortable,NDA,0.8365,INC,1.0,0
2014,Andhra Pradesh,28,Machilipatnam,GEN,Konakalla Narayana Rao,TDP,587280.0,53.71,Kolusu Parthasarathy,YSRCP,506223.0,46.29,81057.0,Result Declared,7.41,Comfortable,NDA,0.862,TDP,0.0,2
2014,Andhra Pradesh,29,Vijayawada,GEN,Kesineni Srinivas,TDP,592696.0,53.37,Koneru Rajendra Prasad,YSRCP,517834.0,46.63,74862.0,Result Declared,6.74,Comfortable,NDA,0.8737,INC,1.0,0
2014,Andhra Pradesh,30,Guntur,GEN,Galla Jayadev,TDP,618417.0,52.96,Vallabhaneni Balasouri,YSRCP,549306.0,47.04,69111.0,Result Declared,5.92,Comfortable,NDA,0.8882,INC,1.0,0
2014,Andhra Pradesh,31,Narasaraopet,GEN,Rayapati Sambasiva Rao,TDP,632464.0,51.43,Alla Ayodhya Rami Reddy,YSRCP,597184.0,48.57,35280.0,Result Declared,2.87,Tight / Close Contest,NDA,0.9442,TDP,0.0,1
2014,Andhra Pradesh,32,Bapatla,SC,Malyadri Sriram,TDP,578145.0,51.46,Varikuti Amruthapani,YSRCP,545391.0,48.54,32754.0,Result Declared,2.92,Tight / Close Contest,NDA,0.9433,INC,1.0,0
2014,Andhra Pradesh,33,Ongole,GEN,Y. V. Subba Reddy,YSRCP,589960.0,50.67,Magunta Sreenivasulu Reddy,TDP,574302.0,49.33,15658.0,Result Declared,1.34,Tight / Close Contest,Others / Regional,0.9735,INC,1.0,0
2014,Andhra Pradesh,34,Nandyal,GEN,S. P. Y. Reddy,YSRCP,622411.0,54.64,N. M. D. Farooq,TDP,516645.0,45.36,105766.0,Result Declared,9.29,Comfortable,Others / Regional,0.8301,INC,1.0,0
2014,Andhra Pradesh,35,Kurnool,GEN,Butta Renuka,YSRCP,472782.0,52.45,B. T. Naidu,TDP,428651.0,47.55,44131.0,Result Declared,4.9,Tight / Close Contest,Others / Regional,0.9067,INC,1.0,0
2014,Andhra Pradesh,36,Anantapur,GEN,J. C. Diwakar Reddy,TDP,606509.0,52.66,Anantha Venkatarami Reddy,YSRCP,545240.0,47.34,61269.0,Result Declared,5.32,Comfortable,NDA,0.899,INC,1.0,0
2014,Andhra Pradesh,37,Hindupur,GEN,Kristappa Nimmala,TDP,604291.0,54.38,Duddukunta Sreedhar Reddy,YSRCP,506966.0,45.62,97325.0,Result Declared,8.76,Comfortable,NDA,0.8389,TDP,0.0,1
2014,Andhra Pradesh,38,Kadapa,GEN,Y. S. Avinash Reddy,YSRCP,671983.0,58.25,Srinivasa Reddy Reddeppagari,TDP,481660.0,41.75,190323.0,Result Declared,16.5,Landslide,Others / Regional,0.7168,INC,1.0,0
2014,Andhra Pradesh,39,Nellore,GEN,Mekapati Rajamohan Reddy,YSRCP,576396.0,50.59,Adala Prabhakara Reddy,TDP,562918.0,49.41,13478.0,Result Declared,1.18,Tight / Close Contest,Others / Regional,0.9766,INC,1.0,0
2014,Andhra Pradesh,40,Tirupati,SC,Varaprasad Rao Velagapalli,YSRCP,580376.0,51.67,Karumanchi Jayaram,BJP,542951.0,48.33,37425.0,Result Declared,3.33,Tight / Close Contest,Others / Regional,0.9355,INC,1.0,0
2014,Andhra Pradesh,41,Rajampet,GEN,P. V. Midhun Reddy,YSRCP,601752.0,58.49,Daggubati Purandeswari,BJP,426990.0,41.51,174762.0,Result Declared,16.99,Landslide,Others / Regional,0.7096,INC,1.0,0
2014,Andhra Pradesh,42,Chittoor,SC,Naramalli Sivaprasad,TDP,594862.0,51.93,G Samanya Kiran,YSRCP,550724.0,48.07,44138.0,Result Declared,3.85,Tight / Close Contest,NDA,0.9258,TDP,0.0,1
2014,Arunachal Pradesh,1,Arunachal West,ST,Kiren Rijiju,BJP,169367.0,57.03,Takam Sanjoy,INC,127629.0,42.97,41738.0,Result Declared,14.05,Comfortable,NDA,0.7536,INC,1.0,0
2014,Arunachal Pradesh,2,Arunachal East,ST,Ninong Ering,INC,118455.0,52.78,Tapir Gao,BJP,105977.0,47.22,12478.0,Result Declared,5.56,Comfortable,UPA / I.N.D.I.A.,0.8947,INC,0.0,1
2014,Assam,1,Karimganj,SC,Radheshyam Biswas,AIUDF,362866.0,58.19,Krishna Das,BJP,260772.0,41.81,102094.0,Result Declared,16.37,Landslide,Others / Regional,0.7186,INC,1.0,0
2014,Assam,2,Silchar,GEN,Sushmita Dev,INC,336451.0,52.76,Kabindra Purkayastha,BJP,301210.0,47.24,35241.0,Result Declared,5.53,Comfortable,UPA / I.N.D.I.A.,0.8953,BJP,1.0,0
2014,Assam,3,Autonomous District,ST,Biren Singh Engti,INC,213152.0,53.0,Joyram Engleng,BJP,189057.0,47.0,24095.0,Result Declared,5.99,Comfortable,UPA / I.N.D.I.A.,0.887,INC,0.0,2
2014,Assam,4,Dhubri,GEN,Badruddin Ajmal,AIUDF,592569.0,62.02,Wazed Ali Choudhury,INC,362839.0,37.98,229730.0,Result Declared,24.05,Landslide,Others / Regional,0.6123,AIUDF,0.0,1
2014,Assam,5,Kokrajhar,ST,Naba Kumar Sarania,IND,634428.0,69.48,Urkhao Gwra Brahma,IND,278649.0,30.52,355779.0,Result Declared,38.96,Landslide,Others / Regional,0.4392,BPF,1.0,0
2014,Assam,6,Barpeta,GEN,Sirajuddin Ajmal,AIUDF,394702.0,52.83,Chandra Mohan Patowary,BJP,352361.0,47.17,42341.0,Result Declared,5.67,Comfortable,Others / Regional,0.8927,INC,1.0,0
2014,Assam,7,Guwahati,GEN,Bijoya Chakravarty,BJP,764985.0,63.0,Manash Borah,INC,449201.0,37.0,315784.0,Result Declared,26.01,Landslide,NDA,0.5872,BJP,0.0,1
2014,Assam,8,Mangaldoi,GEN,Ramen Deka,BJP,486357.0,51.2,Kirip Chaliha,INC,463473.0,48.8,22884.0,Result Declared,2.41,Tight / Close Contest,NDA,0.9529,BJP,0.0,2
2014,Assam,9,Tezpur,GEN,Ram Prasad Sharma,BJP,446511.0,55.33,Bhupen Kumar Borah,INC,360491.0,44.67,86020.0,Result Declared,10.66,Comfortable,NDA,0.8074,AGP,1.0,0
2014,Assam,10,Nagaon,GEN,Rajen Gohain,BJP,494146.0,58.5,Jonjonali Baruah,INC,350587.0,41.5,143559.0,Result Declared,16.99,Landslide,NDA,0.7095,BJP,0.0,2
2014,Assam,11,Kaliabor,GEN,Gourav Gogoi,INC,443315.0,55.92,Mrinal Saikia,BJP,349441.0,44.08,93874.0,Result Declared,11.84,Comfortable,UPA / I.N.D.I.A.,0.7882,INC,0.0,2
2014,Assam,12,Jorhat,GEN,Kamakhya Prasad Tasa,BJP,456420.0,56.32,Bijoy Krishna Handique,INC,354000.0,43.68,102420.0,Result Declared,12.64,Comfortable,NDA,0.7756,INC,1.0,0
2014,Assam,13,Dibrugarh,ST,Rameswar Teli,BJP,494364.0,61.54,Paban Singh Ghatowar,INC,309017.0,38.46,185347.0,Result Declared,23.07,Landslide,NDA,0.6251,INC,1.0,0
2014,Assam,14,Lakhimpur,GEN,Sarbananda Sonowal,BJP,612543.0,65.66,Ranee Narah,INC,320405.0,34.34,292138.0,Result Declared,31.31,Landslide,NDA,0.5231,INC,1.0,0
2014,Bihar,1,Valmiki Nagar,GEN,Satish Chandra Dubey,BJP,364013.0,59.65,Purnmasi Ram,INC,246218.0,40.35,117795.0,Result Declared,19.3,Landslide,NDA,0.6764,JD(U),1.0,0
2014,Bihar,2,Paschim Champaran,GEN,Sanjay Jaiswal,BJP,371232.0,58.72,Prakash Jha,JD(U),260978.0,41.28,110254.0,Result Declared,17.44,Landslide,NDA,0.703,BJP,0.0,1
2014,Bihar,3,Purvi Champaran,GEN,Radha Mohan Singh,BJP,400452.0,65.78,Binod Kumar Srivastava,RJD,208289.0,34.22,192163.0,Result Declared,31.57,Landslide,NDA,0.5201,BJP,0.0,1
2014,Bihar,4,Sheohar,GEN,Rama Devi,BJP,372506.0,61.19,Md Anwarul Haque,RJD,236267.0,38.81,136239.0,Result Declared,22.38,Landslide,NDA,0.6343,BJP,0.0,1
2014,Bihar,5,Sitamarhi,GEN,Ram Kumar Sharma,Rashtriya Lok Samta Party,411265.0,60.97,Sitaram Yadav,RJD,263300.0,39.03,147965.0,Result Declared,21.93,Landslide,Others / Regional,0.6402,JD(U),1.0,0
2014,Bihar,6,Madhubani,GEN,Hukm Deo Narayan Yadav,BJP,358040.0,51.48,Abdul Bari Siddiqui,RJD,337505.0,48.52,20535.0,Result Declared,2.95,Tight / Close Contest,NDA,0.9426,BJP,0.0,1
2014,Bihar,7,Jhanjharpur,GEN,Birendra Kumar Chaudhary,BJP,335481.0,54.5,Mangani Lal Mandal,RJD,280073.0,45.5,55408.0,Result Declared,9.0,Comfortable,NDA,0.8348,JD(U),1.0,0
2014,Bihar,8,Supaul,GEN,Ranjeet Ranjan,INC,332927.0,54.92,Dileshwar Kamait,JD(U),273255.0,45.08,59672.0,Result Declared,9.84,Comfortable,UPA / I.N.D.I.A.,0.8208,JD(U),1.0,0
2014,Bihar,9,Araria,GEN,Tasleem Uddin,RJD,407978.0,60.94,Pradeep Kumar Singh,BJP,261474.0,39.06,146504.0,Result Declared,21.88,Landslide,UPA / I.N.D.I.A.,0.6409,BJP,1.0,0
2014,Bihar,10,Kishanganj,GEN,Mohammad Asrarul Haque,INC,493461.0,62.28,Dilip Kumar Jaiswal,BJP,298849.0,37.72,194612.0,Result Declared,24.56,Landslide,UPA / I.N.D.I.A.,0.6056,INC,0.0,1
2014,Bihar,11,Katihar,GEN,Tariq Anwar,NCP,431292.0,57.67,Nikhil Kumar Choudhary,BJP,316552.0,42.33,114740.0,Result Declared,15.34,Landslide,NDA,0.734,BJP,1.0,0
2014,Bihar,12,Purnia,GEN,Santosh Kumar,JD(U),418826.0,58.09,Uday Singh,BJP,302157.0,41.91,116669.0,Result Declared,16.18,Landslide,NDA,0.7214,BJP,1.0,0
2014,Bihar,13,Madhepura,GEN,Rajesh Ranjan,RJD,368937.0,54.12,Sharad Yadav,JD(U),312728.0,45.88,56209.0,Result Declared,8.25,Comfortable,UPA / I.N.D.I.A.,0.8476,JD(U),1.0,0
2014,Bihar,14,Darbhanga,GEN,Kirti Azad,BJP,314949.0,52.95,Mohammad Ali Ashraf Fatmi,RJD,279906.0,47.05,35043.0,Result Declared,5.89,Comfortable,NDA,0.8887,BJP,0.0,1
2014,Bihar,15,Muzaffarpur,GEN,Ajay Nishad,BJP,469295.0,65.53,Akhilesh Prasad Singh,INC,246873.0,34.47,222422.0,Result Declared,31.06,Landslide,NDA,0.5261,JD(U),1.0,0
2014,Bihar,16,Vaishali,GEN,Rama Kishore Singh,LJP,305450.0,59.7,Raghuvansh Prasad Singh,RJD,206183.0,40.3,99267.0,Result Declared,19.4,Landslide,NDA,0.675,RJD,1.0,0
2014,Bihar,17,Gopalganj,SC,Janak Ram,BJP,478773.0,71.39,Jyoti Bharti,INC,191837.0,28.61,286936.0,Result Declared,42.79,Landslide,NDA,0.4007,JD(U),1.0,0
2014,Bihar,18,Siwan,GEN,Om Prakash Yadav,BJP,372670.0,59.01,Hena Shahab,RJD,258823.0,40.99,113847.0,Result Declared,18.03,Landslide,NDA,0.6945,IND,1.0,0
2014,Bihar,19,Maharajganj,GEN,Janardan Singh Sigriwal,BJP,320753.0,53.18,Prabhunath Singh,RJD,282338.0,46.82,38415.0,Result Declared,6.37,Comfortable,NDA,0.8802,RJD,1.0,0
2014,Bihar,20,Saran,GEN,Rajiv Pratap Rudy,BJP,355120.0,53.06,Rabri Devi,RJD,314172.0,46.94,40948.0,Result Declared,6.12,Comfortable,NDA,0.8847,RJD,1.0,0
2014,Bihar,21,Hajipur,SC,Ram Vilas Paswan,LJP,455652.0,66.44,Sanjeev Prasad Toni,INC,230152.0,33.56,225500.0,Result Declared,32.88,Landslide,NDA,0.5051,JD(U),1.0,0
2014,Bihar,22,Ujiarpur,GEN,Nityanand Rai,BJP,317352.0,55.27,Alok Kumar Mehta,RJD,256883.0,44.73,60469.0,Result Declared,10.53,Comfortable,NDA,0.8095,JD(U),1.0,0
2014,Bihar,23,Samastipur,SC,Ram Chandra Paswan,LJP,270401.0,50.64,Ashok Kumar,INC,263529.0,49.36,6872.0,Result Declared,1.29,Tight / Close Contest,NDA,0.9746,JD(U),1.0,0
2014,Bihar,24,Begusarai,GEN,Bhola Singh,BJP,428227.0,53.65,Md. Tanveer Hassan,RJD,369892.0,46.35,58335.0,Result Declared,7.31,Comfortable,NDA,0.8638,JD(U),1.0,0
2014,Bihar,25,Khagaria,GEN,Mehboob Ali Kaiser,LJP,313806.0,56.89,Krishna Kumari Yadav,RJD,237803.0,43.11,76003.0,Result Declared,13.78,Comfortable,NDA,0.7578,JD(U),1.0,0
2014,Bihar,26,Bhagalpur,GEN,Shailesh Kumar Mandal,RJD,367623.0,50.65,Syed Shahnawaz Hussain,BJP,358138.0,49.35,9485.0,Result Declared,1.31,Tight / Close Contest,UPA / I.N.D.I.A.,0.9742,BJP,1.0,0
2014,Bihar,27,Banka,GEN,Jay Prakash Narayan Yadav,RJD,285150.0,50.91,Putul Kumari,BJP,275006.0,49.09,10144.0,Result Declared,1.81,Tight / Close Contest,UPA / I.N.D.I.A.,0.9644,IND,1.0,0
2014,Bihar,28,Munger,GEN,Veena Devi,LJP,352911.0,59.14,Rajiv Ranjan Singh,JD(U),243827.0,40.86,109084.0,Result Declared,18.28,Landslide,NDA,0.6909,JD(U),1.0,0
2014,Bihar,29,Nalanda,GEN,Kaushalendra Kumar,JD(U),321982.0,50.76,Satya Nand Sharma,LJP,312355.0,49.24,9627.0,Result Declared,1.52,Tight / Close Contest,NDA,0.9701,JD(U),0.0,1
2014,Bihar,30,Patna Sahib,GEN,Shatrughan Sinha,BJP,485905.0,68.82,Kunal Singh,INC,220100.0,31.18,265805.0,Result Declared,37.65,Landslide,NDA,0.453,BJP,0.0,1
2014,Bihar,31,Pataliputra,GEN,Ram Kripal Yadav,BJP,383262.0,52.78,Misa Bharti,RJD,342940.0,47.22,40322.0,Result Declared,5.55,Comfortable,NDA,0.8948,JD(U),1.0,0
2014,Bihar,32,Arrah,GEN,R. K. Singh,BJP,391074.0,60.51,Sribhagwan Singh Kushwaha,RJD,255204.0,39.49,135870.0,Result Declared,21.02,Landslide,NDA,0.6526,JD(U),1.0,0
2014,Bihar,33,Buxar,GEN,Ashwini Kumar Choubey,BJP,319012.0,63.08,Jagada Nand Singh,RJD,186674.0,36.92,132338.0,Result Declared,26.17,Landslide,NDA,0.5852,RJD,1.0,0
2014,Bihar,34,Sasaram,SC,Chhedi Paswan,BJP,366087.0,54.73,Meira Kumar,INC,302760.0,45.27,63327.0,Result Declared,9.47,Comfortable,NDA,0.827,INC,1.0,0
2014,Bihar,35,Karakat,GEN,Upendra Kushwaha,Rashtriya Lok Samta Party,338892.0,59.19,Kanti Singh,RJD,233651.0,40.81,105241.0,Result Declared,18.38,Landslide,Others / Regional,0.6895,JD(U),1.0,0
2014,Bihar,36,Jahanabad,GEN,Arun Kumar,Rashtriya Lok Samta Party,322647.0,53.51,Surendra Prasad Yadav,RJD,280307.0,46.49,42340.0,Result Declared,7.02,Comfortable,Others / Regional,0.8688,JD(U),1.0,0
2014,Bihar,37,Aurangabad,GEN,Sushil Kumar Singh,BJP,307941.0,56.04,Nikhil Kumar,INC,241594.0,43.96,66347.0,Result Declared,12.07,Comfortable,NDA,0.7845,JD(U),1.0,0
2014,Bihar,38,Gaya,SC,Hari Manjhi,BJP,326230.0,60.76,Ramji Manjhi,RJD,210726.0,39.24,115504.0,Result Declared,21.51,Landslide,NDA,0.6459,BJP,0.0,1
2014,Bihar,39,Nawada,GEN,Giriraj Singh,BJP,390248.0,60.94,Raj Ballabh Prasad,RJD,250091.0,39.06,140157.0,Result Declared,21.89,Landslide,NDA,0.6409,BJP,0.0,1
2014,Bihar,40,Jamui,SC,Chirag Paswan,LJP,285354.0,58.86,Sudhansu Shekhar Bhaskar,RJD,199407.0,41.14,85947.0,Result Declared,17.73,Landslide,NDA,0.6988,JD(U),1.0,0
2014,Chandigarh,1,Chandigarh,GEN,Kirron Kher,BJP,191362.0,61.12,Pawan Kumar Bansal,INC,121720.0,38.88,69642.0,Result Declared,22.24,Landslide,NDA,0.6361,INC,1.0,0
2014,Chhattisgarh,1,Sarguja,ST,Kamalbhan Singh Marabi,BJP,585336.0,57.19,Ram Dev Ram,INC,438100.0,42.81,147236.0,Result Declared,14.39,Comfortable,NDA,0.7485,BJP,0.0,2
2014,Chhattisgarh,2,Raigarh,ST,Vishnu Deo Sai,BJP,662478.0,59.78,Arti Singh,INC,445728.0,40.22,216750.0,Result Declared,19.56,Landslide,NDA,0.6728,BJP,0.0,2
2014,Chhattisgarh,3,Janjgir-Champa,SC,Kamla Patle,BJP,518909.0,60.14,Prem Chand Jayasi,INC,343948.0,39.86,174961.0,Result Declared,20.28,Landslide,NDA,0.6628,BJP,0.0,2
2014,Chhattisgarh,4,Korba,GEN,Banshilal Mahto,BJP,439002.0,50.24,Charan Das Mahant,INC,434737.0,49.76,4265.0,Result Declared,0.49,Tight / Close Contest,NDA,0.9903,INC,1.0,0
2014,Chhattisgarh,5,Bilaspur,GEN,Lakhan Lal Sahu,BJP,561387.0,59.32,Karuna Shukla,INC,384951.0,40.68,176436.0,Result Declared,18.64,Landslide,NDA,0.6857,BJP,0.0,2
2014,Chhattisgarh,6,Rajnandgaon,GEN,Abhishek Singh,BJP,643473.0,61.22,Kamleshwar Verma,INC,407562.0,38.78,235911.0,Result Declared,22.45,Landslide,NDA,0.6334,BJP,0.0,2
2014,Chhattisgarh,7,Durg,GEN,Tamradhwaj Sahu,INC,570687.0,50.75,Saroj Pandey,BJP,553839.0,49.25,16848.0,Result Declared,1.5,Tight / Close Contest,UPA / I.N.D.I.A.,0.9705,BJP,1.0,0
2014,Chhattisgarh,8,Raipur,GEN,Ramesh Bais,BJP,654922.0,57.54,Satya Narayan Sharma,INC,483276.0,42.46,171646.0,Result Declared,15.08,Landslide,NDA,0.7379,BJP,0.0,2
2014,Chhattisgarh,9,Mahasamund,GEN,Chandu Lal Sahu,BJP,503514.0,50.06,Ajit Jogi,INC,502297.0,49.94,1217.0,Result Declared,0.12,Tight / Close Contest,NDA,0.9976,BJP,0.0,2
2014,Chhattisgarh,10,Bastar,ST,Dinesh Kashyap,BJP,385829.0,59.61,Deepak Karma,INC,261470.0,40.39,124359.0,Result Declared,19.21,Landslide,NDA,0.6777,BJP,0.0,2
2014,Chhattisgarh,11,Kanker,ST,Vikram Usendi,BJP,465215.0,51.96,Foolodevi Netam,INC,430057.0,48.04,35158.0,Result Declared,3.93,Tight / Close Contest,NDA,0.9244,BJP,0.0,2
2014,Dadra and Nagar Haveli,1,Dadra And Nagar Haveli,ST,Natubhai Gomanbhai Patel,BJP,80790.0,52.0,Mohanbhai Sanjibhai Delkar,INC,74576.0,48.0,6214.0,Result Declared,4.0,Tight / Close Contest,NDA,0.9231,BJP,0.0,1
2014,Daman and Diu,1,Daman And Diu,GEN,Lalubhai Patel,BJP,46960.0,55.44,Ketan Patel,INC,37738.0,44.56,9222.0,Result Declared,10.89,Comfortable,NDA,0.8036,BJP,0.0,1
2014,Delhi,1,Chandni Chowk,GEN,Harsh Vardhan,BJP,437938.0,59.22,Ashutosh,AAP,301618.0,40.78,136320.0,Result Declared,18.43,Landslide,NDA,0.6887,INC,1.0,0
2014,Delhi,2,North East Delhi,GEN,Manoj Tiwari,BJP,596125.0,56.87,Anand Kumar,AAP,452041.0,43.13,144084.0,Result Declared,13.75,Comfortable,NDA,0.7583,INC,1.0,0
2014,Delhi,3,East Delhi,GEN,Maheish Girri,BJP,572202.0,59.98,Rajmohan Gandhi,AAP,381739.0,40.02,190463.0,Result Declared,19.97,Landslide,NDA,0.6671,INC,1.0,0
2014,Delhi,4,New Delhi,GEN,Meenakshi Lekhi,BJP,453350.0,60.93,Ashish Khetan,AAP,290642.0,39.07,162708.0,Result Declared,21.87,Landslide,NDA,0.6411,INC,1.0,0
2014,Delhi,5,North West Delhi,SC,Udit Raj,BJP,629860.0,54.63,Rakhi Birla,AAP,523058.0,45.37,106802.0,Result Declared,9.26,Comfortable,NDA,0.8304,INC,1.0,0
2014,Delhi,6,West Delhi,GEN,Parvesh Verma,BJP,651395.0,62.99,Jarnail Singh,AAP,382809.0,37.01,268586.0,Result Declared,25.97,Landslide,NDA,0.5877,INC,1.0,0
2014,Delhi,7,South Delhi,GEN,Ramesh Bidhuri,BJP,497980.0,56.02,Devinder Sehrawat,AAP,390980.0,43.98,107000.0,Result Declared,12.04,Comfortable,NDA,0.7851,INC,1.0,0
2014,Goa,1,North Goa,GEN,Shripad Yesso Naik,BJP,237903.0,64.26,Ravi Naik,INC,132304.0,35.74,105599.0,Result Declared,28.52,Landslide,NDA,0.5561,BJP,0.0,2
2014,Goa,2,South Goa,GEN,Narendra Keshav Sawaikar,BJP,198776.0,54.43,Aleixo Lourenco,INC,166446.0,45.57,32330.0,Result Declared,8.85,Comfortable,NDA,0.8374,INC,1.0,0
2014,Gujarat,1,Kachchh,SC,Vinodbhai Chavda,BJP,562855.0,64.6,Dinesh Parmar,INC,308373.0,35.4,254482.0,Result Declared,29.21,Landslide,NDA,0.5479,BJP,0.0,2
2014,Gujarat,2,Banaskantha,GEN,Haribhai Parthibhai Chaudhary,BJP,507856.0,62.44,Patel Joitabhai Kasnabhai,INC,305522.0,37.56,202334.0,Result Declared,24.88,Landslide,NDA,0.6016,INC,1.0,0
2014,Gujarat,3,Patan,GEN,Liladhar Vaghela,BJP,518538.0,57.72,Bhavsinh Rathod,INC,379819.0,42.28,138719.0,Result Declared,15.44,Landslide,NDA,0.7325,INC,1.0,0
2014,Gujarat,4,Mahesana,GEN,Jayshreeben Patel,BJP,580250.0,60.98,Jivabhai Ambalal Patel,INC,371359.0,39.02,208891.0,Result Declared,21.95,Landslide,NDA,0.64,BJP,0.0,2
2014,Gujarat,5,Sabarkantha,GEN,Dipsinh Rathod,BJP,552205.0,54.14,Shankersinh Vaghela,INC,467750.0,45.86,84455.0,Result Declared,8.28,Comfortable,NDA,0.8471,BJP,0.0,2
2014,Gujarat,6,Gandhinagar,GEN,L. K. Advani,BJP,773539.0,72.7,Kiritbhai Patel,INC,290418.0,27.3,483121.0,Result Declared,45.41,Landslide,NDA,0.3754,BJP,0.0,1
2014,Gujarat,7,Ahmedabad East,GEN,Paresh Rawal,BJP,633582.0,67.36,Himmatsingh Prahladsingh Patel,INC,306949.0,32.64,326633.0,Result Declared,34.73,Landslide,NDA,0.4845,BJP,0.0,1
2014,Gujarat,8,Ahmedabad West,SC,Kirit Solanki,BJP,617104.0,67.52,Ishwarbahi Makwana,INC,296793.0,32.48,320311.0,Result Declared,35.05,Landslide,NDA,0.4809,BJP,0.0,2
2014,Gujarat,9,Surendranagar,GEN,Devjibhai Fatepara,BJP,529003.0,61.86,Somabhai Patel,INC,326096.0,38.14,202907.0,Result Declared,23.73,Landslide,NDA,0.6164,INC,1.0,0
2014,Gujarat,10,Rajkot,GEN,Mohan Kundariya,BJP,621524.0,62.36,Kunwarjibhai Bavaliya,INC,375096.0,37.64,246428.0,Result Declared,24.73,Landslide,NDA,0.6035,INC,1.0,0
2014,Gujarat,11,Porbandar,GEN,Vitthal Radadiya,BJP,508437.0,67.89,Kandhal Jadeja,NCP,240466.0,32.11,267971.0,Result Declared,35.78,Landslide,NDA,0.473,INC,1.0,0
2014,Gujarat,12,Jamnagar,GEN,Poonamben Maadam,BJP,484412.0,61.04,Vikram Madam,INC,309123.0,38.96,175289.0,Result Declared,22.09,Landslide,NDA,0.6381,INC,1.0,0
2014,Gujarat,13,Junagadh,GEN,Rajesh Chudasama,BJP,513179.0,57.63,Punjabhai Vansh,INC,377347.0,42.37,135832.0,Result Declared,15.25,Landslide,NDA,0.7353,BJP,0.0,2
2014,Gujarat,14,Amreli,GEN,Naranbhai Kachhadia,BJP,436715.0,60.89,Virjibhai Thummar,INC,280483.0,39.11,156232.0,Result Declared,21.78,Landslide,NDA,0.6423,BJP,0.0,1
2014,Gujarat,15,Bhavnagar,GEN,Bharti Shiyal,BJP,549529.0,68.39,Pravinbhai Rathod,INC,254041.0,31.61,295488.0,Result Declared,36.77,Landslide,NDA,0.4623,BJP,0.0,1
2014,Gujarat,16,Anand,GEN,Dilip Patel,BJP,490829.0,53.45,Bharatsinh Solanki,INC,427403.0,46.55,63426.0,Result Declared,6.91,Comfortable,NDA,0.8708,INC,1.0,0
2014,Gujarat,17,Kheda,GEN,Devusinh Chauhan,BJP,568235.0,62.89,Dinsha Patel,INC,335334.0,37.11,232901.0,Result Declared,25.78,Landslide,NDA,0.5901,INC,1.0,0
2014,Gujarat,18,Panchmahal,GEN,Prabhatsinh Chauhan,BJP,508274.0,60.08,Ramsinh Parmar,INC,337678.0,39.92,170596.0,Result Declared,20.17,Landslide,NDA,0.6644,BJP,0.0,2
2014,Gujarat,19,Dahod,ST,Jasvantsinh Bhabhor,BJP,511111.0,64.54,Prabha Kishor Taviad,INC,280757.0,35.46,230354.0,Result Declared,29.09,Landslide,NDA,0.5493,INC,1.0,0
2014,Gujarat,20,Vadodara,GEN,Narendra Modi,BJP,845464.0,75.43,Madhusudan Mistry,INC,275336.0,24.57,570128.0,Result Declared,50.87,Landslide,NDA,0.3257,BJP,0.0,1
2014,Gujarat,21,Chhota Udaipur,ST,Ramsinh Rathwa,BJP,607916.0,58.67,Naranbhai Rathwa,INC,428187.0,41.33,179729.0,Result Declared,17.35,Landslide,NDA,0.7044,BJP,0.0,1
2014,Gujarat,22,Bharuch,GEN,Mansukhbhai Vasava,BJP,548902.0,58.11,Jayeshbhai Patel,INC,395629.0,41.89,153273.0,Result Declared,16.23,Landslide,NDA,0.7208,BJP,0.0,2
2014,Gujarat,23,Bardoli,ST,Parbhubhai Vasava,BJP,622769.0,55.52,Tusharbhai Chaudhari,INC,498885.0,44.48,123884.0,Result Declared,11.04,Comfortable,NDA,0.8011,INC,1.0,0
2014,Gujarat,24,Surat,GEN,Darshana Jardosh,BJP,718412.0,79.5,Naishadh Desai,INC,185222.0,20.5,533190.0,Result Declared,59.01,Landslide,NDA,0.2578,BJP,0.0,2
2014,Gujarat,25,Navsari,GEN,C. R. Patil,BJP,820831.0,75.75,Maksud Mirza,INC,262715.0,24.25,558116.0,Result Declared,51.51,Landslide,NDA,0.3201,BJP,0.0,1
2014,Gujarat,26,Valsad,ST,K C Patel,BJP,617772.0,60.12,Kishanbhai Patel,INC,409768.0,39.88,208004.0,Result Declared,20.24,Landslide,NDA,0.6633,INC,1.0,0
2014,Haryana,1,Ambala,SC,Rattan Lal Kataria,BJP,612121.0,69.23,Raj Kumar Balmiki,INC,272047.0,30.77,340074.0,Result Declared,38.46,Landslide,NDA,0.4444,INC,1.0,0
2014,Haryana,2,Kurukshetra,GEN,Raj Kumar Saini,BJP,418112.0,59.18,Balbir Singh Saini,Indian National Lok Dal,288376.0,40.82,129736.0,Result Declared,18.36,Landslide,NDA,0.6897,INC,1.0,0
2014,Haryana,3,Sirsa,SC,Charanjeet Singh Rori,Indian National Lok Dal,506370.0,56.45,Ashok Tanwar,INC,390634.0,43.55,115736.0,Result Declared,12.9,Comfortable,Others / Regional,0.7714,INC,1.0,0
2014,Haryana,4,Hisar,GEN,Dushyant Chautala,Indian National Lok Dal,494478.0,51.66,Kuldeep Bishnoi,Haryana Janhit Congress (Bl),462631.0,48.34,31847.0,Result Declared,3.33,Tight / Close Contest,Others / Regional,0.9356,Haryana Janhit Congress (Bl),1.0,0
2014,Haryana,5,Karnal,GEN,Ashwini Kumar Chopra,BJP,594817.0,71.71,Arvind Kumar Sharma,INC,234670.0,28.29,360147.0,Result Declared,43.42,Landslide,NDA,0.3945,INC,1.0,0
2014,Haryana,6,Sonipat,GEN,Ramesh Chander Kaushik,BJP,347203.0,56.27,Jagbir Singh Malik,INC,269789.0,43.73,77414.0,Result Declared,12.55,Comfortable,NDA,0.777,INC,1.0,0
2014,Haryana,7,Rohtak,GEN,Deepender Singh Hooda,INC,490063.0,60.54,Om Parkash Dhankar,BJP,319436.0,39.46,170627.0,Result Declared,21.08,Landslide,UPA / I.N.D.I.A.,0.6518,INC,0.0,2
2014,Haryana,8,Bhiwani-Mahendragarh,GEN,Dharambir Singh,BJP,404542.0,59.52,Bahadur Singh,Indian National Lok Dal,275148.0,40.48,129394.0,Result Declared,19.04,Landslide,NDA,0.6801,INC,1.0,0
2014,Haryana,9,Gurgaon,GEN,Rao Inderjit Singh,BJP,644780.0,63.54,Zakir Hussain,Indian National Lok Dal,370058.0,36.46,274722.0,Result Declared,27.07,Landslide,NDA,0.5739,INC,1.0,0
2014,Haryana,10,Faridabad,GEN,Krishan Pal Gurjar,BJP,652516.0,77.85,Avtar Singh Bhadana,INC,185643.0,22.15,466873.0,Result Declared,55.7,Landslide,NDA,0.2845,INC,1.0,0
2014,Himachal Pradesh,1,Kangra,GEN,Shanta Kumar,BJP,456163.0,61.46,Chander Kumar,INC,286091.0,38.54,170072.0,Result Declared,22.91,Landslide,NDA,0.6272,BJP,0.0,1
2014,Himachal Pradesh,2,Mandi,GEN,Ram Swaroop Sharma,BJP,362824.0,52.91,Pratibha Singh,INC,322968.0,47.09,39856.0,Result Declared,5.81,Comfortable,NDA,0.8902,INC,1.0,0
2014,Himachal Pradesh,3,Hamirpur,GEN,Anurag Thakur,BJP,448035.0,56.17,Rajinder Singh Rana,INC,349632.0,43.83,98403.0,Result Declared,12.34,Comfortable,NDA,0.7804,BJP,0.0,1
2014,Himachal Pradesh,4,Shimla,SC,Virender Kashyap,BJP,385973.0,56.12,Mohal Lal Brakta,INC,301786.0,43.88,84187.0,Result Declared,12.24,Comfortable,NDA,0.7819,BJP,0.0,2
2014,Jammu and Kashmir,1,Baramulla,GEN,Muzaffar Hussain Baig,JKPDP,175277.0,54.55,Sharifuddin Shariq,JKNC,146058.0,45.45,29219.0,Result Declared,9.09,Comfortable,Others / Regional,0.8333,JKNC,1.0,0
2014,Jammu and Kashmir,2,Srinagar,GEN,Tariq Hameed Karra,JKPDP,157923.0,57.73,Farooq Abdullah,JKNC,115643.0,42.27,42280.0,Result Declared,15.46,Landslide,Others / Regional,0.7323,JKNC,1.0,0
2014,Jammu and Kashmir,3,Anantnag,GEN,Mehbooba Mufti,JKPDP,200429.0,59.75,Mirza Mehboob Beg,JKNC,135012.0,40.25,65417.0,Result Declared,19.5,Landslide,Others / Regional,0.6736,JKNC,1.0,0
2014,Jammu and Kashmir,4,Ladakh,ST,Thupstan Chhewang,BJP,31111.0,50.03,Ghulam Raza,IND,31075.0,49.97,36.0,Result Declared,0.06,Tight / Close Contest,NDA,0.9988,IND,1.0,0
2014,Jammu and Kashmir,5,Udhampur,GEN,Jitendra Singh,BJP,487369.0,53.34,Ghulam Nabi Azad,INC,426393.0,46.66,60976.0,Result Declared,6.67,Comfortable,NDA,0.8749,INC,1.0,0
2014,Jammu and Kashmir,6,Jammu,GEN,Jugal Kishore Sharma,BJP,619995.0,63.09,Madan Lal Sharma,INC,362715.0,36.91,257280.0,Result Declared,26.18,Landslide,NDA,0.585,INC,1.0,0
2014,Jharkhand,1,Rajmahal,ST,Vijay Hansdak,JMM,379507.0,52.88,Hemlal Murmu,BJP,338170.0,47.12,41337.0,Result Declared,5.76,Comfortable,UPA / I.N.D.I.A.,0.8911,BJP,1.0,0
2014,Jharkhand,2,Dumka,ST,Shibu Soren,JMM,335815.0,53.08,Sunil Soren,BJP,296785.0,46.92,39030.0,Result Declared,6.17,Comfortable,UPA / I.N.D.I.A.,0.8838,JMM,0.0,2
2014,Jharkhand,3,Godda,GEN,Nishikant Dubey,BJP,380500.0,54.33,Furkan Ansari,INC,319818.0,45.67,60682.0,Result Declared,8.66,Comfortable,NDA,0.8405,BJP,0.0,1
2014,Jharkhand,4,Chatra,GEN,Sunil Kumar Singh,BJP,295862.0,71.52,Dhiraj Prasad Sahu,INC,117836.0,28.48,178026.0,Result Declared,43.03,Landslide,NDA,0.3983,IND,1.0,0
2014,Jharkhand,5,Kodarma,GEN,Ravindra Kumar Ray,BJP,365410.0,57.8,Raj Kumar Yadav,CPI(ML)L,266756.0,42.2,98654.0,Result Declared,15.61,Landslide,NDA,0.73,Jharkhand Vikas Morcha (Prajatantrik),1.0,0
2014,Jharkhand,6,Giridih,GEN,Ravindra Kumar Pandey,BJP,391913.0,52.71,Jagarnath Mahto,JMM,351600.0,47.29,40313.0,Result Declared,5.42,Comfortable,NDA,0.8971,BJP,0.0,1
2014,Jharkhand,7,Dhanbad,GEN,Pashupati Nath Singh,BJP,543491.0,68.45,Ajay Kumar Dubey,INC,250537.0,31.55,292954.0,Result Declared,36.89,Landslide,NDA,0.461,BJP,0.0,1
2014,Jharkhand,8,Ranchi,GEN,Ram Tahal Choudhary,BJP,448729.0,64.27,Subodh Kant Sahay,INC,249426.0,35.73,199303.0,Result Declared,28.55,Landslide,NDA,0.5558,INC,1.0,0
2014,Jharkhand,9,Jamshedpur,GEN,Bidyut Baran Mahato,BJP,464153.0,56.03,Ajoy Kumar,Jharkhand Vikas Morcha (Prajatantrik),364277.0,43.97,99876.0,Result Declared,12.06,Comfortable,NDA,0.7848,BJP,0.0,1
2014,Jharkhand,10,Singhbhum,SC,Laxman Giluwa,BJP,303131.0,58.44,Geeta Koda,Jai Bharat Samanta Party,215607.0,41.56,87524.0,Result Declared,16.87,Landslide,NDA,0.7113,IND,1.0,0
2014,Jharkhand,11,Khunti,ST,Karia Munda,BJP,269185.0,60.34,Anosh Ekka,Jharkhand Party,176937.0,39.66,92248.0,Result Declared,20.68,Landslide,NDA,0.6573,BJP,0.0,1
2014,Jharkhand,12,Lohardaga,ST,Sudarshan Bhagat,BJP,226666.0,50.73,Rameshwar Oraon,INC,220177.0,49.27,6489.0,Result Declared,1.45,Tight / Close Contest,NDA,0.9714,BJP,0.0,1
2014,Jharkhand,13,Palamu,SC,Vishnu Dayal Ram,BJP,476513.0,69.15,Manoj Kumar,RJD,212571.0,30.85,263942.0,Result Declared,38.3,Landslide,NDA,0.4461,JMM,1.0,0
2014,Jharkhand,14,Hazaribagh,GEN,Jayant Sinha,BJP,406931.0,62.15,Saurabh Narain Singh,INC,247803.0,37.85,159128.0,Result Declared,24.3,Landslide,NDA,0.609,BJP,0.0,1
2014,Karnataka,1,Chikkodi,GEN,Prakash Hukkeri,INC,474373.0,50.16,Ramesh Katti,BJP,471370.0,49.84,3003.0,Result Declared,0.32,Tight / Close Contest,UPA / I.N.D.I.A.,0.9937,BJP,1.0,0
2014,Karnataka,2,Belgaum,GEN,Suresh Angadi,BJP,554417.0,53.67,Lakshmi Hebbalkar,INC,478557.0,46.33,75860.0,Result Declared,7.34,Comfortable,NDA,0.8632,BJP,0.0,1
2014,Karnataka,3,Bagalkot,GEN,P. C. Gaddigoudar,BJP,571548.0,55.68,Ajay Kumar Sarnaik,INC,454988.0,44.32,116560.0,Result Declared,11.35,Comfortable,NDA,0.7961,BJP,0.0,1
2014,Karnataka,4,Bijapur,SC,Ramesh Jigajinagi,BJP,471757.0,54.0,Prakash Rathod,INC,401938.0,46.0,69819.0,Result Declared,7.99,Comfortable,NDA,0.852,BJP,0.0,1
2014,Karnataka,5,Gulbarga,SC,Mallikarjun Kharge,INC,507193.0,53.98,Revunaik Belamagi,BJP,432460.0,46.02,74733.0,Result Declared,7.95,Comfortable,UPA / I.N.D.I.A.,0.8527,INC,0.0,1
2014,Karnataka,6,Raichur,ST,B.V.Nayak,INC,443659.0,50.08,Arakera Shivanagouda Nayak,BJP,442160.0,49.92,1499.0,Result Declared,0.17,Tight / Close Contest,UPA / I.N.D.I.A.,0.9966,BJP,1.0,0
2014,Karnataka,7,Bidar,GEN,Bhagwanth Khuba,BJP,459290.0,55.58,N. Dharam Singh,INC,367068.0,44.42,92222.0,Result Declared,11.16,Comfortable,NDA,0.7992,INC,1.0,0
2014,Karnataka,8,Koppal,GEN,Karadi Sanganna,BJP,486383.0,51.72,Basavaraj Hitnal,INC,453969.0,48.28,32414.0,Result Declared,3.45,Tight / Close Contest,NDA,0.9334,BJP,0.0,2
2014,Karnataka,9,Bellary,ST,B. Sreeramulu,BJP,534406.0,54.33,N.Y. Hanumantappa,INC,449262.0,45.67,85144.0,Result Declared,8.66,Comfortable,NDA,0.8407,BJP,0.0,1
2014,Karnataka,10,Haveri,GEN,Udasi Shivakumar Channabasappa,BJP,566790.0,54.19,Saleem Ahmed,INC,479219.0,45.81,87571.0,Result Declared,8.37,Comfortable,NDA,0.8455,BJP,0.0,1
2014,Karnataka,11,Dharwad,GEN,Pralhad Joshi,BJP,545395.0,55.82,Vinay Kulkarni,INC,431738.0,44.18,113657.0,Result Declared,11.63,Comfortable,NDA,0.7916,BJP,0.0,1
2014,Karnataka,12,Uttara Kannada,GEN,Anantkumar Hegde,BJP,546939.0,57.38,Prashant R Deshpande,INC,406239.0,42.62,140700.0,Result Declared,14.76,Comfortable,NDA,0.7428,BJP,0.0,2
2014,Karnataka,13,Davanagere,GEN,G M Siddeshwara,BJP,518894.0,50.86,S.S. Mallikarjun,INC,501287.0,49.14,17607.0,Result Declared,1.73,Tight / Close Contest,NDA,0.9661,BJP,0.0,2
2014,Karnataka,14,Shimoga,GEN,B. S. Yeddyurappa,BJP,606216.0,71.39,Manjunath Bhandary,INC,242911.0,28.61,363305.0,Result Declared,42.79,Landslide,NDA,0.4007,BJP,0.0,1
2014,Karnataka,15,Udupi Chikmagalur,GEN,Shobha Karandlaje,BJP,581168.0,59.26,K Jayaprakash Hegde,INC,399525.0,40.74,181643.0,Result Declared,18.52,Landslide,NDA,0.6875,BJP,0.0,1
2014,Karnataka,16,Hassan,GEN,H.D. Devegowda,JD(S),509841.0,55.46,Manju. A.,INC,409379.0,44.54,100462.0,Result Declared,10.93,Comfortable,Others / Regional,0.803,JD(S),0.0,1
2014,Karnataka,17,Dakshina Kannada,GEN,Nalin Kumar Kateel,BJP,642739.0,56.29,Janardhana Poojary,INC,499030.0,43.71,143709.0,Result Declared,12.59,Comfortable,NDA,0.7764,BJP,0.0,2
2014,Karnataka,18,Chitradurga,SC,B.N.Chandrappa,INC,467511.0,56.07,Janardhana Swamy,BJP,366220.0,43.93,101291.0,Result Declared,12.15,Comfortable,UPA / I.N.D.I.A.,0.7833,BJP,1.0,0
2014,Karnataka,19,Tumkur,GEN,Muddahanumegowda.S.P.,INC,429868.0,54.71,G.S.Basavaraj,BJP,355827.0,45.29,74041.0,Result Declared,9.42,Comfortable,UPA / I.N.D.I.A.,0.8278,BJP,1.0,0
2014,Karnataka,20,Mandya,GEN,C.S.Puttaraju,JD(S),524370.0,50.26,Ramya,INC,518852.0,49.74,5518.0,Result Declared,0.53,Tight / Close Contest,Others / Regional,0.9895,JD(S),0.0,1
2014,Karnataka,21,Mysore,GEN,Prathap Simha,BJP,503908.0,51.62,Adagooru H Vishwanath,INC,472300.0,48.38,31608.0,Result Declared,3.24,Tight / Close Contest,NDA,0.9373,INC,1.0,0
2014,Karnataka,22,Chamarajanagar,SC,R. Dhruvanarayana,INC,567782.0,57.1,A. R. Krishna Murthy,BJP,426600.0,42.9,141182.0,Result Declared,14.2,Comfortable,UPA / I.N.D.I.A.,0.7513,INC,0.0,1
2014,Karnataka,23,Bangalore Rural,GEN,D K Suresh,INC,652723.0,60.78,Muniraju Gowda . P,BJP,421243.0,39.22,231480.0,Result Declared,21.55,Landslide,UPA / I.N.D.I.A.,0.6454,JD(S),1.0,0
2014,Karnataka,24,Bangalore North,GEN,D.V Sadananda Gowda,BJP,718326.0,59.52,C.Narayana Swamy,INC,488562.0,40.48,229764.0,Result Declared,19.04,Landslide,NDA,0.6801,BJP,0.0,2
2014,Karnataka,25,Bangalore Central,GEN,P.C. Mohan,BJP,557130.0,57.04,Rizwan Arshad,INC,419630.0,42.96,137500.0,Result Declared,14.08,Comfortable,NDA,0.7532,BJP,0.0,2
2014,Karnataka,26,Bangalore South,GEN,Ananth Kumar,BJP,633816.0,61.0,Nandan Nilekani,INC,405241.0,39.0,228575.0,Result Declared,22.0,Landslide,NDA,0.6394,BJP,0.0,2
2014,Karnataka,27,Chikkaballapur,GEN,M Veerappa Moily,INC,424800.0,50.57,B N Bache Gowda,BJP,415280.0,49.43,9520.0,Result Declared,1.13,Tight / Close Contest,UPA / I.N.D.I.A.,0.9776,INC,0.0,1
2014,Karnataka,28,Kolar,GEN,K.H.Muniyappa,INC,418926.0,53.03,Kolar Kesava,JD(S),371076.0,46.97,47850.0,Result Declared,6.06,Comfortable,UPA / I.N.D.I.A.,0.8858,INC,0.0,1
2014,Kerala,1,Kasaragod,GEN,P Karunakaran,CPI(M),384964.0,50.45,Adv. T Siddique,INC,378043.0,49.55,6921.0,Result Declared,0.91,Tight / Close Contest,UPA / I.N.D.I.A.,0.982,CPI(M),0.0,2
2014,Kerala,2,Kannur,GEN,P K Sreemathi Teacher,CPI(M),427622.0,50.39,K Sudhakaran,INC,421056.0,49.61,6566.0,Result Declared,0.77,Tight / Close Contest,UPA / I.N.D.I.A.,0.9846,INC,1.0,0
2014,Kerala,3,Vatakara,GEN,Mullappally Ramachandran,INC,416479.0,50.2,Adv.A.N.Shamseer,CPI(M),413173.0,49.8,3306.0,Result Declared,0.4,Tight / Close Contest,UPA / I.N.D.I.A.,0.9921,INC,0.0,1
2014,Kerala,4,Wayanad,GEN,M I Shanavas,INC,377035.0,51.42,Sathyan Mokeri,CPI,356165.0,48.58,20870.0,Result Declared,2.85,Tight / Close Contest,UPA / I.N.D.I.A.,0.9446,INC,0.0,1
2014,Kerala,5,Kozhikode,GEN,M .K Raghavan,INC,397615.0,51.08,A.Vijayaraghavan,CPI(M),380732.0,48.92,16883.0,Result Declared,2.17,Tight / Close Contest,UPA / I.N.D.I.A.,0.9575,INC,0.0,1
2014,Kerala,6,Malappuram,GEN,E. Ahamed,IUML,437723.0,64.3,P.K.Sainaba,CPI(M),242984.0,35.7,194739.0,Result Declared,28.61,Landslide,UPA / I.N.D.I.A.,0.5551,IUML,0.0,2
2014,Kerala,7,Ponnani,GEN,E. T. Mohammed Basheer,IUML,378503.0,51.74,V.Abdurahman,IND,353093.0,48.26,25410.0,Result Declared,3.47,Tight / Close Contest,UPA / I.N.D.I.A.,0.9329,IUML,0.0,1
2014,Kerala,8,Palakkad,GEN,M B Rajesh,CPI(M),412897.0,57.31,M. P. Veerendra Kumar,Socialist Janata (Democratic),307597.0,42.69,105300.0,Result Declared,14.61,Comfortable,UPA / I.N.D.I.A.,0.745,CPI(M),0.0,2
2014,Kerala,9,Alathur,SC,P.K.Biju,CPI(M),411808.0,52.37,Sheeba K.A,INC,374496.0,47.63,37312.0,Result Declared,4.75,Tight / Close Contest,UPA / I.N.D.I.A.,0.9094,CPI(M),0.0,1
2014,Kerala,10,Thrissur,GEN,C. N. Jayadevan,CPI,389209.0,52.58,K. P. Dhanapalan,INC,350982.0,47.42,38227.0,Result Declared,5.16,Comfortable,UPA / I.N.D.I.A.,0.9018,INC,1.0,0
2014,Kerala,11,Chalakudy,GEN,Innocent,IND,358440.0,50.99,P C Chacko,INC,344556.0,49.01,13884.0,Result Declared,1.97,Tight / Close Contest,Others / Regional,0.9613,INC,1.0,0
2014,Kerala,12,Ernakulam,GEN,Prof. K.V. Thomas,INC,353841.0,57.01,Christy Fernandez,IND,266794.0,42.99,87047.0,Result Declared,14.03,Comfortable,UPA / I.N.D.I.A.,0.754,INC,0.0,1
2014,Kerala,13,Idukki,GEN,Adv.Joice George,IND,382019.0,53.54,Adv.Dean Kuriakose,INC,331477.0,46.46,50542.0,Result Declared,7.08,Comfortable,Others / Regional,0.8677,INC,1.0,0
2014,Kerala,14,Kottayam,GEN,Jose K. Mani,Kerala Congress (M),424194.0,58.29,Adv.Mathew T. Thomas,JD(S),303595.0,41.71,120599.0,Result Declared,16.57,Landslide,Others / Regional,0.7157,Kerala Congress (M),0.0,1
2014,Kerala,15,Alappuzha,GEN,K C Venugopal,INC,462525.0,51.07,C B Chandrababu,CPI(M),443118.0,48.93,19407.0,Result Declared,2.14,Tight / Close Contest,UPA / I.N.D.I.A.,0.958,INC,0.0,1
2014,Kerala,16,Mavelikkara,SC,Kodikunnil Suresh,INC,402432.0,52.12,Chengara Surendran,CPI,369695.0,47.88,32737.0,Result Declared,4.24,Tight / Close Contest,UPA / I.N.D.I.A.,0.9187,INC,0.0,1
2014,Kerala,17,Pathanamthitta,GEN,Anto Antony,INC,358842.0,54.25,Adv. Peelipose Thomas,IND,302651.0,45.75,56191.0,Result Declared,8.49,Comfortable,UPA / I.N.D.I.A.,0.8434,INC,0.0,1
2014,Kerala,18,Kollam,GEN,N.K.Premachandran,RSP,408528.0,52.42,M.A. Baby,CPI(M),370879.0,47.58,37649.0,Result Declared,4.83,Tight / Close Contest,UPA / I.N.D.I.A.,0.9078,INC,1.0,0
2014,Kerala,19,Attingal,GEN,Dr.A .Sampath,CPI(M),392478.0,54.85,Adv.Bindhu Krishna,INC,323100.0,45.15,69378.0,Result Declared,9.7,Comfortable,UPA / I.N.D.I.A.,0.8232,CPI(M),0.0,2
2014,Kerala,20,Thiruvananthapuram,GEN,Dr. Shashi Tharoor,INC,297806.0,51.33,Sri. O Rajagopal,BJP,282336.0,48.67,15470.0,Result Declared,2.67,Tight / Close Contest,UPA / I.N.D.I.A.,0.9481,INC,0.0,1
2014,Lakshadweep,1,Lakshadweep,ST,Mohammed Faizal P.P.,NCP,21665.0,51.84,Hamdullah Sayeed,INC,20130.0,48.16,1535.0,Result Declared,3.67,Tight / Close Contest,NDA,0.9291,INC,1.0,0
2014,Madhya Pradesh,1,Morena,GEN,Anoop Mishra,BJP,375567.0,60.76,Brindawan Singh Sikarwar,BSP,242586.0,39.24,132981.0,Result Declared,21.51,Landslide,NDA,0.6459,BJP,0.0,2
2014,Madhya Pradesh,2,Bhind,SC,Dr. Bhagirath Prasad,BJP,404474.0,62.32,Imarti Devi,INC,244513.0,37.68,159961.0,Result Declared,24.65,Landslide,NDA,0.6045,BJP,0.0,2
2014,Madhya Pradesh,3,Gwalior,GEN,Narendra Singh Tomar,BJP,442796.0,51.73,Ashok Singh,INC,413097.0,48.27,29699.0,Result Declared,3.47,Tight / Close Contest,NDA,0.9329,BJP,0.0,1
2014,Madhya Pradesh,4,Guna,GEN,Jyotiraditya M Scindia,INC,517036.0,56.61,Jaibhansingh Pawaiya,BJP,396244.0,43.39,120792.0,Result Declared,13.23,Comfortable,UPA / I.N.D.I.A.,0.7664,INC,0.0,2
2014,Madhya Pradesh,5,Sagar,GEN,Laxmi Narayan Yadav,BJP,482580.0,57.15,Govind Singh Rajput,INC,361843.0,42.85,120737.0,Result Declared,14.3,Comfortable,NDA,0.7498,BJP,0.0,2
2014,Madhya Pradesh,6,Tikamgarh,SC,Dr. Virendra Kumar,BJP,422979.0,66.38,Ahirwar Dr. Kamlesh Verma,INC,214248.0,33.62,208731.0,Result Declared,32.76,Landslide,NDA,0.5065,BJP,0.0,2
2014,Madhya Pradesh,7,Damoh,GEN,Prahalad Singh Patel,BJP,513079.0,63.12,Choudhary Mahendra Pratap Singh,INC,299780.0,36.88,213299.0,Result Declared,26.24,Landslide,NDA,0.5843,BJP,0.0,2
2014,Madhya Pradesh,8,Khajuraho,GEN,Nagendra Singh,BJP,474966.0,67.62,Raja Pateria,INC,227476.0,32.38,247490.0,Result Declared,35.23,Landslide,NDA,0.4789,BJP,0.0,2
2014,Madhya Pradesh,9,Satna,GEN,Ganesh Singh,BJP,375288.0,50.59,Ajay Singh Rahul Bhaiya,INC,366600.0,49.41,8688.0,Result Declared,1.17,Tight / Close Contest,NDA,0.9768,BJP,0.0,2
2014,Madhya Pradesh,10,Rewa,GEN,Janardan Mishra,BJP,383320.0,64.11,Sunderlal Tiwari,INC,214594.0,35.89,168726.0,Result Declared,28.22,Landslide,NDA,0.5598,BSP,1.0,0
2014,Madhya Pradesh,11,Sidhi,GEN,Riti Pathak,BJP,475678.0,56.41,Indrajeet Kumar,INC,367632.0,43.59,108046.0,Result Declared,12.81,Comfortable,NDA,0.7729,BJP,0.0,2
2014,Madhya Pradesh,12,Shahdol,ST,Dalpat Singh Paraste,BJP,525419.0,64.9,Rajesh Nandini Singh,INC,284118.0,35.1,241301.0,Result Declared,29.81,Landslide,NDA,0.5407,INC,1.0,0
2014,Madhya Pradesh,13,Jabalpur,GEN,Rakesh Singh,BJP,564609.0,61.33,Vivek Krishna Tankha,INC,355970.0,38.67,208639.0,Result Declared,22.66,Landslide,NDA,0.6305,BJP,0.0,2
2014,Madhya Pradesh,14,Mandla,ST,Faggan Singh Kulaste,BJP,585720.0,55.21,Omkar Singh Markam,INC,475251.0,44.79,110469.0,Result Declared,10.41,Comfortable,NDA,0.8114,INC,1.0,0
2014,Madhya Pradesh,15,Balaghat,GEN,Bodhsingh Bhagat,BJP,480594.0,55.55,Hina Likhiram Kawre,INC,384553.0,44.45,96041.0,Result Declared,11.1,Comfortable,NDA,0.8002,BJP,0.0,2
2014,Madhya Pradesh,16,Chhindwara,GEN,Kamal Nath,INC,559755.0,55.81,Choudhary Chandrabhan Kuber Singh,BJP,443218.0,44.19,116537.0,Result Declared,11.62,Comfortable,UPA / I.N.D.I.A.,0.7918,INC,0.0,2
2014,Madhya Pradesh,17,Hoshangabad,GEN,Uday Pratap Singh,BJP,669128.0,70.56,Devendra Patel,INC,279168.0,29.44,389960.0,Result Declared,41.12,Landslide,NDA,0.4172,INC,1.0,0
2014,Madhya Pradesh,18,Vidisha,GEN,Sushma Swaraj,BJP,714348.0,70.17,Lakshman Singh,INC,303650.0,29.83,410698.0,Result Declared,40.34,Landslide,NDA,0.4251,BJP,0.0,2
2014,Madhya Pradesh,19,Bhopal,GEN,Alok Sanjar,BJP,714178.0,67.52,P C Sharma,INC,343482.0,32.48,370696.0,Result Declared,35.05,Landslide,NDA,0.4809,BJP,0.0,2
2014,Madhya Pradesh,20,Rajgarh,GEN,Rodmal Nagar,BJP,596727.0,61.86,Amlabe Narayan Singh,INC,367990.0,38.14,228737.0,Result Declared,23.71,Landslide,NDA,0.6167,INC,1.0,0
2014,Madhya Pradesh,21,Dewas,SC,Manohar Untwal,BJP,665646.0,62.15,Sajjan Singh Verma,INC,405333.0,37.85,260313.0,Result Declared,24.31,Landslide,NDA,0.6089,INC,1.0,0
2014,Madhya Pradesh,22,Ujjain,SC,Chintamani Malviya,BJP,641101.0,65.92,Premchand Guddu,INC,331438.0,34.08,309663.0,Result Declared,31.84,Landslide,NDA,0.517,INC,1.0,0
2014,Madhya Pradesh,23,Mandsaur,GEN,Sudhir Gupta,BJP,698335.0,63.89,Meenakshi Natarajan,INC,394686.0,36.11,303649.0,Result Declared,27.78,Landslide,NDA,0.5652,INC,1.0,0
2014,Madhya Pradesh,24,Ratlam,ST,Dileepsingh Bhuria,BJP,545970.0,55.51,Kantilal Bhuria,INC,437523.0,44.49,108447.0,Result Declared,11.03,Comfortable,NDA,0.8014,INC,1.0,0
2014,Madhya Pradesh,25,Dhar,ST,Savitri Thakur,BJP,558387.0,55.15,Umang Singhar,INC,454059.0,44.85,104328.0,Result Declared,10.3,Comfortable,NDA,0.8132,INC,1.0,0
2014,Madhya Pradesh,26,Indore,GEN,Sumitra Mahajan,BJP,854972.0,68.78,Satyanarayan Patel,INC,388071.0,31.22,466901.0,Result Declared,37.56,Landslide,NDA,0.4539,BJP,0.0,2
2014,Madhya Pradesh,27,Khargone,ST,Subhash Patel,BJP,649354.0,62.39,Ramesh Patel,INC,391475.0,37.61,257879.0,Result Declared,24.78,Landslide,NDA,0.6029,BJP,0.0,2
2014,Madhya Pradesh,28,Khandwa,GEN,Nandkumar Singh Chouhan (Nandu Bhaiya,BJP,717357.0,61.05,Arun Subhash Chandra Yadav,INC,457643.0,38.95,259714.0,Result Declared,22.1,Landslide,NDA,0.638,INC,1.0,0
2014,Madhya Pradesh,29,Betul,ST,Jyoti Dhurve,BJP,643651.0,67.14,Ajay Shah (Makrai),INC,315037.0,32.86,328614.0,Result Declared,34.28,Landslide,NDA,0.4895,BJP,0.0,2
2014,Maharashtra,1,Nandurbar,ST,Dr.Gavit Heena Vaijaykumar,BJP,579486.0,55.08,Gavit Manikrao Hodlya,INC,472581.0,44.92,106905.0,Result Declared,10.16,Comfortable,NDA,0.8155,INC,1.0,0
2014,Maharashtra,2,Dhule,GEN,Dr. Bhamre Subhash Ramrao,BJP,529450.0,57.04,Amrishbhai Rasiklal Patel,INC,398727.0,42.96,130723.0,Result Declared,14.08,Comfortable,NDA,0.7531,BJP,0.0,1
2014,Maharashtra,3,Jalgaon,GEN,A.T. Nana Patil,BJP,647773.0,71.03,Annasaheb Dr.Satish Bhaskarrao Patil,NCP,264248.0,28.97,383525.0,Result Declared,42.05,Landslide,NDA,0.4079,BJP,0.0,1
2014,Maharashtra,4,Raver,GEN,Khadase Raksha Nikhil,BJP,605452.0,67.81,Manishdada Jain,NCP,287384.0,32.19,318068.0,Result Declared,35.62,Landslide,NDA,0.4747,BJP,0.0,1
2014,Maharashtra,5,Buldhana,GEN,Jadhav Prataprao Ganpatrao,SS,509145.0,59.29,Ingle Krushanarao Ganpatrao,NCP,349566.0,40.71,159579.0,Result Declared,18.58,Landslide,NDA,0.6866,SS,0.0,2
2014,Maharashtra,6,Akola,GEN,Dhotre Sanjay Shamrao,BJP,456472.0,64.31,Patel Hidayat Ulla Barkat Ulla,INC,253356.0,35.69,203116.0,Result Declared,28.61,Landslide,NDA,0.555,BJP,0.0,1
2014,Maharashtra,7,Amravati,SC,Adsul Anandrao Vithoba,SS,467212.0,58.66,Navneet Ravi Rana,NCP,329280.0,41.34,137932.0,Result Declared,17.32,Landslide,NDA,0.7048,SS,0.0,1
2014,Maharashtra,8,Wardha,GEN,Ramdas Chandrabhanji Tadas,BJP,537518.0,62.56,Meghe Sagar Dattatraya,INC,321735.0,37.44,215783.0,Result Declared,25.11,Landslide,NDA,0.5986,INC,1.0,0
2014,Maharashtra,9,Ramtek,SC,Krupal Balaji Tumane,SS,519892.0,60.17,Mukul Wasnik,INC,344101.0,39.83,175791.0,Result Declared,20.35,Landslide,NDA,0.6619,INC,1.0,0
2014,Maharashtra,10,Nagpur,GEN,Gadkari Nitin Jairam,BJP,587767.0,65.99,Vilas Muttemwar,INC,302939.0,34.01,284828.0,Result Declared,31.98,Landslide,NDA,0.5154,INC,1.0,0
2014,Maharashtra,11,Bhandara-Gondiya,GEN,Nanabhau Falgunrao Patole,BJP,606129.0,57.02,Praful Patel,NCP,456875.0,42.98,149254.0,Result Declared,14.04,Comfortable,NDA,0.7538,NCP,1.0,0
2014,Maharashtra,12,Gadchiroli-Chimur,ST,Ashok Mahadeorao Nete,BJP,535982.0,64.18,Dr. Namdeo Dalluji Usendi,INC,299112.0,35.82,236870.0,Result Declared,28.36,Landslide,NDA,0.5581,INC,1.0,0
2014,Maharashtra,13,Chandrapur,GEN,Ahir Hansraj Gangaram,BJP,508049.0,65.15,Deotale Sanjay Wamanrao,INC,271780.0,34.85,236269.0,Result Declared,30.3,Landslide,NDA,0.5349,BJP,0.0,2
2014,Maharashtra,14,Yavatmal-Washim,GEN,Gawali Bhavana Pundlikra,SS,477905.0,55.44,Adv.Shivajirao Shivaramji Moghe,INC,384089.0,44.56,93816.0,Result Declared,10.88,Comfortable,NDA,0.8037,SS,0.0,1
2014,Maharashtra,15,Hingoli,GEN,Rajeev Satav,INC,467397.0,50.09,Wankhede Subhash Bapurao,SS,465765.0,49.91,1632.0,Result Declared,0.17,Tight / Close Contest,UPA / I.N.D.I.A.,0.9965,SS,1.0,0
2014,Maharashtra,16,Nanded,GEN,Ashok Chavan,INC,493075.0,54.5,D. B. Patil,BJP,411620.0,45.5,81455.0,Result Declared,9.0,Comfortable,UPA / I.N.D.I.A.,0.8348,INC,0.0,1
2014,Maharashtra,17,Parbhani,GEN,Jadhav Sanjay (Bandu) Haribhau,SS,578455.0,56.17,Bhambale Vijay Manikrao,NCP,451300.0,43.83,127155.0,Result Declared,12.35,Comfortable,NDA,0.7802,SS,0.0,1
2014,Maharashtra,18,Jalna,GEN,Danve Raosaheb,BJP,591428.0,60.59,Autade Vilas Keshavrao,INC,384630.0,39.41,206798.0,Result Declared,21.19,Landslide,NDA,0.6503,BJP,0.0,1
2014,Maharashtra,19,Aurangabad,GEN,Chandrakant Bhaurao Khaire,SS,520902.0,59.21,Patil Nitin Suresh,INC,358902.0,40.79,162000.0,Result Declared,18.41,Landslide,NDA,0.689,SS,0.0,1
2014,Maharashtra,20,Dindori,ST,Chavan Harishchandra Deoram,BJP,542784.0,64.78,Dr. Bharati Pravin Pawar,NCP,295165.0,35.22,247619.0,Result Declared,29.55,Landslide,NDA,0.5438,BJP,0.0,1
2014,Maharashtra,21,Nashik,GEN,Godse Hemant Tukaram,SS,494735.0,61.68,Chhagan Bhujbal,NCP,307399.0,38.32,187336.0,Result Declared,23.35,Landslide,NDA,0.6213,NCP,1.0,0
2014,Maharashtra,22,Palghar,ST,Adv. Chintaman Navasha Wanga,BJP,533201.0,64.48,Baliram Sukur Jadhav,Bahujan Vikas Aaghadi,293681.0,35.52,239520.0,Result Declared,28.97,Landslide,NDA,0.5508,Bahujan Vikas Aaghadi,1.0,0
2014,Maharashtra,23,Bhiwandi,GEN,Kapil Moreshwar Patil,BJP,411070.0,57.68,Patil Vishwanath Ramchandra,INC,301620.0,42.32,109450.0,Result Declared,15.36,Landslide,NDA,0.7337,INC,1.0,0
2014,Maharashtra,24,Kalyan,GEN,Dr.Shrikant Eknath Shinde,SS,440892.0,69.87,Anand Prakash Paranjpe,NCP,190143.0,30.13,250749.0,Result Declared,39.74,Landslide,NDA,0.4313,SS,0.0,1
2014,Maharashtra,25,Thane,GEN,Vichare Rajan Baburao,SS,595364.0,65.47,Sanjeev Ganesh Naik,NCP,314065.0,34.53,281299.0,Result Declared,30.93,Landslide,NDA,0.5275,NCP,1.0,0
2014,Maharashtra,26,Mumbai-North,GEN,Gopal Chinayya Shetty,BJP,664004.0,75.33,Sanjay Brijkishorlal Nirupam,INC,217422.0,24.67,446582.0,Result Declared,50.67,Landslide,NDA,0.3274,INC,1.0,0
2014,Maharashtra,27,Mumbai-North-West,GEN,Gajanan Chandrakant Kirtikar,SS,464820.0,62.26,Kamat Gurudas Vasant,INC,281792.0,37.74,183028.0,Result Declared,24.51,Landslide,NDA,0.6062,INC,1.0,0
2014,Maharashtra,28,Mumbai-North-East,GEN,Kirit Somaiya,BJP,525285.0,71.62,Sanjay Dina Patil,NCP,208163.0,28.38,317122.0,Result Declared,43.24,Landslide,NDA,0.3963,NCP,1.0,0
2014,Maharashtra,29,Mumbai-North-Central,GEN,Poonam Mahajan,BJP,478535.0,62.12,Dutt Priya Sunil,INC,291764.0,37.88,186771.0,Result Declared,24.25,Landslide,NDA,0.6097,INC,1.0,0
2014,Maharashtra,30,Mumbai-South-Central,GEN,Rahul Ramesh Shewale,SS,381275.0,61.08,Eknath M. Gaikwad,INC,242933.0,38.92,138342.0,Result Declared,22.16,Landslide,NDA,0.6372,INC,1.0,0
2014,Maharashtra,31,Mumbai-South,GEN,Arvind Sawant,SS,374780.0,60.31,Deora Milind Murli,INC,246632.0,39.69,128148.0,Result Declared,20.62,Landslide,NDA,0.6581,INC,1.0,0
2014,Maharashtra,32,Raigad,GEN,Anant Geete,SS,396178.0,50.13,Tatkare Sunil Dattatrey,NCP,394068.0,49.87,2110.0,Result Declared,0.27,Tight / Close Contest,NDA,0.9947,SS,0.0,1
2014,Maharashtra,33,Maval,GEN,Shrirang Barne,SS,512226.0,59.08,Laxman Jagtap,Peasants And Workers Party Of India,354829.0,40.92,157397.0,Result Declared,18.15,Landslide,NDA,0.6927,SS,0.0,2
2014,Maharashtra,34,Pune,GEN,Anil Shirole,BJP,569825.0,69.16,Dr.Vishwajeet Patangrao Kadam,INC,254056.0,30.84,315769.0,Result Declared,38.33,Landslide,NDA,0.4458,INC,1.0,0
2014,Maharashtra,35,Baramati,GEN,Supriya Sule,NCP,521562.0,53.58,Mahadev Jankar,Rashtriya Samaj Paksha,451843.0,46.42,69719.0,Result Declared,7.16,Comfortable,NDA,0.8663,NCP,0.0,1
2014,Maharashtra,36,Shirur,GEN,Adhalrao Shivaji Dattatrey,SS,643415.0,65.32,Nikam Devdatta Jaywant,NCP,341601.0,34.68,301814.0,Result Declared,30.64,Landslide,NDA,0.5309,SS,0.0,2
2014,Maharashtra,37,Ahmednagar,GEN,Gandhi Dilipkumar Mansukhlal,BJP,605185.0,60.44,Rajeev Appasaheb Rajale,NCP,396063.0,39.56,209122.0,Result Declared,20.89,Landslide,NDA,0.6544,BJP,0.0,2
2014,Maharashtra,38,Shirdi,SC,Sadashiv Lokhande,SS,532936.0,61.54,Bhausaheb Rajaram Wakchaure,INC,333014.0,38.46,199922.0,Result Declared,23.09,Landslide,NDA,0.6249,SS,0.0,1
2014,Maharashtra,39,Beed,GEN,Gopinath Munde,BJP,635995.0,56.01,Suresh Dhas,NCP,499541.0,43.99,136454.0,Result Declared,12.02,Comfortable,NDA,0.7854,BJP,0.0,1
2014,Maharashtra,40,Osmanabad,GEN,Gaikwad Ravindra Vishwanath,SS,607699.0,61.94,Patil Padmasinha Bajirao,NCP,373374.0,38.06,234325.0,Result Declared,23.88,Landslide,NDA,0.6144,NCP,1.0,0
2014,Maharashtra,41,Latur,SC,Dr. Sunil Baliram Gaikwad,BJP,616509.0,62.93,Bansode Dattatray Gunderao,INC,363114.0,37.07,253395.0,Result Declared,25.87,Landslide,NDA,0.589,INC,1.0,0
2014,Maharashtra,42,Solapur,SC,Sharad Bansode,BJP,517879.0,58.45,Shinde Sushilkumar Sambhajirao,INC,368205.0,41.55,149674.0,Result Declared,16.89,Landslide,NDA,0.711,INC,1.0,0
2014,Maharashtra,43,Madha,GEN,Mohite Patil Vijaysinh Shankarrao,NCP,489989.0,51.33,Sadabhau Khot,Swabhimani Paksha,464645.0,48.67,25344.0,Result Declared,2.65,Tight / Close Contest,NDA,0.9483,NCP,0.0,2
2014,Maharashtra,44,Sangli,GEN,Sanjaykaka Patil,BJP,611563.0,62.16,Patil Pratik Prakashbapu,INC,372271.0,37.84,239292.0,Result Declared,24.32,Landslide,NDA,0.6087,INC,1.0,0
2014,Maharashtra,45,Satara,GEN,Udayanraje Bhosale,NCP,522531.0,77.02,Purushottam Jadhav,IND,155937.0,22.98,366594.0,Result Declared,54.03,Landslide,NDA,0.2984,NCP,0.0,2
2014,Maharashtra,46,Ratnagiri-Sindhudurg,GEN,Vinayak Bhaurao Raut,SS,493088.0,58.97,Nilesh Narayan Rane,INC,343037.0,41.03,150051.0,Result Declared,17.95,Landslide,NDA,0.6957,INC,1.0,0
2014,Maharashtra,47,Kolhapur,GEN,Dhananjay Mahadik,NCP,607665.0,51.41,Sanjay Sadashiv Mandalik,SS,574406.0,48.59,33259.0,Result Declared,2.81,Tight / Close Contest,NDA,0.9453,IND,1.0,0
2014,Maharashtra,48,Hatkanangle,GEN,Raju Shetty,Swabhimani Paksha,640428.0,58.06,Awade Kallappa Baburao,INC,462618.0,41.94,177810.0,Result Declared,16.12,Landslide,Others / Regional,0.7224,Swabhimani Paksha,0.0,1
2014,Manipur,1,Inner Manipur,GEN,Dr. Thokchom Meinya,INC,292102.0,59.67,Moirangthem Nara,CPI,197428.0,40.33,94674.0,Result Declared,19.34,Landslide,UPA / I.N.D.I.A.,0.6759,INC,0.0,2
2014,Manipur,2,Outer Manipur,ST,Thangso Baite,INC,296770.0,51.35,Soso Lorho,Naga People'S Front,281133.0,48.65,15637.0,Result Declared,2.71,Tight / Close Contest,UPA / I.N.D.I.A.,0.9473,INC,0.0,1
2014,Meghalaya,1,Shillong,ST,Vincent H. Pala,INC,209340.0,55.34,Prechard B. M. Basaiawmoit,IND,168961.0,44.66,40379.0,Result Declared,10.67,Comfortable,UPA / I.N.D.I.A.,0.8071,INC,0.0,2
2014,Meghalaya,2,Tura,ST,Purno Agitok Sangma,National People'S Party,239301.0,54.52,Daryl William Ch Momil,INC,199585.0,45.48,39716.0,Result Declared,9.05,Comfortable,Others / Regional,0.834,NCP,1.0,0
2014,Mizoram,1,Mizoram,ST,C. L. Ruala,INC,210485.0,50.74,Robert Romawia Royte,IND,204331.0,49.26,6154.0,Result Declared,1.48,Tight / Close Contest,UPA / I.N.D.I.A.,0.9708,INC,0.0,1
2014,Nagaland,1,Nagaland,ST,Neiphiu Rio,Naga People'S Front,713372.0,69.49,K. V. Pusa,INC,313147.0,30.51,400225.0,Result Declared,38.99,Landslide,Others / Regional,0.439,Naga People'S Front,0.0,2
2014,Odisha,1,Bargarh,GEN,Prabhas Kumar Singh,BJD,383230.0,50.74,Subash Chouhan,BJP,372052.0,49.26,11178.0,Result Declared,1.48,Tight / Close Contest,Others / Regional,0.9708,INC,1.0,0
2014,Odisha,2,Sundargarh,ST,Jual Oram,BJP,340508.0,51.42,Dilip Kumar Tirkey,BJD,321679.0,48.58,18829.0,Result Declared,2.84,Tight / Close Contest,NDA,0.9447,INC,1.0,0
2014,Odisha,3,Sambalpur,GEN,Nagendra Kumar Pradhan,BJD,358618.0,52.23,Suresh Pujari,BJP,328042.0,47.77,30576.0,Result Declared,4.45,Tight / Close Contest,Others / Regional,0.9147,INC,1.0,0
2014,Odisha,4,Keonjhar,ST,Sakuntala Laguri,BJD,434471.0,61.05,Ananta Nayak,BJP,277154.0,38.95,157317.0,Result Declared,22.11,Landslide,Others / Regional,0.6379,BJD,0.0,2
2014,Odisha,5,Mayurbhanj,ST,Rama Chandra Hansdah,BJD,393779.0,59.24,Nepole Raghu Murmu,BJP,270913.0,40.76,122866.0,Result Declared,18.48,Landslide,Others / Regional,0.688,BJD,0.0,2
2014,Odisha,6,Balasore,GEN,Rabindra Kumar Jena,BJD,433768.0,59.77,Pratap Chandra Sarangi,BJP,291943.0,40.23,141825.0,Result Declared,19.54,Landslide,Others / Regional,0.673,INC,1.0,0
2014,Odisha,7,Bhadrak,SC,Arjun Charan Sethi,BJD,502338.0,60.87,Sangram Keshari Jena,INC,322979.0,39.13,179359.0,Result Declared,21.73,Landslide,Others / Regional,0.643,BJD,0.0,2
2014,Odisha,8,Jajpur,SC,Rita Tarai,BJD,541349.0,71.0,Asok Das,INC,221078.0,29.0,320271.0,Result Declared,42.01,Landslide,Others / Regional,0.4084,BJD,0.0,2
2014,Odisha,9,Dhenkanal,GEN,Tathagata Satpathy,BJD,453277.0,58.93,Rudra Narayan Pany,BJP,315937.0,41.07,137340.0,Result Declared,17.85,Landslide,Others / Regional,0.697,BJD,0.0,2
2014,Odisha,10,Bolangir,GEN,Kalikesh Narayan Singh Deo,BJD,453519.0,56.5,Sangeeta Kumari Singh Deo,BJP,349220.0,43.5,104299.0,Result Declared,12.99,Comfortable,Others / Regional,0.77,BJD,0.0,2
2014,Odisha,11,Kalahandi,GEN,Arka Keshari Deo,BJD,370871.0,54.11,Pradipta Kumar Naik,BJP,314524.0,45.89,56347.0,Result Declared,8.22,Comfortable,Others / Regional,0.8481,INC,1.0,0
2014,Odisha,12,Nabarangpur,ST,Balabhadra Majhi,BJD,373887.0,50.14,Pradeep Kumar Majhi,INC,371845.0,49.86,2042.0,Result Declared,0.27,Tight / Close Contest,Others / Regional,0.9945,INC,1.0,0
2014,Odisha,13,Kandhamal,GEN,Hemendra Chandra Singh,BJD,421458.0,63.67,Harihara Karana,INC,240441.0,36.33,181017.0,Result Declared,27.35,Landslide,Others / Regional,0.5705,BJD,0.0,1
2014,Odisha,14,Cuttack,GEN,Bhartruhari Mahatab,BJD,526085.0,70.58,Aparajita Mohanty,INC,219323.0,29.42,306762.0,Result Declared,41.15,Landslide,Others / Regional,0.4169,BJD,0.0,1
2014,Odisha,15,Kendrapara,GEN,Baijayant Panda,BJD,601574.0,60.52,Dharanidhar Nayak,INC,392466.0,39.48,209108.0,Result Declared,21.04,Landslide,Others / Regional,0.6524,BJD,0.0,2
2014,Odisha,16,Jagatsinghpur,SC,Kulamani Samal,BJD,624492.0,64.21,Bibhu Prasad Tarai,INC,348098.0,35.79,276394.0,Result Declared,28.42,Landslide,Others / Regional,0.5574,CPI,1.0,0
2014,Odisha,17,Puri,GEN,Pinaki Misra,BJD,523161.0,66.82,Sucharita Mohanty,INC,259800.0,33.18,263361.0,Result Declared,33.64,Landslide,Others / Regional,0.4966,BJD,0.0,2
2014,Odisha,18,Bhubaneswar,GEN,Prasanna Kumar Patasani,BJD,439252.0,63.75,Prithiviraj Harichandan,BJP,249775.0,36.25,189477.0,Result Declared,27.5,Landslide,Others / Regional,0.5686,BJD,0.0,1
2014,Odisha,19,Aska,GEN,Ladu Kishore Swain,BJD,541473.0,70.23,Srilokanath Ratha,INC,229476.0,29.77,311997.0,Result Declared,40.47,Landslide,Others / Regional,0.4238,BJD,0.0,2
2014,Odisha,20,Berhampur,GEN,Sidhant Mohapatra,BJD,398107.0,59.55,Chandra Sekhar Sahu,INC,270387.0,40.45,127720.0,Result Declared,19.11,Landslide,Others / Regional,0.6792,BJD,0.0,1
2014,Odisha,21,Koraput,ST,Jhina Hikaka,BJD,395109.0,51.25,Giridhar Gamang,INC,375781.0,48.75,19328.0,Result Declared,2.51,Tight / Close Contest,Others / Regional,0.9511,BJD,0.0,1
2014,Puducherry,1,Puducherry,GEN,R. Radhakrishnan,All India N.R. Congress,255826.0,56.75,V. Narayanasamy,INC,194972.0,43.25,60854.0,Result Declared,13.5,Comfortable,Others / Regional,0.7621,INC,1.0,0
2014,Punjab,1,Gurdaspur,GEN,Vinod Khanna,BJP,482255.0,58.21,Partap Singh Bajwa,INC,346190.0,41.79,136065.0,Result Declared,16.42,Landslide,NDA,0.7179,INC,1.0,0
2014,Punjab,2,Amritsar,GEN,Captain Amarinder Singh,INC,482876.0,55.95,Arun Jaitley,BJP,380106.0,44.05,102770.0,Result Declared,11.91,Comfortable,UPA / I.N.D.I.A.,0.7872,BJP,1.0,0
2014,Punjab,3,Khadoor Sahib,GEN,Ranjit Singh Brahmpura,SAD,467332.0,56.03,Harminder Singh Gill,INC,366763.0,43.97,100569.0,Result Declared,12.06,Comfortable,NDA,0.7848,SAD,0.0,2
2014,Punjab,4,Jalandhar,SC,Santokh Singh Chaudhary,INC,380479.0,55.14,Pawan Kumar Tinu,SAD,309498.0,44.86,70981.0,Result Declared,10.29,Comfortable,UPA / I.N.D.I.A.,0.8134,INC,0.0,2
2014,Punjab,5,Hoshiarpur,SC,Vijay Sampla,BJP,346643.0,51.0,Mohinder Singh Kaypee,INC,333061.0,49.0,13582.0,Result Declared,2.0,Tight / Close Contest,NDA,0.9608,INC,1.0,0
2014,Punjab,6,Anandpur Sahib,GEN,Prem Singh Chandumajra,SAD,347394.0,51.77,Ambika Soni,INC,323697.0,48.23,23697.0,Result Declared,3.53,Tight / Close Contest,NDA,0.9318,INC,1.0,0
2014,Punjab,7,Ludhiana,GEN,Ravneet Singh Bittu,INC,300459.0,51.7,Harvinder Singh Phoolka,AAP,280750.0,48.3,19709.0,Result Declared,3.39,Tight / Close Contest,UPA / I.N.D.I.A.,0.9344,INC,0.0,1
2014,Punjab,8,Fatehgarh Sahib,SC,Harinder Singh Khalsa,AAP,367293.0,53.98,Sadhu Singh,INC,313149.0,46.02,54144.0,Result Declared,7.96,Comfortable,UPA / I.N.D.I.A.,0.8526,INC,1.0,0
2014,Punjab,9,Faridkot,SC,Prof. Sadhu Singh,AAP,450751.0,61.83,Paramjit Kaur Gulshan,SAD,278235.0,38.17,172516.0,Result Declared,23.67,Landslide,UPA / I.N.D.I.A.,0.6173,SAD,1.0,0
2014,Punjab,10,Ferozpur,GEN,Sher Singh Ghubaya,SAD,487932.0,51.66,Sunil Jakhar,INC,456512.0,48.34,31420.0,Result Declared,3.33,Tight / Close Contest,NDA,0.9356,SAD,0.0,2
2014,Punjab,11,Bathinda,GEN,Harsimrat Kaur Badal,SAD,514727.0,50.96,Manpreet Singh Badal,INC,495332.0,49.04,19395.0,Result Declared,1.92,Tight / Close Contest,NDA,0.9623,SAD,0.0,2
2014,Punjab,12,Sangrur,GEN,Bhagwant Mann,AAP,533237.0,62.38,Sukhdev Singh Dhindsa,SAD,321516.0,37.62,211721.0,Result Declared,24.77,Landslide,UPA / I.N.D.I.A.,0.603,INC,1.0,0
2014,Punjab,13,Patiala,GEN,Dharam Vira Gandhi,AAP,365671.0,51.47,Preneet Kaur,INC,344729.0,48.53,20942.0,Result Declared,2.95,Tight / Close Contest,UPA / I.N.D.I.A.,0.9427,INC,1.0,0
2014,Rajasthan,1,Ganganagar,SC,Nihalchand,BJP,658130.0,64.24,Master Bhanwarlal Meghwal,INC,366389.0,35.76,291741.0,Result Declared,28.48,Landslide,NDA,0.5567,INC,1.0,0
2014,Rajasthan,2,Bikaner,SC,Arjun Ram Meghwal,BJP,584932.0,67.87,Er. Shankar Pannu,INC,276853.0,32.13,308079.0,Result Declared,35.75,Landslide,NDA,0.4733,BJP,0.0,2
2014,Rajasthan,3,Churu,GEN,Rahul Kaswan,BJP,595756.0,66.43,Abhinesh Maharshi,BSP,301017.0,33.57,294739.0,Result Declared,32.87,Landslide,NDA,0.5053,BJP,0.0,2
2014,Rajasthan,4,Jhunjhunu,GEN,Santosh Ahlawat,BJP,488182.0,65.75,Raj Bala Ola,INC,254347.0,34.25,233835.0,Result Declared,31.49,Landslide,NDA,0.521,INC,1.0,0
2014,Rajasthan,5,Sikar,GEN,Sumedhanand Saraswati,BJP,499428.0,65.74,Pratap Singh Jat,INC,260232.0,34.26,239196.0,Result Declared,31.49,Landslide,NDA,0.5211,INC,1.0,0
2014,Rajasthan,6,Jaipur Rural,GEN,Rajyavardhan Singh Rathore,BJP,632930.0,67.84,C.P. Joshi,INC,300034.0,32.16,332896.0,Result Declared,35.68,Landslide,NDA,0.474,INC,1.0,0
2014,Rajasthan,7,Jaipur,GEN,Ramcharan Bohara,BJP,863358.0,72.71,Dr. Mahesh Joshi,INC,324013.0,27.29,539345.0,Result Declared,45.42,Landslide,NDA,0.3753,INC,1.0,0
2014,Rajasthan,8,Alwar,GEN,Chand Nath,BJP,642278.0,64.19,Bhanwar Jitendra Singh,INC,358383.0,35.81,283895.0,Result Declared,28.37,Landslide,NDA,0.558,INC,1.0,0
2014,Rajasthan,9,Bharatpur,SC,Bahadur Singh,BJP,579825.0,63.43,Dr.Suresh Jatav,INC,334357.0,36.57,245468.0,Result Declared,26.85,Landslide,NDA,0.5767,INC,1.0,0
2014,Rajasthan,10,Karauli-Dholpur,SC,Manoj Rajoria,BJP,402407.0,51.75,Lakkhiram,INC,375191.0,48.25,27216.0,Result Declared,3.5,Tight / Close Contest,NDA,0.9324,INC,1.0,0
2014,Rajasthan,11,Dausa,ST,Harish Chandra Meena,BJP,315059.0,53.88,Kirodi Lal,National People'S Party,269655.0,46.12,45404.0,Result Declared,7.77,Comfortable,NDA,0.8559,IND,1.0,0
2014,Rajasthan,12,Tonk-Sawai Madhopur,GEN,Sukhbir Singh Jaunapuria,BJP,548179.0,57.04,Mohammed Azharuddin,INC,412868.0,42.96,135311.0,Result Declared,14.08,Comfortable,NDA,0.7532,INC,1.0,0
2014,Rajasthan,13,Ajmer,GEN,Sanwar Lal Jat,BJP,637874.0,57.79,Sachin Pilot,INC,465891.0,42.21,171983.0,Result Declared,15.58,Landslide,NDA,0.7304,INC,1.0,0
2014,Rajasthan,14,Nagaur,GEN,C R Choudhary,BJP,414791.0,54.99,Jyoti Mirdha,INC,339573.0,45.01,75218.0,Result Declared,9.97,Comfortable,NDA,0.8187,INC,1.0,0
2014,Rajasthan,15,Pali,GEN,P P Choudhary,BJP,711772.0,69.47,Munni Devi Godara,INC,312733.0,30.53,399039.0,Result Declared,38.95,Landslide,NDA,0.4394,INC,1.0,0
2014,Rajasthan,16,Jodhpur,GEN,Gajendrasingh Shekhawat,BJP,713515.0,70.16,Chandresh Kumari,INC,303464.0,29.84,410051.0,Result Declared,40.32,Landslide,NDA,0.4253,INC,1.0,0
2014,Rajasthan,17,Barmer,GEN,Col. Sona Ram,BJP,488747.0,54.91,Jaswant Singh,IND,401286.0,45.09,87461.0,Result Declared,9.83,Comfortable,NDA,0.8211,INC,1.0,0
2014,Rajasthan,18,Jalore,SC,Devji Patel,BJP,580508.0,74.44,Anjana Udai Lal,INC,199363.0,25.56,381145.0,Result Declared,48.87,Landslide,NDA,0.3434,BJP,0.0,2
2014,Rajasthan,19,Udaipur,ST,Arjunlal Meena,BJP,660373.0,60.92,Raghuvir Singh,INC,423611.0,39.08,236762.0,Result Declared,21.84,Landslide,NDA,0.6415,INC,1.0,0
2014,Rajasthan,20,Banswara,ST,Manshankar Ninama,BJP,577433.0,54.32,Resham Malviya,INC,485517.0,45.68,91916.0,Result Declared,8.65,Comfortable,NDA,0.8408,INC,1.0,0
2014,Rajasthan,21,Chittorgarh,GEN,Chandra Prakash Joshi,BJP,703236.0,64.54,Girija Vyas,INC,386379.0,35.46,316857.0,Result Declared,29.08,Landslide,NDA,0.5494,INC,1.0,0
2014,Rajasthan,22,Rajsamand,GEN,Hariom Singh Rathore,BJP,644794.0,72.13,Gopal Singh Shekhawat,INC,249089.0,27.87,395705.0,Result Declared,44.27,Landslide,NDA,0.3863,INC,1.0,0
2014,Rajasthan,23,Bhilwara,GEN,Subhash Baheria,BJP,630317.0,62.14,Ashok Chandna,INC,384053.0,37.86,246264.0,Result Declared,24.28,Landslide,NDA,0.6093,INC,1.0,0
2014,Rajasthan,24,Kota,GEN,Om Birla,BJP,644822.0,59.22,Ijyaraj Singh,INC,444040.0,40.78,200782.0,Result Declared,18.44,Landslide,NDA,0.6886,INC,1.0,0
2014,Rajasthan,25,Jhalawar-Baran,GEN,Dushyant Singh,BJP,676102.0,63.15,Pramod Bhaya,INC,394556.0,36.85,281546.0,Result Declared,26.3,Landslide,NDA,0.5836,BJP,0.0,2
2014,Sikkim,1,Sikkim,GEN,Prem Das Rai,SDF,163698.0,57.31,Tek Nath Dhakal,SKM,121956.0,42.69,41742.0,Result Declared,14.61,Comfortable,Others / Regional,0.745,SDF,0.0,2
2014,Tamil Nadu,1,Tiruvallur,SC,Venugopal.P.(Dr),AIADMK,628499.0,67.32,Ravikumar.D,VCK,305069.0,32.68,323430.0,Result Declared,34.64,Landslide,Others / Regional,0.4854,AIADMK,0.0,1
2014,Tamil Nadu,2,Chennai North,GEN,Venkatesh Babu .T.G,AIADMK,406704.0,56.98,Girirajan .R,DMK,307000.0,43.02,99704.0,Result Declared,13.97,Comfortable,Others / Regional,0.7548,DMK,1.0,0
2014,Tamil Nadu,3,Chennai South,GEN,Dr. J. Jayavardhan,AIADMK,438404.0,59.23,T.K.S.Elangovan,DMK,301779.0,40.77,136625.0,Result Declared,18.46,Landslide,Others / Regional,0.6884,AIADMK,0.0,1
2014,Tamil Nadu,4,Chennai Central,GEN,S.R. Vijayakumar,AIADMK,333296.0,53.69,Dayanidhi Maran,DMK,287455.0,46.31,45841.0,Result Declared,7.38,Comfortable,Others / Regional,0.8625,DMK,1.0,0
2014,Tamil Nadu,5,Sriperumbudur,GEN,"Ramachandran, K.N.",AIADMK,545820.0,55.19,Jagathrakshakan,DMK,443174.0,44.81,102646.0,Result Declared,10.38,Comfortable,Others / Regional,0.8119,DMK,1.0,0
2014,Tamil Nadu,6,Kancheepuram,SC,Maragatham K,AIADMK,499395.0,58.62,Selvam G,DMK,352529.0,41.38,146866.0,Result Declared,17.24,Landslide,Others / Regional,0.7059,INC,1.0,0
2014,Tamil Nadu,7,Arakkonam,GEN,"Hari, G.",AIADMK,493534.0,66.13,N.R Elango,DMK,252768.0,33.87,240766.0,Result Declared,32.26,Landslide,Others / Regional,0.5122,DMK,1.0,0
2014,Tamil Nadu,8,Vellore,GEN,"Senguttuvan, B.",AIADMK,383719.0,54.19,"Shanmugam, A.C.",BJP,324326.0,45.81,59393.0,Result Declared,8.39,Comfortable,Others / Regional,0.8452,DMK,1.0,0
2014,Tamil Nadu,9,Krishnagiri,GEN,Ashok Kumar.K,AIADMK,480491.0,63.69,Chinna Pillappa.P,DMK,273900.0,36.31,206591.0,Result Declared,27.39,Landslide,Others / Regional,0.57,DMK,1.0,0
2014,Tamil Nadu,10,Dharmapuri,GEN,Anbumani Ramadoss,Pattali Makkal Katchi,468194.0,54.49,Mohan.P.S,AIADMK,391048.0,45.51,77146.0,Result Declared,8.98,Comfortable,Others / Regional,0.8352,DMK,1.0,0
2014,Tamil Nadu,11,Tiruvannamalai,GEN,Vanaroja R,AIADMK,500751.0,60.12,Annadurai C N,DMK,332145.0,39.88,168606.0,Result Declared,20.24,Landslide,Others / Regional,0.6633,DMK,1.0,0
2014,Tamil Nadu,12,Arani,GEN,V.Elumalai,AIADMK,502721.0,66.01,R.Sivanandam,DMK,258877.0,33.99,243844.0,Result Declared,32.02,Landslide,Others / Regional,0.515,INC,1.0,0
2014,Tamil Nadu,13,Villupuram,SC,Rajendran S,AIADMK,482704.0,62.52,Muthaiyan K,DMK,289337.0,37.48,193367.0,Result Declared,25.05,Landslide,Others / Regional,0.5994,AIADMK,0.0,1
2014,Tamil Nadu,14,Kallakurichi,GEN,Kamaraj. K,AIADMK,533383.0,63.25,Manimaran. R,DMK,309876.0,36.75,223507.0,Result Declared,26.51,Landslide,Others / Regional,0.581,DMK,1.0,0
2014,Tamil Nadu,15,Salem,GEN,Pannerselvam.V,AIADMK,556546.0,65.83,Umarani. S,DMK,288936.0,34.17,267610.0,Result Declared,31.65,Landslide,Others / Regional,0.5192,AIADMK,0.0,1
2014,Tamil Nadu,16,Namakkal,GEN,Sundaram P.R,AIADMK,563272.0,67.69,Gandhiselvan.S,DMK,268898.0,32.31,294374.0,Result Declared,35.37,Landslide,Others / Regional,0.4774,DMK,1.0,0
2014,Tamil Nadu,17,Erode,GEN,Selvakumara Chinnayan S,AIADMK,466995.0,64.64,A. Ganeshamurthi,MDMK,255432.0,35.36,211563.0,Result Declared,29.29,Landslide,Others / Regional,0.547,MDMK,1.0,0
2014,Tamil Nadu,18,Tiruppur,GEN,V.Sathyabama,AIADMK,442778.0,62.7,N.Dineshkumar,Desiya Murpokku Dravida Kazhagam,263463.0,37.3,179315.0,Result Declared,25.39,Landslide,Others / Regional,0.595,AIADMK,0.0,1
2014,Tamil Nadu,19,Nilgiris,SC,"Gopalakrishnan, C.",AIADMK,463700.0,56.38,"Raja, A.",DMK,358760.0,43.62,104940.0,Result Declared,12.76,Comfortable,Others / Regional,0.7737,DMK,1.0,0
2014,Tamil Nadu,20,Coimbatore,GEN,"Nagarajan, P.",AIADMK,431717.0,52.56,"Radhakrishnan, C.P",BJP,389701.0,47.44,42016.0,Result Declared,5.12,Comfortable,Others / Regional,0.9027,CPI(M),1.0,0
2014,Tamil Nadu,21,Pollachi,GEN,Mahendran.C,AIADMK,417092.0,60.17,Eswaran.E.R.,BJP,276118.0,39.83,140974.0,Result Declared,20.34,Landslide,Others / Regional,0.662,AIADMK,0.0,1
2014,Tamil Nadu,22,Dindigul,GEN,Udhaya Kumar .M,AIADMK,510462.0,57.16,Gandhirajan S,DMK,382617.0,42.84,127845.0,Result Declared,14.32,Comfortable,Others / Regional,0.7496,INC,1.0,0
2014,Tamil Nadu,23,Karur,GEN,"Thambidurai, M.",AIADMK,540722.0,61.02,"Chinnasamy, M",DMK,345475.0,38.98,195247.0,Result Declared,22.03,Landslide,Others / Regional,0.6389,AIADMK,0.0,1
2014,Tamil Nadu,24,Tiruchirappalli,GEN,Kumar.P,AIADMK,458478.0,59.82,Anbhalagan.Mu,DMK,308002.0,40.18,150476.0,Result Declared,19.63,Landslide,Others / Regional,0.6718,AIADMK,0.0,1
2014,Tamil Nadu,25,Perambalur,GEN,"Marutharajaa, R.P.",AIADMK,462693.0,64.95,"Seemanur Prabu, S",DMK,249645.0,35.05,213048.0,Result Declared,29.91,Landslide,Others / Regional,0.5395,DMK,1.0,0
2014,Tamil Nadu,26,Cuddalore,GEN,Arunmozhithevan.A,AIADMK,481429.0,63.37,Nandagopalakrishnan.K,DMK,278304.0,36.63,203125.0,Result Declared,26.74,Landslide,Others / Regional,0.5781,INC,1.0,0
2014,Tamil Nadu,27,Chidambaram,SC,"Chandrakasi, M",AIADMK,429536.0,58.79,"Thirumaavalavan, Thol",VCK,301041.0,41.21,128495.0,Result Declared,17.59,Landslide,Others / Regional,0.7009,VCK,1.0,0
2014,Tamil Nadu,28,Mayiladuthurai,GEN,Bharathi Mohan R.K,AIADMK,513729.0,68.46,Hyder Ali.S,Manithaneya Makkal Katchi,236679.0,31.54,277050.0,Result Declared,36.92,Landslide,Others / Regional,0.4607,AIADMK,0.0,1
2014,Tamil Nadu,29,Nagapattinam,SC,Gopal. Dr. K,AIADMK,434174.0,56.96,Vijayan. A.K.S,DMK,328095.0,43.04,106079.0,Result Declared,13.92,Comfortable,Others / Regional,0.7557,DMK,1.0,0
2014,Tamil Nadu,30,Thanjavur,GEN,Parasuraman.K,AIADMK,510307.0,58.22,Baalu.T.R,DMK,366188.0,41.78,144119.0,Result Declared,16.44,Landslide,Others / Regional,0.7176,DMK,1.0,0
2014,Tamil Nadu,31,Sivaganga,GEN,Senthilnathan Pr,AIADMK,475993.0,65.87,Dhurai Raaj Subha,DMK,246608.0,34.13,229385.0,Result Declared,31.74,Landslide,Others / Regional,0.5181,INC,1.0,0
2014,Tamil Nadu,32,Madurai,GEN,R.Gopalakrishnan,AIADMK,454167.0,63.89,V Velusamy,DMK,256731.0,36.11,197436.0,Result Declared,27.77,Landslide,Others / Regional,0.5653,DMK,1.0,0
2014,Tamil Nadu,33,Theni,GEN,"Parthipan, R.",AIADMK,571254.0,68.99,Pon. Muthuramalingam,DMK,256722.0,31.01,314532.0,Result Declared,37.99,Landslide,Others / Regional,0.4494,INC,1.0,0
2014,Tamil Nadu,34,Virudhunagar,GEN,Radhakrishnan T,AIADMK,406694.0,60.9,Vaiko,MDMK,261143.0,39.1,145551.0,Result Declared,21.79,Landslide,Others / Regional,0.6421,INC,1.0,0
2014,Tamil Nadu,35,Ramanathapuram,GEN,Anwhar Raajhaa.A,AIADMK,405945.0,58.61,Mohamed Jaleel .S,DMK,286621.0,41.39,119324.0,Result Declared,17.23,Landslide,Others / Regional,0.7061,DMK,1.0,0
2014,Tamil Nadu,36,Thoothukudi,GEN,Jeyasingh Thiyagaraj Natterjee.J,AIADMK,366052.0,60.2,Jegan. P,DMK,242050.0,39.8,124002.0,Result Declared,20.39,Landslide,Others / Regional,0.6612,DMK,1.0,0
2014,Tamil Nadu,37,Tenkasi,SC,Vasanthi.M,AIADMK,424586.0,61.77,Dr.Krishnasamy.K.,Puthiya Tamilagam,262812.0,38.23,161774.0,Result Declared,23.53,Landslide,Others / Regional,0.619,CPI,1.0,0
2014,Tamil Nadu,38,Tirunelveli,GEN,Prabakaran.K.R.P,AIADMK,398139.0,59.41,Devadasa Sundaram,DMK,272040.0,40.59,126099.0,Result Declared,18.82,Landslide,Others / Regional,0.6833,INC,1.0,0
2014,Tamil Nadu,39,Kanniyakumari,GEN,Radhakrishnan P.,BJP,372906.0,60.42,Vasantha Kumar H.,INC,244244.0,39.58,128662.0,Result Declared,20.85,Landslide,NDA,0.655,DMK,1.0,0
2014,Tripura,1,Tripura West,GEN,Sankar Prasad Datta,CPI(M),671665.0,79.97,Arunoday Saha,INC,168179.0,20.03,503486.0,Result Declared,59.95,Landslide,UPA / I.N.D.I.A.,0.2504,CPI(M),0.0,2
2014,Tripura,2,Tripura East,ST,Jitendera Choudhury,CPI(M),623771.0,81.73,Sachitra Debbarma,INC,139413.0,18.27,484358.0,Result Declared,63.47,Landslide,UPA / I.N.D.I.A.,0.2235,CPI(M),0.0,2
2014,Uttar Pradesh,1,Saharanpur,GEN,Raghav Lakhanpal,BJP,472999.0,53.69,Imran Masood,INC,407909.0,46.31,65090.0,Result Declared,7.39,Comfortable,NDA,0.8624,BSP,1.0,0
2014,Uttar Pradesh,2,Kairana,GEN,Hukum Singh,BJP,565909.0,63.23,Nahid Hasan,SP,329081.0,36.77,236828.0,Result Declared,26.46,Landslide,NDA,0.5815,BSP,1.0,0
2014,Uttar Pradesh,3,Muzaffarnagar,GEN,Sanjeev Kumar Balyan,BJP,653391.0,72.15,Kadir Rana,BSP,252241.0,27.85,401150.0,Result Declared,44.3,Landslide,NDA,0.386,BSP,1.0,0
2014,Uttar Pradesh,4,Bijnor,GEN,Kunwar Bhartendra,BJP,486913.0,63.4,Shahnawaz Rana,SP,281139.0,36.6,205774.0,Result Declared,26.79,Landslide,NDA,0.5774,RLD,1.0,0
2014,Uttar Pradesh,5,Nagina,SC,Yashwant Singh,BJP,367825.0,57.18,Yashvir Singh,SP,275435.0,42.82,92390.0,Result Declared,14.36,Comfortable,NDA,0.7488,SP,1.0,0
2014,Uttar Pradesh,6,Moradabad,GEN,Kunwer Sarvesh Kumar,BJP,485224.0,54.96,Dr S T Hasan,SP,397720.0,45.04,87504.0,Result Declared,9.91,Comfortable,NDA,0.8197,INC,1.0,0
2014,Uttar Pradesh,7,Rampur,GEN,Dr. Nepal Singh,BJP,358616.0,51.69,Naseer Ahmad Khan,SP,335181.0,48.31,23435.0,Result Declared,3.38,Tight / Close Contest,NDA,0.9347,SP,1.0,0
2014,Uttar Pradesh,8,Sambhal,GEN,Satyapal Singh,BJP,360242.0,50.36,Dr Shafiq Ur Rahman Barq,SP,355068.0,49.64,5174.0,Result Declared,0.72,Tight / Close Contest,NDA,0.9856,BSP,1.0,0
2014,Uttar Pradesh,9,Amroha,GEN,Kanwar Singh Tanwar,BJP,528880.0,58.79,Humera Akhtar,SP,370666.0,41.21,158214.0,Result Declared,17.59,Landslide,NDA,0.7009,RLD,1.0,0
2014,Uttar Pradesh,10,Meerut,GEN,Rajendra Agarwal,BJP,532981.0,63.93,Mohd.Shahid Akhlak,BSP,300655.0,36.07,232326.0,Result Declared,27.87,Landslide,NDA,0.5641,BJP,0.0,1
2014,Uttar Pradesh,11,Baghpat,GEN,Dr. Satya Pal Singh,BJP,423475.0,66.47,Ghulam Mohammed,SP,213609.0,33.53,209866.0,Result Declared,32.94,Landslide,NDA,0.5044,RLD,1.0,0
2014,Uttar Pradesh,12,Ghaziabad,GEN,Vijay Kumar Singh,BJP,758482.0,79.87,Raj Babbar,INC,191222.0,20.13,567260.0,Result Declared,59.73,Landslide,NDA,0.2521,BJP,0.0,1
2014,Uttar Pradesh,13,Gautam Buddha Nagar,GEN,Dr.Mahesh Sharma,BJP,599702.0,65.24,Narendra Bhati,SP,319490.0,34.76,280212.0,Result Declared,30.48,Landslide,NDA,0.5327,BSP,1.0,0
2014,Uttar Pradesh,14,Bulandshahr,SC,Bhola Singh,BJP,604449.0,76.81,Pradeep Kumar Jatav,BSP,182476.0,23.19,421973.0,Result Declared,53.62,Landslide,NDA,0.3019,SP,1.0,0
2014,Uttar Pradesh,15,Aligarh,GEN,Satish Kumar,BJP,514622.0,69.31,Dr. Arvind Kumar Singh,BSP,227886.0,30.69,286736.0,Result Declared,38.62,Landslide,NDA,0.4428,BSP,1.0,0
2014,Uttar Pradesh,16,Hathras,SC,Rajesh Kumar Diwaker,BJP,544277.0,71.41,Manoj Kumar Soni,BSP,217891.0,28.59,326386.0,Result Declared,42.82,Landslide,NDA,0.4003,RLD,1.0,0
2014,Uttar Pradesh,17,Mathura,GEN,Hema Malini Dharmendra,BJP,574633.0,70.2,Jayant Chaudhary,RLD,243890.0,29.8,330743.0,Result Declared,40.41,Landslide,NDA,0.4244,RLD,1.0,0
2014,Uttar Pradesh,18,Agra,SC,Dr. Ram Shankar Katheria,BJP,583716.0,67.31,Narayan Singh Suman,BSP,283453.0,32.69,300263.0,Result Declared,34.63,Landslide,NDA,0.4856,BJP,0.0,1
2014,Uttar Pradesh,19,Fatehpur Sikri,GEN,Babulal,BJP,426589.0,62.73,Seema Upadhyay,BSP,253483.0,37.27,173106.0,Result Declared,25.45,Landslide,NDA,0.5942,BSP,1.0,0
2014,Uttar Pradesh,20,Firozabad,GEN,Akshay Yadav,SP,534583.0,55.97,Prof. S.P. Singh Baghel,BJP,420524.0,44.03,114059.0,Result Declared,11.94,Comfortable,UPA / I.N.D.I.A.,0.7866,SP,0.0,2
2014,Uttar Pradesh,21,Mainpuri,GEN,Mulayam Singh Yadav,SP,595918.0,72.04,Shatrughan Singh Chauhan,BJP,231252.0,27.96,364666.0,Result Declared,44.09,Landslide,UPA / I.N.D.I.A.,0.3881,SP,0.0,1
2014,Uttar Pradesh,22,Etah,GEN,Rajveer Singh,BJP,474978.0,63.42,Ku. Devendra Singh Yadav,SP,273977.0,36.58,201001.0,Result Declared,26.84,Landslide,NDA,0.5768,IND,1.0,0
2014,Uttar Pradesh,23,Badaun,GEN,Dharmendra Yadav,SP,498378.0,60.02,Vagish Pathak,BJP,332031.0,39.98,166347.0,Result Declared,20.03,Landslide,UPA / I.N.D.I.A.,0.6662,SP,0.0,1
2014,Uttar Pradesh,24,Aonla,GEN,Dharmendra Kumar,BJP,409907.0,60.16,Kunwar Sarvraj Singh,SP,271478.0,39.84,138429.0,Result Declared,20.32,Landslide,NDA,0.6623,BJP,0.0,1
2014,Uttar Pradesh,25,Bareilly,GEN,Santosh Kumar Gangwar,BJP,518258.0,65.12,Ayesha Islam,SP,277573.0,34.88,240685.0,Result Declared,30.24,Landslide,NDA,0.5356,INC,1.0,0
2014,Uttar Pradesh,26,Pilibhit,GEN,Maneka Sanjay Gandhi,BJP,546934.0,69.51,Budhsen Verma,SP,239882.0,30.49,307052.0,Result Declared,39.02,Landslide,NDA,0.4386,BJP,0.0,1
2014,Uttar Pradesh,27,Shahjahanpur,SC,Krishna Raj,BJP,525132.0,64.45,Umed Singh Kashyap,BSP,289603.0,35.55,235529.0,Result Declared,28.91,Landslide,NDA,0.5515,SP,1.0,0
2014,Uttar Pradesh,28,Kheri,GEN,Ajay Kumar,BJP,398578.0,58.03,Arvind Giri,BSP,288304.0,41.97,110274.0,Result Declared,16.05,Landslide,NDA,0.7233,INC,1.0,0
2014,Uttar Pradesh,29,Dhaurahra,GEN,Rekha,BJP,360357.0,60.56,Daud Ahmad,BSP,234682.0,39.44,125675.0,Result Declared,21.12,Landslide,NDA,0.6512,INC,1.0,0
2014,Uttar Pradesh,30,Sitapur,GEN,Rajesh Verma,BJP,417546.0,53.25,Kaiser Jahan,BSP,366519.0,46.75,51027.0,Result Declared,6.51,Comfortable,NDA,0.8778,BSP,1.0,0
2014,Uttar Pradesh,31,Hardoi,SC,Anshul Verma,BJP,360501.0,56.36,Shive Prasad Verma,BSP,279158.0,43.64,81343.0,Result Declared,12.72,Comfortable,NDA,0.7744,SP,1.0,0
2014,Uttar Pradesh,32,Misrikh,SC,Anju Bala,BJP,412575.0,55.92,Ashok Kumar Rawat,BSP,325212.0,44.08,87363.0,Result Declared,11.84,Comfortable,NDA,0.7882,BSP,1.0,0
2014,Uttar Pradesh,33,Unnao,GEN,Swami Sachchidanand Hari Sakshi,BJP,518834.0,71.32,Arun Shankar Shukla,SP,208661.0,28.68,310173.0,Result Declared,42.64,Landslide,NDA,0.4022,INC,1.0,0
2014,Uttar Pradesh,34,Mohanlalganj,SC,Kaushal Kishore,BJP,455274.0,59.5,R.K Chaudhary,BSP,309858.0,40.5,145416.0,Result Declared,19.01,Landslide,NDA,0.6806,SP,1.0,0
2014,Uttar Pradesh,35,Lucknow,GEN,Raj Nath Singh,BJP,561106.0,66.05,Prof. Rita Bahuguna Joshi,INC,288357.0,33.95,272749.0,Result Declared,32.11,Landslide,NDA,0.5139,BJP,0.0,2
2014,Uttar Pradesh,36,Rae Bareli,GEN,Sonia Gandhi,INC,526434.0,75.19,Ajay Agrawal,BJP,173721.0,24.81,352713.0,Result Declared,50.38,Landslide,UPA / I.N.D.I.A.,0.33,INC,0.0,1
2014,Uttar Pradesh,37,Amethi,GEN,Rahul Gandhi,INC,408651.0,57.61,Smriti Irani,BJP,300748.0,42.39,107903.0,Result Declared,15.21,Landslide,UPA / I.N.D.I.A.,0.736,INC,0.0,1
2014,Uttar Pradesh,38,Sultanpur,GEN,Varun Gandhi,BJP,410348.0,63.94,Pawan Pandey,BSP,231446.0,36.06,178902.0,Result Declared,27.88,Landslide,NDA,0.564,INC,1.0,0
2014,Uttar Pradesh,39,Pratapgarh,GEN,Kuwar Harivansh Singh,AD(S),375789.0,64.42,Asif Nizamuddin Siddique,BSP,207567.0,35.58,168222.0,Result Declared,28.84,Landslide,NDA,0.5523,INC,1.0,0
2014,Uttar Pradesh,40,Farrukhabad,GEN,Mukesh Rajput,BJP,406195.0,61.37,Rameshwar Singh Yadav,SP,255693.0,38.63,150502.0,Result Declared,22.74,Landslide,NDA,0.6295,INC,1.0,0
2014,Uttar Pradesh,41,Etawah,SC,Ashok Kumar Doharey,BJP,439646.0,62.24,Premdas Kateriya,SP,266700.0,37.76,172946.0,Result Declared,24.48,Landslide,NDA,0.6066,SP,1.0,0
2014,Uttar Pradesh,42,Kannauj,GEN,Dimple Yadav,SP,489164.0,51.04,Subrat Pathak,BJP,469257.0,48.96,19907.0,Result Declared,2.08,Tight / Close Contest,UPA / I.N.D.I.A.,0.9593,SP,0.0,2
2014,Uttar Pradesh,43,Kanpur,GEN,Dr.Murli Manohar Joshi,BJP,474712.0,65.34,Sriprakash Jaiswal,INC,251766.0,34.66,222946.0,Result Declared,30.69,Landslide,NDA,0.5304,INC,1.0,0
2014,Uttar Pradesh,44,Akbarpur,GEN,Devendra Singh,BJP,481584.0,70.39,Anil Shukla Warsi,BSP,202587.0,29.61,278997.0,Result Declared,40.78,Landslide,NDA,0.4207,INC,1.0,0
2014,Uttar Pradesh,45,Jalaun,SC,Bhanu Pratap Singh Verma,BJP,548631.0,67.73,Brijlal Khabri,BSP,261429.0,32.27,287202.0,Result Declared,35.45,Landslide,NDA,0.4765,SP,1.0,0
2014,Uttar Pradesh,46,Jhansi,GEN,Uma Bharti,BJP,575889.0,59.91,Chandrapal Singh Yadav,SP,385422.0,40.09,190467.0,Result Declared,19.81,Landslide,NDA,0.6693,INC,1.0,0
2014,Uttar Pradesh,47,Hamirpur,GEN,Kunwar Pushpendra Singh Chandel,BJP,453884.0,70.81,Bishambhar Prasad Nishad,SP,187096.0,29.19,266788.0,Result Declared,41.62,Landslide,NDA,0.4122,BSP,1.0,0
2014,Uttar Pradesh,48,Banda,GEN,Bhairon Prasad Mishra,BJP,342066.0,60.19,R. K. Singh Patel,BSP,226278.0,39.81,115788.0,Result Declared,20.37,Landslide,NDA,0.6615,SP,1.0,0
2014,Uttar Pradesh,49,Fatehpur,GEN,Sadhavi Niranjan Jyoti,BJP,485994.0,61.93,Afzal Siddiqui,BSP,298788.0,38.07,187206.0,Result Declared,23.85,Landslide,NDA,0.6148,SP,1.0,0
2014,Uttar Pradesh,50,Kaushambi,SC,Vinod Kumar Sonkar,BJP,331593.0,53.45,Shailendra Kumar,SP,288746.0,46.55,42847.0,Result Declared,6.91,Comfortable,NDA,0.8708,SP,1.0,0
2014,Uttar Pradesh,51,Phulpur,GEN,Keshav Prasad Maurya,BJP,503564.0,72.06,Dharam Raj Singh Patel,SP,195256.0,27.94,308308.0,Result Declared,44.12,Landslide,NDA,0.3877,BSP,1.0,0
2014,Uttar Pradesh,52,Allahabad,GEN,Shyama Charan Gupta,BJP,313772.0,55.48,Kunwar Rewati Raman Singh,SP,251763.0,44.52,62009.0,Result Declared,10.96,Comfortable,NDA,0.8024,SP,1.0,0
2014,Uttar Pradesh,53,Barabanki,SC,Priyanka Singh Rawat,BJP,454214.0,65.21,P. L. Punia,INC,242336.0,34.79,211878.0,Result Declared,30.42,Landslide,NDA,0.5335,INC,1.0,0
2014,Uttar Pradesh,54,Faizabad,GEN,Lallu Singh,BJP,491761.0,70.18,Mitrasen Yadav,SP,208986.0,29.82,282775.0,Result Declared,40.35,Landslide,NDA,0.425,INC,1.0,0
2014,Uttar Pradesh,55,Ambedkar Nagar,GEN,Hari Om Pandey,BJP,432104.0,59.62,Rakesh Pandey,BSP,292675.0,40.38,139429.0,Result Declared,19.24,Landslide,NDA,0.6773,BSP,1.0,0
2014,Uttar Pradesh,56,Bahraich,SC,Sadhvi Savitri Bai Foole,BJP,432392.0,56.22,Shabbir Ahmad,SP,336747.0,43.78,95645.0,Result Declared,12.44,Comfortable,NDA,0.7788,INC,1.0,0
2014,Uttar Pradesh,57,Kaiserganj,GEN,Brij Bhusan Sharan Singh,BJP,381500.0,55.71,Vinod Kumar Alias Pandit Singh,SP,303282.0,44.29,78218.0,Result Declared,11.42,Comfortable,NDA,0.795,SP,1.0,0
2014,Uttar Pradesh,58,Shravasti,GEN,Daddan Mishra,BJP,345964.0,57.09,Atiq Ahmad,SP,260051.0,42.91,85913.0,Result Declared,14.18,Comfortable,NDA,0.7517,INC,1.0,0
2014,Uttar Pradesh,59,Gonda,GEN,Kirti Vardhan Singh,BJP,359643.0,64.35,Nandita Shukla,SP,199227.0,35.65,160416.0,Result Declared,28.7,Landslide,NDA,0.554,INC,1.0,0
2014,Uttar Pradesh,60,Domariyaganj,GEN,Jagdambika Pal,BJP,298845.0,60.48,Muhammad Muqeem,BSP,195257.0,39.52,103588.0,Result Declared,20.96,Landslide,NDA,0.6534,INC,1.0,0
2014,Uttar Pradesh,61,Basti,GEN,Harish Chandra Alias Harish Dwivedi,BJP,357680.0,52.46,Brij Kishor Singh (Dimpal),SP,324118.0,47.54,33562.0,Result Declared,4.92,Tight / Close Contest,NDA,0.9062,BSP,1.0,0
2014,Uttar Pradesh,62,Sant Kabir Nagar,GEN,Sharad Tripathi,BJP,348892.0,58.17,Bhism Shankar Alias Kushal Tiwari,BSP,250914.0,41.83,97978.0,Result Declared,16.33,Landslide,NDA,0.7192,BSP,1.0,0
2014,Uttar Pradesh,63,Maharajganj,GEN,Pankaj,BJP,471542.0,67.11,Kashi Nath Shukla,BSP,231084.0,32.89,240458.0,Result Declared,34.22,Landslide,NDA,0.4901,INC,1.0,0
2014,Uttar Pradesh,64,Gorakhpur,GEN,Yogi Adityanath,BJP,539127.0,70.43,Rajmati Nishad,SP,226344.0,29.57,312783.0,Result Declared,40.86,Landslide,NDA,0.4198,BJP,0.0,1
2014,Uttar Pradesh,65,Kushi Nagar,GEN,Rajesh Pandey Urf Guddu,BJP,370051.0,56.53,Ratanjit Pratap Narain Singh,INC,284511.0,43.47,85540.0,Result Declared,13.07,Comfortable,NDA,0.7688,INC,1.0,0
2014,Uttar Pradesh,66,Deoria,GEN,Kalraj Mishra,BJP,496500.0,68.24,Niyaj Ahmad,BSP,231114.0,31.76,265386.0,Result Declared,36.47,Landslide,NDA,0.4655,BSP,1.0,0
2014,Uttar Pradesh,67,Bansgaon,SC,Kamlesh Paswan,BJP,417959.0,64.66,Sadal Prasad,BSP,228443.0,35.34,189516.0,Result Declared,29.32,Landslide,NDA,0.5466,BJP,0.0,1
2014,Uttar Pradesh,68,Lalganj,SC,Neelam Sonkar,BJP,324016.0,55.39,Bechai Saroj,SP,260930.0,44.61,63086.0,Result Declared,10.78,Comfortable,NDA,0.8053,BSP,1.0,0
2014,Uttar Pradesh,69,Azamgarh,GEN,Mulayam Singh Yadav,SP,340306.0,55.12,Ramakant Yadav,BJP,277102.0,44.88,63204.0,Result Declared,10.24,Comfortable,UPA / I.N.D.I.A.,0.8143,BJP,1.0,0
2014,Uttar Pradesh,70,Ghosi,GEN,Harinarayan Rajbhar,BJP,379797.0,61.9,Dara Singh Chauhan,BSP,233782.0,38.1,146015.0,Result Declared,23.8,Landslide,NDA,0.6155,BSP,1.0,0
2014,Uttar Pradesh,71,Salempur,GEN,Ravindra Kushawaha,BJP,392213.0,71.04,Ravi Shanker Singh,BSP,159871.0,28.96,232342.0,Result Declared,42.08,Landslide,NDA,0.4076,BSP,1.0,0
2014,Uttar Pradesh,72,Ballia,GEN,Bharat Singh,BJP,359758.0,62.02,Neeraj Shekhar,SP,220324.0,37.98,139434.0,Result Declared,24.04,Landslide,NDA,0.6124,SP,1.0,0
2014,Uttar Pradesh,73,Jaunpur,GEN,Krishna Pratap,BJP,367149.0,62.44,Subhash Pandey,BSP,220839.0,37.56,146310.0,Result Declared,24.88,Landslide,NDA,0.6015,BSP,1.0,0
2014,Uttar Pradesh,74,Machhlishahr,SC,Ram Charitra Nishad,BJP,438210.0,62.22,B. P. Saroj,BSP,266055.0,37.78,172155.0,Result Declared,24.44,Landslide,NDA,0.6071,SP,1.0,0
2014,Uttar Pradesh,75,Ghazipur,GEN,Manoj Sinha,BJP,306929.0,52.79,Shivkanya Kushwaha,SP,274477.0,47.21,32452.0,Result Declared,5.58,Comfortable,NDA,0.8943,SP,1.0,0
2014,Uttar Pradesh,76,Chandauli,GEN,Mahendra Nath Pandey,BJP,414135.0,61.67,Anil Kumar Maurya,BSP,257379.0,38.33,156756.0,Result Declared,23.34,Landslide,NDA,0.6215,SP,1.0,0
2014,Uttar Pradesh,77,Varanasi,GEN,Narendra Modi,BJP,581022.0,73.52,Arvind Kejriwal,AAP,209238.0,26.48,371784.0,Result Declared,47.05,Landslide,NDA,0.3601,BJP,0.0,1
2014,Uttar Pradesh,78,Bhadohi,GEN,Virendra Singh,BJP,403544.0,62.17,Rakesh Dhar Tripathi,BSP,245505.0,37.83,158039.0,Result Declared,24.35,Landslide,NDA,0.6084,BSP,1.0,0
2014,Uttar Pradesh,79,Mirzapur,GEN,Anupriya Singh Patel,AD(S),436536.0,66.75,Samudra Bind,BSP,217457.0,33.25,219079.0,Result Declared,33.5,Landslide,NDA,0.4981,SP,1.0,0
2014,Uttar Pradesh,80,Robertsganj,SC,Chhotelal,BJP,378211.0,66.83,Sharada Prasad,BSP,187725.0,33.17,190486.0,Result Declared,33.66,Landslide,NDA,0.4963,SP,1.0,0
2014,Uttarakhand,1,Tehri Garhwal,GEN,Mala Rajya Laxmi Shah,BJP,446733.0,63.73,Saket Bahuguna,INC,254230.0,36.27,192503.0,Result Declared,27.46,Landslide,NDA,0.5691,INC,1.0,0
2014,Uttarakhand,2,Garhwal,GEN,B. C. Khanduri,BJP,405690.0,64.72,Harak Singh Rawat,INC,221164.0,35.28,184526.0,Result Declared,29.44,Landslide,NDA,0.5452,INC,1.0,0
2014,Uttarakhand,3,Almora,SC,Ajay Tamta,BJP,348186.0,57.97,Pradeep Tamta,INC,252496.0,42.03,95690.0,Result Declared,15.93,Landslide,NDA,0.7252,INC,1.0,0
2014,Uttarakhand,4,Nainital-Udhamsingh Nagar,GEN,Bhagat Singh Koshyari,BJP,636769.0,64.4,K. C. Singh Baba,INC,352052.0,35.6,284717.0,Result Declared,28.79,Landslide,NDA,0.5529,INC,1.0,0
2014,Uttarakhand,5,Haridwar,GEN,Ramesh Pokhriyal,BJP,592320.0,58.83,Renuka Rawat,INC,414498.0,41.17,177822.0,Result Declared,17.66,Landslide,NDA,0.6998,INC,1.0,0
2014,West Bengal,1,Cooch Behar,SC,Renuka Sinha,TMC,526499.0,54.51,Dipak Kumar Roy,AIFB,439392.0,45.49,87107.0,Result Declared,9.02,Comfortable,UPA / I.N.D.I.A.,0.8346,AIFB,1.0,0
2014,West Bengal,2,Alipurduars,SC,Dasrath Tirkey,TMC,362453.0,51.52,Manohar Tirkey,RSP,341056.0,48.48,21397.0,Result Declared,3.04,Tight / Close Contest,UPA / I.N.D.I.A.,0.941,RSP,1.0,0
2014,West Bengal,3,Jalpaiguri,SC,Bijoy Chandra Barman,TMC,494773.0,53.78,Mahendra Kumar Roy,CPI(M),425167.0,46.22,69606.0,Result Declared,7.57,Comfortable,UPA / I.N.D.I.A.,0.8593,CPI(M),1.0,0
2014,West Bengal,4,Darjeeling,GEN,S.S.Ahluwalia,BJP,488257.0,62.66,Bhai Chung Bhutia,TMC,291018.0,37.34,197239.0,Result Declared,25.31,Landslide,NDA,0.596,BJP,0.0,1
2014,West Bengal,5,Raiganj,GEN,Md. Salim,CPI(M),317515.0,50.13,Deepa Dasmunsi,INC,315881.0,49.87,1634.0,Result Declared,0.26,Tight / Close Contest,UPA / I.N.D.I.A.,0.9949,INC,1.0,0
2014,West Bengal,6,Balurghat,GEN,Arpita Ghosh,TMC,409641.0,57.51,Bimalendu Sarkar,RSP,302677.0,42.49,106964.0,Result Declared,15.02,Landslide,UPA / I.N.D.I.A.,0.7389,RSP,1.0,0
2014,West Bengal,7,Maldaha Uttar,GEN,Mausam Noor,INC,388609.0,54.62,Khagen Murmu,CPI(M),322904.0,45.38,65705.0,Result Declared,9.23,Comfortable,UPA / I.N.D.I.A.,0.8309,INC,0.0,2
2014,West Bengal,8,Maldaha Dakshin,GEN,Abu Hasem Khan Chowdhury,INC,380291.0,63.76,Bisnu Pada Roy,BJP,216180.0,36.24,164111.0,Result Declared,27.51,Landslide,UPA / I.N.D.I.A.,0.5685,INC,0.0,2
2014,West Bengal,9,Jangipur,GEN,Abhijit Mukherjee,INC,378201.0,50.55,Muzaffar Hossain,CPI(M),370040.0,49.45,8161.0,Result Declared,1.09,Tight / Close Contest,UPA / I.N.D.I.A.,0.9784,INC,0.0,2
2014,West Bengal,10,Baharampur,GEN,Adhir Ranjan Chowdhury,INC,583549.0,72.0,Indranil Sen,TMC,226982.0,28.0,356567.0,Result Declared,43.99,Landslide,UPA / I.N.D.I.A.,0.389,INC,0.0,2
2014,West Bengal,11,Murshidabad,GEN,Badaruddoza Khan,CPI(M),426947.0,51.1,Abdul Mannan Hossain,INC,408494.0,48.9,18453.0,Result Declared,2.21,Tight / Close Contest,UPA / I.N.D.I.A.,0.9568,INC,1.0,0
2014,West Bengal,12,Krishnanagar,GEN,Tapas Paul,TMC,438789.0,54.42,Jha Shantanu,CPI(M),367534.0,45.58,71255.0,Result Declared,8.84,Comfortable,UPA / I.N.D.I.A.,0.8376,TMC,0.0,1
2014,West Bengal,13,Ranaghat,SC,Tapas Mandal,TMC,590451.0,60.3,Archana Biswas,CPI(M),388684.0,39.7,201767.0,Result Declared,20.61,Landslide,UPA / I.N.D.I.A.,0.6583,TMC,0.0,1
2014,West Bengal,14,Bangaon,SC,Mamata Thakur,TMC,539999.0,62.2,Debesh Das,CPI(M),328214.0,37.8,211785.0,Result Declared,24.39,Landslide,UPA / I.N.D.I.A.,0.6078,TMC,0.0,1
2014,West Bengal,15,Barrackpore,GEN,Dinesh Trivedi,TMC,479206.0,63.75,Subhashini Ali,CPI(M),272433.0,36.25,206773.0,Result Declared,27.51,Landslide,UPA / I.N.D.I.A.,0.5685,TMC,0.0,1
2014,West Bengal,16,Dum Dum,GEN,Saugata Roy,TMC,483244.0,59.55,Asim Kumar Dasgupta,CPI(M),328310.0,40.45,154934.0,Result Declared,19.09,Landslide,UPA / I.N.D.I.A.,0.6794,TMC,0.0,1
2014,West Bengal,17,Barasat,GEN,Dr. Kakali Ghoshdostidar,TMC,525387.0,59.86,Dr. Mortoza Hossain,AIFB,352246.0,40.14,173141.0,Result Declared,19.73,Landslide,UPA / I.N.D.I.A.,0.6705,TMC,0.0,1
2014,West Bengal,18,Basirhat,GEN,Idris Ali,TMC,492326.0,56.27,Nurul Huda,CPI,382667.0,43.73,109659.0,Result Declared,12.53,Comfortable,UPA / I.N.D.I.A.,0.7773,TMC,0.0,1
2014,West Bengal,19,Jaynagar,SC,Pratima Mondal,TMC,494746.0,56.15,Subhas Naskar,RSP,386362.0,43.85,108384.0,Result Declared,12.3,Comfortable,UPA / I.N.D.I.A.,0.7809,Socialist Unity Centre Of India (C),1.0,0
2014,West Bengal,20,Mathurapur,SC,Choudhury Mohan Jatua,TMC,627761.0,56.2,Rinku Naskar,CPI(M),489325.0,43.8,138436.0,Result Declared,12.39,Comfortable,UPA / I.N.D.I.A.,0.7795,TMC,0.0,1
2014,West Bengal,21,Diamond Harbour,GEN,Abhishek Banerjee,TMC,508481.0,53.77,Dr. Abul Hasnat,CPI(M),437183.0,46.23,71298.0,Result Declared,7.54,Comfortable,UPA / I.N.D.I.A.,0.8598,TMC,0.0,1
2014,West Bengal,22,Jadavpur,GEN,Sugata Bose,TMC,584244.0,56.0,Sujan Chakraborty,CPI(M),459041.0,44.0,125203.0,Result Declared,12.0,Comfortable,UPA / I.N.D.I.A.,0.7857,TMC,0.0,1
2014,West Bengal,23,Kolkata Dakshin,GEN,Subrata Bakshi,TMC,431715.0,59.38,Tathagata Roy,BJP,295376.0,40.62,136339.0,Result Declared,18.75,Landslide,UPA / I.N.D.I.A.,0.6842,TMC,0.0,2
2014,West Bengal,24,Kolkata Uttar,GEN,Sudip Bandyopadhyay,TMC,343687.0,58.14,Rahul Sinha,BJP,247461.0,41.86,96226.0,Result Declared,16.28,Landslide,UPA / I.N.D.I.A.,0.72,TMC,0.0,1
2014,West Bengal,25,Howrah,GEN,Prasun Banerjee,TMC,488461.0,62.63,Sridip Bhattacharya,CPI(M),291505.0,37.37,196956.0,Result Declared,25.25,Landslide,UPA / I.N.D.I.A.,0.5968,TMC,0.0,1
2014,West Bengal,26,Uluberia,GEN,Sultan Ahmed,TMC,570785.0,60.7,Sabir Uddin Molla,CPI(M),369563.0,39.3,201222.0,Result Declared,21.4,Landslide,UPA / I.N.D.I.A.,0.6475,TMC,0.0,1
2014,West Bengal,27,Serampore,GEN,Kalyan Banerjee,TMC,514933.0,58.69,Tirthankar Ray,CPI(M),362407.0,41.31,152526.0,Result Declared,17.39,Landslide,UPA / I.N.D.I.A.,0.7038,TMC,0.0,1
2014,West Bengal,28,Hooghly,GEN,Dr. Ratna De (Nag),TMC,614312.0,59.09,Pradip Saha,CPI(M),425228.0,40.91,189084.0,Result Declared,18.19,Landslide,UPA / I.N.D.I.A.,0.6922,TMC,0.0,1
2014,West Bengal,29,Arambagh,SC,Aparupa Poddar,TMC,748764.0,65.07,Saktimohan Malik,CPI(M),401919.0,34.93,346845.0,Result Declared,30.14,Landslide,UPA / I.N.D.I.A.,0.5368,CPI(M),1.0,0
2014,West Bengal,30,Tamluk,GEN,Adhikari Suvendu,TMC,716928.0,60.38,Sekh Ibrahim Ali,CPI(M),470447.0,39.62,246481.0,Result Declared,20.76,Landslide,UPA / I.N.D.I.A.,0.6562,TMC,0.0,1
2014,West Bengal,31,Kanthi,GEN,Adhikari Sisir Kumar,TMC,676749.0,60.21,Sinha Tapas,CPI(M),447259.0,39.79,229490.0,Result Declared,20.42,Landslide,UPA / I.N.D.I.A.,0.6609,TMC,0.0,1
2014,West Bengal,32,Ghatal,GEN,Adhikari Deepak (Dev),TMC,685696.0,61.75,Santosh Rana,CPI,424805.0,38.25,260891.0,Result Declared,23.49,Landslide,UPA / I.N.D.I.A.,0.6195,CPI,1.0,0
2014,West Bengal,33,Jhargram,ST,Uma Saren,TMC,674504.0,67.37,Pulin Bihari Baske,CPI(M),326621.0,32.63,347883.0,Result Declared,34.75,Landslide,UPA / I.N.D.I.A.,0.4842,CPI(M),1.0,0
2014,West Bengal,34,Medinipur,GEN,Sandhya Roy,TMC,579860.0,59.47,Prabodh Panda,CPI,395194.0,40.53,184666.0,Result Declared,18.94,Landslide,UPA / I.N.D.I.A.,0.6815,CPI,1.0,0
2014,West Bengal,35,Purulia,GEN,Dr. Mriganka Mahato,TMC,468277.0,59.83,Narahari Mahato,AIFB,314400.0,40.17,153877.0,Result Declared,19.66,Landslide,UPA / I.N.D.I.A.,0.6714,AIFB,1.0,0
2014,West Bengal,36,Bankura,GEN,Sreemati Dev Varma (Moon Moon Sen),TMC,483455.0,55.67,Acharia Basudeb,CPI(M),384949.0,44.33,98506.0,Result Declared,11.34,Comfortable,UPA / I.N.D.I.A.,0.7962,CPI(M),1.0,0
2014,West Bengal,37,Bishnupur,SC,Khan Saumitra,TMC,578870.0,57.42,Susmita Bauri,CPI(M),429185.0,42.58,149685.0,Result Declared,14.85,Comfortable,UPA / I.N.D.I.A.,0.7414,CPI(M),1.0,0
2014,West Bengal,38,Bardhaman Purba,SC,Sunil Kumar Mondal,TMC,574660.0,55.53,Iswar Chandra Das,CPI(M),460181.0,44.47,114479.0,Result Declared,11.06,Comfortable,UPA / I.N.D.I.A.,0.8008,CPI(M),1.0,0
2014,West Bengal,39,Bardhaman-Durgapur,GEN,Mamtaz Sanghamita,TMC,554521.0,55.36,Sk. Saidul Haque,CPI(M),447190.0,44.64,107331.0,Result Declared,10.71,Comfortable,UPA / I.N.D.I.A.,0.8064,CPI(M),1.0,0
2014,West Bengal,40,Asansol,GEN,Babul Supriyo,BJP,419983.0,54.58,Dola Sen,TMC,349503.0,45.42,70480.0,Result Declared,9.16,Comfortable,NDA,0.8322,CPI(M),1.0,0
2014,West Bengal,41,Bolpur,SC,Anupam Hazra,TMC,630693.0,61.51,Dome Ramchandra,CPI(M),394581.0,38.49,236112.0,Result Declared,23.03,Landslide,UPA / I.N.D.I.A.,0.6256,CPI(M),1.0,0
2014,West Bengal,42,Birbhum,GEN,Satabdi Roy (Banerjee),TMC,460568.0,53.94,Dr. Elahi Kamre Muhammad,CPI(M),393305.0,46.06,6726.0,Result Declared,0.79,Tight / Close Contest,UPA / I.N.D.I.A.,0.854,TMC,0.0,1
2019,Andaman and Nicobar Islands,1,Andaman And Nicobar Islands,GEN,Kuldeep Rai Sharma,INC,95308.0,45.95,Vishal Jolly,BJP,93901.0,45.28,1407.0,Result Declared,0.74,Tight / Close Contest,UPA / I.N.D.I.A.,0.9852,BJP,1.0,0
2019,Andhra Pradesh,1,Araku,ST,Goddeti Madhavi,YSRCP,562190.0,52.14,Kishore Chandra Deo,TDP,338101.0,31.36,224089.0,Result Declared,24.89,Landslide,Others / Regional,0.6014,TRS,1.0,0
2019,Andhra Pradesh,2,Srikakulam,GEN,Ram Mohan Naidu Kinjarapu,TDP,534544.0,45.91,Duvvada Srinivas,YSRCP,527891.0,45.34,6653.0,Result Declared,0.63,Tight / Close Contest,NDA,0.9876,TRS,1.0,0
2019,Andhra Pradesh,3,Vizianagaram,GEN,Bellana Chandra Sekhar,YSRCP,578418.0,47.32,Ashok Gajapathi Raju,TDP,530382.0,43.39,48036.0,Result Declared,4.33,Tight / Close Contest,Others / Regional,0.917,TRS,1.0,0
2019,Andhra Pradesh,4,Visakhapatnam,GEN,M. V. V. Satyanarayana,YSRCP,436906.0,35.24,Bharat Mathukumilli,TDP,432492.0,34.88,4414.0,Result Declared,0.51,Tight / Close Contest,Others / Regional,0.9899,TRS,1.0,0
2019,Andhra Pradesh,5,Anakapalli,GEN,Beesetti Venkata Satyavathi,YSRCP,586226.0,47.26,Aadari Anand,TDP,497034.0,40.07,89192.0,Result Declared,8.23,Comfortable,Others / Regional,0.8479,TRS,1.0,0
2019,Andhra Pradesh,6,Kakinada,GEN,Vanga Geetha,YSRCP,537630.0,43.47,Chalamalasetti Sunil,TDP,511892.0,41.39,25738.0,Result Declared,2.45,Tight / Close Contest,Others / Regional,0.9521,TRS,1.0,0
2019,Andhra Pradesh,7,Amalapuram,SC,Chinta Anuradha,YSRCP,485958.0,39.34,Ganti Harish,TDP,446163.0,36.12,39966.0,Result Declared,4.29,Tight / Close Contest,Others / Regional,0.9181,TDP,1.0,0
2019,Andhra Pradesh,8,Rajahmundry,GEN,Margani Bharat,YSRCP,582024.0,46.54,Maganti Rupa,TDP,460390.0,36.82,121634.0,Result Declared,11.67,Comfortable,Others / Regional,0.791,BJP,1.0,0
2019,Andhra Pradesh,9,Narasapuram,GEN,Raghu Rama Krishna Raju,YSRCP,449234.0,38.1,Vetukuri Venkata Siva Rama Raju,TDP,416558.0,35.33,31909.0,Result Declared,3.69,Tight / Close Contest,Others / Regional,0.9273,AIMIM,1.0,0
2019,Andhra Pradesh,10,Eluru,GEN,Kotagiri Sridhar,YSRCP,676809.0,50.8,Maganti Venkateswara Rao,TDP,510884.0,38.35,165925.0,Result Declared,13.97,Comfortable,Others / Regional,0.7548,TRS,1.0,0
2019,Andhra Pradesh,11,Machilipatnam,GEN,Vallabhaneni Balasouri,YSRCP,572850.0,45.99,Konakalla Narayana Rao,TDP,512612.0,41.16,60141.0,Result Declared,5.54,Comfortable,Others / Regional,0.8948,TRS,1.0,0
2019,Andhra Pradesh,12,Vijayawada,GEN,Kesineni Srinivas,TDP,575498.0,45.04,Prasad V. Potluri,YSRCP,566772.0,44.36,8726.0,Result Declared,0.76,Tight / Close Contest,NDA,0.9848,INC,1.0,0
2019,Andhra Pradesh,13,Guntur,GEN,Galla Jayadev,TDP,587918.0,43.5,Modugula Venugopala Reddy,YSRCP,583713.0,43.19,4205.0,Result Declared,0.36,Tight / Close Contest,NDA,0.9928,INC,1.0,0
2019,Andhra Pradesh,14,Narasaraopet,GEN,Lavu Sri Krishna Devarayalu,YSRCP,745557.0,51.75,Rayapati Sambasiva Rao,TDP,591555.0,41.06,153978.0,Result Declared,11.52,Comfortable,Others / Regional,0.7934,TRS,1.0,0
2019,Andhra Pradesh,15,Bapatla,SC,Nandigam Suresh,YSRCP,598257.0,47.11,Malyadri Sriram,TDP,582192.0,45.84,16065.0,Result Declared,1.36,Tight / Close Contest,Others / Regional,0.9731,TRS,1.0,0
2019,Andhra Pradesh,16,Ongole,GEN,Magunta Sreenivasulu Reddy,YSRCP,739202.0,55.0,Sidda Raghava Rao,TDP,524351.0,39.01,214851.0,Result Declared,17.0,Landslide,Others / Regional,0.7093,TRS,1.0,0
2019,Andhra Pradesh,17,Nandyal,GEN,Pocha Brahmananda Reddy,YSRCP,720888.0,55.46,Mandra Sivananda Reddy,TDP,470769.0,36.22,250119.0,Result Declared,20.99,Landslide,Others / Regional,0.653,YSRCP,0.0,1
2019,Andhra Pradesh,18,Kurnool,GEN,Sanjeev Kumar,YSRCP,605462.0,50.85,Kotla Jayasurya Prakasha Reddy,TDP,456395.0,38.33,148889.0,Result Declared,14.02,Comfortable,Others / Regional,0.7538,YSRCP,0.0,1
2019,Andhra Pradesh,19,Anantapur,GEN,Tallari Rangaiah,YSRCP,695208.0,51.57,JC Pavan Reddy,TDP,553780.0,41.08,141428.0,Result Declared,11.32,Comfortable,Others / Regional,0.7966,TDP,1.0,0
2019,Andhra Pradesh,20,Hindupur,GEN,Kuruva Gorantla Madhav,YSRCP,706602.0,52.73,Kristappa Nimmala,TDP,565854.0,42.33,140748.0,Result Declared,11.06,Comfortable,Others / Regional,0.8008,TDP,1.0,0
2019,Andhra Pradesh,21,Kadapa,GEN,Y. S. Avinash Reddy,YSRCP,783499.0,63.41,Adi Narayana Reddy,TDP,402773.0,32.6,380976.0,Result Declared,32.12,Landslide,Others / Regional,0.5141,BJP,1.0,0
2019,Andhra Pradesh,22,Nellore,GEN,Adala Prabhakara Reddy,YSRCP,683830.0,53.04,Beeda Masthan Rao,TDP,535259.0,41.52,148571.0,Result Declared,12.19,Comfortable,Others / Regional,0.7827,TDP,1.0,0
2019,Andhra Pradesh,23,Tirupati,SC,Balli Durga Prasad Rao,YSRCP,722877.0,54.91,Panabaka Lakshmi,TDP,494501.0,37.56,228376.0,Result Declared,18.76,Landslide,Others / Regional,0.6841,TDP,1.0,0
2019,Andhra Pradesh,24,Rajampet,GEN,P. V. Midhun Reddy,YSRCP,702211.0,57.27,D K Satyaprabha,TDP,433927.0,35.39,268284.0,Result Declared,23.61,Landslide,Others / Regional,0.6179,TDP,1.0,0
2019,Andhra Pradesh,25,Chittoor,SC,N. Reddeppa,YSRCP,686792.0,52.04,Naramalli Sivaprasad,TDP,549521.0,41.64,137271.0,Result Declared,11.1,Comfortable,Others / Regional,0.8001,TDP,1.0,0
2019,Arunachal Pradesh,1,Arunachal West,ST,Kiren Rijiju,BJP,225796.0,62.02,Nabam Tuki,INC,50953.0,14.0,174843.0,Result Declared,63.18,Landslide,NDA,0.2257,BJP,0.0,1
2019,Arunachal Pradesh,2,Arunachal East,ST,Tapir Gao,BJP,153883.0,52.04,Lowangcha Wanglat,INC,83935.0,28.38,69948.0,Result Declared,29.41,Landslide,NDA,0.5454,INC,1.0,0
2019,Assam,1,Karimganj,SC,Kripanath Mallah,BJP,473046.0,52.11,Radheshyam Biswas,AIUDF,434657.0,47.89,38389.0,Result Declared,4.23,Tight / Close Contest,NDA,0.9188,AIUDF,1.0,0
2019,Assam,2,Silchar,GEN,Rajdeep Roy,BJP,499414.0,54.45,Sushmita Dev,INC,417818.0,45.55,81596.0,Result Declared,8.9,Comfortable,NDA,0.8366,INC,1.0,0
2019,Assam,3,Autonomous District,ST,Horen Sing Bey,BJP,381316.0,72.91,Biren Singh Engti,INC,141690.0,27.09,239626.0,Result Declared,45.82,Landslide,NDA,0.3716,INC,1.0,0
2019,Assam,4,Dhubri,GEN,Badruddin Ajmal,AIUDF,718764.0,59.34,Abu Taher Bepari,INC,492506.0,40.66,226258.0,Result Declared,18.68,Landslide,Others / Regional,0.6852,AIUDF,0.0,2
2019,Assam,5,Kokrajhar,ST,Naba Kumar Sarania,IND,484560.0,52.03,Pramila Rani Brahma,BPF,446774.0,47.97,37786.0,Result Declared,4.06,Tight / Close Contest,Others / Regional,0.922,IND,0.0,1
2019,Assam,6,Barpeta,GEN,Abdul Khaleque,INC,645173.0,56.1,Kumar Deepak Das,AGP,504866.0,43.9,140307.0,Result Declared,12.2,Comfortable,UPA / I.N.D.I.A.,0.7825,AIUDF,1.0,0
2019,Assam,7,Guwahati,GEN,Queen Oja,BJP,1008936.0,60.33,Bobita Sharma,INC,663330.0,39.67,345606.0,Result Declared,20.67,Landslide,NDA,0.6575,BJP,0.0,2
2019,Assam,8,Mangaldoi,GEN,Dilip Saikia,BJP,735469.0,55.2,Bhubaneswar Kalita,INC,596924.0,44.8,138545.0,Result Declared,10.4,Comfortable,NDA,0.8116,BJP,0.0,3
2019,Assam,9,Tezpur,GEN,Pallab Lochan Das,BJP,684166.0,60.79,M.G.V.K. Bhanu,INC,441325.0,39.21,242841.0,Result Declared,21.58,Landslide,NDA,0.6451,BJP,0.0,1
2019,Assam,10,Nagaon,GEN,Pradyut Bordoloi,INC,739724.0,50.57,Rupak Sharma,BJP,722972.0,49.43,16752.0,Result Declared,1.15,Tight / Close Contest,UPA / I.N.D.I.A.,0.9774,BJP,1.0,0
2019,Assam,11,Kaliabor,GEN,Gourav Gogoi,INC,786092.0,57.71,Moni Madhab Mahanta,AGP,576098.0,42.29,209994.0,Result Declared,15.42,Landslide,UPA / I.N.D.I.A.,0.7329,INC,0.0,3
2019,Assam,12,Jorhat,GEN,Topon Kumar Gogoi,BJP,543288.0,54.12,Sushanta Borgohain,INC,460635.0,45.88,82653.0,Result Declared,8.23,Comfortable,NDA,0.8479,BJP,0.0,1
2019,Assam,13,Dibrugarh,GEN,Rameswar Teli,BJP,659583.0,69.1,Paban Singh Ghatowar,INC,295017.0,30.9,364566.0,Result Declared,38.19,Landslide,NDA,0.4473,BJP,0.0,1
2019,Assam,14,Lakhimpur,GEN,Pradan Baruah,BJP,776406.0,64.58,Anil Borgohain,INC,425855.0,35.42,350551.0,Result Declared,29.16,Landslide,NDA,0.5485,BJP,0.0,1
2019,Bihar,1,Valmiki Nagar,GEN,Baidyanath Prasad Mahto,JD(U),602660.0,70.84,Shashwat Kedar,INC,248044.0,29.16,354616.0,Result Declared,41.69,Landslide,NDA,0.4116,BJP,1.0,0
2019,Bihar,2,Paschim Champaran,GEN,Sanjay Jaiswal,BJP,603706.0,66.09,Brijesh Kumar Kushwaha,Rashtriya Lok Samta Party,309800.0,33.91,293906.0,Result Declared,32.17,Landslide,NDA,0.5132,BJP,0.0,2
2019,Bihar,3,Purvi Champaran,GEN,Radha Mohan Singh,BJP,577787.0,67.03,Akash Kumar Singh,Rashtriya Lok Samta Party,284139.0,32.97,293648.0,Result Declared,34.07,Landslide,NDA,0.4918,BJP,0.0,2
2019,Bihar,4,Sheohar,GEN,Rama Devi,BJP,608678.0,69.4,Syed Faisal Ali,RJD,268318.0,30.6,340360.0,Result Declared,38.81,Landslide,NDA,0.4408,BJP,0.0,2
2019,Bihar,5,Sitamarhi,GEN,Sunil Kumar Pintu,JD(U),567745.0,64.16,Arjun Rai,RJD,317206.0,35.84,250539.0,Result Declared,28.31,Landslide,NDA,0.5587,Rashtriya Lok Samta Party,1.0,0
2019,Bihar,6,Madhubani,GEN,Ashok Kumar Yadav,BJP,595843.0,80.87,Badri Kumar Purbey,Vikassheel Insaan Party,140903.0,19.13,454940.0,Result Declared,61.75,Landslide,NDA,0.2365,BJP,0.0,2
2019,Bihar,7,Jhanjharpur,GEN,Ramprit Mandal,JD(U),602391.0,68.31,Gulab Yadav,RJD,279440.0,31.69,322951.0,Result Declared,36.62,Landslide,NDA,0.4639,BJP,1.0,0
2019,Bihar,8,Supaul,GEN,Dileshwar Kamait,JD(U),597377.0,64.38,Ranjeet Ranjan,INC,330524.0,35.62,266853.0,Result Declared,28.76,Landslide,NDA,0.5533,INC,1.0,0
2019,Bihar,9,Araria,GEN,Pradeep Kumar Singh,BJP,618434.0,56.24,Sarfaraz Alam,RJD,481193.0,43.76,137241.0,Result Declared,12.48,Comfortable,NDA,0.7781,RJD,1.0,0
2019,Bihar,10,Kishanganj,GEN,Mohammad Jawed,INC,367017.0,52.46,Syed Mahmood Ashraf,JD(U),332551.0,47.54,34466.0,Result Declared,4.93,Tight / Close Contest,UPA / I.N.D.I.A.,0.9061,INC,0.0,2
2019,Bihar,11,Katihar,GEN,Dulal Chandra Goswami,JD(U),559423.0,52.69,Tariq Anwar,INC,502220.0,47.31,57203.0,Result Declared,5.39,Comfortable,NDA,0.8977,NCP,1.0,0
2019,Bihar,12,Purnia,GEN,Santosh Kumar,JD(U),632924.0,63.14,Uday Singh,INC,369463.0,36.86,263461.0,Result Declared,26.28,Landslide,NDA,0.5837,JD(U),0.0,1
2019,Bihar,13,Madhepura,GEN,Dinesh Chandra Yadav,JD(U),624334.0,65.92,Sharad Yadav,RJD,322807.0,34.08,301527.0,Result Declared,31.84,Landslide,NDA,0.517,RJD,1.0,0
2019,Bihar,14,Darbhanga,GEN,Gopal Jee Thakur,BJP,586668.0,64.8,Abdul Bari Siddiqui,RJD,318689.0,35.2,267979.0,Result Declared,29.6,Landslide,NDA,0.5432,BJP,0.0,2
2019,Bihar,15,Muzaffarpur,GEN,Ajay Nishad,BJP,666878.0,72.19,Raj Bhushan Singh,Vikassheel Insaan Party,256890.0,27.81,409988.0,Result Declared,44.38,Landslide,NDA,0.3852,BJP,0.0,1
2019,Bihar,16,Vaishali,GEN,Veena Devi,LJP,568215.0,63.01,Raghuvansh Prasad Singh,RJD,333631.0,36.99,234584.0,Result Declared,26.01,Landslide,NDA,0.5872,LJP,0.0,1
2019,Bihar,17,Gopalganj,SC,Alok Kumar Suman,JD(U),568150.0,66.85,Surendra Ram,RJD,281716.0,33.15,286434.0,Result Declared,33.7,Landslide,NDA,0.4958,BJP,1.0,0
2019,Bihar,18,Siwan,GEN,Kavita Singh,JD(U),448473.0,57.5,Hena Shahab,RJD,331515.0,42.5,116958.0,Result Declared,14.99,Comfortable,NDA,0.7392,BJP,1.0,0
2019,Bihar,19,Maharajganj,GEN,Janardan Singh Sigriwal,BJP,546352.0,63.39,Randhir Kumar Singh,RJD,315580.0,36.61,230772.0,Result Declared,26.77,Landslide,NDA,0.5776,BJP,0.0,1
2019,Bihar,20,Saran,GEN,Rajiv Pratap Rudy,BJP,499342.0,58.05,Chandrika Roy,RJD,360913.0,41.95,138429.0,Result Declared,16.09,Landslide,NDA,0.7228,BJP,0.0,1
2019,Bihar,21,Hajipur,SC,Pashupati Kumar Paras,LJP,541310.0,61.71,Shiv Chandra Ram,RJD,335861.0,38.29,205449.0,Result Declared,23.42,Landslide,NDA,0.6205,LJP,0.0,1
2019,Bihar,22,Ujiarpur,GEN,Nityanand Rai,BJP,543906.0,67.1,Upendra Kushwaha,Rashtriya Lok Samta Party,266628.0,32.9,277278.0,Result Declared,34.21,Landslide,NDA,0.4902,BJP,0.0,1
2019,Bihar,23,Samastipur,SC,Ram Chandra Paswan,LJP,562443.0,64.41,Ashok Kumar,INC,310800.0,35.59,251643.0,Result Declared,28.82,Landslide,NDA,0.5526,LJP,0.0,1
2019,Bihar,24,Begusarai,GEN,Giriraj Singh,BJP,692193.0,71.94,Kanhaiya Kumar,CPI,269976.0,28.06,422217.0,Result Declared,43.88,Landslide,NDA,0.39,BJP,0.0,1
2019,Bihar,25,Khagaria,GEN,Mehboob Ali Kaiser,LJP,510193.0,66.1,Mukesh Sahani,Vikassheel Insaan Party,261623.0,33.9,248570.0,Result Declared,32.21,Landslide,NDA,0.5128,LJP,0.0,1
2019,Bihar,26,Bhagalpur,GEN,Ajay Kumar Mandal,JD(U),618254.0,64.48,Shailesh Kumar Mandal,RJD,340624.0,35.52,277630.0,Result Declared,28.95,Landslide,NDA,0.5509,RJD,1.0,0
2019,Bihar,27,Banka,GEN,Giridhari Yadav,JD(U),477788.0,63.28,Jay Prakash Narayan Yadav,RJD,277256.0,36.72,200532.0,Result Declared,26.56,Landslide,NDA,0.5803,RJD,1.0,0
2019,Bihar,28,Munger,GEN,Rajiv Ranjan Singh,JD(U),528762.0,59.44,Nilam Devi,INC,360825.0,40.56,167937.0,Result Declared,18.88,Landslide,NDA,0.6824,LJP,1.0,0
2019,Bihar,29,Nalanda,GEN,Kaushalendra Kumar,JD(U),540888.0,65.51,Ashok Kumar Azad,Hindustani Awam Morcha,284751.0,34.49,256137.0,Result Declared,31.02,Landslide,NDA,0.5265,JD(U),0.0,2
2019,Bihar,30,Patna Sahib,GEN,Ravi Shankar Prasad,BJP,607506.0,65.3,Shatrughan Sinha,INC,322849.0,34.7,284657.0,Result Declared,30.6,Landslide,NDA,0.5314,BJP,0.0,2
2019,Bihar,31,Pataliputra,GEN,Ram Kripal Yadav,BJP,509557.0,52.01,Misa Bharti,RJD,470236.0,47.99,39321.0,Result Declared,4.01,Tight / Close Contest,NDA,0.9228,BJP,0.0,1
2019,Bihar,32,Arrah,GEN,R. K. Singh,BJP,566480.0,57.47,Raju Yadav,CPI(ML)L,419195.0,42.53,147285.0,Result Declared,14.94,Comfortable,NDA,0.74,BJP,0.0,1
2019,Bihar,33,Buxar,GEN,Ashwini Kumar Choubey,BJP,473053.0,57.1,Jagadanand Singh,RJD,355444.0,42.9,117609.0,Result Declared,14.2,Comfortable,NDA,0.7514,BJP,0.0,1
2019,Bihar,34,Sasaram,SC,Chhedi Paswan,BJP,494800.0,60.06,Meira Kumar,INC,329055.0,39.94,165745.0,Result Declared,20.12,Landslide,NDA,0.665,BJP,0.0,1
2019,Bihar,35,Karakat,GEN,Mahabali Singh,JD(U),398408.0,55.93,Upendra Kushwaha,Rashtriya Lok Samta Party,313866.0,44.07,84542.0,Result Declared,11.87,Comfortable,NDA,0.7878,Rashtriya Lok Samta Party,1.0,0
2019,Bihar,36,Jahanabad,GEN,Chandeshwar Prasad,JD(U),335584.0,50.13,Surendra Prasad Yadav,RJD,333833.0,49.87,1751.0,Result Declared,0.26,Tight / Close Contest,NDA,0.9948,Rashtriya Lok Samta Party,1.0,0
2019,Bihar,37,Aurangabad,GEN,Sushil Kumar Singh,BJP,431541.0,54.59,Upendra Prasad,Hindustani Awam Morcha,358934.0,45.41,72607.0,Result Declared,9.19,Comfortable,NDA,0.8317,BJP,0.0,1
2019,Bihar,38,Gaya,SC,Vijay Kumar Manjhi,JD(U),467007.0,59.75,Jitan Ram Manjhi,Hindustani Awam Morcha,314581.0,40.25,152426.0,Result Declared,19.5,Landslide,NDA,0.6736,BJP,1.0,0
2019,Bihar,39,Nawada,GEN,Chandan Singh,LJP,495684.0,58.78,Vibha Devi,RJD,347612.0,41.22,148072.0,Result Declared,17.56,Landslide,NDA,0.7013,BJP,1.0,0
2019,Bihar,40,Jamui,SC,Chirag Paswan,LJP,529134.0,64.75,Bhudeo Choudhary,Rashtriya Lok Samta Party,288085.0,35.25,241049.0,Result Declared,29.5,Landslide,NDA,0.5444,LJP,0.0,1
2019,Chandigarh,1,Chandigarh,GEN,Kirron Kher,BJP,231188.0,55.65,Pawan Kumar Bansal,INC,184218.0,44.35,46970.0,Result Declared,11.31,Comfortable,NDA,0.7968,BJP,0.0,1
2019,Chhattisgarh,1,Sarguja,ST,Renuka Singh,BJP,663711.0,56.75,Khel Sai Singh,INC,505838.0,43.25,157873.0,Result Declared,13.5,Comfortable,NDA,0.7621,BJP,0.0,3
2019,Chhattisgarh,2,Raigarh,ST,Gomati Sai,BJP,658335.0,52.64,Laljeet Singh Rathia,INC,592308.0,47.36,66027.0,Result Declared,5.28,Comfortable,NDA,0.8997,BJP,0.0,3
2019,Chhattisgarh,3,Janjgir-Champa,SC,Guharam Ajgalley,BJP,572790.0,53.92,Ravi Parasram Bhardwaj,INC,489535.0,46.08,83255.0,Result Declared,7.84,Comfortable,NDA,0.8547,BJP,0.0,3
2019,Chhattisgarh,4,Korba,GEN,Jyotsna Mahant,INC,523410.0,51.29,Jyoti Nand Dubey,BJP,497061.0,48.71,26349.0,Result Declared,2.58,Tight / Close Contest,UPA / I.N.D.I.A.,0.9497,BJP,1.0,0
2019,Chhattisgarh,5,Bilaspur,GEN,Arun Sao,BJP,634559.0,56.29,Atal Srivastav,INC,492796.0,43.71,141763.0,Result Declared,12.57,Comfortable,NDA,0.7766,BJP,0.0,3
2019,Chhattisgarh,6,Rajnandgaon,GEN,Santosh Pandey,BJP,662387.0,54.62,Bhola Ram Sahu,INC,550421.0,45.38,111966.0,Result Declared,9.23,Comfortable,NDA,0.831,BJP,0.0,3
2019,Chhattisgarh,7,Durg,GEN,Vijay Baghel,BJP,849374.0,65.0,Pratima Chandrakar,INC,457396.0,35.0,391978.0,Result Declared,30.0,Landslide,NDA,0.5385,INC,1.0,0
2019,Chhattisgarh,8,Raipur,GEN,Sunil Kumar Soni,BJP,837902.0,63.12,Pramod Dubey,INC,489664.0,36.88,348238.0,Result Declared,26.23,Landslide,NDA,0.5844,BJP,0.0,3
2019,Chhattisgarh,9,Mahasamund,GEN,Chunni Lal Sahu,BJP,616580.0,53.96,Dhanendra Sahu,INC,526069.0,46.04,90511.0,Result Declared,7.92,Comfortable,NDA,0.8532,BJP,0.0,3
2019,Chhattisgarh,10,Bastar,ST,Deepak Baij,INC,402527.0,52.54,Baiduram Kashyap,BJP,363545.0,47.46,38982.0,Result Declared,5.09,Comfortable,UPA / I.N.D.I.A.,0.9032,BJP,1.0,0
2019,Chhattisgarh,11,Kanker,ST,Mohan Mandavi,BJP,546233.0,50.32,Biresh Thakur,INC,539319.0,49.68,6914.0,Result Declared,0.64,Tight / Close Contest,NDA,0.9873,BJP,0.0,3
2019,Dadra and Nagar Haveli,1,Dadra And Nagar Haveli,ST,Mohanbhai Delkar,IND,90421.0,52.62,Natubhai Patel,BJP,81420.0,47.38,9001.0,Result Declared,5.24,Comfortable,Others / Regional,0.9005,BJP,1.0,0
2019,Daman and Diu,1,Daman And Diu,GEN,Lalubhai Patel,BJP,37597.0,57.62,Dahyabhai Patel,INC,27655.0,42.38,9942.0,Result Declared,15.24,Landslide,NDA,0.7356,BJP,0.0,2
2019,Delhi,1,Chandni Chowk,GEN,Harsh Vardhan,BJP,519055.0,64.08,Jai Parkash Aggarwal,INC,290910.0,35.92,228145.0,Result Declared,28.17,Landslide,NDA,0.5605,BJP,0.0,1
2019,Delhi,2,North East Delhi,GEN,Manoj Tiwari,BJP,787799.0,65.13,Sheila Dikshit,INC,421697.0,34.87,366102.0,Result Declared,30.27,Landslide,NDA,0.5353,BJP,0.0,1
2019,Delhi,3,East Delhi,GEN,Gautam Gambhir,BJP,696156.0,69.54,Arvinder Singh Lovely,INC,304934.0,30.46,391222.0,Result Declared,39.08,Landslide,NDA,0.438,BJP,0.0,1
2019,Delhi,4,New Delhi,GEN,Meenakshi Lekhi,BJP,504206.0,67.06,Ajay Maken,INC,247702.0,32.94,256504.0,Result Declared,34.11,Landslide,NDA,0.4913,BJP,0.0,1
2019,Delhi,5,North West Delhi,SC,Hans Raj Hans,BJP,848663.0,74.22,Gugan Singh Ranga,AAP,294766.0,25.78,553897.0,Result Declared,48.44,Landslide,NDA,0.3473,BJP,0.0,1
2019,Delhi,6,West Delhi,GEN,Parvesh Verma,BJP,865648.0,75.09,Mahabal Mishra,INC,287162.0,24.91,578486.0,Result Declared,50.18,Landslide,NDA,0.3317,BJP,0.0,1
2019,Delhi,7,South Delhi,GEN,Ramesh Bidhuri,BJP,687014.0,68.22,Raghav Chadha,AAP,319971.0,31.78,367043.0,Result Declared,36.45,Landslide,NDA,0.4657,BJP,0.0,1
2019,Goa,1,North Goa,GEN,Shripad Yesso Naik,BJP,244844.0,59.8,Giri Raya Chodankar,INC,164597.0,40.2,80247.0,Result Declared,19.6,Landslide,NDA,0.6723,BJP,0.0,3
2019,Goa,2,South Goa,GEN,Francisco Sardinha,INC,201561.0,51.24,Narendra Keshav Sawaikar,BJP,191806.0,48.76,9755.0,Result Declared,2.48,Tight / Close Contest,UPA / I.N.D.I.A.,0.9516,BJP,1.0,0
2019,Gujarat,1,Kachchh,SC,Vinodbhai Chavda,BJP,637034.0,65.77,Naresh Maheshwari,INC,331521.0,34.23,305513.0,Result Declared,31.54,Landslide,NDA,0.5204,BJP,0.0,3
2019,Gujarat,2,Banaskantha,GEN,Parbatbhai Patel,BJP,679108.0,68.6,Parthibhai Bhatol,INC,310812.0,31.4,368296.0,Result Declared,37.2,Landslide,NDA,0.4577,BJP,0.0,1
2019,Gujarat,3,Patan,GEN,Bharatsinhji Dabhi Thakor,BJP,633368.0,59.04,Jagdish Thakor,INC,439489.0,40.96,193879.0,Result Declared,18.07,Landslide,NDA,0.6939,BJP,0.0,1
2019,Gujarat,4,Mahesana,GEN,Shardaben Patel,BJP,659525.0,63.57,A. J. Patel,INC,378006.0,36.43,281519.0,Result Declared,27.13,Landslide,NDA,0.5731,BJP,0.0,3
2019,Gujarat,5,Sabarkantha,GEN,Dipsinh Rathod,BJP,701984.0,61.85,Rajendra Thakor,INC,432997.0,38.15,268987.0,Result Declared,23.7,Landslide,NDA,0.6168,BJP,0.0,3
2019,Gujarat,6,Gandhinagar,GEN,Amit Shah,BJP,894624.0,72.6,C. J. Chavada,INC,337610.0,27.4,557014.0,Result Declared,45.2,Landslide,NDA,0.3774,BJP,0.0,2
2019,Gujarat,7,Ahmedabad East,GEN,Hasmukhbhai Patel,BJP,749834.0,70.38,Gitaben Patel,INC,315504.0,29.62,434330.0,Result Declared,40.77,Landslide,NDA,0.4208,BJP,0.0,2
2019,Gujarat,8,Ahmedabad West,SC,Kirit Solanki,BJP,641622.0,66.72,Raju Parmar,INC,320076.0,33.28,321546.0,Result Declared,33.44,Landslide,NDA,0.4989,BJP,0.0,3
2019,Gujarat,9,Surendranagar,GEN,Mahendra Munjapara,BJP,631844.0,64.07,Somabhai Patel,INC,354407.0,35.93,277437.0,Result Declared,28.13,Landslide,NDA,0.5609,BJP,0.0,1
2019,Gujarat,10,Rajkot,GEN,Mohan Kundariya,BJP,758645.0,66.03,Lalit Kagathara,INC,390238.0,33.97,368407.0,Result Declared,32.07,Landslide,NDA,0.5144,BJP,0.0,1
2019,Gujarat,11,Porbandar,GEN,Rameshbhai Dhaduk,BJP,563881.0,62.8,Lalit Vasoya,INC,334058.0,37.2,229823.0,Result Declared,25.59,Landslide,NDA,0.5924,BJP,0.0,1
2019,Gujarat,12,Jamnagar,GEN,Poonamben Maadam,BJP,591588.0,62.51,Murubhai Kandoriya,INC,354784.0,37.49,236804.0,Result Declared,25.02,Landslide,NDA,0.5997,BJP,0.0,1
2019,Gujarat,13,Junagadh,GEN,Rajesh Chudasama,BJP,547952.0,57.94,Punjabhai Vansh,INC,397767.0,42.06,150185.0,Result Declared,15.88,Landslide,NDA,0.7259,BJP,0.0,3
2019,Gujarat,14,Amreli,GEN,Naranbhai Kachhadiya,BJP,529035.0,61.76,Paresh Dhanani,INC,327604.0,38.24,201431.0,Result Declared,23.51,Landslide,NDA,0.6192,BJP,0.0,2
2019,Gujarat,15,Bhavnagar,GEN,Bharti Shiyal,BJP,661273.0,66.59,Manhar Patel,INC,331754.0,33.41,329519.0,Result Declared,33.18,Landslide,NDA,0.5017,BJP,0.0,2
2019,Gujarat,16,Anand,GEN,Mitesh Patel,BJP,633097.0,59.25,Bharatbhai Solanki,INC,435379.0,40.75,197718.0,Result Declared,18.5,Landslide,NDA,0.6877,BJP,0.0,1
2019,Gujarat,17,Kheda,GEN,Devusinh Chauhan,BJP,714572.0,67.29,Bimal Shah,INC,347427.0,32.71,367145.0,Result Declared,34.57,Landslide,NDA,0.4862,BJP,0.0,1
2019,Gujarat,18,Panchmahal,GEN,Ratansinh Rathod,BJP,732136.0,70.69,V. K. Khant,INC,303595.0,29.31,428541.0,Result Declared,41.38,Landslide,NDA,0.4147,BJP,0.0,3
2019,Gujarat,19,Dahod,ST,Jasvantsinh Bhabhor,BJP,561760.0,56.41,Babubhai Katara,INC,434164.0,43.59,127596.0,Result Declared,12.81,Comfortable,NDA,0.7729,BJP,0.0,1
2019,Gujarat,20,Vadodara,GEN,Ranjanben Bhatt,BJP,883719.0,75.0,Prashant Patel,INC,294542.0,25.0,589177.0,Result Declared,50.0,Landslide,NDA,0.3333,BJP,0.0,2
2019,Gujarat,21,Chhota Udaipur,ST,Gitaben Rathva,BJP,764445.0,66.42,Ranjit Mohansinh Rathwa,INC,386502.0,33.58,377943.0,Result Declared,32.84,Landslide,NDA,0.5056,BJP,0.0,2
2019,Gujarat,22,Bharuch,GEN,Mansukhbhai Vasava,BJP,637795.0,67.75,Sherkhan Abdulsakur Pathan,INC,303581.0,32.25,334214.0,Result Declared,35.5,Landslide,NDA,0.476,BJP,0.0,3
2019,Gujarat,23,Bardoli,ST,Parbhubhai Vasava,BJP,742273.0,58.49,Tusharbhai Chaudhari,INC,526826.0,41.51,215447.0,Result Declared,16.98,Landslide,NDA,0.7097,BJP,0.0,1
2019,Gujarat,24,Surat,GEN,Darshana Jardosh,BJP,795651.0,76.28,Ashok Adhevada,INC,247421.0,23.72,548230.0,Result Declared,52.56,Landslide,NDA,0.311,BJP,0.0,3
2019,Gujarat,25,Navsari,GEN,C. R. Patil,BJP,972739.0,77.46,Dharmesh Bhimbhai Patel,INC,283071.0,22.54,689668.0,Result Declared,54.92,Landslide,NDA,0.291,BJP,0.0,2
2019,Gujarat,26,Valsad,ST,K C Patel,BJP,771980.0,64.86,Jitu Chaudhary,INC,418183.0,35.14,353797.0,Result Declared,29.73,Landslide,NDA,0.5417,BJP,0.0,1
2019,Haryana,1,Ambala,SC,Rattan Lal Kataria,BJP,746508.0,64.88,Selja Kumari,INC,404163.0,35.12,342345.0,Result Declared,29.75,Landslide,NDA,0.5414,BJP,0.0,1
2019,Haryana,2,Kurukshetra,GEN,Nayab Singh,BJP,688629.0,69.37,Nirmal Singh,INC,304038.0,30.63,384591.0,Result Declared,38.74,Landslide,NDA,0.4415,BJP,0.0,1
2019,Haryana,3,Sirsa,SC,Sunita Duggal,BJP,714351.0,63.85,Ashok Tanwar,INC,404433.0,36.15,309918.0,Result Declared,27.7,Landslide,NDA,0.5662,Indian National Lok Dal,1.0,0
2019,Haryana,4,Hisar,GEN,Bijendra Singh,BJP,603289.0,67.59,Dushyant Chautala,Jannayak Janta Party,289221.0,32.41,314068.0,Result Declared,35.19,Landslide,NDA,0.4794,Indian National Lok Dal,1.0,0
2019,Haryana,5,Karnal,GEN,Sanjay Bhatia,BJP,911594.0,78.11,Kuldeep Sharma,INC,255452.0,21.89,656142.0,Result Declared,56.22,Landslide,NDA,0.2802,BJP,0.0,1
2019,Haryana,6,Sonipat,GEN,Ramesh Chander Kaushik,BJP,587664.0,58.16,Bhupinder Singh Hooda,INC,422800.0,41.84,164864.0,Result Declared,16.32,Landslide,NDA,0.7195,BJP,0.0,1
2019,Haryana,7,Rohtak,GEN,Arvind Kumar Sharma,BJP,573845.0,50.33,Deepender Singh Hooda,INC,566342.0,49.67,7503.0,Result Declared,0.66,Tight / Close Contest,NDA,0.9869,INC,1.0,0
2019,Haryana,8,Bhiwani-Mahendragarh,GEN,Dharambir Singh,BJP,736699.0,71.6,Shruti Choudhry,INC,292236.0,28.4,444463.0,Result Declared,43.2,Landslide,NDA,0.3967,BJP,0.0,1
2019,Haryana,9,Gurgaon,GEN,Inderjit Singh Rao,BJP,881546.0,64.03,Ajay Singh Yadav,INC,495290.0,35.97,386256.0,Result Declared,28.05,Landslide,NDA,0.5618,BJP,0.0,1
2019,Haryana,10,Faridabad,GEN,Krishan Pal Gurjar,BJP,913222.0,76.86,Avtar Singh Bhadana,INC,274983.0,23.14,638239.0,Result Declared,53.71,Landslide,NDA,0.3011,BJP,0.0,1
2019,Himachal Pradesh,1,Kangra,GEN,Kishan Kapoor,BJP,725218.0,74.55,Pawan Kajal,INC,247595.0,25.45,477623.0,Result Declared,49.1,Landslide,NDA,0.3414,BJP,0.0,2
2019,Himachal Pradesh,2,Mandi,GEN,Ram Swaroop Sharma,BJP,647189.0,72.81,Aashray Sharma,INC,241730.0,27.19,405459.0,Result Declared,45.61,Landslide,NDA,0.3735,BJP,0.0,1
2019,Himachal Pradesh,3,Hamirpur,GEN,Anurag Thakur,BJP,682692.0,70.69,Ram Lal Thakur,INC,283120.0,29.31,399572.0,Result Declared,41.37,Landslide,NDA,0.4147,BJP,0.0,2
2019,Himachal Pradesh,4,Shimla,SC,Suresh Kumar Kashyap,BJP,606183.0,68.51,Dhani Ram Shandil,INC,278668.0,31.49,327515.0,Result Declared,37.01,Landslide,NDA,0.4597,BJP,0.0,3
2019,Jammu and Kashmir,1,Baramulla,GEN,Mohammad Akbar Lone,JKNC,133376.0,56.52,Raja Aijaz Ali,Jammu And Kashmir People'S Conference,102618.0,43.48,30758.0,Result Declared,13.03,Comfortable,UPA / I.N.D.I.A.,0.7694,JKPDP,1.0,0
2019,Jammu and Kashmir,2,Srinagar,GEN,Farooq Abdullah,JKNC,106750.0,74.42,Aga Syed Mohsin,JKPDP,36700.0,25.58,70050.0,Result Declared,48.83,Landslide,UPA / I.N.D.I.A.,0.3438,JKPDP,1.0,0
2019,Jammu and Kashmir,3,Anantnag,GEN,Hasnain Masoodi,JKNC,40180.0,54.53,Ghulam Ahmad Mir,INC,33504.0,45.47,6676.0,Result Declared,9.06,Comfortable,UPA / I.N.D.I.A.,0.8338,JKPDP,1.0,0
2019,Jammu and Kashmir,4,Ladakh,GEN,Jamyang Tsering Namgyal,BJP,42914.0,57.3,Sajjad Hussain,IND,31984.0,42.7,10930.0,Result Declared,14.59,Comfortable,NDA,0.7453,BJP,0.0,1
2019,Jammu and Kashmir,5,Udhampur,GEN,Jitendra Singh,BJP,724311.0,66.37,Vikramaditya Singh,INC,367059.0,33.63,357252.0,Result Declared,32.73,Landslide,NDA,0.5068,BJP,0.0,1
2019,Jammu and Kashmir,6,Jammu,GEN,Jugal Kishore Sharma,BJP,858066.0,60.72,Raman Bhalla,INC,555191.0,39.28,302875.0,Result Declared,21.43,Landslide,NDA,0.647,BJP,0.0,1
2019,Jharkhand,1,Rajmahal,ST,Vijay Hansdak,JMM,507830.0,55.41,Hemlal Murmu,BJP,408635.0,44.59,99195.0,Result Declared,10.82,Comfortable,UPA / I.N.D.I.A.,0.8047,JMM,0.0,1
2019,Jharkhand,2,Dumka,ST,Sunil Soren,BJP,484923.0,52.58,Shibu Soren,JMM,437333.0,47.42,47590.0,Result Declared,5.16,Comfortable,NDA,0.9019,JMM,1.0,0
2019,Jharkhand,3,Godda,GEN,Nishikant Dubey,BJP,637610.0,58.44,Pradeep Yadav,Jharkhand Vikas Morcha (Prajatantrik),453383.0,41.56,184227.0,Result Declared,16.89,Landslide,NDA,0.7111,BJP,0.0,2
2019,Jharkhand,4,Chatra,GEN,Sunil Kumar Singh,BJP,528077.0,77.85,Manoj Kumar Yadav,INC,150206.0,22.15,377871.0,Result Declared,55.71,Landslide,NDA,0.2844,BJP,0.0,1
2019,Jharkhand,5,Kodarma,GEN,Annapurna Devi Yadav,BJP,753016.0,71.69,Babulal Marandi,Jharkhand Vikas Morcha (Prajatantrik),297416.0,28.31,455600.0,Result Declared,43.37,Landslide,NDA,0.395,BJP,0.0,1
2019,Jharkhand,6,Giridih,GEN,Chandra Prakash Chaudhary,AJSU,648277.0,61.85,Jagarnath Mahto,JMM,399930.0,38.15,248347.0,Result Declared,23.69,Landslide,NDA,0.6169,BJP,1.0,0
2019,Jharkhand,7,Dhanbad,GEN,Pashupati Nath Singh,BJP,827234.0,70.81,Kirti Azad,INC,341040.0,29.19,486194.0,Result Declared,41.62,Landslide,NDA,0.4123,BJP,0.0,2
2019,Jharkhand,8,Ranchi,GEN,Sanjay Seth,BJP,706828.0,62.52,Subodh Kant Sahay,INC,423802.0,37.48,283026.0,Result Declared,25.03,Landslide,NDA,0.5996,BJP,0.0,1
2019,Jharkhand,9,Jamshedpur,GEN,Vidyut Mahato,BJP,679632.0,64.29,Champai Soren,JMM,377542.0,35.71,302090.0,Result Declared,28.58,Landslide,NDA,0.5555,BJP,0.0,2
2019,Jharkhand,10,Singhbhum,SC,Geeta Koda,INC,431815.0,54.56,Laxman Giluwa,BJP,359660.0,45.44,72155.0,Result Declared,9.12,Comfortable,UPA / I.N.D.I.A.,0.8329,BJP,1.0,0
2019,Jharkhand,11,Khunti,ST,Arjun Munda,BJP,382638.0,50.09,Kali Charan Munda,INC,381193.0,49.91,1445.0,Result Declared,0.19,Tight / Close Contest,NDA,0.9962,BJP,0.0,2
2019,Jharkhand,12,Lohardaga,ST,Sudarshan Bhagat,BJP,371595.0,50.71,Sukhdeo Bhagat,INC,361232.0,49.29,10363.0,Result Declared,1.41,Tight / Close Contest,NDA,0.9721,BJP,0.0,2
2019,Jharkhand,13,Palamau,SC,Vishnu Dayal Ram,BJP,755659.0,73.1,Ghuran Ram,RJD,278053.0,26.9,477606.0,Result Declared,46.2,Landslide,NDA,0.368,BJP,0.0,1
2019,Jharkhand,14,Hazaribagh,GEN,Jayant Sinha,BJP,728798.0,74.52,Gopal Sahu,INC,249250.0,25.48,479548.0,Result Declared,49.03,Landslide,NDA,0.342,BJP,0.0,2
2019,Karnataka,1,Chikkodi,GEN,Annasaheb Jolle,BJP,645017.0,55.08,Prakash Hukkeri,INC,526140.0,44.92,118877.0,Result Declared,10.15,Comfortable,NDA,0.8157,INC,1.0,0
2019,Karnataka,2,Belgaum,GEN,Suresh Angadi,BJP,761991.0,67.27,Sadhunavar,INC,370687.0,32.73,391304.0,Result Declared,34.55,Landslide,NDA,0.4865,BJP,0.0,2
2019,Karnataka,3,Bagalkot,GEN,P. C. Gaddigoudar,BJP,664638.0,57.24,Veena Kashappanavar,INC,496451.0,42.76,168187.0,Result Declared,14.49,Comfortable,NDA,0.7469,BJP,0.0,2
2019,Karnataka,4,Bijapur,SC,Ramesh Jigajinagi,BJP,635867.0,62.73,Sunita Devanand Chavan,JD(S),377829.0,37.27,258038.0,Result Declared,25.46,Landslide,NDA,0.5942,BJP,0.0,2
2019,Karnataka,5,Gulbarga,SC,Umesh. G. Jadhav,BJP,620192.0,54.17,Mallikarjun Kharge,INC,524740.0,45.83,95452.0,Result Declared,8.34,Comfortable,NDA,0.8461,INC,1.0,0
2019,Karnataka,6,Raichur,ST,Raja Amareswara Naik,BJP,598337.0,55.46,B. V. Nayak,INC,480621.0,44.54,117716.0,Result Declared,10.91,Comfortable,NDA,0.8033,INC,1.0,0
2019,Karnataka,7,Bidar,GEN,Bhagwanth Khuba,BJP,585471.0,55.54,Eshwara Khandre,INC,468637.0,44.46,116834.0,Result Declared,11.08,Comfortable,NDA,0.8004,BJP,0.0,1
2019,Karnataka,8,Koppal,GEN,Karadi Sanganna,BJP,586783.0,51.69,Rajashekar Hitnal,INC,548386.0,48.31,38397.0,Result Declared,3.38,Tight / Close Contest,NDA,0.9346,BJP,0.0,3
2019,Karnataka,9,Bellary,ST,Y. Devendrappa,BJP,616388.0,52.37,V. S. Ugrappa,INC,560681.0,47.63,55707.0,Result Declared,4.73,Tight / Close Contest,NDA,0.9096,BJP,0.0,2
2019,Karnataka,10,Haveri,GEN,Shivkumar Udasi,BJP,683660.0,55.74,D. R. Patil,INC,542778.0,44.26,140882.0,Result Declared,11.49,Comfortable,NDA,0.7939,BJP,0.0,2
2019,Karnataka,11,Dharwad,GEN,Pralhad Joshi,BJP,684837.0,58.8,Vinay Kulkarni,INC,479765.0,41.2,205072.0,Result Declared,17.61,Landslide,NDA,0.7006,BJP,0.0,2
2019,Karnataka,12,Uttara Kannada,GEN,Anantkumar Hegde,BJP,786042.0,71.95,Anand Asnotikar,JD(S),306393.0,28.05,479649.0,Result Declared,43.91,Landslide,NDA,0.3898,BJP,0.0,3
2019,Karnataka,13,Davanagere,GEN,G. M. Siddeshwara,BJP,652996.0,57.47,H. B. Manjappa,INC,483294.0,42.53,169702.0,Result Declared,14.93,Comfortable,NDA,0.7401,BJP,0.0,3
2019,Karnataka,14,Shimoga,GEN,B. Y. Raghavendra,BJP,729872.0,59.03,Madhu Bangarappa,JD(S),506512.0,40.97,223360.0,Result Declared,18.07,Landslide,NDA,0.694,BJP,0.0,2
2019,Karnataka,15,Udupi Chikmagalur,GEN,Shobha Karandlaje,BJP,718916.0,66.06,Pramod Madhwaraj,JD(S),369317.0,33.94,349599.0,Result Declared,32.13,Landslide,NDA,0.5137,BJP,0.0,2
2019,Karnataka,16,Hassan,GEN,Prajwal Revanna,JD(S),676606.0,55.83,A. Manju,BJP,535282.0,44.17,141324.0,Result Declared,11.66,Comfortable,Others / Regional,0.7911,JD(S),0.0,2
2019,Karnataka,17,Dakshina Kannada,GEN,Nalin Kumar Kateel,BJP,774285.0,60.78,Mithun M. Rai,INC,499664.0,39.22,274621.0,Result Declared,21.56,Landslide,NDA,0.6453,BJP,0.0,3
2019,Karnataka,18,Chitradurga,SC,A Narayanaswamy,BJP,626195.0,53.42,B. N. Chandrappa,INC,546017.0,46.58,80178.0,Result Declared,6.84,Comfortable,NDA,0.872,INC,1.0,0
2019,Karnataka,19,Tumkur,GEN,G. S. Basavaraj,BJP,596127.0,50.57,H. D. Devegowda,JD(S),582788.0,49.43,13339.0,Result Declared,1.13,Tight / Close Contest,NDA,0.9776,INC,1.0,0
2019,Karnataka,20,Mandya,GEN,Sumalatha Ambareesh,IND,703660.0,54.91,Nikhil Kumaraswamy,JD(S),577784.0,45.09,125876.0,Result Declared,9.82,Comfortable,Others / Regional,0.8211,JD(S),1.0,0
2019,Karnataka,21,Mysore,GEN,Pratap Simha,BJP,688974.0,55.59,C. H. Vijayashankar,INC,550327.0,44.41,138647.0,Result Declared,11.19,Comfortable,NDA,0.7988,BJP,0.0,1
2019,Karnataka,22,Chamarajanagar,SC,Srinivas Prasad,BJP,568537.0,50.08,R. Dhruvanarayana,INC,566720.0,49.92,1817.0,Result Declared,0.16,Tight / Close Contest,NDA,0.9968,INC,1.0,0
2019,Karnataka,23,Bangalore Rural,GEN,D. K. Suresh,INC,878258.0,56.67,Ashwathnarayan Gowda,BJP,671388.0,43.33,206870.0,Result Declared,13.35,Comfortable,UPA / I.N.D.I.A.,0.7645,INC,0.0,1
2019,Karnataka,24,Bangalore North,GEN,Sadananda Gowda,BJP,824500.0,54.91,Krishna Byre Gowda,INC,676982.0,45.09,147518.0,Result Declared,9.82,Comfortable,NDA,0.8211,BJP,0.0,3
2019,Karnataka,25,Bangalore Central,GEN,P. C. Mohan,BJP,602853.0,53.13,Rizwan Arshad,INC,531885.0,46.87,70968.0,Result Declared,6.25,Comfortable,NDA,0.8823,BJP,0.0,3
2019,Karnataka,26,Bangalore South,GEN,Tejasvi Surya,BJP,739229.0,64.43,B. K. Hariprasad,INC,408037.0,35.57,331192.0,Result Declared,28.87,Landslide,NDA,0.552,BJP,0.0,3
2019,Karnataka,27,Chikballapur,GEN,B. N. Bache Gowda,BJP,745912.0,56.95,M. Veerappa Moily,INC,563802.0,43.05,182110.0,Result Declared,13.9,Comfortable,NDA,0.7559,INC,1.0,0
2019,Karnataka,28,Kolar,GEN,S. Muniswamy,BJP,709165.0,58.69,K. H. Muniyappa,INC,499144.0,41.31,210021.0,Result Declared,17.38,Landslide,NDA,0.7038,INC,1.0,0
2019,Kerala,1,Kasaragod,GEN,Rajmohan Unnithan,INC,474961.0,52.22,K. P. Satheesh Chandran,CPI(M),434523.0,47.78,40438.0,Result Declared,4.45,Tight / Close Contest,UPA / I.N.D.I.A.,0.9149,CPI(M),1.0,0
2019,Kerala,2,Kannur,GEN,K. Sudhakaran,INC,529741.0,54.9,P.K. Sreemathy,CPI(M),435182.0,45.1,94559.0,Result Declared,9.8,Comfortable,UPA / I.N.D.I.A.,0.8215,CPI(M),1.0,0
2019,Kerala,3,Vatakara,GEN,K. Muraleedharan,INC,526755.0,54.37,P. Jayarajan,CPI(M),442092.0,45.63,84663.0,Result Declared,8.74,Comfortable,UPA / I.N.D.I.A.,0.8393,INC,0.0,2
2019,Kerala,4,Wayanad,GEN,Rahul Gandhi,INC,706367.0,72.01,P. P. Suneer,CPI,274597.0,27.99,431770.0,Result Declared,44.01,Landslide,UPA / I.N.D.I.A.,0.3887,INC,0.0,2
2019,Kerala,5,Kozhikode,GEN,M. K. Raghavan,INC,493444.0,54.73,A. Pradeepkumar,CPI(M),408219.0,45.27,85225.0,Result Declared,9.45,Comfortable,UPA / I.N.D.I.A.,0.8273,INC,0.0,2
2019,Kerala,6,Malappuram,GEN,P. K. Kunhalikutty,IUML,589873.0,64.15,V.P. Sanu,CPI(M),329720.0,35.85,260153.0,Result Declared,28.29,Landslide,UPA / I.N.D.I.A.,0.559,IUML,0.0,3
2019,Kerala,7,Ponnani,GEN,E. T. Muhammed Basheer,IUML,521824.0,61.36,P. V. Anvar,IND,328551.0,38.64,193273.0,Result Declared,22.73,Landslide,UPA / I.N.D.I.A.,0.6296,IUML,0.0,2
2019,Kerala,8,Palakkad,GEN,V. K. Sreekandan,INC,399274.0,50.74,M.B. Rajesh,CPI(M),387637.0,49.26,11637.0,Result Declared,1.48,Tight / Close Contest,UPA / I.N.D.I.A.,0.9709,CPI(M),1.0,0
2019,Kerala,9,Alathur,SC,Ramya Haridas,INC,533815.0,58.75,P.K. Biju,CPI(M),374847.0,41.25,158968.0,Result Declared,17.49,Landslide,UPA / I.N.D.I.A.,0.7022,CPI(M),1.0,0
2019,Kerala,10,Thrissur,GEN,T. N. Prathapan,INC,415089.0,56.36,Rajaji Mathew Thomas,CPI,321456.0,43.64,93633.0,Result Declared,12.71,Comfortable,UPA / I.N.D.I.A.,0.7744,CPI,1.0,0
2019,Kerala,11,Chalakudy,GEN,Benny Behanan,INC,473444.0,58.12,Innocent Vareed Thekkethala,CPI(M),341170.0,41.88,132274.0,Result Declared,16.24,Landslide,UPA / I.N.D.I.A.,0.7206,IND,1.0,0
2019,Kerala,12,Ernakulam,GEN,Hibi Eden,INC,491263.0,60.4,P. Rajeev,CPI(M),322110.0,39.6,169153.0,Result Declared,20.8,Landslide,UPA / I.N.D.I.A.,0.6557,INC,0.0,2
2019,Kerala,13,Idukki,GEN,Dean Kuriakose,INC,498493.0,60.36,Joice George,IND,327440.0,39.64,171053.0,Result Declared,20.71,Landslide,UPA / I.N.D.I.A.,0.6569,IND,1.0,0
2019,Kerala,14,Kottayam,GEN,Thomas Chazhikadan,Kerala Congress (M),421046.0,57.22,V. N. Vasavan,CPI(M),314787.0,42.78,106259.0,Result Declared,14.44,Comfortable,Others / Regional,0.7476,Kerala Congress (M),0.0,2
2019,Kerala,15,Alappuzha,GEN,A. M. Ariff,CPI(M),445970.0,50.59,Shanimol Usman,INC,435496.0,49.41,10474.0,Result Declared,1.19,Tight / Close Contest,UPA / I.N.D.I.A.,0.9765,INC,1.0,0
2019,Kerala,16,Mavelikkara,SC,Kodikkunnil Suresh,INC,440415.0,53.73,Chittayam Gopakumar,CPI,379277.0,46.27,61138.0,Result Declared,7.46,Comfortable,UPA / I.N.D.I.A.,0.8612,INC,0.0,2
2019,Kerala,17,Pathanamthitta,GEN,Anto Antony,INC,380927.0,53.08,Veena George,CPI(M),336684.0,46.92,44243.0,Result Declared,6.17,Comfortable,UPA / I.N.D.I.A.,0.8839,INC,0.0,2
2019,Kerala,18,Kollam,GEN,N. K. Premachandran,RSP,499677.0,58.75,K. N. Balagopal,CPI(M),350821.0,41.25,148856.0,Result Declared,17.5,Landslide,UPA / I.N.D.I.A.,0.7021,RSP,0.0,1
2019,Kerala,19,Attingal,GEN,Adoor Prakash,INC,380995.0,52.64,A. Sampath,CPI(M),342748.0,47.36,38247.0,Result Declared,5.28,Comfortable,UPA / I.N.D.I.A.,0.8996,CPI(M),1.0,0
2019,Kerala,20,Thiruvananthapuram,GEN,Shashi Tharoor,INC,416131.0,56.83,Kummanam Rajasekharan,BJP,316142.0,43.17,99989.0,Result Declared,13.65,Comfortable,UPA / I.N.D.I.A.,0.7597,INC,0.0,2
2019,Lakshadweep,1,Lakshadweep,ST,Mohammed Faizal P. P.,NCP,22851.0,50.92,Muhammed Hamdulla Sayeed,INC,22028.0,49.08,823.0,Result Declared,1.83,Tight / Close Contest,NDA,0.964,NCP,0.0,1
2019,Madhya Pradesh,1,Morena,GEN,Narendra Singh Tomar,BJP,541689.0,55.84,Ramnivas Rawat,INC,428348.0,44.16,113341.0,Result Declared,11.68,Comfortable,NDA,0.7908,BJP,0.0,3
2019,Madhya Pradesh,2,Bhind,SC,Sandhya Ray,BJP,527694.0,61.68,Devashish Jharariya,INC,327809.0,38.32,199885.0,Result Declared,23.36,Landslide,NDA,0.6212,BJP,0.0,3
2019,Madhya Pradesh,3,Gwalior,GEN,Vivek Sejwalker,BJP,627250.0,56.63,Ashok Singh,INC,480408.0,43.37,146842.0,Result Declared,13.26,Comfortable,NDA,0.7659,BJP,0.0,2
2019,Madhya Pradesh,4,Guna,GEN,Krishna Pal Singh Yadav,BJP,614049.0,55.69,Jyotiraditya Scindia,INC,488500.0,44.31,125549.0,Result Declared,11.39,Comfortable,NDA,0.7955,INC,1.0,0
2019,Madhya Pradesh,5,Sagar,GEN,Raj Bahadur Singh,BJP,646231.0,65.48,Prabhu Singh Thakur,INC,340689.0,34.52,305542.0,Result Declared,30.96,Landslide,NDA,0.5272,BJP,0.0,3
2019,Madhya Pradesh,6,Tikamgarh,SC,Virendra Kumar,BJP,672248.0,67.47,Ahirwar Kiran,INC,324189.0,32.53,348059.0,Result Declared,34.93,Landslide,NDA,0.4822,BJP,0.0,3
2019,Madhya Pradesh,7,Damoh,GEN,Prahlad Singh Patel,BJP,704524.0,66.74,Pratap Singh,INC,351113.0,33.26,353411.0,Result Declared,33.48,Landslide,NDA,0.4984,BJP,0.0,3
2019,Madhya Pradesh,8,Khajuraho,GEN,Vishnu Datt Sharma,BJP,811135.0,71.79,Kavita Singh,INC,318753.0,28.21,492382.0,Result Declared,43.58,Landslide,NDA,0.393,BJP,0.0,3
2019,Madhya Pradesh,9,Satna,GEN,Ganesh Singh,BJP,588753.0,62.23,Rajaram Tripathi,INC,357280.0,37.77,231473.0,Result Declared,24.47,Landslide,NDA,0.6068,BJP,0.0,3
2019,Madhya Pradesh,10,Rewa,GEN,Janardan Mishra,BJP,583745.0,68.3,Siddhartha Tiwari,INC,270938.0,31.7,312807.0,Result Declared,36.6,Landslide,NDA,0.4641,BJP,0.0,1
2019,Madhya Pradesh,11,Sidhi,GEN,Riti Pathak,BJP,698342.0,62.9,Ajay Arjun Singh,INC,411818.0,37.1,286524.0,Result Declared,25.81,Landslide,NDA,0.5897,BJP,0.0,3
2019,Madhya Pradesh,12,Shahdol,ST,Himadri Singh,BJP,747977.0,68.46,Pramila Singh,INC,344644.0,31.54,403333.0,Result Declared,36.91,Landslide,NDA,0.4608,BJP,0.0,1
2019,Madhya Pradesh,13,Jabalpur,GEN,Rakesh Singh,BJP,826454.0,68.98,Vivek Tankha,INC,371710.0,31.02,454744.0,Result Declared,37.95,Landslide,NDA,0.4498,BJP,0.0,3
2019,Madhya Pradesh,14,Mandla,ST,Faggan Singh Kulaste,BJP,737266.0,53.55,Kamal Singh Maravi,INC,639592.0,46.45,97674.0,Result Declared,7.09,Comfortable,NDA,0.8675,BJP,0.0,1
2019,Madhya Pradesh,15,Balaghat,GEN,Dhal Singh Bisen,BJP,696102.0,60.52,Madhu Bhagat,INC,454036.0,39.48,242066.0,Result Declared,21.05,Landslide,NDA,0.6523,BJP,0.0,3
2019,Madhya Pradesh,16,Chhindwara,GEN,Nakul Nath,INC,587305.0,51.65,Nathansaha Kawreti,BJP,549769.0,48.35,37536.0,Result Declared,3.3,Tight / Close Contest,UPA / I.N.D.I.A.,0.9361,INC,0.0,3
2019,Madhya Pradesh,17,Hoshangabad,GEN,Uday Pratap Singh,BJP,877927.0,73.03,Shailendra Diwan,INC,324245.0,26.97,553682.0,Result Declared,46.06,Landslide,NDA,0.3693,BJP,0.0,1
2019,Madhya Pradesh,18,Vidisha,GEN,Ramakant Bhargava,BJP,853022.0,70.91,Shailendra Patel,INC,349938.0,29.09,503084.0,Result Declared,41.82,Landslide,NDA,0.4102,BJP,0.0,3
2019,Madhya Pradesh,19,Bhopal,GEN,Pragya Thakur,BJP,866482.0,63.33,Digvijaya Singh,INC,501660.0,36.67,364822.0,Result Declared,26.67,Landslide,NDA,0.579,BJP,0.0,3
2019,Madhya Pradesh,20,Rajgarh,GEN,Rodmal Nagar,BJP,823824.0,67.71,Mona Sustani,INC,392805.0,32.29,431019.0,Result Declared,35.43,Landslide,NDA,0.4768,BJP,0.0,1
2019,Madhya Pradesh,21,Dewas,SC,Mahendra Singh Solanki,BJP,862429.0,63.76,Prahlad Singh Tipanya,INC,490180.0,36.24,372249.0,Result Declared,27.52,Landslide,NDA,0.5684,BJP,0.0,1
2019,Madhya Pradesh,22,Ujjain,SC,Anil Firojiya,BJP,791663.0,65.01,Babulal Malviya,INC,426026.0,34.99,365637.0,Result Declared,30.03,Landslide,NDA,0.5381,BJP,0.0,1
2019,Madhya Pradesh,23,Mandsaur,GEN,Sudheer Gupta,BJP,847786.0,64.28,Meenakshi Natarajan,INC,471052.0,35.72,376734.0,Result Declared,28.57,Landslide,NDA,0.5556,BJP,0.0,1
2019,Madhya Pradesh,24,Ratlam,ST,Guman Singh Damor,BJP,696103.0,53.48,Kantilal Bhuria,INC,605467.0,46.52,90636.0,Result Declared,6.96,Comfortable,NDA,0.8698,BJP,0.0,1
2019,Madhya Pradesh,25,Dhar,ST,Chattar Singh Darbar,BJP,722147.0,56.06,Girwal Dinesh,INC,566118.0,43.94,156029.0,Result Declared,12.11,Comfortable,NDA,0.7839,BJP,0.0,1
2019,Madhya Pradesh,26,Indore,GEN,Shankar Lalwani,BJP,1068569.0,67.23,Pankaj Sanghvi,INC,520815.0,32.77,547754.0,Result Declared,34.46,Landslide,NDA,0.4874,BJP,0.0,3
2019,Madhya Pradesh,27,Khargone,ST,Gajendra Patel,BJP,773550.0,57.53,Govind Subhan Mujalda,INC,571040.0,42.47,202510.0,Result Declared,15.06,Landslide,NDA,0.7382,BJP,0.0,3
2019,Madhya Pradesh,28,Khandwa,GEN,Nandkumar Singh Chauhan,BJP,838909.0,59.73,Arun Subhash Chandra Yadav,INC,565566.0,40.27,273343.0,Result Declared,19.46,Landslide,NDA,0.6742,BJP,0.0,1
2019,Madhya Pradesh,29,Betul,ST,Durga Das Uikey,BJP,811248.0,64.27,Ramu Tekam,INC,451007.0,35.73,360241.0,Result Declared,28.54,Landslide,NDA,0.5559,BJP,0.0,3
2019,Maharashtra,1,Nandurbar,ST,Heena Gavit,BJP,639136.0,54.04,K. C. Padavi,INC,543507.0,45.96,95629.0,Result Declared,8.09,Comfortable,NDA,0.8504,BJP,0.0,1
2019,Maharashtra,2,Dhule,GEN,Subhash Bhamre,BJP,613533.0,61.49,Kunal Rohidas Patil,INC,384290.0,38.51,229243.0,Result Declared,22.97,Landslide,NDA,0.6264,BJP,0.0,2
2019,Maharashtra,3,Jalgaon,GEN,Unmesh Patil,BJP,713874.0,70.25,Gulabrao Deokar,NCP,302257.0,29.75,411617.0,Result Declared,40.51,Landslide,NDA,0.4234,BJP,0.0,2
2019,Maharashtra,4,Raver,GEN,Raksha Khadase,BJP,655386.0,67.23,Ulhas Vasudeo Patil,INC,319504.0,32.77,335882.0,Result Declared,34.45,Landslide,NDA,0.4875,BJP,0.0,2
2019,Maharashtra,5,Buldhana,GEN,Prataprao Jadhav,SS,521977.0,57.32,Rajendra Shingne,NCP,388690.0,42.68,133287.0,Result Declared,14.64,Comfortable,NDA,0.7446,SS,0.0,3
2019,Maharashtra,6,Akola,GEN,Sanjay Dhotre,BJP,554444.0,66.54,Prakash Ambedkar,Vanchit Bahujan Aghadi,278848.0,33.46,275596.0,Result Declared,33.07,Landslide,NDA,0.5029,BJP,0.0,2
2019,Maharashtra,7,Amravati,SC,Navaneet Rana,IND,510947.0,51.88,Anandrao Adsul,SS,473996.0,48.12,36951.0,Result Declared,3.75,Tight / Close Contest,Others / Regional,0.9277,SS,1.0,0
2019,Maharashtra,8,Wardha,GEN,Ramdas Tadas,BJP,578364.0,59.65,Charulata Tokas,INC,391173.0,40.35,187191.0,Result Declared,19.31,Landslide,NDA,0.6763,BJP,0.0,1
2019,Maharashtra,9,Ramtek,SC,Krupal Tumane,SS,597126.0,55.94,Kishore Uttamrao Gajbhiye,INC,470343.0,44.06,126783.0,Result Declared,11.88,Comfortable,NDA,0.7877,SS,0.0,1
2019,Maharashtra,10,Nagpur,GEN,Nitin Gadkari,BJP,660221.0,59.78,Nanabhau Patole,INC,444212.0,40.22,216009.0,Result Declared,19.56,Landslide,NDA,0.6728,BJP,0.0,1
2019,Maharashtra,11,Bhandara-Gondiya,GEN,Sunil Baburao Mendhe,BJP,650243.0,58.95,Panchabudhe Nana Jairam,NCP,452849.0,41.05,197394.0,Result Declared,17.89,Landslide,NDA,0.6964,BJP,0.0,1
2019,Maharashtra,12,Gadchiroli-Chimur,ST,Ashok Nete,BJP,519968.0,54.03,Namdeo Usendi,INC,442442.0,45.97,77526.0,Result Declared,8.06,Comfortable,NDA,0.8509,BJP,0.0,1
2019,Maharashtra,13,Chandrapur,GEN,Suresh Dhanorkar,INC,559507.0,52.08,Hansraj Ahir,BJP,514744.0,47.92,44763.0,Result Declared,4.17,Tight / Close Contest,UPA / I.N.D.I.A.,0.92,BJP,1.0,0
2019,Maharashtra,14,Yavatmal-Washim,GEN,Bhavana Gawali,SS,542098.0,56.1,Manikrao Thakre,INC,424159.0,43.9,117939.0,Result Declared,12.21,Comfortable,NDA,0.7824,SS,0.0,2
2019,Maharashtra,15,Hingoli,GEN,Hemant Patil,SS,586312.0,65.53,Subhashrao Wankhede,INC,308456.0,34.47,277856.0,Result Declared,31.05,Landslide,NDA,0.5261,INC,1.0,0
2019,Maharashtra,16,Nanded,GEN,Prataprao Chikhalikar,BJP,486806.0,52.15,Ashok Chavan,INC,446658.0,47.85,40148.0,Result Declared,4.3,Tight / Close Contest,NDA,0.9175,INC,1.0,0
2019,Maharashtra,17,Parbhani,GEN,Sanjay Jadhav,SS,538941.0,52.04,Rajesh Uttamrao Vitekar,NCP,496742.0,47.96,42199.0,Result Declared,4.07,Tight / Close Contest,NDA,0.9217,SS,0.0,2
2019,Maharashtra,18,Jalna,GEN,Raosaheb Danve,BJP,698019.0,65.65,Autade Vilas Keshavrao,INC,365204.0,34.35,332815.0,Result Declared,31.3,Landslide,NDA,0.5232,BJP,0.0,2
2019,Maharashtra,19,Aurangabad,GEN,Imtiyaz Jaleel,AIMIM,389042.0,50.29,Chandrakant Khaire,SS,384550.0,49.71,4492.0,Result Declared,0.58,Tight / Close Contest,Others / Regional,0.9885,SS,1.0,0
2019,Maharashtra,20,Dindori,ST,Bharati Pawar,BJP,567470.0,60.62,Dhanraj Mahale,NCP,368691.0,39.38,198779.0,Result Declared,21.23,Landslide,NDA,0.6497,BJP,0.0,2
2019,Maharashtra,21,Nashik,GEN,Hemant Godse,SS,563599.0,67.5,Sameer Bhujbal,NCP,271395.0,32.5,292204.0,Result Declared,34.99,Landslide,NDA,0.4815,SS,0.0,1
2019,Maharashtra,22,Palghar,ST,Rajendra Gavit,SS,580479.0,54.15,Baliram Jadhav,Bahujan Vikas Aaghadi,491596.0,45.85,88883.0,Result Declared,8.29,Comfortable,NDA,0.8469,BJP,1.0,0
2019,Maharashtra,23,Bhiwandi,GEN,Kapil Patil,BJP,523583.0,58.77,Suresh Taware,INC,367254.0,41.23,156329.0,Result Declared,17.55,Landslide,NDA,0.7014,BJP,0.0,1
2019,Maharashtra,24,Kalyan,GEN,Shrikant Shinde,SS,559723.0,72.21,Babaji Balram Patil,NCP,215380.0,27.79,344343.0,Result Declared,44.43,Landslide,NDA,0.3848,SS,0.0,2
2019,Maharashtra,25,Thane,GEN,Rajan Vichare,SS,740969.0,69.26,Anand Paranjape,NCP,328824.0,30.74,412145.0,Result Declared,38.53,Landslide,NDA,0.4438,SS,0.0,1
2019,Maharashtra,26,Mumbai North,GEN,Gopal Shetty,BJP,706678.0,74.54,Urmila Matondkar,INC,241431.0,25.46,465247.0,Result Declared,49.07,Landslide,NDA,0.3416,BJP,0.0,1
2019,Maharashtra,27,Mumbai North West,GEN,Gajanan Kirtikar,SS,570063.0,64.79,Sanjay Nirupam,INC,309735.0,35.21,260328.0,Result Declared,29.59,Landslide,NDA,0.5433,SS,0.0,1
2019,Maharashtra,28,Mumbai North East,GEN,Manoj Kotak,BJP,514599.0,64.11,Sanjay Dina Patil,NCP,288113.0,35.89,226486.0,Result Declared,28.22,Landslide,NDA,0.5599,BJP,0.0,1
2019,Maharashtra,29,Mumbai North Central,GEN,Poonam Mahajan,BJP,486672.0,57.71,Priya Sunil Dutt,INC,356667.0,42.29,130005.0,Result Declared,15.42,Landslide,NDA,0.7329,BJP,0.0,1
2019,Maharashtra,30,Mumbai South Central,GEN,Rahul Shewale,SS,424913.0,60.9,Eknath Gaikwad,INC,272774.0,39.1,152139.0,Result Declared,21.81,Landslide,NDA,0.642,SS,0.0,1
2019,Maharashtra,31,Mumbai South,GEN,Arvind Sawant,SS,421937.0,56.73,Milind Deora,INC,321870.0,43.27,100067.0,Result Declared,13.45,Comfortable,NDA,0.7628,SS,0.0,1
2019,Maharashtra,32,Raigad,GEN,Sunil Tatkare,NCP,486968.0,51.67,Anant Geete,SS,455530.0,48.33,31438.0,Result Declared,3.34,Tight / Close Contest,NDA,0.9354,SS,1.0,0
2019,Maharashtra,33,Maval,GEN,Shrirang Barne,SS,720663.0,58.81,Parth Pawar,NCP,504750.0,41.19,215913.0,Result Declared,17.62,Landslide,NDA,0.7004,SS,0.0,3
2019,Maharashtra,34,Pune,GEN,Girish Bapat,BJP,632835.0,67.25,Mohan Joshi,INC,308207.0,32.75,324628.0,Result Declared,34.5,Landslide,NDA,0.487,BJP,0.0,1
2019,Maharashtra,35,Baramati,GEN,Supriya Sule,NCP,686714.0,56.4,Kanchan Kul,BJP,530940.0,43.6,155774.0,Result Declared,12.79,Comfortable,NDA,0.7732,NCP,0.0,2
2019,Maharashtra,36,Shirur,GEN,Amol Kolhe,NCP,635830.0,52.41,Shivajirao Adhalarao Patil,SS,577347.0,47.59,58483.0,Result Declared,4.82,Tight / Close Contest,NDA,0.908,SS,1.0,0
2019,Maharashtra,37,Ahmednagar,GEN,Sujay Vikhe Patil,BJP,704660.0,62.48,Sangram Jagtap,NCP,423186.0,37.52,281474.0,Result Declared,24.96,Landslide,NDA,0.6006,BJP,0.0,3
2019,Maharashtra,38,Shirdi,SC,Sadashiv Lokhande,SS,486820.0,57.04,Kamble Bhausaheb Malhari,INC,366625.0,42.96,120195.0,Result Declared,14.08,Comfortable,NDA,0.7531,SS,0.0,2
2019,Maharashtra,39,Beed,GEN,Pritam Munde,BJP,678175.0,57.09,Bajrang Manohar Sonwane,NCP,509807.0,42.91,168368.0,Result Declared,14.17,Comfortable,NDA,0.7517,BJP,0.0,2
2019,Maharashtra,40,Osmanabad,GEN,Omraje Nimbalkar,SS,596640.0,55.99,Rana Jagjitsinha Padmasinha Patil,NCP,469074.0,44.01,127566.0,Result Declared,11.97,Comfortable,NDA,0.7862,SS,0.0,1
2019,Maharashtra,41,Latur,SC,Sudhakar Shrungare,BJP,661495.0,63.98,Kamant Machhindra Gunwantrao,INC,372384.0,36.02,289111.0,Result Declared,27.96,Landslide,NDA,0.5629,BJP,0.0,1
2019,Maharashtra,42,Solapur,SC,Jaisidhesvar Swami,BJP,524985.0,58.9,Sushilkumar Shinde,INC,366377.0,41.1,158608.0,Result Declared,17.79,Landslide,NDA,0.6979,BJP,0.0,1
2019,Maharashtra,43,Madha,GEN,Ranjit Naik-Nimbalkar,BJP,586314.0,53.95,Sanjay Vitthalrao Shinde,NCP,500550.0,46.05,85764.0,Result Declared,7.89,Comfortable,NDA,0.8537,NCP,1.0,0
2019,Maharashtra,44,Sangli,GEN,Sanjaykaka Patil,BJP,508995.0,59.63,Vishal Prakashbapu Patil,Swabhimani Paksha,344643.0,40.37,164352.0,Result Declared,19.25,Landslide,NDA,0.6771,BJP,0.0,1
2019,Maharashtra,45,Satara,GEN,Udayanraje Bhosale,NCP,579026.0,56.13,Narendra Annasaheb Patil,SS,452498.0,43.87,126528.0,Result Declared,12.27,Comfortable,NDA,0.7815,NCP,0.0,3
2019,Maharashtra,46,Ratnagiri-Sindhudurg,GEN,Vinayak Raut,SS,458022.0,62.09,Nilesh Narayan Rane,Maharashtra Swabhiman Paksha,279700.0,37.91,178322.0,Result Declared,24.17,Landslide,NDA,0.6107,SS,0.0,1
2019,Maharashtra,47,Kolhapur,GEN,Sanjay Mandlik,SS,749085.0,61.02,Dhananjay Mahadik,NCP,478517.0,38.98,270568.0,Result Declared,22.04,Landslide,NDA,0.6388,NCP,1.0,0
2019,Maharashtra,48,Hatkanangle,GEN,Dhairyashil Mane,SS,585776.0,54.46,Raju Shetti,Swabhimani Paksha,489737.0,45.54,96039.0,Result Declared,8.93,Comfortable,NDA,0.836,Swabhimani Paksha,1.0,0
2019,Manipur,1,Inner Manipur,GEN,Rajkumar Ranjan Singh,BJP,263632.0,51.74,Oinam Nabakishore Singh,INC,245877.0,48.26,17755.0,Result Declared,3.48,Tight / Close Contest,NDA,0.9327,INC,1.0,0
2019,Manipur,2,Outer Manipur,ST,Lorho S. Pfoze,Naga People'S Front,363527.0,55.65,Houlim Shokhopao Mate,BJP,289745.0,44.35,73782.0,Result Declared,11.29,Comfortable,Others / Regional,0.797,INC,1.0,0
2019,Meghalaya,1,Shillong,ST,Vincent Pala,INC,419689.0,61.09,Jemino Mawthoh,United Democratic Party,267256.0,38.91,152433.0,Result Declared,22.19,Landslide,UPA / I.N.D.I.A.,0.6368,INC,0.0,3
2019,Meghalaya,2,Tura,ST,Agatha Sangma,National People'S Party,304455.0,55.88,Mukul Sangma,INC,240425.0,44.12,64030.0,Result Declared,11.75,Comfortable,Others / Regional,0.7897,National People'S Party,0.0,1
2019,Mizoram,1,Mizoram,ST,C. Lalrosanga,Mizo National Front,224286.0,50.92,Lalnghinglova Hmar,IND,216146.0,49.08,8140.0,Result Declared,1.85,Tight / Close Contest,Others / Regional,0.9637,INC,1.0,0
2019,Nagaland,1,Nagaland,ST,Tokheho Yepthomi,Nationalist Democratic Progressive Party,500510.0,50.83,K L Chishi,INC,484166.0,49.17,16344.0,Result Declared,1.66,Tight / Close Contest,Others / Regional,0.9673,Naga People'S Front,1.0,0
2019,Odisha,1,Bargarh,GEN,Suresh Pujari,BJP,581245.0,52.91,Prasanna Acharya,BJD,517306.0,47.09,63939.0,Result Declared,5.82,Comfortable,NDA,0.89,BJD,1.0,0
2019,Odisha,2,Sundargarh,ST,Jual Oram,BJP,500056.0,64.35,Sunita Biswal,BJD,276991.0,35.65,223065.0,Result Declared,28.71,Landslide,NDA,0.5539,BJP,0.0,1
2019,Odisha,3,Sambalpur,GEN,Nitesh Gangadev,BJP,473770.0,50.49,Nalini Kant Pradhan,BJD,464608.0,49.51,9162.0,Result Declared,0.98,Tight / Close Contest,NDA,0.9807,BJD,1.0,0
2019,Odisha,4,Keonjhar,ST,Chandrani Murmu,BJD,526359.0,53.36,Ananta Nayak,BJP,460156.0,46.64,66203.0,Result Declared,6.71,Comfortable,Others / Regional,0.8742,BJD,0.0,3
2019,Odisha,5,Mayurbhanj,ST,Bishweswar Tudu,BJP,483812.0,51.34,Debashish Marndi,BJD,458556.0,48.66,25256.0,Result Declared,2.68,Tight / Close Contest,NDA,0.9478,BJD,1.0,0
2019,Odisha,6,Balasore,GEN,Pratap Chandra Sarangi,BJP,483858.0,50.68,Rabindra Kumar Jena,BJD,470902.0,49.32,12956.0,Result Declared,1.36,Tight / Close Contest,NDA,0.9732,BJD,1.0,0
2019,Odisha,7,Bhadrak,SC,Manjulata Mandal,BJD,512305.0,51.45,Avimanyu Sethi,BJP,483502.0,48.55,28803.0,Result Declared,2.89,Tight / Close Contest,Others / Regional,0.9438,BJD,0.0,3
2019,Odisha,8,Jajpur,SC,Sarmistha Sethi,BJD,544020.0,55.16,Amiya Kanta Mallick,BJP,442327.0,44.84,101693.0,Result Declared,10.31,Comfortable,Others / Regional,0.8131,BJD,0.0,3
2019,Odisha,9,Dhenkanal,GEN,Mahesh Sahoo,BJD,522884.0,51.75,Rudra Narayan Pany,BJP,487472.0,48.25,35412.0,Result Declared,3.5,Tight / Close Contest,Others / Regional,0.9323,BJD,0.0,3
2019,Odisha,10,Bolangir,GEN,Sangeeta Kumari Singh Deo,BJP,498086.0,51.0,Kalikesh Narayan Singh Deo,BJD,478570.0,49.0,19516.0,Result Declared,2.0,Tight / Close Contest,NDA,0.9608,BJD,1.0,0
2019,Odisha,11,Kalahandi,GEN,Basanta Kumar Panda,BJP,433074.0,51.6,Pushpendra Singh Deo,BJD,406260.0,48.4,26814.0,Result Declared,3.19,Tight / Close Contest,NDA,0.9381,BJD,1.0,0
2019,Odisha,12,Nabarangpur,ST,Ramesh Chandra Majhi,BJD,392504.0,52.8,Pradeep Kumar Majhi,INC,350870.0,47.2,41634.0,Result Declared,5.6,Comfortable,Others / Regional,0.8939,BJD,0.0,1
2019,Odisha,13,Kandhamal,GEN,Achyutananda Samanta,BJD,461679.0,59.64,Mahamegha Bahan Aira Kharabela Swain,BJP,312463.0,40.36,149216.0,Result Declared,19.28,Landslide,Others / Regional,0.6768,BJD,0.0,2
2019,Odisha,14,Cuttack,GEN,Bhartruhari Mahtab,BJD,524592.0,56.53,Prakash Mishra,BJP,403391.0,43.47,121201.0,Result Declared,13.06,Comfortable,Others / Regional,0.769,BJD,0.0,2
2019,Odisha,15,Kendrapara,GEN,Anubhav Mohanty,BJD,628939.0,56.9,Baijayant Panda,BJP,476355.0,43.1,152584.0,Result Declared,13.8,Comfortable,Others / Regional,0.7574,BJD,0.0,3
2019,Odisha,16,Jagatsinghpur,SC,Rajashree Mallick,BJD,619985.0,64.03,Bibhu Prasad Tarai,BJP,348330.0,35.97,271655.0,Result Declared,28.05,Landslide,Others / Regional,0.5618,BJD,0.0,1
2019,Odisha,17,Puri,GEN,Pinaki Mishra,BJD,538321.0,50.55,Sambit Patra,BJP,526607.0,49.45,11714.0,Result Declared,1.1,Tight / Close Contest,Others / Regional,0.9782,BJD,0.0,3
2019,Odisha,18,Bhubaneswar,GEN,Aparajita Sarangi,BJP,486991.0,51.25,Arup Patnaik,BJD,463152.0,48.75,23839.0,Result Declared,2.51,Tight / Close Contest,NDA,0.951,BJD,1.0,0
2019,Odisha,19,Aska,GEN,Pramila Bisoyi,BJD,552749.0,61.36,Anita Subhadarshini,BJP,348042.0,38.64,204707.0,Result Declared,22.73,Landslide,Others / Regional,0.6297,BJD,0.0,3
2019,Odisha,20,Berhampur,GEN,Chandra Sekhar Sahu,BJD,443843.0,55.98,Bhrugu Baxipatra,BJP,348999.0,44.02,94844.0,Result Declared,11.96,Comfortable,Others / Regional,0.7863,BJD,0.0,2
2019,Odisha,21,Koraput,ST,Saptagiri Ulaka,INC,371129.0,50.24,Kaushalya Hikaka,BJD,367516.0,49.76,3613.0,Result Declared,0.49,Tight / Close Contest,UPA / I.N.D.I.A.,0.9903,BJD,1.0,0
2019,Puducherry,1,Puducherry,GEN,V. Vaithilingam,INC,444981.0,64.22,Narayanaswamy Kesavan,All India N.R. Congress,247956.0,35.78,197025.0,Result Declared,28.43,Landslide,UPA / I.N.D.I.A.,0.5572,All India N.R. Congress,1.0,0
2019,Punjab,1,Gurdaspur,GEN,Sunny Deol,BJP,558719.0,53.98,Sunil Kumar Jakhar,INC,476260.0,46.02,82459.0,Result Declared,7.97,Comfortable,NDA,0.8524,BJP,0.0,1
2019,Punjab,2,Amritsar,GEN,Gurjeet Singh Aujla,INC,445032.0,56.3,Hardeep Singh Puri,BJP,345406.0,43.7,99626.0,Result Declared,12.6,Comfortable,UPA / I.N.D.I.A.,0.7761,INC,0.0,1
2019,Punjab,3,Khadoor Sahib,GEN,Jasbir Singh Gill,INC,459710.0,59.02,Bibi Jagir Kaur,SAD,319137.0,40.98,140573.0,Result Declared,18.05,Landslide,UPA / I.N.D.I.A.,0.6942,SAD,1.0,0
2019,Punjab,4,Jalandhar,SC,Santokh Singh Chaudhary,INC,385712.0,51.3,Charanjit Singh Atwal,SAD,366221.0,48.7,19491.0,Result Declared,2.59,Tight / Close Contest,UPA / I.N.D.I.A.,0.9495,INC,0.0,3
2019,Punjab,5,Hoshiarpur,SC,Som Prakash,BJP,421320.0,53.06,Raj Kumar Chhabbewal,INC,372790.0,46.94,48530.0,Result Declared,6.11,Comfortable,NDA,0.8848,BJP,0.0,1
2019,Punjab,6,Anandpur Sahib,GEN,Manish Tiwari,INC,428045.0,52.9,Prem Singh Chandumajra,SAD,381161.0,47.1,46884.0,Result Declared,5.79,Comfortable,UPA / I.N.D.I.A.,0.8905,SAD,1.0,0
2019,Punjab,7,Ludhiana,GEN,Ravneet Singh Bittu,INC,383795.0,55.52,Simarjit Singh Bains,Lok Insaaf Party,307423.0,44.48,76372.0,Result Declared,11.05,Comfortable,UPA / I.N.D.I.A.,0.801,INC,0.0,2
2019,Punjab,8,Fatehgarh Sahib,SC,Amar Singh,INC,411651.0,56.44,Darbara Singh Guru,SAD,317753.0,43.56,93898.0,Result Declared,12.87,Comfortable,UPA / I.N.D.I.A.,0.7719,AAP,1.0,0
2019,Punjab,9,Faridkot,SC,Muhammad Sadiq,INC,419065.0,55.51,Gulzar Singh Ranike,SAD,335809.0,44.49,83256.0,Result Declared,11.03,Comfortable,UPA / I.N.D.I.A.,0.8013,AAP,1.0,0
2019,Punjab,10,Ferozpur,GEN,Sukhbir Singh Badal,SAD,633427.0,59.31,Sher Singh Ghubaya,INC,434577.0,40.69,198850.0,Result Declared,18.62,Landslide,NDA,0.6861,SAD,0.0,3
2019,Punjab,11,Bathinda,GEN,Harsimrat Kaur Badal,SAD,492824.0,51.13,Amrinder Singh Raja Warring,INC,471052.0,48.87,21772.0,Result Declared,2.26,Tight / Close Contest,NDA,0.9558,SAD,0.0,3
2019,Punjab,12,Sangrur,GEN,Bhagwant Mann,AAP,413561.0,57.69,Kewal Singh Dhillon,INC,303350.0,42.31,110211.0,Result Declared,15.37,Landslide,UPA / I.N.D.I.A.,0.7335,AAP,0.0,1
2019,Punjab,13,Patiala,GEN,Preneet Kaur,INC,532027.0,59.03,Surjit Singh Rakhra,SAD,369309.0,40.97,162718.0,Result Declared,18.05,Landslide,UPA / I.N.D.I.A.,0.6942,AAP,1.0,0
2019,Rajasthan,1,Ganganagar,SC,Nihalchand,BJP,897177.0,64.67,Bharat Ram Meghwal,INC,490199.0,35.33,406978.0,Result Declared,29.33,Landslide,NDA,0.5464,BJP,0.0,1
2019,Rajasthan,2,Bikaner,SC,Arjun Ram Meghwal,BJP,657743.0,62.56,Madan Gopal Meghwal,INC,393662.0,37.44,264081.0,Result Declared,25.12,Landslide,NDA,0.5985,BJP,0.0,3
2019,Rajasthan,3,Churu,GEN,Rahul Kaswan,BJP,792999.0,63.36,Rafique Mandelia,INC,458597.0,36.64,334402.0,Result Declared,26.72,Landslide,NDA,0.5783,BJP,0.0,3
2019,Rajasthan,4,Jhunjhunu,GEN,Narendra Kumar,BJP,738163.0,62.89,Sharwan Kumar,INC,435616.0,37.11,302547.0,Result Declared,25.78,Landslide,NDA,0.5901,BJP,0.0,1
2019,Rajasthan,5,Sikar,GEN,Sumedhanand Saraswati,BJP,772104.0,61.91,Subhash Maharia,INC,474948.0,38.09,297156.0,Result Declared,23.83,Landslide,NDA,0.6151,BJP,0.0,1
2019,Rajasthan,6,Jaipur Rural,GEN,Rajyavardhan Singh Rathore,BJP,820132.0,65.76,Krishna Poonia,INC,426961.0,34.24,393171.0,Result Declared,31.53,Landslide,NDA,0.5206,BJP,0.0,1
2019,Rajasthan,7,Jaipur,GEN,Ramcharan Bohara,BJP,924065.0,65.19,Jyoti Khandelwal,INC,493439.0,34.81,430626.0,Result Declared,30.38,Landslide,NDA,0.534,BJP,0.0,1
2019,Rajasthan,8,Alwar,GEN,Balak Nath,BJP,760201.0,63.86,Bhanwar Jitendra Singh,INC,430230.0,36.14,329971.0,Result Declared,27.72,Landslide,NDA,0.5659,BJP,0.0,1
2019,Rajasthan,9,Bharatpur,SC,Ranjeeta Koli,BJP,707992.0,64.5,Abhijeet Kumar Jatav,INC,389593.0,35.5,318399.0,Result Declared,29.01,Landslide,NDA,0.5503,BJP,0.0,1
2019,Rajasthan,10,Karauli-Dholpur,SC,Manoj Rajoria,BJP,526443.0,55.11,Sanjay Kumar,INC,428761.0,44.89,97682.0,Result Declared,10.23,Comfortable,NDA,0.8144,BJP,0.0,1
2019,Rajasthan,11,Dausa,ST,Jaskaur Meena,BJP,548733.0,53.85,Savita Meena,INC,470289.0,46.15,78444.0,Result Declared,7.7,Comfortable,NDA,0.857,BJP,0.0,1
2019,Rajasthan,12,Tonk-Sawai Madhopur,GEN,Sukhbir Singh Jaunapuria,BJP,644319.0,54.73,Namo Narain Meena,INC,533028.0,45.27,111291.0,Result Declared,9.45,Comfortable,NDA,0.8273,BJP,0.0,1
2019,Rajasthan,13,Ajmer,GEN,Bhagirath Choudhary,BJP,815076.0,67.15,Riju Jhunjhunwala,INC,398652.0,32.85,416424.0,Result Declared,34.31,Landslide,NDA,0.4891,BJP,0.0,1
2019,Rajasthan,14,Nagaur,GEN,Hanuman Beniwal,RLP,660051.0,57.96,Jyoti Mirdha,INC,478791.0,42.04,181260.0,Result Declared,15.92,Landslide,UPA / I.N.D.I.A.,0.7254,BJP,1.0,0
2019,Rajasthan,15,Pali,GEN,P P Chaudhary,BJP,900149.0,68.26,Badri Ram Jakhar,INC,418552.0,31.74,481597.0,Result Declared,36.52,Landslide,NDA,0.465,BJP,0.0,1
2019,Rajasthan,16,Jodhpur,GEN,Gajendra Singh Shekhawat,BJP,788888.0,60.53,Vaibhav Gehlot,INC,514448.0,39.47,274440.0,Result Declared,21.06,Landslide,NDA,0.6521,BJP,0.0,1
2019,Rajasthan,17,Barmer,GEN,Kailash Choudhary,BJP,846526.0,61.82,Manvendra Singh,INC,522718.0,38.18,323808.0,Result Declared,23.65,Landslide,NDA,0.6175,BJP,0.0,1
2019,Rajasthan,18,Jalore,SC,Devaji Patel,BJP,772833.0,60.16,Ratan Dewasi,INC,511723.0,39.84,261110.0,Result Declared,20.33,Landslide,NDA,0.6621,BJP,0.0,3
2019,Rajasthan,19,Udaipur,ST,Arjunlal Meena,BJP,871548.0,66.78,Raghuvir Singh Meena,INC,433634.0,33.22,437914.0,Result Declared,33.55,Landslide,NDA,0.4975,BJP,0.0,1
2019,Rajasthan,20,Banswara,ST,Kanak Mal Katara,BJP,711709.0,63.66,Tarachand Bhagora,INC,406245.0,36.34,305464.0,Result Declared,27.32,Landslide,NDA,0.5708,BJP,0.0,1
2019,Rajasthan,21,Chittorgarh,GEN,Chandra Prakash Joshi,BJP,982942.0,70.73,Gopal Singh Shekhawat,INC,406695.0,29.27,576247.0,Result Declared,41.47,Landslide,NDA,0.4138,BJP,0.0,1
2019,Rajasthan,22,Rajsamand,GEN,Diya Kumari,BJP,863039.0,73.5,Devkinandan Kaka,INC,311123.0,26.5,551916.0,Result Declared,47.01,Landslide,NDA,0.3605,BJP,0.0,1
2019,Rajasthan,23,Bhilwara,GEN,Subhash Chandra Baheria,BJP,938160.0,74.2,Ram Pal Sharma,INC,326160.0,25.8,612000.0,Result Declared,48.41,Landslide,NDA,0.3477,BJP,0.0,1
2019,Rajasthan,24,Kota,GEN,Om Birla,BJP,800051.0,60.59,Ram Narain Meena,INC,520374.0,39.41,279677.0,Result Declared,21.18,Landslide,NDA,0.6504,BJP,0.0,1
2019,Rajasthan,25,Jhalawar-Baran,GEN,Dushyant Singh,BJP,887400.0,67.18,Pramod Sharma,INC,433472.0,32.82,453928.0,Result Declared,34.37,Landslide,NDA,0.4885,BJP,0.0,3
2019,Sikkim,1,Sikkim,GEN,Indra Hang Subba,SKM,166922.0,51.93,Dek Bahadur Katwal,SDF,154489.0,48.07,12433.0,Result Declared,3.87,Tight / Close Contest,NDA,0.9255,SDF,1.0,0
2019,Tamil Nadu,1,Thiruvallur,GEN,K. Jayakumar,INC,767292.0,65.16,Ponnusamy Venugopal,AIADMK,410337.0,34.84,356955.0,Result Declared,30.31,Landslide,UPA / I.N.D.I.A.,0.5348,AIADMK,1.0,0
2019,Tamil Nadu,2,Chennai North,GEN,Kalanidhi Veeraswamy,DMK,590986.0,82.03,R. Mohanraj,Desiya Murpokku Dravida Kazhagam,129468.0,17.97,461518.0,Result Declared,64.06,Landslide,UPA / I.N.D.I.A.,0.2191,AIADMK,1.0,0
2019,Tamil Nadu,3,Chennai South,GEN,Thamizhachi Thangapandian,DMK,564872.0,65.11,J. Jayavardhan,AIADMK,302649.0,34.89,262223.0,Result Declared,30.23,Landslide,UPA / I.N.D.I.A.,0.5358,AIADMK,1.0,0
2019,Tamil Nadu,4,Chennai Central,GEN,Dayanidhi Maran,DMK,448911.0,75.28,Sam Paul S. R.,Pattali Makkal Katchi,147391.0,24.72,301520.0,Result Declared,50.56,Landslide,UPA / I.N.D.I.A.,0.3283,AIADMK,1.0,0
2019,Tamil Nadu,5,Sriperumbudur,SC,T R Baalu,DMK,793281.0,73.55,Vaithilingam A,Pattali Makkal Katchi,285326.0,26.45,507955.0,Result Declared,47.09,Landslide,UPA / I.N.D.I.A.,0.3597,AIADMK,1.0,0
2019,Tamil Nadu,6,Kancheepuram,SC,G. Selvam,DMK,684004.0,63.25,K. Maragatham,AIADMK,397372.0,36.75,286632.0,Result Declared,26.51,Landslide,UPA / I.N.D.I.A.,0.5809,AIADMK,1.0,0
2019,Tamil Nadu,7,Arakkonam,SC,S. Jagathrakshakan,DMK,672190.0,66.2,A. K. Moorthy,Pattali Makkal Katchi,343234.0,33.8,328956.0,Result Declared,32.4,Landslide,UPA / I.N.D.I.A.,0.5106,AIADMK,1.0,0
2019,Tamil Nadu,8,Vellore,SC,D. M. Kathir Anand,DMK,485340.0,50.42,A. C. Shanmugam,AIADMK,477199.0,49.58,8141.0,Result Declared,0.85,Tight / Close Contest,UPA / I.N.D.I.A.,0.9832,AIADMK,1.0,0
2019,Tamil Nadu,9,Krishnagiri,GEN,A. Chellakumar,INC,611298.0,57.35,K. P. Munusamy,AIADMK,454533.0,42.65,156765.0,Result Declared,14.71,Comfortable,UPA / I.N.D.I.A.,0.7436,AIADMK,1.0,0
2019,Tamil Nadu,10,Dharmapuri,GEN,Dr S Senthil Kumar,DMK,574988.0,53.28,Anbumani Ramadoss,Pattali Makkal Katchi,504235.0,46.72,70753.0,Result Declared,6.56,Comfortable,UPA / I.N.D.I.A.,0.8769,Pattali Makkal Katchi,1.0,0
2019,Tamil Nadu,11,Tiruvannamalai,GEN,C. N. Annadurai,DMK,666272.0,64.79,Agri Krishnamurthy S S,AIADMK,362085.0,35.21,304187.0,Result Declared,29.58,Landslide,UPA / I.N.D.I.A.,0.5434,AIADMK,1.0,0
2019,Tamil Nadu,12,Arani,GEN,M. K. Vishnu Prasad,INC,617760.0,61.49,V. Elumalai,AIADMK,386954.0,38.51,230806.0,Result Declared,22.97,Landslide,UPA / I.N.D.I.A.,0.6264,AIADMK,1.0,0
2019,Tamil Nadu,13,Villupuram,GEN,D. Ravikumar,DMK,559585.0,56.46,Vadivel Ravanan,Pattali Makkal Katchi,431517.0,43.54,128068.0,Result Declared,12.92,Comfortable,UPA / I.N.D.I.A.,0.7711,AIADMK,1.0,0
2019,Tamil Nadu,14,Kallakurichi,GEN,Gautham Sigamani Pon,DMK,721713.0,69.16,Sudhish L K,Desiya Murpokku Dravida Kazhagam,321794.0,30.84,399919.0,Result Declared,38.32,Landslide,UPA / I.N.D.I.A.,0.4459,AIADMK,1.0,0
2019,Tamil Nadu,15,Salem,GEN,S. R. Parthiban,DMK,606302.0,56.89,K. R. S. Saravanan,AIADMK,459376.0,43.11,146926.0,Result Declared,13.79,Comfortable,UPA / I.N.D.I.A.,0.7577,AIADMK,1.0,0
2019,Tamil Nadu,16,Namakkal,GEN,A.K.P. Chinraj,DMK,626293.0,63.43,Kaliappan,AIADMK,361142.0,36.57,265151.0,Result Declared,26.85,Landslide,UPA / I.N.D.I.A.,0.5766,AIADMK,1.0,0
2019,Tamil Nadu,17,Erode,GEN,A. Ganeshamurthi,DMK,563591.0,61.49,G. Manimaran,AIADMK,352973.0,38.51,210618.0,Result Declared,22.98,Landslide,UPA / I.N.D.I.A.,0.6263,AIADMK,1.0,0
2019,Tamil Nadu,18,Tiruppur,GEN,K. Subbarayan,CPI,508725.0,55.05,M. S. M. Anandan,AIADMK,415357.0,44.95,93368.0,Result Declared,10.1,Comfortable,UPA / I.N.D.I.A.,0.8165,AIADMK,1.0,0
2019,Tamil Nadu,19,Nilgiris,GEN,A. Raja,DMK,547832.0,61.57,Thiyagarajan M.,AIADMK,342009.0,38.43,205823.0,Result Declared,23.13,Landslide,UPA / I.N.D.I.A.,0.6243,AIADMK,1.0,0
2019,Tamil Nadu,20,Coimbatore,GEN,P.R. Natarajan,CPI(M),571150.0,59.3,C. P. Radhakrishnan,BJP,392007.0,40.7,179143.0,Result Declared,18.6,Landslide,UPA / I.N.D.I.A.,0.6863,AIADMK,1.0,0
2019,Tamil Nadu,21,Pollachi,GEN,K. Shamugasundaram,DMK,554230.0,59.43,C. Mahendran,AIADMK,378347.0,40.57,175883.0,Result Declared,18.86,Landslide,UPA / I.N.D.I.A.,0.6827,AIADMK,1.0,0
2019,Tamil Nadu,22,Dindigul,GEN,P. Veluchamy,DMK,746523.0,78.25,K. Jothimuthu,Pattali Makkal Katchi,207551.0,21.75,538972.0,Result Declared,56.49,Landslide,UPA / I.N.D.I.A.,0.278,AIADMK,1.0,0
2019,Tamil Nadu,23,Karur,GEN,S.Jothimani,INC,695697.0,71.66,M. Thambidurai,AIADMK,275151.0,28.34,420546.0,Result Declared,43.32,Landslide,UPA / I.N.D.I.A.,0.3955,AIADMK,1.0,0
2019,Tamil Nadu,24,Tiruchirappalli,GEN,Su. Thirunavukkarasar,INC,621285.0,79.32,V. Elangovan,Desiya Murpokku Dravida Kazhagam,161999.0,20.68,459286.0,Result Declared,58.64,Landslide,UPA / I.N.D.I.A.,0.2607,AIADMK,1.0,0
2019,Tamil Nadu,25,Perambalur,GEN,T. R. Paarivendhar,DMK,683697.0,70.93,N. R. Sivapathi,AIADMK,280179.0,29.07,403518.0,Result Declared,41.86,Landslide,UPA / I.N.D.I.A.,0.4098,AIADMK,1.0,0
2019,Tamil Nadu,26,Cuddalore,GEN,T.R.V.S. Ramesh,DMK,522160.0,58.0,R. Govindasamy,Pattali Makkal Katchi,378177.0,42.0,143983.0,Result Declared,15.99,Landslide,UPA / I.N.D.I.A.,0.7243,AIADMK,1.0,0
2019,Tamil Nadu,27,Chidambaram,SC,Thol. Thirumavalavan,VCK,500229.0,50.16,Chandrasekar P.,AIADMK,497010.0,49.84,3219.0,Result Declared,0.32,Tight / Close Contest,UPA / I.N.D.I.A.,0.9936,AIADMK,1.0,0
2019,Tamil Nadu,28,Mayiladuthurai,GEN,S. Ramalingam,DMK,599292.0,63.94,Asaimani S,AIADMK,337978.0,36.06,261314.0,Result Declared,27.88,Landslide,UPA / I.N.D.I.A.,0.564,AIADMK,1.0,0
2019,Tamil Nadu,29,Nagapattinam,SC,M. Selvaraj,CPI,522892.0,62.66,M. Saravanan,AIADMK,311539.0,37.34,211353.0,Result Declared,25.33,Landslide,UPA / I.N.D.I.A.,0.5958,AIADMK,1.0,0
2019,Tamil Nadu,30,Thanjavur,SC,S S Palanimanickam,DMK,588978.0,72.73,N. V. Natarajan,Tamil Maanila Congress (M),220849.0,27.27,368129.0,Result Declared,45.46,Landslide,UPA / I.N.D.I.A.,0.375,AIADMK,1.0,0
2019,Tamil Nadu,31,Sivaganga,GEN,Karti P Chidambaram,INC,566104.0,70.77,H. Raja,BJP,233860.0,29.23,332244.0,Result Declared,41.53,Landslide,UPA / I.N.D.I.A.,0.4131,AIADMK,1.0,0
2019,Tamil Nadu,32,Madurai,GEN,S. Venkatesan,CPI(M),447075.0,59.23,Raj Satyen V. V. R.,AIADMK,307680.0,40.77,139395.0,Result Declared,18.47,Landslide,UPA / I.N.D.I.A.,0.6882,AIADMK,1.0,0
2019,Tamil Nadu,33,Theni,GEN,P. Raveendranath Kumar,AIADMK,504813.0,54.11,E. V. K. S. Elangovan,INC,428120.0,45.89,76693.0,Result Declared,8.22,Comfortable,Others / Regional,0.8481,AIADMK,0.0,1
2019,Tamil Nadu,34,Virudhunagar,GEN,Manickam Tagore,INC,470883.0,59.82,Alagarsamy,Desiya Murpokku Dravida Kazhagam,316329.0,40.18,154554.0,Result Declared,19.63,Landslide,UPA / I.N.D.I.A.,0.6718,AIADMK,1.0,0
2019,Tamil Nadu,35,Ramanathapuram,GEN,Navaskani,IUML,469943.0,57.82,Nainar Nagendran,BJP,342821.0,42.18,127122.0,Result Declared,15.64,Landslide,UPA / I.N.D.I.A.,0.7295,AIADMK,1.0,0
2019,Tamil Nadu,36,Thoothukudi,GEN,Kanimozhi,DMK,563143.0,72.28,Tamilisai Soundararajan,BJP,215934.0,27.72,347209.0,Result Declared,44.57,Landslide,UPA / I.N.D.I.A.,0.3834,AIADMK,1.0,0
2019,Tamil Nadu,37,Tenkasi,GEN,Dhanush M. Kumar,DMK,476156.0,57.23,K. Krishnasamy,AIADMK,355870.0,42.77,120286.0,Result Declared,14.46,Comfortable,UPA / I.N.D.I.A.,0.7474,AIADMK,1.0,0
2019,Tamil Nadu,38,Tirunelveli,GEN,S. Gnanathiraviam,DMK,522623.0,60.79,P. H. Paul Manoj Pandian,AIADMK,337166.0,39.21,185457.0,Result Declared,21.57,Landslide,UPA / I.N.D.I.A.,0.6451,AIADMK,1.0,0
2019,Tamil Nadu,39,Kanyakumari,GEN,H. Vasanthakumar,INC,627235.0,63.07,Pon Radhakrishnan,BJP,367302.0,36.93,259933.0,Result Declared,26.14,Landslide,UPA / I.N.D.I.A.,0.5856,BJP,1.0,0
2019,Telangana,1,Adilabad,ST,Soyam Bapu Rao,BJP,377374.0,54.21,Godam Nagesh,TRS,318814.0,45.79,58560.0,Result Declared,8.41,Comfortable,NDA,0.8448,,,0
2019,Telangana,2,Peddapalli,SC,Venkatesh Netha Borlakunta,TRS,441321.0,56.04,Agam Chandrasekhar,INC,346141.0,43.96,95180.0,Result Declared,12.09,Comfortable,Others / Regional,0.7843,,,0
2019,Telangana,3,Karimnagar,GEN,Bandi Sanjay Kumar,BJP,498276.0,54.93,Boianapalli Vinod Kumar,TRS,408768.0,45.07,89508.0,Result Declared,9.87,Comfortable,NDA,0.8204,,,0
2019,Telangana,4,Nizamabad,GEN,Arvind Dharmapuri,BJP,480584.0,53.98,Kalvakuntla Kavitha,TRS,409709.0,46.02,70875.0,Result Declared,7.96,Comfortable,NDA,0.8525,,,0
2019,Telangana,5,Zahirabad,GEN,B. B. Patil,TRS,434244.0,50.36,Madan Mohan Rao,INC,428015.0,49.64,6229.0,Result Declared,0.72,Tight / Close Contest,Others / Regional,0.9857,,,0
2019,Telangana,6,Medak,GEN,Kotha Prabhakar Reddy,TRS,596048.0,68.07,Anil Kumar Gali,INC,279621.0,31.93,316427.0,Result Declared,36.14,Landslide,Others / Regional,0.4691,,,0
2019,Telangana,7,Malkajgiri,GEN,Anumula Revanth Reddy,INC,603748.0,50.46,Marri Rajasekhar Reddy,TRS,592829.0,49.54,10919.0,Result Declared,0.91,Tight / Close Contest,UPA / I.N.D.I.A.,0.9819,,,0
2019,Telangana,8,Secunderabad,GEN,G. Kishan Reddy,BJP,384780.0,54.39,Talasani Sai Kiran Yadav,TRS,322666.0,45.61,62114.0,Result Declared,8.78,Comfortable,NDA,0.8386,,,0
2019,Telangana,9,Hyderabad,GEN,Asaduddin Owaisi,AIMIM,517471.0,68.74,Bhagavanth Rao,BJP,235285.0,31.26,282186.0,Result Declared,37.49,Landslide,Others / Regional,0.4547,,,0
2019,Telangana,10,Chevella,GEN,G. Ranjith Reddy,TRS,528148.0,50.69,Konda Vishweshwar Reddy,INC,513831.0,49.31,14317.0,Result Declared,1.37,Tight / Close Contest,Others / Regional,0.9729,,,0
2019,Telangana,11,Mahbubnagar,GEN,Manne Srinivas Reddy,TRS,411402.0,55.22,D. K. Aruna,BJP,333573.0,44.78,77829.0,Result Declared,10.45,Comfortable,Others / Regional,0.8108,,,0
2019,Telangana,12,Nagarkurnool,SC,Pothuganti Ramulu,TRS,499672.0,61.72,Mallu Ravi,INC,309924.0,38.28,189748.0,Result Declared,23.44,Landslide,Others / Regional,0.6203,,,0
2019,Telangana,13,Nalgonda,GEN,Nalamada Uttam Kumar Reddy,INC,526028.0,51.25,Vemireddy Narasimha Reddy,TRS,500346.0,48.75,25682.0,Result Declared,2.5,Tight / Close Contest,UPA / I.N.D.I.A.,0.9512,,,0
2019,Telangana,14,Bhongir,GEN,Komatireddy Venkat Reddy,INC,532795.0,50.25,Boora Narsaiah Goud,TRS,527576.0,49.75,5219.0,Result Declared,0.49,Tight / Close Contest,UPA / I.N.D.I.A.,0.9902,,,0
2019,Telangana,15,Warangal,SC,Dayakar Pasunoori,TRS,612498.0,70.02,Dommati Sambaiah,INC,262200.0,29.98,350298.0,Result Declared,40.05,Landslide,Others / Regional,0.4281,,,0
2019,Telangana,16,Mahabubabad,ST,Kavitha Maloth,TRS,462109.0,59.43,Balaram Naik Porika,INC,315446.0,40.57,146663.0,Result Declared,18.86,Landslide,Others / Regional,0.6826,,,0
2019,Telangana,17,Khammam,GEN,Nama Nageswara Rao,TRS,567459.0,58.69,Renuka Chowdhury,INC,399397.0,41.31,168062.0,Result Declared,17.38,Landslide,Others / Regional,0.7038,,,0
2019,Tripura,1,Tripura West,GEN,Pratima Bhowmik,BJP,573532.0,68.17,Subal Bhowmick,INC,267843.0,31.83,305689.0,Result Declared,36.33,Landslide,NDA,0.467,CPI(M),1.0,0
2019,Tripura,2,Tripura East,ST,Rebati Tripura,BJP,482126.0,63.44,Pragya Deb Burman,INC,277836.0,36.56,204290.0,Result Declared,26.88,Landslide,NDA,0.5763,CPI(M),1.0,0
2019,Uttar Pradesh,1,Saharanpur,GEN,Haji Fazlur Rehman,BSP,514139.0,51.11,Raghav Lakhanpal,BJP,491722.0,48.89,22417.0,Result Declared,2.23,Tight / Close Contest,Others / Regional,0.9564,BJP,1.0,0
2019,Uttar Pradesh,2,Kairana,GEN,Pradeep Kumar Choudhary,BJP,566961.0,54.42,Begum Tabassum Hasan,SP,474801.0,45.58,92160.0,Result Declared,8.85,Comfortable,NDA,0.8374,BJP,0.0,1
2019,Uttar Pradesh,3,Muzaffarnagar,GEN,Sanjeev Kumar Balyan,BJP,573780.0,50.29,Ajit Singh,RLD,567254.0,49.71,6526.0,Result Declared,0.57,Tight / Close Contest,NDA,0.9886,BJP,0.0,1
2019,Uttar Pradesh,4,Bijnor,GEN,Malook Nagar,BSP,561045.0,53.32,Bharatendra Singh,BJP,491104.0,46.68,69941.0,Result Declared,6.65,Comfortable,Others / Regional,0.8753,BJP,1.0,0
2019,Uttar Pradesh,5,Nagina,SC,Girish Chandra,BSP,568378.0,58.6,Yashwant Singh,BJP,401546.0,41.4,166832.0,Result Declared,17.2,Landslide,Others / Regional,0.7065,BJP,1.0,0
2019,Uttar Pradesh,6,Moradabad,GEN,S. T. Hasan,SP,649416.0,54.08,Kunwar Sarvesh Kumar Singh,BJP,551538.0,45.92,97878.0,Result Declared,8.15,Comfortable,UPA / I.N.D.I.A.,0.8493,BJP,1.0,0
2019,Uttar Pradesh,7,Rampur,GEN,Azam Khan,SP,559177.0,55.45,Jaya Prada,BJP,449180.0,44.55,109997.0,Result Declared,10.91,Comfortable,UPA / I.N.D.I.A.,0.8033,BJP,1.0,0
2019,Uttar Pradesh,8,Sambhal,GEN,Shafiqur Rehman Barq,SP,658006.0,57.66,Parameshwar Lal Saini,BJP,483180.0,42.34,174826.0,Result Declared,15.32,Landslide,UPA / I.N.D.I.A.,0.7343,BJP,1.0,0
2019,Uttar Pradesh,9,Amroha,GEN,Kunwar Danish Ali,BSP,601082.0,52.78,Kanwar Singh Tanwar,BJP,537834.0,47.22,63248.0,Result Declared,5.55,Comfortable,Others / Regional,0.8948,BJP,1.0,0
2019,Uttar Pradesh,10,Meerut,GEN,Rajendra Agrawal,BJP,586184.0,50.2,Hazi Mohammad Yakoob,BSP,581455.0,49.8,4729.0,Result Declared,0.41,Tight / Close Contest,NDA,0.9919,BJP,0.0,2
2019,Uttar Pradesh,11,Baghpat,GEN,Satya Pal Singh,BJP,525789.0,51.14,Jayant Chaudhary,RLD,502287.0,48.86,23502.0,Result Declared,2.29,Tight / Close Contest,NDA,0.9553,BJP,0.0,1
2019,Uttar Pradesh,12,Ghaziabad,GEN,General Vijay Kumar Singh,BJP,944503.0,68.07,Suresh Bansal,SP,443003.0,31.93,501500.0,Result Declared,36.14,Landslide,NDA,0.469,BJP,0.0,2
2019,Uttar Pradesh,13,Gautam Buddh Nagar,GEN,Mahesh Sharma,BJP,830812.0,62.72,Satveer Singh Gurjar,BSP,493890.0,37.28,336922.0,Result Declared,25.43,Landslide,NDA,0.5945,BJP,0.0,1
2019,Uttar Pradesh,14,Bulandshahr,SC,Bhola Singh,BJP,681321.0,63.52,Yogesh Verma,BSP,391264.0,36.48,290057.0,Result Declared,27.04,Landslide,NDA,0.5743,BJP,0.0,1
2019,Uttar Pradesh,15,Aligarh,GEN,Satish Kumar Gautam,BJP,656215.0,60.58,Ajeet Baliyan,BSP,426954.0,39.42,229261.0,Result Declared,21.17,Landslide,NDA,0.6506,BJP,0.0,1
2019,Uttar Pradesh,16,Hathras,SC,Rajvir Singh Diler,BJP,684299.0,61.74,Ram Ji Lal Suman,SP,424091.0,38.26,260208.0,Result Declared,23.48,Landslide,NDA,0.6197,BJP,0.0,1
2019,Uttar Pradesh,17,Mathura,GEN,Hema Malini,BJP,671293.0,63.99,Kunwar Narendra Singh,RLD,377822.0,36.01,293471.0,Result Declared,27.97,Landslide,NDA,0.5628,BJP,0.0,1
2019,Uttar Pradesh,18,Agra,SC,Satya Pal Singh Baghel,BJP,646875.0,59.77,Manoj Kumar Soni,BSP,435329.0,40.23,211546.0,Result Declared,19.55,Landslide,NDA,0.673,BJP,0.0,2
2019,Uttar Pradesh,19,Fatehpur Sikri,GEN,Rajkumar Chahar,BJP,667147.0,79.5,Raj Babbar,INC,172082.0,20.5,495065.0,Result Declared,58.99,Landslide,NDA,0.2579,BJP,0.0,1
2019,Uttar Pradesh,20,Firozabad,GEN,Chandra Sen Jadon,BJP,495819.0,51.49,Akshay Yadav,SP,467038.0,48.51,28781.0,Result Declared,2.99,Tight / Close Contest,NDA,0.942,SP,1.0,0
2019,Uttar Pradesh,21,Mainpuri,GEN,Mulayam Singh Yadav,SP,524926.0,54.94,Prem Singh Shakya,BJP,430537.0,45.06,94389.0,Result Declared,9.88,Comfortable,UPA / I.N.D.I.A.,0.8202,SP,0.0,2
2019,Uttar Pradesh,22,Etah,GEN,Rajveer Singh,BJP,545348.0,56.34,Devendra Singh Yadav,SP,422678.0,43.66,122670.0,Result Declared,12.67,Comfortable,NDA,0.7751,BJP,0.0,1
2019,Uttar Pradesh,23,Badaun,GEN,Sanghmitra Maurya,BJP,511352.0,50.92,Dharmendra Yadav,SP,492898.0,49.08,18454.0,Result Declared,1.84,Tight / Close Contest,NDA,0.9639,SP,1.0,0
2019,Uttar Pradesh,24,Aonla,GEN,Dharmendra Kashyap,BJP,537675.0,55.91,Ruchi Veera,BSP,423932.0,44.09,113743.0,Result Declared,11.83,Comfortable,NDA,0.7885,BJP,0.0,2
2019,Uttar Pradesh,25,Bareilly,GEN,Santosh Kumar Gangwar,BJP,565270.0,58.68,Bhagwat Saran Gangwar,SP,397988.0,41.32,167282.0,Result Declared,17.37,Landslide,NDA,0.7041,BJP,0.0,1
2019,Uttar Pradesh,26,Pilibhit,GEN,Varun Gandhi,BJP,704549.0,61.08,Hemraj Verma,SP,448922.0,38.92,255627.0,Result Declared,22.16,Landslide,NDA,0.6372,BJP,0.0,2
2019,Uttar Pradesh,27,Shahjahanpur,SC,Arun Kumar Sagar,BJP,688990.0,62.1,Amar Chandra Jauhar,BSP,420572.0,37.9,268418.0,Result Declared,24.19,Landslide,NDA,0.6104,BJP,0.0,1
2019,Uttar Pradesh,28,Kheri,GEN,Ajay Kumar Mishra,BJP,609589.0,60.94,Purvi Verma,SP,390782.0,39.06,218807.0,Result Declared,21.87,Landslide,NDA,0.6411,BJP,0.0,1
2019,Uttar Pradesh,29,Dhaurahra,GEN,Rekha Verma,BJP,512905.0,59.28,Arshad Iliyas Siddiqui,BSP,352294.0,40.72,160611.0,Result Declared,18.56,Landslide,NDA,0.6869,BJP,0.0,1
2019,Uttar Pradesh,30,Sitapur,GEN,Rajesh Verma,BJP,514528.0,55.43,Nakul Dubey,BSP,413695.0,44.57,100833.0,Result Declared,10.86,Comfortable,NDA,0.804,BJP,0.0,1
2019,Uttar Pradesh,31,Hardoi,SC,Jai Prakash Rawat,BJP,568143.0,56.6,Usha Verma,SP,435669.0,43.4,132474.0,Result Declared,13.2,Comfortable,NDA,0.7668,BJP,0.0,1
2019,Uttar Pradesh,32,Misrikh,SC,Ashok Kumar Rawat,BJP,534429.0,55.2,Neelu Satyarthi,BSP,433757.0,44.8,100672.0,Result Declared,10.4,Comfortable,NDA,0.8116,BJP,0.0,1
2019,Uttar Pradesh,33,Unnao,GEN,Sakshi Maharaj,BJP,703507.0,69.93,Arun Shankar Shukla,SP,302551.0,30.07,400956.0,Result Declared,39.85,Landslide,NDA,0.4301,BJP,0.0,1
2019,Uttar Pradesh,34,Mohanlalganj,SC,Kaushal Kishore,BJP,629748.0,53.86,C. L. Verma,BSP,539519.0,46.14,90229.0,Result Declared,7.72,Comfortable,NDA,0.8567,BJP,0.0,1
2019,Uttar Pradesh,35,Lucknow,GEN,Rajnath Singh,BJP,633026.0,68.9,Poonam Sinha,SP,285724.0,31.1,347302.0,Result Declared,37.8,Landslide,NDA,0.4514,BJP,0.0,3
2019,Uttar Pradesh,36,Rae Bareli,GEN,Sonia Gandhi,INC,534918.0,59.26,Dinesh Pratap Singh,BJP,367740.0,40.74,167178.0,Result Declared,18.52,Landslide,UPA / I.N.D.I.A.,0.6875,INC,0.0,2
2019,Uttar Pradesh,37,Amethi,GEN,Smriti Irani,BJP,468514.0,53.13,Rahul Gandhi,INC,413394.0,46.87,55120.0,Result Declared,6.25,Comfortable,NDA,0.8824,INC,1.0,0
2019,Uttar Pradesh,38,Sultanpur,GEN,Maneka Gandhi,BJP,459196.0,50.8,Chandrabhadra Singh,BSP,444670.0,49.2,14526.0,Result Declared,1.61,Tight / Close Contest,NDA,0.9684,BJP,0.0,1
2019,Uttar Pradesh,39,Pratapgarh,GEN,Sangam Lal Gupta,BJP,436291.0,57.8,Ashok Tripathi,BSP,318539.0,42.2,117752.0,Result Declared,15.6,Landslide,NDA,0.7301,AD(S),1.0,0
2019,Uttar Pradesh,40,Farrukhabad,GEN,Mukesh Rajput,BJP,569880.0,62.07,Manoj Agarwal,BSP,348178.0,37.93,221702.0,Result Declared,24.15,Landslide,NDA,0.611,BJP,0.0,1
2019,Uttar Pradesh,41,Etawah,SC,Ram Shankar Katheria,BJP,522119.0,53.29,Kamlesh Kumar Katheria,SP,457682.0,46.71,64437.0,Result Declared,6.58,Comfortable,NDA,0.8766,BJP,0.0,1
2019,Uttar Pradesh,42,Kannauj,GEN,Subrat Pathak,BJP,563087.0,50.55,Dimple Yadav,SP,550734.0,49.45,12353.0,Result Declared,1.11,Tight / Close Contest,NDA,0.9781,SP,1.0,0
2019,Uttar Pradesh,43,Kanpur Urban,GEN,Satyadev Pachauri,BJP,468937.0,59.97,Sriprakash Jaiswal,INC,313003.0,40.03,155934.0,Result Declared,19.94,Landslide,NDA,0.6675,BJP,0.0,1
2019,Uttar Pradesh,44,Akbarpur,GEN,Devendra Singh Bhole,BJP,581282.0,65.5,Nisha Sachan,BSP,306140.0,34.5,275142.0,Result Declared,31.0,Landslide,NDA,0.5267,BJP,0.0,1
2019,Uttar Pradesh,45,Jalaun,SC,Bhanu Pratap Singh Verma,BJP,581763.0,57.88,Ajay Singh 'Pankaj',BSP,423386.0,42.12,158377.0,Result Declared,15.76,Landslide,NDA,0.7278,BJP,0.0,1
2019,Uttar Pradesh,46,Jhansi,GEN,Anurag Sharma,BJP,809272.0,64.59,Shyam Sundar Singh Yadav,SP,443589.0,35.41,365683.0,Result Declared,29.19,Landslide,NDA,0.5481,BJP,0.0,1
2019,Uttar Pradesh,47,Hamirpur,GEN,Pushpendra Singh Chandel,BJP,575122.0,63.79,Dilip Kumar Singh,BSP,326470.0,36.21,248652.0,Result Declared,27.58,Landslide,NDA,0.5677,BJP,0.0,1
2019,Uttar Pradesh,48,Banda,GEN,R. K. Singh Patel,BJP,477926.0,53.29,Shyama Charan Gupta,SP,418988.0,46.71,58938.0,Result Declared,6.57,Comfortable,NDA,0.8767,BJP,0.0,1
2019,Uttar Pradesh,49,Fatehpur,GEN,Niranjan Jyoti,BJP,566040.0,60.61,Sukhdev Prasad Verma,BSP,367835.0,39.39,198205.0,Result Declared,21.22,Landslide,NDA,0.6498,BJP,0.0,1
2019,Uttar Pradesh,50,Kaushambi,SC,Vinod Kumar Sonkar,BJP,383009.0,52.66,Indrajit Saroj,SP,344287.0,47.34,38722.0,Result Declared,5.32,Comfortable,NDA,0.8989,BJP,0.0,1
2019,Uttar Pradesh,51,Phulpur,GEN,Keshari Devi Patel,BJP,544701.0,59.37,Pandhari Yadav,SP,372733.0,40.63,171968.0,Result Declared,18.74,Landslide,NDA,0.6843,BJP,0.0,1
2019,Uttar Pradesh,52,Allahabad,GEN,Rita Bahuguna Joshi,BJP,494454.0,61.45,Rajendra Patel,SP,310179.0,38.55,184275.0,Result Declared,22.9,Landslide,NDA,0.6273,BJP,0.0,1
2019,Uttar Pradesh,53,Barabanki,SC,Upendra Singh Rawat,BJP,535917.0,55.73,Ram Sagar Rawat,SP,425777.0,44.27,110140.0,Result Declared,11.45,Comfortable,NDA,0.7945,BJP,0.0,1
2019,Uttar Pradesh,54,Faizabad,GEN,Lallu Singh,BJP,529021.0,53.3,Anand Sen Yadav,SP,463544.0,46.7,65477.0,Result Declared,6.6,Comfortable,NDA,0.8762,BJP,0.0,1
2019,Uttar Pradesh,55,Ambedkar Nagar,GEN,Ritesh Pandey,BSP,564118.0,54.64,Mukut Bihari Verma,BJP,468238.0,45.36,95880.0,Result Declared,9.29,Comfortable,Others / Regional,0.83,BJP,1.0,0
2019,Uttar Pradesh,56,Bahraich,SC,Akshaybara Lal Gaud,BJP,525982.0,56.97,Shabbir Balmiki,SP,397230.0,43.03,128752.0,Result Declared,13.95,Comfortable,NDA,0.7552,BJP,0.0,1
2019,Uttar Pradesh,57,Kaiserganj,GEN,Brij Bhushan Sharan Singh,BJP,581358.0,64.52,Chandradev Ram Yadav,BSP,319757.0,35.48,261601.0,Result Declared,29.03,Landslide,NDA,0.55,BJP,0.0,1
2019,Uttar Pradesh,58,Shrawasti,GEN,Ram Shiromani Verma,BSP,441771.0,50.3,Daddan Mishra,BJP,436451.0,49.7,5320.0,Result Declared,0.61,Tight / Close Contest,Others / Regional,0.988,BJP,1.0,0
2019,Uttar Pradesh,59,Gonda,GEN,Kirti Vardhan Singh,BJP,508190.0,59.79,Pandit Singh,SP,341830.0,40.21,166360.0,Result Declared,19.57,Landslide,NDA,0.6726,BJP,0.0,1
2019,Uttar Pradesh,60,Domariyaganj,GEN,Jagdambika Pal,BJP,492253.0,55.99,Aftab Alam,BSP,386932.0,44.01,105321.0,Result Declared,11.98,Comfortable,NDA,0.786,BJP,0.0,1
2019,Uttar Pradesh,61,Basti,GEN,Harish Dwivedi,BJP,471162.0,51.66,Ram Prasad Chaudhary,BSP,440808.0,48.34,30354.0,Result Declared,3.33,Tight / Close Contest,NDA,0.9356,BJP,0.0,1
2019,Uttar Pradesh,62,Sant Kabir Nagar,GEN,Praveen Kumar Nishad,BJP,467543.0,51.99,Bhishma Shankar Tiwari,BSP,431794.0,48.01,35749.0,Result Declared,3.98,Tight / Close Contest,NDA,0.9235,BJP,0.0,1
2019,Uttar Pradesh,63,Maharajganj,GEN,Pankaj Choudhary,BJP,726349.0,65.3,Akhilesh Kumar Singh,SP,385925.0,34.7,340424.0,Result Declared,30.61,Landslide,NDA,0.5313,BJP,0.0,1
2019,Uttar Pradesh,64,Gorakhpur,GEN,Ravi Kishan,BJP,717122.0,63.32,Rambhual Nishad,SP,415458.0,36.68,301664.0,Result Declared,26.64,Landslide,NDA,0.5793,BJP,0.0,2
2019,Uttar Pradesh,65,Kushi Nagar,GEN,Vijay Kumar Dubey,BJP,597039.0,69.71,Nathuni Prasad Kushwaha,SP,259479.0,30.29,337560.0,Result Declared,39.41,Landslide,NDA,0.4346,BJP,0.0,1
2019,Uttar Pradesh,66,Deoria,GEN,Ramapati Ram Tripathi,BJP,580644.0,63.71,Binod Kumar Jaiswal,BSP,330713.0,36.29,249931.0,Result Declared,27.42,Landslide,NDA,0.5696,BJP,0.0,1
2019,Uttar Pradesh,67,Bansgaon,SC,Kamlesh Paswan,BJP,546673.0,58.16,Sadal Prasad,BSP,393205.0,41.84,153468.0,Result Declared,16.33,Landslide,NDA,0.7193,BJP,0.0,2
2019,Uttar Pradesh,68,Lalganj,SC,Sangeeta Azad,BSP,518820.0,59.22,Neelam Sonkar,BJP,357223.0,40.78,161597.0,Result Declared,18.45,Landslide,Others / Regional,0.6885,BJP,1.0,0
2019,Uttar Pradesh,69,Azamgarh,GEN,Akhilesh Yadav,SP,621578.0,63.21,Dinesh Lal Yadav 'Nirahua',BJP,361704.0,36.79,259874.0,Result Declared,26.43,Landslide,UPA / I.N.D.I.A.,0.5819,SP,0.0,1
2019,Uttar Pradesh,70,Ghosi,GEN,Atul Rai,BSP,573829.0,55.98,Harinarayan Rajbhar,BJP,451261.0,44.02,122568.0,Result Declared,11.96,Comfortable,Others / Regional,0.7864,BJP,1.0,0
2019,Uttar Pradesh,71,Salempur,GEN,Ravindra Kushawaha,BJP,467241.0,56.84,R. S. Kushwaha,BSP,354764.0,43.16,112477.0,Result Declared,13.68,Comfortable,NDA,0.7593,BJP,0.0,1
2019,Uttar Pradesh,72,Ballia,GEN,Virendra Singh Mast,BJP,469114.0,50.84,Sanatan Pandey,SP,453595.0,49.16,15519.0,Result Declared,1.68,Tight / Close Contest,NDA,0.9669,BJP,0.0,1
2019,Uttar Pradesh,73,Jaunpur,GEN,Shyam Singh Yadav,BSP,521128.0,54.21,Krishna Pratap,BJP,440192.0,45.79,80936.0,Result Declared,8.42,Comfortable,Others / Regional,0.8447,BJP,1.0,0
2019,Uttar Pradesh,74,Machhlishahr,SC,B. P. Saroj,BJP,488397.0,50.01,Tribhuvan Ram,BSP,488216.0,49.99,181.0,Result Declared,0.02,Tight / Close Contest,NDA,0.9996,BJP,0.0,1
2019,Uttar Pradesh,75,Ghazipur,GEN,Afzal Ansari,BSP,566082.0,55.89,Manoj Sinha,BJP,446690.0,44.11,119392.0,Result Declared,11.79,Comfortable,Others / Regional,0.7891,BJP,1.0,0
2019,Uttar Pradesh,76,Chandauli,GEN,Mahendra Nath Pandey,BJP,510733.0,50.69,Sanjay Singh Chauhan,SP,496774.0,49.31,13959.0,Result Declared,1.39,Tight / Close Contest,NDA,0.9727,BJP,0.0,1
2019,Uttar Pradesh,77,Varanasi,GEN,Narendra Modi,BJP,674664.0,77.56,Shalini Yadav,SP,195159.0,22.44,479505.0,Result Declared,55.13,Landslide,NDA,0.2893,BJP,0.0,2
2019,Uttar Pradesh,78,Bhadohi,GEN,Ramesh Chand Bind,BJP,510029.0,52.23,Rangnath Mishra,BSP,466414.0,47.77,43615.0,Result Declared,4.47,Tight / Close Contest,NDA,0.9145,BJP,0.0,1
2019,Uttar Pradesh,79,Mirzapur,GEN,Anupriya Patel,AD(S),591564.0,62.2,Ram Charitra Nishad,SP,359556.0,37.8,232008.0,Result Declared,24.39,Landslide,NDA,0.6078,AD(S),0.0,1
2019,Uttar Pradesh,80,Robertsganj,SC,Pakauri Lal,AD(S),447914.0,53.23,Bhai Lal,SP,393578.0,46.77,54336.0,Result Declared,6.46,Comfortable,NDA,0.8787,BJP,1.0,0
2019,Uttarakhand,1,Tehri Garhwal,GEN,Mala Rajya Laxmi Shah,BJP,565333.0,68.11,Pritam Singh,INC,264747.0,31.89,300586.0,Result Declared,36.21,Landslide,NDA,0.4683,BJP,0.0,1
2019,Uttarakhand,2,Garhwal,GEN,Tirath Singh Rawat,BJP,506980.0,71.28,Manish Khanduri,INC,204311.0,28.72,302669.0,Result Declared,42.55,Landslide,NDA,0.403,BJP,0.0,1
2019,Uttarakhand,3,Almora,SC,Ajay Tamta,BJP,444651.0,67.75,Pradeep Tamta,INC,211665.0,32.25,232986.0,Result Declared,35.5,Landslide,NDA,0.476,BJP,0.0,1
2019,Uttarakhand,4,Nainital-Udhamsingh Nagar,GEN,Ajay Bhatt,BJP,772195.0,64.07,Harish Rawat,INC,433099.0,35.93,339096.0,Result Declared,28.13,Landslide,NDA,0.5609,BJP,0.0,1
2019,Uttarakhand,5,Haridwar,GEN,Ramesh Pokhriyal,BJP,665674.0,62.06,Ambrish Kumar,INC,406945.0,37.94,258729.0,Result Declared,24.12,Landslide,NDA,0.6113,BJP,0.0,1
2019,West Bengal,1,Cooch Behar,SC,Nisith Pramanik,BJP,731594.0,51.92,Adhikari Paresh Chandra,TMC,677363.0,48.08,54231.0,Result Declared,3.85,Tight / Close Contest,NDA,0.9259,TMC,1.0,0
2019,West Bengal,2,Alipurduars,SC,John Barla,BJP,750804.0,59.7,Dasrath Tirkey,TMC,506815.0,40.3,243989.0,Result Declared,19.4,Landslide,NDA,0.675,TMC,1.0,0
2019,West Bengal,3,Jalpaiguri,SC,Jayanta Kumar Roy,BJP,760145.0,56.88,Bijoy Chandra Barman,TMC,576141.0,43.12,184004.0,Result Declared,13.77,Comfortable,NDA,0.7579,TMC,1.0,0
2019,West Bengal,4,Darjeeling,GEN,Raju Singh Bisht,BJP,750067.0,69.02,Amar Singh Rai,TMC,336624.0,30.98,413443.0,Result Declared,38.05,Landslide,NDA,0.4488,BJP,0.0,2
2019,West Bengal,5,Raiganj,GEN,Debasree Chaudhuri,BJP,511652.0,53.15,Kanaiyalal Agarwal,TMC,451078.0,46.85,60574.0,Result Declared,6.29,Comfortable,NDA,0.8816,CPI(M),1.0,0
2019,West Bengal,6,Balurghat,GEN,Sukanta Majumder,BJP,539317.0,51.59,Arpita Ghosh,TMC,506024.0,48.41,33293.0,Result Declared,3.18,Tight / Close Contest,NDA,0.9383,TMC,1.0,0
2019,West Bengal,7,Maldaha Uttar,GEN,Khagen Murmu,BJP,509524.0,54.51,Mausam Noor,TMC,425236.0,45.49,84288.0,Result Declared,9.02,Comfortable,NDA,0.8346,INC,1.0,0
2019,West Bengal,8,Maldaha Dakshin,GEN,Abu Hasem Khan Choudhury,INC,444270.0,50.47,Sreerupa Mitra Chaudhury,BJP,436048.0,49.53,8222.0,Result Declared,0.93,Tight / Close Contest,UPA / I.N.D.I.A.,0.9815,INC,0.0,3
2019,West Bengal,9,Jangipur,GEN,Khalilur Rahman,TMC,562838.0,63.97,Mafuja Khatun,BJP,317056.0,36.03,245782.0,Result Declared,27.93,Landslide,UPA / I.N.D.I.A.,0.5633,INC,1.0,0
2019,West Bengal,10,Baharampur,GEN,Adhir Ranjan Chowdhury,INC,591106.0,53.66,Apurba Sarkar,TMC,510410.0,46.34,80696.0,Result Declared,7.33,Comfortable,UPA / I.N.D.I.A.,0.8635,INC,0.0,3
2019,West Bengal,11,Murshidabad,GEN,Abu Taher Khan,TMC,604346.0,61.53,Abu Hena,INC,377929.0,38.47,226417.0,Result Declared,23.05,Landslide,UPA / I.N.D.I.A.,0.6254,CPI(M),1.0,0
2019,West Bengal,12,Krishnanagar,GEN,Mahua Moitra,TMC,614872.0,52.71,Kalyan Chaubey,BJP,551654.0,47.29,63218.0,Result Declared,5.42,Comfortable,UPA / I.N.D.I.A.,0.8972,TMC,0.0,2
2019,West Bengal,13,Ranaghat,SC,Jagannath Sarkar,BJP,783253.0,58.76,Rupali Biswas,TMC,549825.0,41.24,233428.0,Result Declared,17.51,Landslide,NDA,0.702,TMC,1.0,0
2019,West Bengal,14,Bangaon,SC,Shantanu Thakur,BJP,687622.0,54.42,Mamata Bala Thakur,TMC,576028.0,45.58,111594.0,Result Declared,8.83,Comfortable,NDA,0.8377,TMC,1.0,0
2019,West Bengal,15,Barrackpore,GEN,Arjun Singh,BJP,472994.0,50.8,Dinesh Trivedi,TMC,458137.0,49.2,14857.0,Result Declared,1.6,Tight / Close Contest,NDA,0.9686,TMC,1.0,0
2019,West Bengal,16,Dum Dum,GEN,Saugata Roy,TMC,512062.0,52.73,Samik Bhattacharya,BJP,459060.0,47.27,53002.0,Result Declared,5.46,Comfortable,UPA / I.N.D.I.A.,0.8965,TMC,0.0,2
2019,West Bengal,17,Barasat,GEN,Kakali Ghosh Dastidar,TMC,648084.0,54.64,Mrinal Kanti Debnath,BJP,538101.0,45.36,109983.0,Result Declared,9.27,Comfortable,UPA / I.N.D.I.A.,0.8303,TMC,0.0,2
2019,West Bengal,18,Basirhat,GEN,Nusrat Jahan,TMC,782078.0,64.43,Sayantan Basu,BJP,431709.0,35.57,350369.0,Result Declared,28.87,Landslide,UPA / I.N.D.I.A.,0.552,TMC,0.0,2
2019,West Bengal,19,Jaynagar,SC,Pratima Mondal,TMC,761202.0,63.14,Ashok Kandary,BJP,444427.0,36.86,316775.0,Result Declared,26.27,Landslide,UPA / I.N.D.I.A.,0.5838,TMC,0.0,1
2019,West Bengal,20,Mathurapur,SC,Choudhury Mohan Jatua,TMC,726828.0,58.16,Shyama Prasad Halder,BJP,522854.0,41.84,203974.0,Result Declared,16.32,Landslide,UPA / I.N.D.I.A.,0.7194,TMC,0.0,2
2019,West Bengal,21,Diamond Harbour,GEN,Abhishek Banerjee,TMC,791127.0,62.71,Nilanjan Roy,BJP,470533.0,37.29,320594.0,Result Declared,25.41,Landslide,UPA / I.N.D.I.A.,0.5948,TMC,0.0,2
2019,West Bengal,22,Jadavpur,GEN,Mimi Chakraborty,TMC,688472.0,63.65,Anupam Hazra,BJP,393233.0,36.35,295239.0,Result Declared,27.29,Landslide,UPA / I.N.D.I.A.,0.5712,TMC,0.0,2
2019,West Bengal,23,Kolkata Dakshin,GEN,Mala Roy,TMC,573119.0,57.83,Chandra Kumar Bose,BJP,417927.0,42.17,155192.0,Result Declared,15.66,Landslide,UPA / I.N.D.I.A.,0.7292,TMC,0.0,3
2019,West Bengal,24,Kolkata Uttar,GEN,Sudip Bandyopadhyay,TMC,474891.0,57.72,Rahul Sinha,BJP,347796.0,42.28,127095.0,Result Declared,15.45,Landslide,UPA / I.N.D.I.A.,0.7324,TMC,0.0,2
2019,West Bengal,25,Howrah,GEN,Prasun Banerjee,TMC,576711.0,54.94,Rantidev Sen Gupta,BJP,473016.0,45.06,103695.0,Result Declared,9.88,Comfortable,UPA / I.N.D.I.A.,0.8202,TMC,0.0,2
2019,West Bengal,26,Uluberia,GEN,Sajda Ahmed,TMC,694945.0,59.17,Joy Banerjee,BJP,479586.0,40.83,215359.0,Result Declared,18.34,Landslide,UPA / I.N.D.I.A.,0.6901,TMC,0.0,2
2019,West Bengal,27,Serampore,GEN,Kalyan Banerjee,TMC,637707.0,54.19,Debjit Sarkar,BJP,539171.0,45.81,98536.0,Result Declared,8.37,Comfortable,UPA / I.N.D.I.A.,0.8455,TMC,0.0,2
2019,West Bengal,28,Hooghly,GEN,Locket Chatterjee,BJP,671448.0,52.89,Ratna De,TMC,598086.0,47.11,73362.0,Result Declared,5.78,Comfortable,NDA,0.8907,TMC,1.0,0
2019,West Bengal,29,Arambagh,SC,Aparupa Poddar,TMC,649929.0,50.04,Tapan Kumar Ray,BJP,648787.0,49.96,1142.0,Result Declared,0.09,Tight / Close Contest,UPA / I.N.D.I.A.,0.9982,TMC,0.0,1
2019,West Bengal,30,Tamluk,GEN,Dibyendu Adhikari,TMC,724433.0,57.55,Sidhartha Shankar Naskar,BJP,534268.0,42.45,190165.0,Result Declared,15.11,Landslide,UPA / I.N.D.I.A.,0.7375,TMC,0.0,2
2019,West Bengal,31,Kanthi,GEN,Sisir Adhikari,TMC,711872.0,54.26,Debasish Samanta,BJP,600204.0,45.74,111668.0,Result Declared,8.51,Comfortable,UPA / I.N.D.I.A.,0.8431,TMC,0.0,2
2019,West Bengal,32,Ghatal,GEN,Deepak Adhikari (Dev),TMC,717959.0,54.07,Bharati Ghosh,BJP,609986.0,45.93,107973.0,Result Declared,8.13,Comfortable,UPA / I.N.D.I.A.,0.8496,TMC,0.0,1
2019,West Bengal,33,Jhargram,ST,Kumar Hembram,BJP,626583.0,50.47,Birbaha Saren,TMC,614816.0,49.53,11767.0,Result Declared,0.95,Tight / Close Contest,NDA,0.9812,TMC,1.0,0
2019,West Bengal,34,Medinipur,GEN,Dilip Ghosh,BJP,685433.0,53.47,Manas Bhunia,TMC,596481.0,46.53,88952.0,Result Declared,6.94,Comfortable,NDA,0.8702,TMC,1.0,0
2019,West Bengal,35,Purulia,GEN,Jyotirmoy Singh Mahato,BJP,668107.0,59.05,Mriganko Mahato,TMC,463375.0,40.95,204732.0,Result Declared,18.09,Landslide,NDA,0.6936,TMC,1.0,0
2019,West Bengal,36,Bankura,GEN,Subhash Sarkar,BJP,675319.0,57.41,Subrata Mukherjee,TMC,500986.0,42.59,174333.0,Result Declared,14.82,Comfortable,NDA,0.7419,TMC,1.0,0
2019,West Bengal,37,Bishnupur,SC,Saumitra Khan,BJP,657019.0,53.16,Shyamal Santra,TMC,578972.0,46.84,78047.0,Result Declared,6.31,Comfortable,NDA,0.8812,TMC,1.0,0
2019,West Bengal,38,Bardhaman Purba,SC,Sunil Kumar Mondal,TMC,640834.0,53.75,Paresh Chandra Das,BJP,551523.0,46.25,89311.0,Result Declared,7.49,Comfortable,UPA / I.N.D.I.A.,0.8606,TMC,0.0,1
2019,West Bengal,39,Bardhaman-Durgapur,GEN,S. S. Ahluwalia,BJP,598376.0,50.1,Mamtaz Sanghamita,TMC,595937.0,49.9,2439.0,Result Declared,0.2,Tight / Close Contest,NDA,0.9959,TMC,1.0,0
2019,West Bengal,40,Asansol,GEN,Babul Supriyo,BJP,633378.0,59.24,Moon Moon Sen,TMC,435741.0,40.76,197637.0,Result Declared,18.49,Landslide,NDA,0.688,BJP,0.0,1
2019,West Bengal,41,Bolpur,SC,Asit Kumar Mal,TMC,699171.0,54.12,Ramprasad Das,BJP,592769.0,45.88,106402.0,Result Declared,8.24,Comfortable,UPA / I.N.D.I.A.,0.8478,TMC,0.0,1
2019,West Bengal,42,Birbhum,GEN,Shatabdi Roy,TMC,654077.0,53.65,Dudh Kumar Mondal,BJP,565153.0,46.35,88924.0,Result Declared,7.29,Comfortable,UPA / I.N.D.I.A.,0.864,TMC,0.0,2
2024,Andaman and Nicobar Islands,1,Andaman And Nicobar Islands,GEN,Bishnu Pada Ray,BJP,102436.0,50.6,Kuldeep Rai Sharma,INC,78040.0,38.5,24396.0,Result Declared,13.52,Comfortable,NDA,0.7618,INC,1.0,0
2024,Andhra Pradesh,1,Araku,ST,Gumma Thanuja Rani,YSRCP,477005.0,40.96,Kothapalli Geetha,BJP,426425.0,36.62,50580.0,Result Declared,5.6,Comfortable,Others / Regional,0.894,YSRCP,0.0,1
2024,Andhra Pradesh,2,Srikakulam,GEN,Kinjarapu Ram Mohan Naidu,TDP,754328.0,61.05,Perada Tilak,YSRCP,426427.0,34.51,327901.0,Result Declared,27.77,Landslide,NDA,0.5653,TDP,0.0,1
2024,Andhra Pradesh,3,Vizianagaram,GEN,Appalanaidu Kalisetti,TDP,743113.0,57.2,Bellana Chandra Sekhar,YSRCP,493762.0,38.0,249351.0,Result Declared,20.16,Landslide,NDA,0.6645,YSRCP,1.0,0
2024,Andhra Pradesh,4,Visakhapatnam,GEN,Mathukumilli Bharat,TDP,907467.0,65.42,Botsa Jhansi Lakshmi,YSRCP,403220.0,29.07,504247.0,Result Declared,38.47,Landslide,NDA,0.4443,YSRCP,1.0,0
2024,Andhra Pradesh,5,Anakapalli,GEN,C. M. Ramesh,BJP,762069.0,57.5,Budi Mutyala Naidu,YSRCP,465539.0,35.13,296530.0,Result Declared,24.16,Landslide,NDA,0.6109,YSRCP,1.0,0
2024,Andhra Pradesh,6,Kakinada,GEN,Tangella Uday Srinivas,JSP,729699.0,54.87,Chalamalasetti Sunil,YSRCP,500208.0,37.62,229491.0,Result Declared,18.66,Landslide,NDA,0.6855,YSRCP,1.0,0
2024,Andhra Pradesh,7,Amalapuram,SC,Ganti Harish Madhur,TDP,796981.0,61.25,Rapaka Vara Prasada Rao,YSRCP,454785.0,34.95,342196.0,Result Declared,27.34,Landslide,NDA,0.5706,YSRCP,1.0,0
2024,Andhra Pradesh,8,Rajahmundry,GEN,Daggubati Purandeswari,BJP,726515.0,54.82,Guduri Srinivas,YSRCP,487376.0,36.77,239139.0,Result Declared,19.7,Landslide,NDA,0.6708,YSRCP,1.0,0
2024,Andhra Pradesh,9,Narasapuram,GEN,Bhupathi Raju Srinivasa Varma,BJP,707343.0,57.46,Guduri Umabala,YSRCP,430541.0,34.98,276802.0,Result Declared,24.33,Landslide,NDA,0.6087,YSRCP,1.0,0
2024,Andhra Pradesh,10,Eluru,GEN,Putta Mahesh Yadav,TDP,746351.0,54.0,Karumuri Sunilkumar Yadav,YSRCP,564494.0,40.84,181857.0,Result Declared,13.87,Comfortable,NDA,0.7563,YSRCP,1.0,0
2024,Andhra Pradesh,11,Machilipatnam,GEN,Vallabhaneni Balashowry,JSP,724439.0,55.22,Simhadri Chandrasekhar Rao,YSRCP,501260.0,38.21,223179.0,Result Declared,18.21,Landslide,NDA,0.6919,YSRCP,1.0,0
2024,Andhra Pradesh,12,Vijayawada,GEN,Kesineni Sivanath,TDP,794154.0,58.21,Kesineni Srinivas,YSRCP,512069.0,37.53,282085.0,Result Declared,21.6,Landslide,NDA,0.6448,TDP,0.0,1
2024,Andhra Pradesh,13,Guntur,GEN,Chandra Sekhar Pemmasani,TDP,864948.0,60.68,Kilari Venkata Rosaiah,YSRCP,520253.0,36.5,344695.0,Result Declared,24.88,Landslide,NDA,0.6015,TDP,0.0,1
2024,Andhra Pradesh,14,Narasaraopet,GEN,Lavu Sri Krishna Devarayalu,TDP,807996.0,53.88,Poluboina Anilkumar Yadav,YSRCP,648267.0,43.23,159729.0,Result Declared,10.97,Comfortable,NDA,0.8023,YSRCP,1.0,0
2024,Andhra Pradesh,15,Bapatla,SC,Krishna Prasad Tenneti,TDP,717493.0,55.16,Nandigam Suresh,YSRCP,509462.0,39.17,208031.0,Result Declared,16.96,Landslide,NDA,0.7101,YSRCP,1.0,0
2024,Andhra Pradesh,16,Ongole,GEN,Magunta Sreenivasulu Reddy,TDP,701894.0,49.35,Chevireddy Bhaskar Reddy,YSRCP,651695.0,45.82,50199.0,Result Declared,3.71,Tight / Close Contest,NDA,0.9285,YSRCP,1.0,0
2024,Andhra Pradesh,17,Nandyal,GEN,Byreddy Shabari,TDP,701131.0,49.92,Pocha Brahmananda Reddy,YSRCP,589156.0,41.95,111975.0,Result Declared,8.68,Comfortable,NDA,0.8403,YSRCP,1.0,0
2024,Andhra Pradesh,18,Kurnool,GEN,Bastipati Nagaraju Panchalingala,TDP,658914.0,49.51,B. Y. Ramaiah,YSRCP,547616.0,41.15,111298.0,Result Declared,9.22,Comfortable,NDA,0.8311,YSRCP,1.0,0
2024,Andhra Pradesh,19,Anantapur,GEN,Ambica G Lakshminarayana Valmiki,TDP,768245.0,53.33,Malagundla Sankaranarayana,YSRCP,579690.0,40.24,188555.0,Result Declared,13.99,Comfortable,NDA,0.7546,YSRCP,1.0,0
2024,Andhra Pradesh,20,Hindupur,GEN,B. K. Parthasarathi,TDP,725534.0,51.23,J. Shantha,YSRCP,593107.0,41.88,132427.0,Result Declared,10.04,Comfortable,NDA,0.8175,YSRCP,1.0,0
2024,Andhra Pradesh,21,Kadapa,GEN,Y. S. Avinash Reddy,YSRCP,605143.0,45.78,Chadipiralla Bhupesh Reddy,TDP,542448.0,41.03,62995.0,Result Declared,5.49,Comfortable,Others / Regional,0.8964,YSRCP,0.0,1
2024,Andhra Pradesh,22,Nellore,GEN,Vemireddy Prabhakar Reddy,TDP,766202.0,55.7,V. Vijaysai Reddy,YSRCP,520300.0,37.82,245902.0,Result Declared,19.11,Landslide,NDA,0.6791,YSRCP,1.0,0
2024,Andhra Pradesh,23,Tirupati,SC,Maddila Gurumoorthy,YSRCP,632228.0,46.0,Velagapalli Varaprasad Rao,BJP,617659.0,44.67,14569.0,Result Declared,1.17,Tight / Close Contest,Others / Regional,0.977,YSRCP,0.0,1
2024,Andhra Pradesh,24,Rajampet,GEN,P. V. Midhun Reddy,YSRCP,644844.0,48.38,Kiran Kumar Reddy,BJP,568773.0,42.67,76071.0,Result Declared,6.27,Comfortable,Others / Regional,0.882,YSRCP,0.0,1
2024,Andhra Pradesh,25,Chittoor,SC,Daggumalla Prasada Rao,TDP,778071.0,54.84,N. Reddeppa,YSRCP,557592.0,39.3,220479.0,Result Declared,16.51,Landslide,NDA,0.7166,YSRCP,1.0,0
2024,Arunachal Pradesh,1,Arunachal West,ST,Kiren Rijiju,BJP,205417.0,51.4,Nabam Tuki,INC,104679.0,26.2,100738.0,Result Declared,32.49,Landslide,NDA,0.5096,BJP,0.0,2
2024,Arunachal Pradesh,2,Arunachal East,ST,Tapir Gao,BJP,145581.0,45.0,Bosiram Siram,INC,115160.0,35.6,30421.0,Result Declared,11.67,Comfortable,NDA,0.791,BJP,0.0,1
2024,Assam,1,Kokrajhar,ST,Joyanta Basumatary,UPPL,488995.0,39.4,Kampa Borgoyari,BPF,437412.0,35.2,51583.0,Result Declared,5.57,Comfortable,NDA,0.8945,BJP,1.0,0
2024,Assam,2,Dhubri,GEN,Rakibul Hussain,INC,1471885.0,60.0,Mohammed Badruddin Ajmal,AIUDF,459409.0,18.7,1012476.0,Result Declared,52.42,Landslide,UPA / I.N.D.I.A.,0.3121,BJP,1.0,0
2024,Assam,3,Barpeta,GEN,Phani Bhusan Choudhury,AGP,860113.0,51.0,Deep Bayan,INC,637762.0,37.8,222351.0,Result Declared,14.84,Comfortable,NDA,0.7415,BJP,1.0,0
2024,Assam,4,Darrang-Udalguri,GEN,Dilip Saikia,BJP,868387.0,47.9,Madhab Rajbangshi,INC,539375.0,29.8,329012.0,Result Declared,23.37,Landslide,NDA,0.6211,AIUDF,1.0,0
2024,Assam,5,Guwahati,GEN,Bijuli Kalita Medhi,BJP,894887.0,56.0,Mira Borthakur Goswami,INC,643797.0,40.3,251090.0,Result Declared,16.32,Landslide,NDA,0.7194,IND,1.0,0
2024,Assam,6,Diphu,ST,Amarsing Tisso,BJP,334620.0,49.0,J.I. Kathar,IND,187017.0,27.0,147603.0,Result Declared,28.3,Landslide,NDA,0.5589,INC,1.0,0
2024,Assam,7,Karimganj,SC,Kripanath Mallah,BJP,545093.0,47.5,Hafiz Rashid Ahmed Choudhury,INC,526733.0,45.9,18360.0,Result Declared,1.71,Tight / Close Contest,NDA,0.9663,BJP,0.0,3
2024,Assam,8,Silchar,GEN,Parimal Suklabaidya,BJP,652405.0,59.9,Surya Kanta Sarkar,INC,388094.0,35.6,264311.0,Result Declared,25.4,Landslide,NDA,0.5949,BJP,0.0,4
2024,Assam,9,Nagaon,GEN,Pradyut Bordoloi,INC,788850.0,50.9,Suresh Borah,BJP,576619.0,37.2,212231.0,Result Declared,15.54,Landslide,UPA / I.N.D.I.A.,0.731,BJP,1.0,0
2024,Assam,10,Kaziranga,GEN,Kamakhya Prasad Tasa,BJP,897043.0,55.0,Roselina Tirkey,INC,648096.0,39.8,248947.0,Result Declared,16.11,Landslide,NDA,0.7225,INC,1.0,0
2024,Assam,11,Sonitpur,GEN,Ranjit Dutta,BJP,775788.0,60.2,Premlal Ganju,INC,414380.0,32.2,361408.0,Result Declared,30.37,Landslide,NDA,0.5341,INC,1.0,0
2024,Assam,12,Lakhimpur,GEN,Pradan Baruah,BJP,663122.0,54.7,Uday Shankar Hazarika,INC,461865.0,38.1,201257.0,Result Declared,17.89,Landslide,NDA,0.6965,BJP,0.0,2
2024,Assam,13,Dibrugarh,GEN,Sarbananda Sonowal,BJP,693762.0,54.3,Lurinjyoti Gogoi,AJP,414441.0,32.4,279321.0,Result Declared,25.2,Landslide,NDA,0.5974,BJP,0.0,2
2024,Assam,14,Jorhat,GEN,Gaurav Gogoi,INC,751771.0,54.0,Topon Kumar Gogoi,BJP,607378.0,43.7,144393.0,Result Declared,10.62,Comfortable,UPA / I.N.D.I.A.,0.8079,BJP,1.0,0
2024,Bihar,1,Valmiki Nagar,GEN,Sunil Kumar,JD(U),523422.0,47.5,Deepak Yadav,RJD,424747.0,38.5,98675.0,Result Declared,10.41,Comfortable,NDA,0.8115,JD(U),0.0,1
2024,Bihar,2,Paschim Champaran,GEN,Sanjay Jaiswal,BJP,580421.0,53.43,Madan Mohan Tiwari,INC,443853.0,40.86,136568.0,Result Declared,13.33,Comfortable,NDA,0.7647,BJP,0.0,3
2024,Bihar,3,Purvi Champaran,GEN,Radha Mohan Singh,BJP,542193.0,50.5,Dr. Rajesh Kumar,VIP,453906.0,42.28,88287.0,Result Declared,8.86,Comfortable,NDA,0.8372,BJP,0.0,3
2024,Bihar,4,Sheohar,GEN,Lovely Anand,JD(U),476612.0,45.15,Ritu Jaiswal,RJD,447469.0,42.39,29143.0,Result Declared,3.15,Tight / Close Contest,NDA,0.9389,BJP,1.0,0
2024,Bihar,5,Sitamarhi,GEN,Devesh Chandra Thakur,JD(U),515719.0,47.14,Arjun Ray,RJD,464363.0,42.45,51356.0,Result Declared,5.24,Comfortable,NDA,0.9004,JD(U),0.0,1
2024,Bihar,6,Madhubani,GEN,Ashok Kumar Yadav,BJP,553428.0,53.85,Mohammad Ali Ashraf Fatmi,RJD,401483.0,39.07,151945.0,Result Declared,15.91,Landslide,NDA,0.7254,BJP,0.0,3
2024,Bihar,7,Jhanjharpur,GEN,Ramprit Mandal,JD(U),533032.0,48.73,Suman Kumar Mahaseth,VIP,348863.0,31.9,184169.0,Result Declared,20.88,Landslide,NDA,0.6545,JD(U),0.0,1
2024,Bihar,8,Supaul,GEN,Dileshwar Kamait,JD(U),595038.0,48.33,Chandrahas Chaupal,RJD,425235.0,34.54,169803.0,Result Declared,16.64,Landslide,NDA,0.7146,JD(U),0.0,1
2024,Bihar,9,Araria,GEN,Pradeep Kumar Singh,BJP,600146.0,47.91,Mohammed Shahnawaz Alam,RJD,580052.0,46.31,20094.0,Result Declared,1.7,Tight / Close Contest,NDA,0.9665,BJP,0.0,1
2024,Bihar,10,Kishanganj,GEN,Mohammad Jawed,INC,402850.0,35.0,Mujahid Alam,JD(U),343158.0,29.81,59692.0,Result Declared,8.0,Comfortable,UPA / I.N.D.I.A.,0.8518,INC,0.0,3
2024,Bihar,11,Katihar,GEN,Tariq Anwar,INC,567092.0,48.41,Dulal Chandra Goswami,JD(U),517229.0,44.15,49863.0,Result Declared,4.6,Tight / Close Contest,UPA / I.N.D.I.A.,0.9121,JD(U),1.0,0
2024,Bihar,12,Purnia,GEN,Pappu Yadav,IND,567556.0,47.46,Santosh Kumar,JD(U),543709.0,45.47,23847.0,Result Declared,2.15,Tight / Close Contest,Others / Regional,0.958,JD(U),1.0,0
2024,Bihar,13,Madhepura,GEN,Dinesh Chandra Yadav,JD(U),640649.0,52.96,Da Kumar Chandradeep,RJD,466115.0,38.53,174534.0,Result Declared,15.77,Landslide,NDA,0.7276,JD(U),0.0,1
2024,Bihar,14,Darbhanga,GEN,Gopal Jee Thakur,BJP,566630.0,55.33,Lalit Kumar Yadav,RJD,388474.0,37.93,178156.0,Result Declared,18.65,Landslide,NDA,0.6856,BJP,0.0,3
2024,Bihar,15,Muzaffarpur,GEN,Raj Bhushan Choudhary,BJP,619749.0,55.71,Ajay Nishad,INC,384822.0,34.59,234927.0,Result Declared,23.39,Landslide,NDA,0.6209,BJP,0.0,2
2024,Bihar,16,Vaishali,GEN,Veena Devi,LJPRV,567043.0,48.38,Vijay Kumar Shukla,RJD,477409.0,40.73,89634.0,Result Declared,8.58,Comfortable,NDA,0.8419,LJP,1.0,0
2024,Bihar,17,Gopalganj,SC,Alok Kumar Suman,JD(U),511866.0,48.15,Prem Nath Chanchal Alias Chanchal Paswan,VIP,384686.0,36.19,127180.0,Result Declared,14.19,Comfortable,NDA,0.7515,JD(U),0.0,1
2024,Bihar,18,Siwan,GEN,Vijay Lakshmi Devi,JD(U),386508.0,38.73,Hena Shahab,IND,293651.0,29.42,92857.0,Result Declared,13.65,Comfortable,NDA,0.7598,JD(U),0.0,1
2024,Bihar,19,Maharajganj,GEN,Janardan Singh Sigriwal,BJP,529533.0,52.22,Aakash Kumar Singh,INC,426882.0,42.09,102651.0,Result Declared,10.73,Comfortable,NDA,0.8061,BJP,0.0,2
2024,Bihar,20,Saran,GEN,Rajiv Pratap Rudy,BJP,471752.0,46.18,Rohini Acharya,RJD,458091.0,44.84,13661.0,Result Declared,1.47,Tight / Close Contest,NDA,0.971,BJP,0.0,2
2024,Bihar,21,Hajipur,SC,Chirag Paswan,LJPRV,615718.0,53.29,Shiv Chandra Ram,RJD,445613.0,38.57,170105.0,Result Declared,16.03,Landslide,NDA,0.7237,LJP,1.0,0
2024,Bihar,22,Ujiarpur,GEN,Nityanand Rai,BJP,515965.0,49.51,Alok Kumar Mehta,RJD,455863.0,43.75,60102.0,Result Declared,6.18,Comfortable,NDA,0.8835,BJP,0.0,2
2024,Bihar,23,Samastipur,SC,Shambhavi,LJPRV,579786.0,52.97,Sunny Hazari,INC,392535.0,35.86,187251.0,Result Declared,19.26,Landslide,NDA,0.677,LJP,1.0,0
2024,Bihar,24,Begusarai,GEN,Giriraj Singh,BJP,649331.0,50.15,Abdhesh Kumar Roy,CPI,567851.0,43.86,81480.0,Result Declared,6.69,Comfortable,NDA,0.8745,BJP,0.0,2
2024,Bihar,25,Khagaria,GEN,Rajesh Verma,LJPRV,538657.0,50.73,Sanjay Kumar,CPI(M),377526.0,35.55,161131.0,Result Declared,17.59,Landslide,NDA,0.7009,LJP,1.0,0
2024,Bihar,26,Bhagalpur,GEN,Ajay Kumar Mandal,JD(U),536031.0,50.38,Ajeet Sharma,INC,431163.0,40.52,104868.0,Result Declared,10.84,Comfortable,NDA,0.8044,JD(U),0.0,1
2024,Bihar,27,Banka,GEN,Giridhari Yadav,JD(U),506678.0,49.96,Jai Prakash Narayan Yadav,RJD,402834.0,39.72,103834.0,Result Declared,11.42,Comfortable,NDA,0.795,JD(U),0.0,1
2024,Bihar,28,Munger,GEN,Rajeev Ranjan Singh Alias Lalan Singh,JD(U),550146.0,48.3,Kumari Anita,RJD,469276.0,41.2,80870.0,Result Declared,7.93,Comfortable,NDA,0.853,JD(U),0.0,1
2024,Bihar,29,Nalanda,GEN,Kaushalendra Kumar,JD(U),559422.0,48.88,Sandeep Saurav,CPI(ML)L,390308.0,34.11,169114.0,Result Declared,17.81,Landslide,NDA,0.6977,JD(U),0.0,3
2024,Bihar,30,Patna Sahib,GEN,Ravi Shankar Prasad,BJP,588270.0,54.7,Anshul Avijit,INC,434424.0,40.39,153846.0,Result Declared,15.04,Landslide,NDA,0.7385,BJP,0.0,3
2024,Bihar,31,Pataliputra,GEN,Misha Bharti,RJD,613283.0,49.86,Ram Kripal Yadav,BJP,528109.0,42.93,85174.0,Result Declared,7.46,Comfortable,UPA / I.N.D.I.A.,0.8611,BJP,1.0,0
2024,Bihar,32,Arrah,GEN,Sudama Prasad,CPI(ML)L,529382.0,48.28,R. K. Singh,BJP,469574.0,42.82,59808.0,Result Declared,5.99,Comfortable,UPA / I.N.D.I.A.,0.887,BJP,1.0,0
2024,Bihar,33,Buxar,GEN,Sudhakar Singh,RJD,438345.0,40.82,Mithlesh Tiwari,BJP,408254.0,38.02,30091.0,Result Declared,3.55,Tight / Close Contest,UPA / I.N.D.I.A.,0.9314,BJP,1.0,0
2024,Bihar,34,Sasaram,SC,Manoj Kumar,INC,513004.0,46.76,Shivesh Kumar,BJP,493847.0,45.01,19157.0,Result Declared,1.9,Tight / Close Contest,UPA / I.N.D.I.A.,0.9627,BJP,1.0,0
2024,Bihar,35,Karakat,GEN,Raja Ram Singh Kushwaha,CPI(ML)L,380581.0,36.89,Pawan Singh,IND,274723.0,26.63,105858.0,Result Declared,16.15,Landslide,UPA / I.N.D.I.A.,0.7219,JD(U),1.0,0
2024,Bihar,36,Jahanabad,GEN,Surendra Prasad Yadav,RJD,443035.0,47.88,Chandeshwar Prasad,JD(U),300444.0,32.47,142591.0,Result Declared,19.18,Landslide,UPA / I.N.D.I.A.,0.6781,JD(U),1.0,0
2024,Bihar,37,Aurangabad,GEN,Abhay Kumar Sinha,RJD,465567.0,49.22,Sushil Kumar Singh,BJP,386456.0,40.86,79111.0,Result Declared,9.29,Comfortable,UPA / I.N.D.I.A.,0.8301,BJP,1.0,0
2024,Bihar,38,Gaya,SC,Jitan Ram Manjhi,HAM(S),494960.0,51.36,Kumar Sarvjeet,RJD,393148.0,40.8,101812.0,Result Declared,11.46,Comfortable,NDA,0.7943,JD(U),1.0,0
2024,Bihar,39,Nawada,GEN,Vivek Thakur,BJP,410608.0,47.2,Shrawan Kumar,RJD,342938.0,39.42,67670.0,Result Declared,8.98,Comfortable,NDA,0.8352,LJP,1.0,0
2024,Bihar,40,Jamui,SC,Arun Bharti,LJPRV,509046.0,51.98,Archana Kumari,RJD,396564.0,40.5,112482.0,Result Declared,12.42,Comfortable,NDA,0.779,LJP,1.0,0
2024,Chandigarh,1,Chandigarh,GEN,Manish Tewari,INC,216657.0,48.23,Sanjay Tandon,BJP,214153.0,47.66,2504.0,Result Declared,0.58,Tight / Close Contest,UPA / I.N.D.I.A.,0.9884,BJP,1.0,0
2024,Chhattisgarh,1,Sarguja,ST,Chintamani Maharaj,BJP,713200.0,49.01,Shashi Singh,INC,648328.0,44.55,64822.0,Result Declared,4.76,Tight / Close Contest,NDA,0.909,BJP,0.0,4
2024,Chhattisgarh,2,Raigarh,ST,Radheshyam Rathiya,BJP,808275.0,55.63,Menka Devi Singh,INC,567884.0,39.08,240391.0,Result Declared,17.47,Landslide,NDA,0.7026,BJP,0.0,4
2024,Chhattisgarh,3,Janjgir-Champa,SC,Kamlesh Jangre,BJP,678199.0,48.71,Shivkumar Dahariya,INC,618199.0,44.4,60000.0,Result Declared,4.63,Tight / Close Contest,NDA,0.9115,BJP,0.0,4
2024,Chhattisgarh,4,Korba,GEN,Jyotsna Mahant,INC,570182.0,46.53,Saroj Pandey,BJP,526899.0,43.0,43283.0,Result Declared,3.95,Tight / Close Contest,UPA / I.N.D.I.A.,0.9241,INC,0.0,1
2024,Chhattisgarh,5,Bilaspur,GEN,Tokhan Sahu,BJP,724937.0,53.25,Devender Singh Yadav,INC,560379.0,41.16,164558.0,Result Declared,12.8,Comfortable,NDA,0.773,BJP,0.0,4
2024,Chhattisgarh,6,Rajnandgaon,GEN,Santosh Pandey,BJP,712057.0,49.25,Bhupesh Baghel,INC,667646.0,46.18,44411.0,Result Declared,3.22,Tight / Close Contest,NDA,0.9376,BJP,0.0,4
2024,Chhattisgarh,7,Durg,GEN,Vijay Baghel,BJP,956497.0,62.0,Rajendra Sahu,INC,518271.0,33.59,438226.0,Result Declared,29.71,Landslide,NDA,0.5418,BJP,0.0,1
2024,Chhattisgarh,8,Raipur,GEN,Brijmohan Agrawal,BJP,1050351.0,66.19,Vikas Upadhyay,INC,475066.0,29.94,575285.0,Result Declared,37.71,Landslide,NDA,0.4523,BJP,0.0,4
2024,Chhattisgarh,9,Mahasamund,GEN,Roop Kumari Choudhary,BJP,703659.0,53.06,Tamradhwaj Sahu,INC,558203.0,42.09,145456.0,Result Declared,11.53,Comfortable,NDA,0.7933,BJP,0.0,4
2024,Chhattisgarh,10,Bastar,ST,Mahesh Kashyap,BJP,458398.0,45.5,Kawasi Lakhma,INC,403153.0,40.02,55245.0,Result Declared,6.41,Comfortable,NDA,0.8795,INC,1.0,0
2024,Chhattisgarh,11,Kanker,ST,Bhojraj Nag,BJP,597624.0,47.23,Biresh Thakur,INC,595740.0,47.08,1884.0,Result Declared,0.16,Tight / Close Contest,NDA,0.9968,BJP,0.0,4
2024,Dadra and Nagar Haveli and Daman and Diu,1,Daman And Diu,GEN,Patel Umeshbhai Babubhai,IND,42523.0,46.02,Lalubhai Babubhai Patel,BJP,36298.0,39.28,6225.0,Result Declared,7.9,Comfortable,Others / Regional,0.8536,,,0
2024,Dadra and Nagar Haveli and Daman and Diu,2,Dadra And Nagar Haveli,ST,Delkar Kalaben Mohanbhai,BJP,121074.0,58.89,Ajit Ramjibhai Mahala,INC,63490.0,30.88,57584.0,Result Declared,31.2,Landslide,NDA,0.5244,,,0
2024,Delhi,1,Chandni Chowk,GEN,Praveen Khandelwal,BJP,516496.0,53.46,Jai Prakash Agarwal,INC,427171.0,44.22,89325.0,Result Declared,9.47,Comfortable,NDA,0.8271,BJP,0.0,2
2024,Delhi,2,North East Delhi,GEN,Manoj Tiwari,BJP,824451.0,53.1,Kanhaiya Kumar,INC,685673.0,44.16,138778.0,Result Declared,9.19,Comfortable,NDA,0.8317,BJP,0.0,2
2024,Delhi,3,East Delhi,GEN,Harsh Malhotra,BJP,664819.0,52.59,Kuldeep Kumar (Monu),AAP,571156.0,45.18,93663.0,Result Declared,7.58,Comfortable,NDA,0.8591,BJP,0.0,2
2024,Delhi,4,New Delhi,GEN,Bansuri Swaraj,BJP,453185.0,53.48,Somnath Bharti,AAP,374815.0,44.23,78370.0,Result Declared,9.46,Comfortable,NDA,0.8271,BJP,0.0,2
2024,Delhi,5,North West Delhi,SC,Yogender Chandoliya,BJP,866483.0,58.26,Udit Raj,INC,575634.0,38.71,290849.0,Result Declared,20.17,Landslide,NDA,0.6643,BJP,0.0,2
2024,Delhi,6,West Delhi,GEN,Kamaljeet Sehrawat,BJP,842658.0,55.27,Mahabal Mishra,AAP,643645.0,42.22,199013.0,Result Declared,13.39,Comfortable,NDA,0.7638,BJP,0.0,2
2024,Delhi,7,South Delhi,GEN,Ramvir Singh Bidhuri,BJP,692832.0,53.46,Sahi Ram,AAP,568499.0,43.87,124333.0,Result Declared,9.86,Comfortable,NDA,0.8205,BJP,0.0,2
2024,Goa,1,North Goa,GEN,Shripad Yesso Naik,BJP,257326.0,56.43,Ramakant Khalap,INC,141311.0,30.99,116015.0,Result Declared,29.1,Landslide,NDA,0.5492,BJP,0.0,4
2024,Goa,2,South Goa,GEN,Captain Viriato Fernandes,INC,217836.0,48.35,Pallavi Shrinivas Dempo,BJP,204301.0,45.35,13535.0,Result Declared,3.21,Tight / Close Contest,UPA / I.N.D.I.A.,0.9379,INC,0.0,1
2024,Gujarat,1,Kachchh,SC,Vinodbhai Chavda,BJP,659574.0,60.23,Nitishbhai Lalan,INC,390792.0,35.68,268782.0,Result Declared,25.59,Landslide,NDA,0.5925,BJP,0.0,4
2024,Gujarat,2,Banaskantha,GEN,Geniben Thakor,INC,671883.0,48.83,Rekhaben Hiteshbhai Chaudhary,BJP,641477.0,46.62,30406.0,Result Declared,2.32,Tight / Close Contest,UPA / I.N.D.I.A.,0.9547,BJP,1.0,0
2024,Gujarat,3,Patan,GEN,Bharatsinhji Dabhi,BJP,591947.0,49.61,Chandanji Thakor,INC,560071.0,46.94,31876.0,Result Declared,2.77,Tight / Close Contest,NDA,0.9462,BJP,0.0,2
2024,Gujarat,4,Mahesana,GEN,Haribhai Patel,BJP,686406.0,63.74,Ramji Thakor (Palvi),INC,358360.0,33.28,328046.0,Result Declared,31.4,Landslide,NDA,0.5221,BJP,0.0,4
2024,Gujarat,5,Sabarkantha,GEN,Shobhnaben Mahendrasinh Baraiya,BJP,677318.0,53.36,Tushar Chaudhary,INC,521636.0,40.85,155682.0,Result Declared,12.98,Comfortable,NDA,0.7701,BJP,0.0,4
2024,Gujarat,6,Gandhinagar,GEN,Amit Shah,BJP,1010972.0,76.48,Sonal Patel,INC,266256.0,20.13,744716.0,Result Declared,58.31,Landslide,NDA,0.2634,BJP,0.0,3
2024,Gujarat,7,Ahmedabad East,GEN,Hasmukh Patel,BJP,770459.0,68.28,Himmatsinh Patel,INC,308704.0,27.36,461755.0,Result Declared,42.79,Landslide,NDA,0.4007,BJP,0.0,3
2024,Gujarat,8,Ahmedabad West,SC,Dineshbhai Kodarbhai Makwana,BJP,611704.0,63.28,Bharat Makwana,INC,325267.0,33.65,286437.0,Result Declared,30.57,Landslide,NDA,0.5317,BJP,0.0,4
2024,Gujarat,9,Surendranagar,GEN,Chandubhai Chhaganbhai Shihora,BJP,669749.0,59.2,Rutvik Makwana,INC,408132.0,36.07,261617.0,Result Declared,24.27,Landslide,NDA,0.6094,BJP,0.0,2
2024,Gujarat,10,Rajkot,GEN,Parshottam Rupala,BJP,857984.0,67.37,Paresh Dhanani,INC,373724.0,29.35,484260.0,Result Declared,39.32,Landslide,NDA,0.4356,BJP,0.0,2
2024,Gujarat,11,Porbandar,GEN,Mansukh Mandaviya,BJP,633118.0,68.15,Lalitbhai Vasoya,INC,249758.0,26.88,383360.0,Result Declared,43.42,Landslide,NDA,0.3945,BJP,0.0,2
2024,Gujarat,12,Jamnagar,GEN,Poonamben Maadam,BJP,620049.0,58.98,J.P Marvia,INC,382041.0,36.34,238008.0,Result Declared,23.75,Landslide,NDA,0.6161,BJP,0.0,2
2024,Gujarat,13,Junagadh,GEN,Rajesh Chudasama,BJP,584049.0,54.67,Hirabhai Jotva,INC,448555.0,41.99,135494.0,Result Declared,13.12,Comfortable,NDA,0.768,BJP,0.0,4
2024,Gujarat,14,Amreli,GEN,Bharatbhai Manubhai Sutariya,BJP,580872.0,66.28,Jennyben Thummar,INC,259804.0,29.64,321068.0,Result Declared,38.19,Landslide,NDA,0.4473,BJP,0.0,3
2024,Gujarat,15,Bhavnagar,GEN,Nimuben Jayantibhai Bambhania,BJP,716883.0,68.46,Umesh Makwana,AAP,261594.0,24.98,455289.0,Result Declared,46.53,Landslide,NDA,0.3649,BJP,0.0,3
2024,Gujarat,16,Anand,GEN,Mitesh Rameshbhai Patel,BJP,612484.0,52.44,Amitbhai Chavda,INC,522545.0,44.74,89939.0,Result Declared,7.92,Comfortable,NDA,0.8532,BJP,0.0,2
2024,Gujarat,17,Kheda,GEN,Devusinh Jesingbhai Chauhan,BJP,744435.0,63.31,Kalusinh Dabhi,INC,386677.0,32.88,357758.0,Result Declared,31.63,Landslide,NDA,0.5194,BJP,0.0,2
2024,Gujarat,18,Panchmahal,GEN,Rajpalsinh Mahendrasinh Jadhav,BJP,794579.0,70.22,Gulabsinh Chaudhan,INC,285237.0,25.21,509342.0,Result Declared,47.17,Landslide,NDA,0.359,BJP,0.0,4
2024,Gujarat,19,Dahod,ST,Jasvantsinh Sumanbhai Bhabhor,BJP,688715.0,61.59,Prabhaben Taviyad,INC,355038.0,31.75,333677.0,Result Declared,31.97,Landslide,NDA,0.5155,BJP,0.0,2
2024,Gujarat,20,Vadodara,GEN,Hemang Yogeshchandra Joshi,BJP,873189.0,72.04,Jashpalsinh Padhiyar,INC,291063.0,24.01,582126.0,Result Declared,50.0,Landslide,NDA,0.3333,BJP,0.0,3
2024,Gujarat,21,Chhota Udaipur,ST,Jashubhai Bhilubhai Rathva,BJP,796589.0,62.84,Sukhrambhai Rathwa,INC,397812.0,31.38,398777.0,Result Declared,33.39,Landslide,NDA,0.4994,BJP,0.0,3
2024,Gujarat,22,Bharuch,GEN,Mansukhbhai Vasava,BJP,608157.0,50.72,Chaitar Vasava,AAP,522461.0,43.58,85696.0,Result Declared,7.58,Comfortable,NDA,0.8591,BJP,0.0,4
2024,Gujarat,23,Bardoli,ST,Parbhubhai Vasava,BJP,763950.0,57.04,Siddharth Chaudhary,INC,533697.0,39.85,230253.0,Result Declared,17.74,Landslide,NDA,0.6986,BJP,0.0,2
2024,Gujarat,24,Surat,GEN,Mukesh Dalal,BJP,0.0,100.0,None (Uncontested),None (Uncontested),0.0,0.0,0.0,Uncontested,0.0,Tight / Close Contest,NDA,0.0,BJP,0.0,4
2024,Gujarat,25,Navsari,GEN,C. R. Patil,BJP,1031065.0,77.05,Naishadh Desai,INC,257514.0,19.24,773551.0,Result Declared,60.03,Landslide,NDA,0.2498,BJP,0.0,3
2024,Gujarat,26,Valsad,ST,Dhaval Laxmanbhai Patel,BJP,764226.0,56.13,Anantbhai Patel,INC,553522.0,40.66,210704.0,Result Declared,15.99,Landslide,NDA,0.7243,BJP,0.0,2
2024,Haryana,1,Ambala,SC,Varun Chaudhary,INC,663657.0,49.28,Banto Kataria,BJP,614621.0,45.64,49036.0,Result Declared,3.84,Tight / Close Contest,UPA / I.N.D.I.A.,0.9261,BJP,1.0,0
2024,Haryana,2,Kurukshetra,GEN,Naveen Jindal,BJP,542175.0,44.96,Dr. Sushil Gupta,AAP,513154.0,42.55,29021.0,Result Declared,2.75,Tight / Close Contest,NDA,0.9465,BJP,0.0,2
2024,Haryana,3,Sirsa,SC,Selja Kumari,INC,733823.0,54.17,Ashok Tanwar,BJP,465326.0,34.35,268497.0,Result Declared,22.39,Landslide,UPA / I.N.D.I.A.,0.6341,BJP,1.0,0
2024,Haryana,4,Hisar,GEN,Jai Parkash,INC,570424.0,48.58,Ranjit Singh Chautala,BJP,507043.0,43.19,63381.0,Result Declared,5.88,Comfortable,UPA / I.N.D.I.A.,0.8889,BJP,1.0,0
2024,Haryana,5,Karnal,GEN,Manohar Lal Khattar,BJP,739285.0,54.93,Divyanshu Budhiraja,INC,506708.0,37.65,232577.0,Result Declared,18.67,Landslide,NDA,0.6854,BJP,0.0,2
2024,Haryana,6,Sonipat,GEN,Satpal Brahamchari,INC,548682.0,48.82,Mohan Lal Badoli,BJP,526866.0,46.88,21816.0,Result Declared,2.03,Tight / Close Contest,UPA / I.N.D.I.A.,0.9602,BJP,1.0,0
2024,Haryana,7,Rohtak,GEN,Deepender Singh Hooda,INC,783578.0,62.76,Dr. Arvind Kumar Sharma,BJP,438280.0,35.11,345298.0,Result Declared,28.26,Landslide,UPA / I.N.D.I.A.,0.5593,BJP,1.0,0
2024,Haryana,8,Bhiwani-Mahendragarh,GEN,Dharambir Singh Chaudhary,BJP,588664.0,49.74,Rao Dan Singh,INC,547154.0,46.24,41510.0,Result Declared,3.65,Tight / Close Contest,NDA,0.9295,BJP,0.0,2
2024,Haryana,9,Gurgaon,GEN,Rao Inderjit Singh,BJP,808336.0,50.48,Raj Babbar,INC,733257.0,45.79,75079.0,Result Declared,4.87,Tight / Close Contest,NDA,0.9071,BJP,0.0,2
2024,Haryana,10,Faridabad,GEN,Krishan Pal Gurjar,BJP,788569.0,53.6,Mahender Pratap Singh,INC,615655.0,41.84,172914.0,Result Declared,12.31,Comfortable,NDA,0.7807,BJP,0.0,2
2024,Himachal Pradesh,1,Kangra,GEN,Rajeev Bhardwaj,BJP,632793.0,61.03,Anand Sharma,INC,380898.0,36.74,251895.0,Result Declared,24.85,Landslide,NDA,0.6019,BJP,0.0,3
2024,Himachal Pradesh,2,Mandi,GEN,Kangana Ranaut,BJP,537022.0,52.87,Vikramaditya Singh,INC,462267.0,45.51,74755.0,Result Declared,7.48,Comfortable,NDA,0.8608,BJP,0.0,2
2024,Himachal Pradesh,3,Hamirpur,GEN,Anurag Thakur,BJP,607068.0,57.97,Satpal Raizada,INC,424711.0,40.55,182357.0,Result Declared,17.67,Landslide,NDA,0.6996,BJP,0.0,3
2024,Himachal Pradesh,4,Shimla,SC,Suresh Kumar Kashyap,BJP,519748.0,53.58,Vinod Sultanpuri,INC,428297.0,44.16,91451.0,Result Declared,9.65,Comfortable,NDA,0.824,BJP,0.0,4
2024,Jammu and Kashmir,1,Baramulla,GEN,Abdul Rashid Sheikh,IND,472481.0,45.7,Omar Abdullah,JKNC,268339.0,25.95,204142.0,Result Declared,27.56,Landslide,Others / Regional,0.5679,JKNC,1.0,0
2024,Jammu and Kashmir,2,Srinagar,GEN,Aga Syed Ruhullah Mehdi,JKNC,356866.0,52.85,Waheed Ur Rehman Para,JKPDP,168450.0,24.95,188416.0,Result Declared,35.87,Landslide,UPA / I.N.D.I.A.,0.472,JKNC,0.0,1
2024,Jammu and Kashmir,3,Anantnag-Rajouri,GEN,Mian Altaf Ahmed Larvi,JKNC,521836.0,50.85,Mehbooba Mufti,JKPDP,240042.0,23.39,281794.0,Result Declared,36.99,Landslide,UPA / I.N.D.I.A.,0.46,JKNC,0.0,1
2024,Jammu and Kashmir,4,Udhampur,GEN,Dr. Jitendra Singh,BJP,571076.0,51.28,Chaudhary Lal Singh,INC,446703.0,40.11,124373.0,Result Declared,12.22,Comfortable,NDA,0.7822,BJP,0.0,2
2024,Jammu and Kashmir,5,Jammu,GEN,Jugal Kishore Sharma,BJP,687588.0,52.8,Raman Bhalla,INC,552090.0,42.4,135498.0,Result Declared,10.93,Comfortable,NDA,0.8029,BJP,0.0,2
2024,Jharkhand,1,Rajmahal,ST,Vijay Kumar Hansdak,JMM,613371.0,50.35,Tala Marandi,BJP,435107.0,35.72,178264.0,Result Declared,17.0,Landslide,UPA / I.N.D.I.A.,0.7094,JMM,0.0,2
2024,Jharkhand,2,Dumka,ST,Nalin Soren,JMM,547370.0,46.23,Sita Murmu,BJP,524843.0,44.32,22527.0,Result Declared,2.1,Tight / Close Contest,UPA / I.N.D.I.A.,0.9588,BJP,1.0,0
2024,Jharkhand,3,Godda,GEN,Nishikant Dubey,BJP,693140.0,49.57,Pradeep Yadav,INC,591327.0,42.29,101813.0,Result Declared,7.93,Comfortable,NDA,0.8531,BJP,0.0,3
2024,Jharkhand,4,Chatra,GEN,Kali Charan Singh,BJP,574556.0,52.89,Krishna Nand Tripathy,INC,353597.0,32.55,220959.0,Result Declared,23.81,Landslide,NDA,0.6154,BJP,0.0,2
2024,Jharkhand,5,Kodarma,GEN,Annpurna Devi,BJP,791657.0,57.79,Vinod Kumar Singh,CPI(ML)L,414643.0,30.27,377014.0,Result Declared,31.25,Landslide,NDA,0.5238,BJP,0.0,2
2024,Jharkhand,6,Giridih,GEN,Chandra Prakash Choudhary,AJSU,451139.0,35.67,Mathura Prasad Mahato,JMM,370259.0,29.27,80880.0,Result Declared,9.85,Comfortable,NDA,0.8207,AJSU,0.0,1
2024,Jharkhand,7,Dhanbad,GEN,Dulu Mahato,BJP,789172.0,55.26,Anupama Singh,INC,457589.0,32.04,331583.0,Result Declared,26.6,Landslide,NDA,0.5798,BJP,0.0,3
2024,Jharkhand,8,Ranchi,GEN,Sanjay Seth,BJP,664732.0,45.91,Yashaswini Sahay,INC,544220.0,37.59,120512.0,Result Declared,9.97,Comfortable,NDA,0.8187,BJP,0.0,2
2024,Jharkhand,9,Jamshedpur,GEN,Bidyut Baran Mahato,BJP,726174.0,56.84,Samir Kumar Mohanty,JMM,466392.0,36.5,259782.0,Result Declared,21.78,Landslide,NDA,0.6423,BJP,0.0,3
2024,Jharkhand,10,Singhbhum,SC,Joba Majhi,JMM,520164.0,51.62,Geeta Kora,BJP,351762.0,34.91,168402.0,Result Declared,19.31,Landslide,UPA / I.N.D.I.A.,0.6763,INC,1.0,0
2024,Jharkhand,11,Khunti,ST,Kali Charan Munda,INC,511647.0,54.62,Arjun Munda,BJP,361972.0,38.64,149675.0,Result Declared,17.13,Landslide,UPA / I.N.D.I.A.,0.7075,BJP,1.0,0
2024,Jharkhand,12,Lohardaga,ST,Sukhdeo Bhagat,INC,483038.0,49.95,Samir Oraon,BJP,343900.0,35.56,139138.0,Result Declared,16.83,Landslide,UPA / I.N.D.I.A.,0.712,BJP,1.0,0
2024,Jharkhand,13,Palamau,SC,Vishnu Dayal Ram,BJP,770362.0,55.39,Mamata Bhuiyan,RJD,481555.0,34.63,288807.0,Result Declared,23.07,Landslide,NDA,0.6251,BJP,0.0,2
2024,Jharkhand,14,Hazaribagh,GEN,Manish Jaiswal,BJP,654613.0,51.76,Jai Prakash Bhai Patel,INC,377927.0,29.88,276686.0,Result Declared,26.8,Landslide,NDA,0.5773,BJP,0.0,3
2024,Karnataka,1,Chikkodi,GEN,Priyanka Jarkiholi,INC,713461.0,51.21,Annasaheb Shankar Jolle,BJP,622627.0,44.69,90834.0,Result Declared,6.8,Comfortable,UPA / I.N.D.I.A.,0.8727,BJP,1.0,0
2024,Karnataka,2,Belgaum,GEN,Jagadish Shettar,BJP,762029.0,55.06,Mrinal Hebbalkar,INC,583592.0,42.17,178437.0,Result Declared,13.26,Comfortable,NDA,0.7658,BJP,0.0,3
2024,Karnataka,3,Bagalkot,GEN,Gaddigoudar Parvatagouda Chandanagouda,BJP,671039.0,50.93,Samyukta Shivanand Patil,INC,602640.0,45.74,68399.0,Result Declared,5.37,Comfortable,NDA,0.8981,BJP,0.0,3
2024,Karnataka,4,Bijapur,SC,Ramesh Jigajinagi,BJP,672781.0,51.91,Raju Alagur,INC,595552.0,45.95,77229.0,Result Declared,6.09,Comfortable,NDA,0.8852,BJP,0.0,3
2024,Karnataka,5,Gulbarga,SC,Radhakrishna Doddamani,INC,652321.0,49.78,Umesh. G. Jadhav,BJP,625116.0,47.7,27205.0,Result Declared,2.13,Tight / Close Contest,UPA / I.N.D.I.A.,0.9583,BJP,1.0,0
2024,Karnataka,6,Raichur,ST,G. Kumar Naik,INC,670966.0,51.63,Raja Amareshwara Naik,BJP,591185.0,45.49,79781.0,Result Declared,6.32,Comfortable,UPA / I.N.D.I.A.,0.8811,BJP,1.0,0
2024,Karnataka,7,Bidar,GEN,Sagar Eshwar Khandre,INC,666317.0,53.63,Bhagwant Khuba,BJP,537442.0,43.26,128875.0,Result Declared,10.71,Comfortable,UPA / I.N.D.I.A.,0.8066,BJP,1.0,0
2024,Karnataka,8,Koppal,GEN,K. Rajashekhar Basavaraj Hitnal,INC,663511.0,49.93,Basavaraj K. Sharanappa,BJP,617154.0,46.44,46357.0,Result Declared,3.62,Tight / Close Contest,UPA / I.N.D.I.A.,0.9301,BJP,1.0,0
2024,Karnataka,9,Bellary,ST,E. Tukaram,INC,730845.0,52.58,B. Sreeramulu,BJP,631853.0,45.46,98992.0,Result Declared,7.26,Comfortable,UPA / I.N.D.I.A.,0.8646,BJP,1.0,0
2024,Karnataka,10,Haveri,GEN,Basavaraj Bommai,BJP,705538.0,50.55,Anandswamy Gaddadevarmath,INC,662025.0,47.43,43513.0,Result Declared,3.18,Tight / Close Contest,NDA,0.9383,BJP,0.0,3
2024,Karnataka,11,Dharwad,GEN,Prahlad Joshi,BJP,716231.0,52.41,Vinod Asooti,INC,618907.0,45.29,97324.0,Result Declared,7.29,Comfortable,NDA,0.8641,BJP,0.0,3
2024,Karnataka,12,Uttara Kannada,GEN,Vishweshwar Hegde Kageri,BJP,782495.0,61.97,Anjali Nimbalkar,INC,445067.0,35.25,337428.0,Result Declared,27.49,Landslide,NDA,0.5688,BJP,0.0,4
2024,Karnataka,13,Davanagere,GEN,Prabha Mallikarjun,INC,633059.0,47.95,Gayithri Siddeshwara,BJP,606965.0,45.97,26094.0,Result Declared,2.1,Tight / Close Contest,UPA / I.N.D.I.A.,0.9588,BJP,1.0,0
2024,Karnataka,14,Shimoga,GEN,B. Y. Raghavendra,BJP,778721.0,56.54,Geetha Shivarajkumar,INC,535006.0,38.85,243715.0,Result Declared,18.55,Landslide,NDA,0.687,BJP,0.0,3
2024,Karnataka,15,Udupi Chikmagalur,GEN,Kota Srinivas Poojary,BJP,732234.0,59.56,K. Jayaprakash Hegde,INC,473059.0,38.48,259175.0,Result Declared,21.5,Landslide,NDA,0.646,BJP,0.0,3
2024,Karnataka,16,Hassan,GEN,Shreyas M. Patel,INC,672988.0,49.67,Prajwal Revanna,JD(S),630339.0,46.52,42649.0,Result Declared,3.27,Tight / Close Contest,UPA / I.N.D.I.A.,0.9366,JD(S),1.0,0
2024,Karnataka,17,Dakshina Kannada,GEN,Brijesh Chowta,BJP,764132.0,53.97,Padmaraj R. Poojary,INC,614924.0,43.43,149208.0,Result Declared,10.82,Comfortable,NDA,0.8047,BJP,0.0,4
2024,Karnataka,18,Chitradurga,SC,Govind Makthappa Karjol,BJP,684890.0,50.11,B. N. Chandrappa,INC,636769.0,46.58,48121.0,Result Declared,3.64,Tight / Close Contest,NDA,0.9297,BJP,0.0,1
2024,Karnataka,19,Tumkur,GEN,V. Somanna,BJP,720946.0,55.31,S. P. Muddahanumegowda,INC,545352.0,41.84,175594.0,Result Declared,13.87,Comfortable,NDA,0.7564,BJP,0.0,1
2024,Karnataka,20,Mandya,GEN,H. D. Kumaraswamy,JD(S),851881.0,58.34,Venkataramane Gowda,INC,567261.0,38.85,284620.0,Result Declared,20.06,Landslide,Others / Regional,0.6659,IND,1.0,0
2024,Karnataka,21,Mysore,GEN,Yaduveer Krishnadatta Chamaraja Wadiyar,BJP,795503.0,53.59,M. Lakshmana,INC,656241.0,44.21,139262.0,Result Declared,9.59,Comfortable,NDA,0.8249,BJP,0.0,2
2024,Karnataka,22,Chamarajanagar,SC,Sunil Bose,INC,751671.0,54.87,Balaraj S.,BJP,562965.0,41.1,188706.0,Result Declared,14.35,Comfortable,UPA / I.N.D.I.A.,0.749,BJP,1.0,0
2024,Karnataka,23,Bangalore Rural,GEN,C. N. Manjunath,BJP,1079002.0,56.21,D. K. Suresh,INC,809355.0,42.16,269647.0,Result Declared,14.28,Comfortable,NDA,0.7501,INC,1.0,0
2024,Karnataka,24,Bangalore North,GEN,Shobha Karandlaje,BJP,986049.0,56.27,M. V. Rajeev Gowda,INC,726573.0,41.46,259476.0,Result Declared,15.15,Landslide,NDA,0.7369,BJP,0.0,4
2024,Karnataka,25,Bangalore Central,GEN,P. C. Mohan,BJP,658915.0,50.05,Mansoor Ali Khan,INC,626208.0,47.57,32707.0,Result Declared,2.55,Tight / Close Contest,NDA,0.9504,BJP,0.0,4
2024,Karnataka,26,Bangalore South,GEN,Tejaswi Surya,BJP,750830.0,60.1,Sowmya Reddy,INC,473747.0,37.92,277083.0,Result Declared,22.63,Landslide,NDA,0.631,BJP,0.0,4
2024,Karnataka,27,Chikballapur,GEN,K. Sudhakar,BJP,822619.0,53.74,M. S. Raksha Ramaiah,INC,659159.0,43.06,163460.0,Result Declared,11.03,Comfortable,NDA,0.8013,BJP,0.0,1
2024,Karnataka,28,Kolar,GEN,M. Mallesh Babu,JD(S),691481.0,51.02,K. V. Gowtham,INC,620093.0,45.76,71388.0,Result Declared,5.44,Comfortable,Others / Regional,0.8968,BJP,1.0,0
2024,Kerala,1,Kasaragod,GEN,Rajmohan Unnithan,INC,490659.0,44.1,M. V. Balakrishnan,CPI(M),390010.0,35.06,100649.0,Result Declared,11.43,Comfortable,UPA / I.N.D.I.A.,0.7949,INC,0.0,1
2024,Kerala,2,Kannur,GEN,K. Sudhakaran,INC,518524.0,48.74,M. V. Jayarajan,CPI(M),409542.0,38.5,108982.0,Result Declared,11.74,Comfortable,UPA / I.N.D.I.A.,0.7898,INC,0.0,1
2024,Kerala,3,Vatakara,GEN,Shafi Parambil,INC,557528.0,49.65,K. K. Shailaja,CPI(M),443022.0,39.45,114506.0,Result Declared,11.44,Comfortable,UPA / I.N.D.I.A.,0.7946,INC,0.0,3
2024,Kerala,4,Wayanad,GEN,Rahul Gandhi,INC,647445.0,59.69,Annie Raja,CPI,283023.0,26.09,364422.0,Result Declared,39.17,Landslide,UPA / I.N.D.I.A.,0.4371,INC,0.0,3
2024,Kerala,5,Kozhikode,GEN,M. K. Raghavan,INC,520421.0,47.74,Elamaram Kareem,CPI(M),374245.0,34.33,146176.0,Result Declared,16.34,Landslide,UPA / I.N.D.I.A.,0.7191,INC,0.0,3
2024,Kerala,6,Malappuram,GEN,E. T. Mohammed Basheer,IUML,644006.0,59.35,V Vaseef,CPI(M),343888.0,31.69,300118.0,Result Declared,30.38,Landslide,UPA / I.N.D.I.A.,0.534,IUML,0.0,4
2024,Kerala,7,Ponnani,GEN,M. P. Abdussamad Samadani,IUML,562516.0,54.81,K.S. Hamza,CPI(M),326756.0,31.84,235760.0,Result Declared,26.51,Landslide,UPA / I.N.D.I.A.,0.5809,IUML,0.0,3
2024,Kerala,8,Palakkad,GEN,V. K. Sreekandan,INC,421169.0,40.66,A. Vijayaraghavan,CPI(M),345886.0,33.39,75283.0,Result Declared,9.81,Comfortable,UPA / I.N.D.I.A.,0.8213,INC,0.0,1
2024,Kerala,9,Alathur,SC,K. Radhakrishnan,CPI(M),403447.0,40.66,Ramya Haridas,INC,383336.0,38.63,20111.0,Result Declared,2.56,Tight / Close Contest,UPA / I.N.D.I.A.,0.9502,INC,1.0,0
2024,Kerala,10,Thrissur,GEN,Suresh Gopi,BJP,412338.0,37.8,V. S. Sunilkumar,CPI,337652.0,30.95,74686.0,Result Declared,9.96,Comfortable,NDA,0.8189,INC,1.0,0
2024,Kerala,11,Chalakudy,GEN,Benny Behanan,INC,394171.0,41.44,C. Raveendranath,CPI(M),330417.0,34.73,63754.0,Result Declared,8.8,Comfortable,UPA / I.N.D.I.A.,0.8383,INC,0.0,1
2024,Kerala,12,Ernakulam,GEN,Hibi Eden,INC,482317.0,52.97,K. J. Shine,CPI(M),231932.0,25.47,250385.0,Result Declared,35.06,Landslide,UPA / I.N.D.I.A.,0.4809,INC,0.0,3
2024,Kerala,13,Idukki,GEN,Dean Kuriakose,INC,432372.0,51.43,Joice George,CPI(M),298645.0,35.53,133727.0,Result Declared,18.29,Landslide,UPA / I.N.D.I.A.,0.6907,INC,0.0,1
2024,Kerala,14,Kottayam,GEN,K. Francis George,KEC,364631.0,43.6,Thomas Chazhikadan,KC(M),277365.0,33.17,87266.0,Result Declared,13.59,Comfortable,UPA / I.N.D.I.A.,0.7607,Kerala Congress (M),1.0,0
2024,Kerala,15,Alappuzha,GEN,K. C. Venugopal,INC,404560.0,38.21,A. M. Ariff,CPI(M),341047.0,32.21,63513.0,Result Declared,8.52,Comfortable,UPA / I.N.D.I.A.,0.843,CPI(M),1.0,0
2024,Kerala,16,Mavelikkara,SC,Kodikunnil Suresh,INC,369516.0,41.29,Arun Kumar C. A.,CPI,358648.0,40.07,10868.0,Result Declared,1.49,Tight / Close Contest,UPA / I.N.D.I.A.,0.9706,INC,0.0,3
2024,Kerala,17,Pathanamthitta,GEN,Anto Antony,INC,367623.0,39.98,T. M. Thomas Issac,CPI(M),301504.0,32.79,66119.0,Result Declared,9.88,Comfortable,UPA / I.N.D.I.A.,0.8201,INC,0.0,3
2024,Kerala,18,Kollam,GEN,N. K. Premachandran,RSP,443628.0,48.45,M. Mukesh,CPI(M),293326.0,32.03,150302.0,Result Declared,20.4,Landslide,UPA / I.N.D.I.A.,0.6612,RSP,0.0,2
2024,Kerala,19,Attingal,GEN,Adoor Prakash,INC,328051.0,33.29,V. Joy,CPI(M),327367.0,33.22,684.0,Result Declared,0.1,Tight / Close Contest,UPA / I.N.D.I.A.,0.9979,INC,0.0,1
2024,Kerala,20,Thiruvananthapuram,GEN,Shashi Tharoor,INC,358155.0,37.19,Rajeev Chandrasekhar,BJP,342078.0,35.52,16077.0,Result Declared,2.3,Tight / Close Contest,UPA / I.N.D.I.A.,0.9551,INC,0.0,3
2024,Ladakh,1,Ladakh,GEN,Tsering Namgyal,IND,37397.0,48.15,Mohmad Haneefa,INC,65259.0,27.59,27862.0,Result Declared,27.14,Landslide,Others / Regional,1.745,,,0
2024,Lakshadweep,1,Lakshadweep,ST,Muhammed Hamdulla Sayeed,INC,25726.0,52.29,Mohammed Faizal Padippura,NCP-SP,23079.0,46.91,2647.0,Result Declared,5.42,Comfortable,UPA / I.N.D.I.A.,0.8971,NCP,1.0,0
2024,Madhya Pradesh,1,Morena,GEN,Shivmangal Singh Tomar,BJP,515477.0,43.41,Neetu Satyapal Singh Sikarwar,INC,462947.0,38.99,52530.0,Result Declared,5.37,Comfortable,NDA,0.8981,BJP,0.0,4
2024,Madhya Pradesh,2,Bhind,SC,Sandhya Ray,BJP,537065.0,51.2,Phool Singh Baraiya,INC,472225.0,45.02,64840.0,Result Declared,6.42,Comfortable,NDA,0.8793,BJP,0.0,4
2024,Madhya Pradesh,3,Gwalior,GEN,Bharat Singh Kushwah,BJP,671535.0,49.99,Praveen Pathak,INC,601325.0,44.77,70210.0,Result Declared,5.52,Comfortable,NDA,0.8954,BJP,0.0,3
2024,Madhya Pradesh,4,Guna,GEN,Jyotiraditya Scindia,BJP,923302.0,67.21,Yadvendra Rao Deshraj Singh,INC,382373.0,27.83,540929.0,Result Declared,41.43,Landslide,NDA,0.4141,BJP,0.0,1
2024,Madhya Pradesh,5,Sagar,GEN,Lata Wankhede,BJP,787979.0,68.49,Chandra Bhushan Singh Bundela,INC,316757.0,27.53,471222.0,Result Declared,42.65,Landslide,NDA,0.402,BJP,0.0,4
2024,Madhya Pradesh,6,Tikamgarh,SC,Virendra Kumar Khatik,BJP,715050.0,65.1,Pankaj Ahirwar,INC,311738.0,28.38,403312.0,Result Declared,39.28,Landslide,NDA,0.436,BJP,0.0,4
2024,Madhya Pradesh,7,Damoh,GEN,Rahul Singh Lodhi,BJP,709768.0,65.18,Tarbar Singh Lodhi,INC,303342.0,27.86,406426.0,Result Declared,40.12,Landslide,NDA,0.4274,BJP,0.0,4
2024,Madhya Pradesh,8,Khajuraho,GEN,V. D. Sharma,BJP,772774.0,67.75,Kamlesh Kumar,BSP,231545.0,20.3,541229.0,Result Declared,53.89,Landslide,NDA,0.2996,BJP,0.0,4
2024,Madhya Pradesh,9,Satna,GEN,Ganesh Singh,BJP,459728.0,43.41,Siddharth Sukhlal Kushwaha,INC,374779.0,35.39,84949.0,Result Declared,10.18,Comfortable,NDA,0.8152,BJP,0.0,4
2024,Madhya Pradesh,10,Rewa,GEN,Janardan Mishra,BJP,477459.0,52.0,Neelam Abhay Mishra,INC,284085.0,30.94,193374.0,Result Declared,25.39,Landslide,NDA,0.595,BJP,0.0,2
2024,Madhya Pradesh,11,Sidhi,GEN,Rajesh Mishra,BJP,583559.0,50.87,Kamleshwar Indrajit Kumar,INC,377143.0,32.87,206416.0,Result Declared,21.49,Landslide,NDA,0.6463,BJP,0.0,4
2024,Madhya Pradesh,12,Shahdol,ST,Himadri Singh,BJP,711143.0,61.73,Phunde Lal Singh Marko,INC,313803.0,27.24,397340.0,Result Declared,38.77,Landslide,NDA,0.4413,BJP,0.0,2
2024,Madhya Pradesh,13,Jabalpur,GEN,Ashish Dubey,BJP,790133.0,68.2,Dinesh Yadav,INC,303459.0,26.19,486674.0,Result Declared,44.5,Landslide,NDA,0.3841,BJP,0.0,4
2024,Madhya Pradesh,14,Mandla,ST,Faggan Singh Kulaste,BJP,751375.0,48.93,Omkar Singh Markam,INC,647529.0,42.17,103846.0,Result Declared,7.42,Comfortable,NDA,0.8618,BJP,0.0,2
2024,Madhya Pradesh,15,Balaghat,GEN,Bharti Pardhi,BJP,712660.0,51.56,Samrat Ashok Singh Saraswar,INC,538148.0,38.93,174512.0,Result Declared,13.95,Comfortable,NDA,0.7551,BJP,0.0,4
2024,Madhya Pradesh,16,Chhindwara,GEN,Bunty Vivek Sahu,BJP,644738.0,49.41,Nakul Nath,INC,531120.0,40.7,113618.0,Result Declared,9.66,Comfortable,NDA,0.8238,INC,1.0,0
2024,Madhya Pradesh,17,Hoshangabad,GEN,Darshan Singh Choudhary,BJP,812147.0,64.99,Sanjay Sharma,INC,380451.0,30.44,431696.0,Result Declared,36.2,Landslide,NDA,0.4685,BJP,0.0,2
2024,Madhya Pradesh,18,Vidisha,GEN,Shivraj Singh Chouhan,BJP,1116460.0,76.7,Pratapbhanu Sharma,INC,295052.0,20.27,821408.0,Result Declared,58.19,Landslide,NDA,0.2643,BJP,0.0,4
2024,Madhya Pradesh,19,Bhopal,GEN,Alok Sharma,BJP,981109.0,65.48,Arun Shrivastava,INC,479610.0,32.01,501499.0,Result Declared,34.33,Landslide,NDA,0.4888,BJP,0.0,4
2024,Madhya Pradesh,20,Rajgarh,GEN,Rodmal Nagar,BJP,758743.0,53.1,Digvijaya Singh,INC,612654.0,42.87,146089.0,Result Declared,10.65,Comfortable,NDA,0.8075,BJP,0.0,2
2024,Madhya Pradesh,21,Dewas,SC,Mahendra Singh Solanky,BJP,928941.0,63.23,Rajendra Radhakishan Malviya,INC,503716.0,34.29,425225.0,Result Declared,29.68,Landslide,NDA,0.5422,BJP,0.0,2
2024,Madhya Pradesh,22,Ujjain,SC,Anil Firojiya,BJP,836104.0,62.93,Mahesh Parmar,INC,460244.0,34.64,375860.0,Result Declared,28.99,Landslide,NDA,0.5505,BJP,0.0,2
2024,Madhya Pradesh,23,Mandsaur,GEN,Sudheer Gupta,BJP,945761.0,65.98,Dilip Singh Gurjar,INC,445106.0,31.05,500655.0,Result Declared,36.0,Landslide,NDA,0.4706,BJP,0.0,2
2024,Madhya Pradesh,24,Ratlam,ST,Anita Nagarsingh Chouhan,BJP,795863.0,51.93,Kantilal Bhuria,INC,588631.0,38.41,207232.0,Result Declared,14.97,Comfortable,NDA,0.7396,BJP,0.0,2
2024,Madhya Pradesh,25,Dhar,ST,Savitri Thakur,BJP,794449.0,55.75,Radheshyam Muvel,INC,575784.0,40.4,218665.0,Result Declared,15.96,Landslide,NDA,0.7248,BJP,0.0,2
2024,Madhya Pradesh,26,Indore,GEN,Shankar Lalwani,BJP,1226751.0,78.54,Sanjay Laxman Solanki,BSP,51659.0,3.31,1175092.0,Result Declared,91.92,Landslide,NDA,0.0421,BJP,0.0,4
2024,Madhya Pradesh,27,Khargone,ST,Gajendra Singh Patel,BJP,819863.0,52.6,Porlal Batha Kharte,INC,684845.0,43.93,135018.0,Result Declared,8.97,Comfortable,NDA,0.8353,BJP,0.0,4
2024,Madhya Pradesh,28,Khandwa,GEN,Gyaneswar Patil,BJP,862679.0,57.04,Narendra Patel,INC,592708.0,39.19,269971.0,Result Declared,18.55,Landslide,NDA,0.6871,BJP,0.0,2
2024,Madhya Pradesh,29,Betul,ST,Durga Das Uikey,BJP,848236.0,60.76,Ramu Tekam,INC,468475.0,33.56,379761.0,Result Declared,28.84,Landslide,NDA,0.5523,BJP,0.0,4
2024,Maharashtra,1,Nandurbar,ST,Gowaal Kagada Padavi,INC,745998.0,53.53,Dr Heena Vijaykumar Gavit,BJP,586878.0,42.11,159120.0,Result Declared,11.94,Comfortable,UPA / I.N.D.I.A.,0.7867,BJP,1.0,0
2024,Maharashtra,2,Dhule,GEN,Bachhav Shobha Dinesh,INC,583866.0,47.89,Subhash Bhamre,BJP,580035.0,47.57,3831.0,Result Declared,0.33,Tight / Close Contest,UPA / I.N.D.I.A.,0.9934,BJP,1.0,0
2024,Maharashtra,3,Jalgaon,GEN,Smita Wagh,BJP,674428.0,57.67,Karan Pawar,SS(UBT),422834.0,36.15,251594.0,Result Declared,22.93,Landslide,NDA,0.627,BJP,0.0,3
2024,Maharashtra,4,Raver,GEN,Raksha Khadse,BJP,630879.0,53.84,Shriram Dayaram Patil,NCP-SP,358696.0,30.61,272183.0,Result Declared,27.51,Landslide,NDA,0.5686,BJP,0.0,3
2024,Maharashtra,5,Buldhana,GEN,Prataprao Ganpatrao Jadhav,SS,349867.0,31.53,Narendra Khedekar,SS(UBT),320388.0,28.88,29479.0,Result Declared,4.4,Tight / Close Contest,NDA,0.9157,SS,0.0,4
2024,Maharashtra,6,Akola,GEN,Anup Dhotre,BJP,457030.0,38.96,Abhay Kashinath Patil,INC,416404.0,35.5,40626.0,Result Declared,4.65,Tight / Close Contest,NDA,0.9111,BJP,0.0,3
2024,Maharashtra,7,Amravati,SC,Balwant Baswant Wankhade,INC,526271.0,44.84,Navneet Kaur Rana,BJP,506540.0,43.16,19731.0,Result Declared,1.91,Tight / Close Contest,UPA / I.N.D.I.A.,0.9625,IND,1.0,0
2024,Maharashtra,8,Wardha,GEN,Amar Sharadrao Kale,NCP-SP,533106.0,48.68,Ramdas Tadas,BJP,451458.0,41.23,81648.0,Result Declared,8.29,Comfortable,UPA / I.N.D.I.A.,0.8468,BJP,1.0,0
2024,Maharashtra,9,Ramtek,SC,Shyamkumar Barve,INC,613025.0,48.94,Raju Deonath Parve,SS,536257.0,42.81,76768.0,Result Declared,6.68,Comfortable,UPA / I.N.D.I.A.,0.8748,SS,1.0,0
2024,Maharashtra,10,Nagpur,GEN,Nitin Gadkari,BJP,655027.0,54.08,Vikas Thakre,INC,517424.0,42.72,137603.0,Result Declared,11.74,Comfortable,NDA,0.7899,BJP,0.0,2
2024,Maharashtra,11,Bhandara-Gondiya,GEN,Prashant Yadaorao Padole,INC,587413.0,47.56,Sunil Baburao Mendhe,BJP,550033.0,44.53,37380.0,Result Declared,3.29,Tight / Close Contest,UPA / I.N.D.I.A.,0.9364,BJP,1.0,0
2024,Maharashtra,12,Gadchiroli-Chimur,ST,Kirsan Namdeo,INC,617792.0,52.97,Ashok Mahadeorao Nete,BJP,476096.0,40.82,141696.0,Result Declared,12.95,Comfortable,UPA / I.N.D.I.A.,0.7706,BJP,1.0,0
2024,Maharashtra,13,Chandrapur,GEN,Pratibha Dhanorkar,INC,718410.0,57.88,Sudhir Mungantiwar,BJP,458004.0,36.9,260406.0,Result Declared,22.14,Landslide,UPA / I.N.D.I.A.,0.6375,INC,0.0,1
2024,Maharashtra,14,Yavatmal-Washim,GEN,Sanjay Uttamrao Deshmukh,SS(UBT),594807.0,48.53,Rajshritai Hemant Patil,SS,500334.0,40.83,94473.0,Result Declared,8.63,Comfortable,UPA / I.N.D.I.A.,0.8412,SS,1.0,0
2024,Maharashtra,15,Hingoli,GEN,Nagesh Bapurao Patil Ashtikar,SS(UBT),492535.0,42.49,Baburao Kadam Kohalikar,SS,383933.0,33.12,108602.0,Result Declared,12.39,Comfortable,UPA / I.N.D.I.A.,0.7795,SS,1.0,0
2024,Maharashtra,16,Nanded,GEN,Vasantrao Balwantrao Chavan,INC,528894.0,46.88,Prataprao Govindrao Chikhalikar,BJP,469452.0,41.61,59442.0,Result Declared,5.95,Comfortable,UPA / I.N.D.I.A.,0.8876,BJP,1.0,0
2024,Maharashtra,17,Parbhani,GEN,Sanjay Jadhav,SS(UBT),601343.0,45.17,Mahadev Jankar,RSPS,467282.0,35.1,134061.0,Result Declared,12.55,Comfortable,UPA / I.N.D.I.A.,0.7771,SS,1.0,0
2024,Maharashtra,18,Jalna,GEN,Kalyan Vaijinathrao Kale,INC,607897.0,44.59,Raosaheb Dadarao Danve,BJP,497939.0,36.52,109958.0,Result Declared,9.94,Comfortable,UPA / I.N.D.I.A.,0.8191,BJP,1.0,0
2024,Maharashtra,19,Aurangabad,GEN,Sandipanrao Bhumre,SS,476130.0,36.56,Imtiyaz Jaleel,AIMIM,341480.0,26.22,134650.0,Result Declared,16.47,Landslide,NDA,0.7172,AIMIM,1.0,0
2024,Maharashtra,20,Dindori,ST,Bhaskar Murlidhar Bhagare,NCP-SP,577339.0,46.53,Bharati Pawar,BJP,464140.0,37.4,113199.0,Result Declared,10.87,Comfortable,UPA / I.N.D.I.A.,0.8039,BJP,1.0,0
2024,Maharashtra,21,Nashik,GEN,Rajabhau Waje,SS(UBT),616729.0,49.85,Hemant Tukaram Godse,SS,454728.0,36.75,162001.0,Result Declared,15.12,Landslide,UPA / I.N.D.I.A.,0.7373,SS,1.0,0
2024,Maharashtra,22,Palghar,ST,Hemant Vishnu Savara,BJP,601244.0,43.69,Bharti Bharat Kamdi,SS(UBT),417938.0,30.37,183306.0,Result Declared,17.99,Landslide,NDA,0.6951,SS,1.0,0
2024,Maharashtra,23,Bhiwandi,GEN,Suresh Mhatre,NCP-SP,499464.0,39.85,Kapil Moreshwar Patil,BJP,433343.0,34.57,66121.0,Result Declared,7.09,Comfortable,UPA / I.N.D.I.A.,0.8676,BJP,1.0,0
2024,Maharashtra,24,Kalyan,GEN,Shrikant Shinde,SS,589636.0,56.38,Vaishali Darekar,SS(UBT),380492.0,36.39,209144.0,Result Declared,21.56,Landslide,NDA,0.6453,SS,0.0,3
2024,Maharashtra,25,Thane,GEN,Naresh Mhaske,SS,734231.0,56.09,Rajan Vichare,SS(UBT),517220.0,39.51,217011.0,Result Declared,17.34,Landslide,NDA,0.7044,SS,0.0,2
2024,Maharashtra,26,Mumbai North,GEN,Piyush Goyal,BJP,680146.0,65.68,Bhushan Patil,INC,322538.0,31.15,357608.0,Result Declared,35.67,Landslide,NDA,0.4742,BJP,0.0,2
2024,Maharashtra,27,Mumbai North West,GEN,Ravindra Waikar,SS,452644.0,47.4,Amol Kirtikar,SS(UBT),452596.0,47.395,48.0,Result Declared,0.01,Tight / Close Contest,NDA,0.9999,SS,0.0,2
2024,Maharashtra,28,Mumbai North East,GEN,Sanjay Dina Patil,SS(UBT),450937.0,48.67,Mihir Kotecha,BJP,421076.0,45.45,29861.0,Result Declared,3.42,Tight / Close Contest,UPA / I.N.D.I.A.,0.9338,BJP,1.0,0
2024,Maharashtra,29,Mumbai North Central,GEN,Varsha Gaikwad,INC,445545.0,48.93,Ujjwal Nikam,BJP,429031.0,47.12,16514.0,Result Declared,1.89,Tight / Close Contest,UPA / I.N.D.I.A.,0.9629,BJP,1.0,0
2024,Maharashtra,30,Mumbai South Central,GEN,Anil Desai,SS(UBT),395138.0,49.73,Rahul Ramesh Shewale,SS,341754.0,43.01,53384.0,Result Declared,7.24,Comfortable,UPA / I.N.D.I.A.,0.8649,SS,1.0,0
2024,Maharashtra,31,Mumbai South,GEN,Arvind Sawant,SS(UBT),395655.0,51.18,Yamini Jadhav,SS,342982.0,44.36,52673.0,Result Declared,7.13,Comfortable,UPA / I.N.D.I.A.,0.8669,SS,1.0,0
2024,Maharashtra,32,Raigad,GEN,Sunil Tatkare,NCP,508352.0,50.17,Anant Geete,SS(UBT),425568.0,42.0,82784.0,Result Declared,8.86,Comfortable,NDA,0.8372,NCP,0.0,1
2024,Maharashtra,33,Maval,GEN,Shrirang Barne,SS,692832.0,48.81,Sanjog Bhiku Waghere Patil,SS(UBT),596217.0,42.0,96615.0,Result Declared,7.5,Comfortable,NDA,0.8606,SS,0.0,4
2024,Maharashtra,34,Pune,GEN,Murlidhar Mohol,BJP,584728.0,52.94,Ravindra Hemraj Dhangekar,INC,461690.0,41.8,123038.0,Result Declared,11.76,Comfortable,NDA,0.7896,BJP,0.0,2
2024,Maharashtra,35,Baramati,GEN,Supriya Sule,NCP-SP,732312.0,51.85,Sunetra Pawar,NCP,573979.0,40.64,158333.0,Result Declared,12.12,Comfortable,UPA / I.N.D.I.A.,0.7838,NCP,1.0,0
2024,Maharashtra,36,Shirur,GEN,Amol Kolhe,NCP-SP,698692.0,50.83,Shivajirao Adhalarao Patil,NCP,557741.0,40.58,140951.0,Result Declared,11.22,Comfortable,UPA / I.N.D.I.A.,0.7983,NCP,1.0,0
2024,Maharashtra,37,Ahmednagar,GEN,Nilesh Dnyandev Lanke,NCP-SP,624797.0,47.14,Sujay Vikhe Patil,BJP,595868.0,44.95,28929.0,Result Declared,2.37,Tight / Close Contest,UPA / I.N.D.I.A.,0.9537,BJP,1.0,0
2024,Maharashtra,38,Shirdi,SC,Bhausaheb Rajaram Wakchaure,SS(UBT),476900.0,45.0,Sadashiv Lokhande,SS,426371.0,40.23,50529.0,Result Declared,5.59,Comfortable,UPA / I.N.D.I.A.,0.894,SS,1.0,0
2024,Maharashtra,39,Beed,GEN,Bajrang Manohar Sonwane,NCP-SP,683950.0,44.5,Pankaja Munde,BJP,677397.0,44.93,6553.0,Result Declared,0.48,Tight / Close Contest,UPA / I.N.D.I.A.,0.9904,BJP,1.0,0
2024,Maharashtra,40,Osmanabad,GEN,Omprakash Rajenimbalkar,SS(UBT),748752.0,58.45,Archana Patil,NCP,418906.0,32.7,329846.0,Result Declared,28.25,Landslide,UPA / I.N.D.I.A.,0.5595,SS,1.0,0
2024,Maharashtra,41,Latur,SC,Kalge Shivaji Bandappa,INC,609021.0,49.15,Sudhakar Tukaram Shrangare,BJP,547140.0,44.16,61881.0,Result Declared,5.35,Comfortable,UPA / I.N.D.I.A.,0.8984,BJP,1.0,0
2024,Maharashtra,42,Solapur,SC,Praniti Shinde,INC,620225.0,51.49,Ram Satpute,BJP,546028.0,45.33,74197.0,Result Declared,6.36,Comfortable,UPA / I.N.D.I.A.,0.8804,BJP,1.0,0
2024,Maharashtra,43,Madha,GEN,Dhairyasheel Patil,NCP-SP,622213.0,48.86,Ranjit Naik-Nimbalkar,BJP,501376.0,39.37,120837.0,Result Declared,10.75,Comfortable,UPA / I.N.D.I.A.,0.8058,BJP,1.0,0
2024,Maharashtra,44,Sangli,GEN,Vishal Prakashbapu Patil,IND,571666.0,48.91,Sanjay Patil,BJP,471613.0,40.35,100053.0,Result Declared,9.59,Comfortable,Others / Regional,0.825,BJP,1.0,0
2024,Maharashtra,45,Satara,GEN,Shrimant Chhatrapati Udayanraje Pratapsinhmaharaj Bhonsle,BJP,571134.0,47.67,Shashikant Shinde,NCP-SP,538363.0,44.94,32771.0,Result Declared,2.95,Tight / Close Contest,NDA,0.9426,NCP,1.0,0
2024,Maharashtra,46,Ratnagiri-Sindhudurg,GEN,Narayan Rane,BJP,448514.0,49.07,Vinayak Raut,SS(UBT),400656.0,43.83,47858.0,Result Declared,5.64,Comfortable,NDA,0.8933,SS,1.0,0
2024,Maharashtra,47,Kolhapur,GEN,Chhatrapati Shahuji Maharaj,INC,754522.0,54.15,Sanjay Mandlik,SS,599558.0,43.03,154964.0,Result Declared,11.44,Comfortable,UPA / I.N.D.I.A.,0.7946,SS,1.0,0
2024,Maharashtra,48,Hatkanangle,GEN,Dhairyasheel Sambhajirao Mane,SS,520190.0,40.14,Satyajeet Patil,SS(UBT),506764.0,39.1,13426.0,Result Declared,1.31,Tight / Close Contest,NDA,0.9742,SS,0.0,1
2024,Manipur,1,Inner Manipur,GEN,Angomcha Bimol Akoijam,INC,374017.0,46.93,Thounaojam Basanta Kumar Singh,BJP,264216.0,33.16,109801.0,Result Declared,17.2,Landslide,UPA / I.N.D.I.A.,0.7064,BJP,1.0,0
2024,Manipur,2,Outer Manipur,ST,Alfred Kan-Ngam Arthur,INC,384954.0,48.32,Kachui Timothy Zimik,NPF,299536.0,37.6,85418.0,Result Declared,12.48,Comfortable,UPA / I.N.D.I.A.,0.7781,Naga People'S Front,1.0,0
2024,Meghalaya,1,Shillong,ST,Ricky AJ Syngkon,VPP,571078.0,55.02,Vincent H. Pala,INC,199168.0,19.19,371910.0,Result Declared,48.28,Landslide,UPA / I.N.D.I.A.,0.3488,INC,1.0,0
2024,Meghalaya,2,Tura,ST,Saleng A. Sangma,INC,383919.0,56.96,Agatha Sangma,NPP,228678.0,33.93,155241.0,Result Declared,25.34,Landslide,UPA / I.N.D.I.A.,0.5956,National People'S Party,1.0,0
2024,Mizoram,1,Mizoram,ST,Richard Vanlalhmangaiha,ZPM,208552.0,42.45,K. Vanlalvena,MNF,140264.0,28.55,68288.0,Result Declared,19.58,Landslide,Others / Regional,0.6726,Mizo National Front,1.0,0
2024,Nagaland,1,Nagaland,ST,S. Supongmeren Jamir,INC,401951.0,52.83,Chumben Murry,NDPP,350967.0,46.13,50984.0,Result Declared,6.77,Comfortable,UPA / I.N.D.I.A.,0.8732,Nationalist Democratic Progressive Party,1.0,0
2024,Odisha,1,Bargarh,GEN,Pradeep Purohit,BJP,716359.0,54.69,Parinita Mishra,BJD,464692.0,35.48,251667.0,Result Declared,21.31,Landslide,NDA,0.6487,BJP,0.0,1
2024,Odisha,2,Sundargarh,ST,Jual Oram,BJP,494282.0,42.77,Dilip Kumar Tirkey,BJD,355474.0,30.76,138808.0,Result Declared,16.34,Landslide,NDA,0.7192,BJP,0.0,2
2024,Odisha,3,Sambalpur,GEN,Dharmendra Pradhan,BJP,592162.0,49.48,Pranab Prakash Das,BJD,472326.0,39.47,119836.0,Result Declared,11.26,Comfortable,NDA,0.7976,BJP,0.0,1
2024,Odisha,4,Keonjhar,ST,Ananta Nayak,BJP,573923.0,45.67,Dhanurjaya Sidu,BJD,476881.0,37.95,97042.0,Result Declared,9.24,Comfortable,NDA,0.8309,BJD,1.0,0
2024,Odisha,5,Mayurbhanj,ST,Naba Charan Majhi,BJP,585971.0,49.91,Sudam Marndi,BJD,366637.0,31.23,219334.0,Result Declared,23.02,Landslide,NDA,0.6257,BJP,0.0,1
2024,Odisha,6,Balasore,GEN,Pratap Chandra Sarangi,BJP,563865.0,45.49,Lekhasri Samantsinghar,BJD,416709.0,33.62,147156.0,Result Declared,15.01,Landslide,NDA,0.739,BJP,0.0,1
2024,Odisha,7,Bhadrak,SC,Avimanyu Sethi,BJP,573319.0,44.19,Manjulata Mandal,BJD,481775.0,37.13,91544.0,Result Declared,8.68,Comfortable,NDA,0.8403,BJD,1.0,0
2024,Odisha,8,Jajpur,SC,Rabindra Narayan Behera,BJP,534239.0,46.01,Sarmistha Sethi,BJD,532652.0,45.87,1587.0,Result Declared,0.15,Tight / Close Contest,NDA,0.997,BJD,1.0,0
2024,Odisha,9,Dhenkanal,GEN,Rudra Narayan Pany,BJP,598721.0,50.24,Abinash Samal,BJD,522154.0,43.82,76567.0,Result Declared,6.83,Comfortable,NDA,0.8721,BJD,1.0,0
2024,Odisha,10,Bolangir,GEN,Sangeeta Kumari Singh Deo,BJP,617744.0,44.12,Surendra Singh Bhoi,BJD,485080.0,34.64,132664.0,Result Declared,12.03,Comfortable,NDA,0.7852,BJP,0.0,1
2024,Odisha,11,Kalahandi,GEN,Malvika Devi,BJP,544303.0,40.79,Lambodar Nial,BJD,410490.0,30.77,133813.0,Result Declared,14.01,Comfortable,NDA,0.7542,BJP,0.0,1
2024,Odisha,12,Nabarangpur,ST,Balabhadra Majhi,BJP,481396.0,38.74,Pradeep Kumar Majhi,BJD,393860.0,31.7,87536.0,Result Declared,10.0,Comfortable,NDA,0.8182,BJD,1.0,0
2024,Odisha,13,Kandhamal,GEN,Sukanta Kumar Panigrahi,BJP,416415.0,41.8,Achyutananda Samanta,BJD,395044.0,39.66,21371.0,Result Declared,2.63,Tight / Close Contest,NDA,0.9487,BJD,1.0,0
2024,Odisha,14,Cuttack,GEN,Bhartruhari Mahtab,BJP,531601.0,47.43,Santrupt Misra,BJD,474524.0,42.34,57077.0,Result Declared,5.67,Comfortable,NDA,0.8926,BJD,1.0,0
2024,Odisha,15,Kendrapara,GEN,Baijayant Panda,BJP,615705.0,48.21,Anshuman Mohanty,BJD,549169.0,43.0,66536.0,Result Declared,5.71,Comfortable,NDA,0.8919,BJD,1.0,0
2024,Odisha,16,Jagatsinghpur,SC,Bibhu Prasad Tarai,BJP,589093.0,45.8,Rajashree Mallick,BJD,548397.0,42.63,40696.0,Result Declared,3.58,Tight / Close Contest,NDA,0.9309,BJD,1.0,0
2024,Odisha,17,Puri,GEN,Sambit Patra,BJP,629330.0,52.58,Arup Patnaik,BJD,524621.0,43.83,104709.0,Result Declared,9.07,Comfortable,NDA,0.8336,BJD,1.0,0
2024,Odisha,18,Bhubaneswar,GEN,Aparajita Sarangi,BJP,512519.0,47.36,Manmath Kumar Routray,BJD,477367.0,44.11,35152.0,Result Declared,3.55,Tight / Close Contest,NDA,0.9314,BJP,0.0,1
2024,Odisha,19,Aska,GEN,Anita Subhadarshini,BJP,494226.0,48.55,Ranjita Sahu,BJD,394252.0,38.73,99974.0,Result Declared,11.25,Comfortable,NDA,0.7977,BJD,1.0,0
2024,Odisha,20,Berhampur,GEN,Pradeep Kumar Panigrahy,BJP,513102.0,49.2,Bhrugu Baxipatra,BJD,347626.0,33.33,165476.0,Result Declared,19.23,Landslide,NDA,0.6775,BJD,1.0,0
2024,Odisha,21,Koraput,ST,Saptagiri Sankar Ulaka,INC,471393.0,41.03,Kausalya Hikaka,BJD,323649.0,28.17,147744.0,Result Declared,18.58,Landslide,UPA / I.N.D.I.A.,0.6866,INC,0.0,1
2024,Puducherry,1,Puducherry,GEN,V. Vaithilingam,INC,426005.0,52.73,A. Namassivayam,BJP,289489.0,35.83,136516.0,Result Declared,19.08,Landslide,UPA / I.N.D.I.A.,0.6795,INC,0.0,1
2024,Punjab,1,Gurdaspur,GEN,Sukhjinder Singh Randhawa,INC,364043.0,33.78,Dinesh Singh,BJP,281182.0,26.09,82861.0,Result Declared,12.84,Comfortable,UPA / I.N.D.I.A.,0.7724,BJP,1.0,0
2024,Punjab,2,Amritsar,GEN,Gurjeet Singh Aujla,INC,255181.0,28.18,Kuldeep Singh Dhaliwal,AAP,214880.0,23.73,40301.0,Result Declared,8.57,Comfortable,UPA / I.N.D.I.A.,0.8421,INC,0.0,2
2024,Punjab,3,Khadoor Sahib,GEN,Amritpal Singh,IND,404430.0,38.62,Kulbir Singh Zira,INC,207310.0,19.8,197120.0,Result Declared,32.22,Landslide,Others / Regional,0.5126,INC,1.0,0
2024,Punjab,4,Jalandhar,SC,Charanjit Singh Channi,INC,390053.0,39.43,Sushil Kumar Rinku,BJP,214060.0,21.64,175993.0,Result Declared,29.13,Landslide,UPA / I.N.D.I.A.,0.5488,INC,0.0,4
2024,Punjab,5,Hoshiarpur,SC,Raj Kumar Chabbewal,AAP,303859.0,32.04,Yamini Gomar,INC,259748.0,27.39,44111.0,Result Declared,7.83,Comfortable,UPA / I.N.D.I.A.,0.8548,BJP,1.0,0
2024,Punjab,6,Anandpur Sahib,GEN,Malvinder Singh Kang,AAP,313217.0,29.08,Vijay Inder Singla,INC,302371.0,28.07,10846.0,Result Declared,1.76,Tight / Close Contest,UPA / I.N.D.I.A.,0.9654,INC,1.0,0
2024,Punjab,7,Ludhiana,GEN,Amrinder Singh Raja Warring,INC,322224.0,30.42,Ravneet Singh Bittu,BJP,301282.0,28.45,20942.0,Result Declared,3.36,Tight / Close Contest,UPA / I.N.D.I.A.,0.935,INC,0.0,3
2024,Punjab,8,Fatehgarh Sahib,SC,Amar Singh,INC,332591.0,34.14,Gurpreet Singh GP,AAP,298389.0,30.63,34202.0,Result Declared,5.42,Comfortable,UPA / I.N.D.I.A.,0.8972,INC,0.0,1
2024,Punjab,9,Faridkot,SC,Sarabjeet Singh Khalsa,IND,298062.0,29.38,Karamjit Anmol,AAP,228009.0,22.48,70053.0,Result Declared,13.32,Comfortable,Others / Regional,0.765,INC,1.0,0
2024,Punjab,10,Ferozpur,GEN,Sher Singh Ghubaya,INC,266626.0,23.7,Jagdeep Singh Kaka Brar,AAP,263384.0,23.41,3242.0,Result Declared,0.61,Tight / Close Contest,UPA / I.N.D.I.A.,0.9878,SAD,1.0,0
2024,Punjab,11,Bathinda,GEN,Harsimrat Kaur Badal,SAD,376558.0,32.71,Gurmeet Singh Khuddian,AAP,326902.0,28.4,49656.0,Result Declared,7.06,Comfortable,NDA,0.8681,SAD,0.0,4
2024,Punjab,12,Sangrur,GEN,Gurmeet Singh Meet Hayer,AAP,364085.0,36.06,Sukhpal Singh Khaira,INC,191525.0,18.97,172560.0,Result Declared,31.06,Landslide,UPA / I.N.D.I.A.,0.526,AAP,0.0,2
2024,Punjab,13,Patiala,GEN,Dharamvira Gandhi,INC,305616.0,26.54,Balbir Singh,AAP,290785.0,25.25,14831.0,Result Declared,2.49,Tight / Close Contest,UPA / I.N.D.I.A.,0.9515,INC,0.0,1
2024,Rajasthan,1,Ganganagar,SC,Kuldeep Indora,INC,726492.0,51.4,Priyanka Balan Meghwal,BJP,638339.0,45.16,88153.0,Result Declared,6.46,Comfortable,UPA / I.N.D.I.A.,0.8787,BJP,1.0,0
2024,Rajasthan,2,Bikaner,SC,Arjun Ram Meghwal,BJP,566737.0,50.68,Govind Ram Meghwal,INC,511026.0,45.67,55711.0,Result Declared,5.17,Comfortable,NDA,0.9017,BJP,0.0,4
2024,Rajasthan,3,Churu,GEN,Rahul Kaswan,INC,728211.0,51.12,Devendra Jhajharia,BJP,655474.0,46.01,72737.0,Result Declared,5.26,Comfortable,UPA / I.N.D.I.A.,0.9001,BJP,1.0,0
2024,Rajasthan,4,Jhunjhunu,GEN,Brijendra Singh Ola,INC,553168.0,49.44,Shubhkaran Choudhary,BJP,534933.0,47.81,18235.0,Result Declared,1.68,Tight / Close Contest,UPA / I.N.D.I.A.,0.967,BJP,1.0,0
2024,Rajasthan,5,Sikar,GEN,Amra Ram,CPI(M),659300.0,50.68,Sumedhanand Saraswati,BJP,586404.0,45.08,72896.0,Result Declared,5.85,Comfortable,UPA / I.N.D.I.A.,0.8894,BJP,1.0,0
2024,Rajasthan,6,Jaipur Rural,GEN,Rao Rajendra Singh,BJP,617877.0,48.96,Anil Chopra,INC,616262.0,48.83,1615.0,Result Declared,0.13,Tight / Close Contest,NDA,0.9974,BJP,0.0,2
2024,Rajasthan,7,Jaipur,GEN,Manju Sharma,BJP,886850.0,60.61,Pratap Singh Khachariyawas,INC,555083.0,37.93,331767.0,Result Declared,23.01,Landslide,NDA,0.6259,BJP,0.0,2
2024,Rajasthan,8,Alwar,GEN,Bhupender Yadav,BJP,631992.0,50.42,Lalit Yadav,INC,583710.0,46.57,48282.0,Result Declared,3.97,Tight / Close Contest,NDA,0.9236,BJP,0.0,2
2024,Rajasthan,9,Bharatpur,SC,Sanjana Jatav,INC,579890.0,51.18,Ramswaroop Koli,BJP,527907.0,46.59,51983.0,Result Declared,4.69,Tight / Close Contest,UPA / I.N.D.I.A.,0.9104,BJP,1.0,0
2024,Rajasthan,10,Karauli-Dholpur,SC,Bhajan Lal Jatav,INC,530011.0,53.64,Indu Devi,BJP,431066.0,43.62,98945.0,Result Declared,10.3,Comfortable,UPA / I.N.D.I.A.,0.8133,BJP,1.0,0
2024,Rajasthan,11,Dausa,ST,Murari Lal Meena,INC,646266.0,60.24,Kanhaiya Lal Meena,BJP,408926.0,38.12,237340.0,Result Declared,22.49,Landslide,UPA / I.N.D.I.A.,0.6328,BJP,1.0,0
2024,Rajasthan,12,Tonk-Sawai Madhopur,GEN,Harish Chandra Meena,INC,623763.0,50.85,Sukhbir Singh Jaunapuria,BJP,558814.0,45.56,64949.0,Result Declared,5.49,Comfortable,UPA / I.N.D.I.A.,0.8959,BJP,1.0,0
2024,Rajasthan,13,Ajmer,GEN,Bhagirath Choudhary,BJP,747462.0,62.23,Ramchandra Choudhary,INC,417471.0,34.76,329991.0,Result Declared,28.33,Landslide,NDA,0.5585,BJP,0.0,2
2024,Rajasthan,14,Nagaur,GEN,Hanuman Beniwal,RLP,596955.0,48.2,Jyoti Mirdha,BJP,554730.0,44.79,42225.0,Result Declared,3.67,Tight / Close Contest,UPA / I.N.D.I.A.,0.9293,RLP,0.0,1
2024,Rajasthan,15,Pali,GEN,P. P. Chaudhary,BJP,757389.0,55.94,Sangeeta Beniwal,INC,512038.0,37.82,245351.0,Result Declared,19.33,Landslide,NDA,0.6761,BJP,0.0,2
2024,Rajasthan,16,Jodhpur,GEN,Gajendra Singh Shekhawat,BJP,730056.0,52.76,Karan Singh Unchiyarda,INC,614379.0,44.4,115677.0,Result Declared,8.6,Comfortable,NDA,0.8416,BJP,0.0,2
2024,Rajasthan,17,Barmer,GEN,Ummeda Ram Beniwal,INC,704676.0,41.74,Ravindra Singh Bhati,IND,586500.0,34.74,118176.0,Result Declared,9.15,Comfortable,UPA / I.N.D.I.A.,0.8323,BJP,1.0,0
2024,Rajasthan,18,Jalore,SC,Lumbaram Choudhary,BJP,796783.0,54.91,Vaibhav Gehlot,INC,595240.0,41.02,201543.0,Result Declared,14.48,Comfortable,NDA,0.7471,BJP,0.0,4
2024,Rajasthan,19,Udaipur,ST,Manna Lal Rawat,BJP,738286.0,49.27,Tarachand Meena,INC,476678.0,31.81,261608.0,Result Declared,21.53,Landslide,NDA,0.6457,BJP,0.0,2
2024,Rajasthan,20,Banswara,ST,Rajkumar Roat,BAP,820831.0,50.15,Mahendrajeet Singh Malviya,BJP,573777.0,35.05,247054.0,Result Declared,17.71,Landslide,UPA / I.N.D.I.A.,0.699,BJP,1.0,0
2024,Rajasthan,21,Chittorgarh,GEN,Chandra Prakash Joshi,BJP,888202.0,59.26,Udailal Anjana,INC,498325.0,33.25,389877.0,Result Declared,28.12,Landslide,NDA,0.561,BJP,0.0,2
2024,Rajasthan,22,Rajsamand,GEN,Mahima Kumari Mewar,BJP,781203.0,64.4,Damodar Gurjar,INC,388980.0,32.06,392223.0,Result Declared,33.52,Landslide,NDA,0.4979,BJP,0.0,2
2024,Rajasthan,23,Bhilwara,GEN,Damodar Agarwal,BJP,807640.0,61.92,C. P. Joshi,INC,453034.0,34.73,354606.0,Result Declared,28.13,Landslide,NDA,0.5609,BJP,0.0,2
2024,Rajasthan,24,Kota,GEN,Om Birla,BJP,750496.0,50.03,Prahlad Gunjal,INC,708522.0,47.23,41974.0,Result Declared,2.88,Tight / Close Contest,NDA,0.9441,BJP,0.0,2
2024,Rajasthan,25,Jhalawar-Baran,GEN,Dushyant Singh,BJP,865376.0,60.88,Urmila Jain,INC,494387.0,34.78,370989.0,Result Declared,27.28,Landslide,NDA,0.5713,BJP,0.0,4
2024,Sikkim,1,Sikkim,GEN,Indra Hang Subba,SKM,164396.0,42.71,Bharat Basnett,CAP,83566.0,21.71,164396.0,Result Declared,66.3,Landslide,NDA,0.5083,SKM,0.0,1
2024,Tamil Nadu,1,Thiruvallur,GEN,Sasikanth Senthil,INC,796956.0,56.21,V. Pon Balaganapathy,BJP,224801.0,15.86,572155.0,Result Declared,56.0,Landslide,UPA / I.N.D.I.A.,0.2821,INC,0.0,1
2024,Tamil Nadu,2,Chennai North,GEN,Kalanidhi Veeraswamy,DMK,497333.0,55.11,R. Manohar,AIADMK,158111.0,17.52,339222.0,Result Declared,51.75,Landslide,UPA / I.N.D.I.A.,0.3179,DMK,0.0,1
2024,Tamil Nadu,3,Chennai South,GEN,Thamizhachi Thangapandian,DMK,516628.0,47.0,Tamilisai Soundararajan,BJP,290683.0,26.44,225945.0,Result Declared,27.99,Landslide,UPA / I.N.D.I.A.,0.5627,DMK,0.0,1
2024,Tamil Nadu,4,Chennai Central,GEN,Dayanidhi Maran,DMK,413848.0,56.65,Vinoj,BJP,169159.0,23.16,244689.0,Result Declared,41.97,Landslide,UPA / I.N.D.I.A.,0.4087,DMK,0.0,1
2024,Tamil Nadu,5,Sriperumbudur,SC,T. R. Baalu,DMK,758611.0,52.65,G. Premkumar,AIADMK,271582.0,18.85,487029.0,Result Declared,47.28,Landslide,UPA / I.N.D.I.A.,0.358,DMK,0.0,1
2024,Tamil Nadu,6,Kancheepuram,SC,G. Selvam,DMK,586044.0,46.53,Rajasekar E.,AIADMK,364571.0,28.94,221473.0,Result Declared,23.3,Landslide,UPA / I.N.D.I.A.,0.6221,DMK,0.0,1
2024,Tamil Nadu,7,Arakkonam,SC,S. Jagathrakshakan,DMK,563216.0,48.39,L. Vijayan,AIADMK,256657.0,22.05,306559.0,Result Declared,37.39,Landslide,UPA / I.N.D.I.A.,0.4557,DMK,0.0,1
2024,Tamil Nadu,8,Vellore,SC,Kathir Anand,DMK,568692.0,50.35,A. C. Shanmugam,BJP,352990.0,31.25,215702.0,Result Declared,23.4,Landslide,UPA / I.N.D.I.A.,0.6207,DMK,0.0,1
2024,Tamil Nadu,9,Krishnagiri,GEN,K. Gopinath,INC,492883.0,42.27,V. Jayaprakash,AIADMK,300397.0,25.76,192486.0,Result Declared,24.26,Landslide,UPA / I.N.D.I.A.,0.6095,INC,0.0,1
2024,Tamil Nadu,10,Dharmapuri,GEN,A. Mani,DMK,432667.0,34.67,Sowmiya Anbumani,PMK,411367.0,32.97,21300.0,Result Declared,2.52,Tight / Close Contest,UPA / I.N.D.I.A.,0.9508,DMK,0.0,1
2024,Tamil Nadu,11,Tiruvannamalai,GEN,C. N. Annadurai,DMK,547379.0,47.75,M. Kaliyaperumal,AIADMK,313448.0,27.34,233931.0,Result Declared,27.18,Landslide,UPA / I.N.D.I.A.,0.5726,DMK,0.0,1
2024,Tamil Nadu,12,Arani,GEN,M.S. Tharanivendhan,DMK,500099.0,43.86,G. V. Gajendran,AIADMK,291333.0,25.55,208766.0,Result Declared,26.38,Landslide,UPA / I.N.D.I.A.,0.5826,INC,1.0,0
2024,Tamil Nadu,13,Villupuram,GEN,D. Ravikumar,VCK,477033.0,41.39,J. Bhagyaraj,AIADMK,406330.0,35.25,70703.0,Result Declared,8.0,Comfortable,UPA / I.N.D.I.A.,0.8518,DMK,1.0,0
2024,Tamil Nadu,14,Kallakurichi,GEN,Malaiyarasan D,DMK,561589.0,44.94,R. Kumaraguru,AIADMK,507805.0,40.64,53784.0,Result Declared,5.03,Comfortable,UPA / I.N.D.I.A.,0.9042,DMK,0.0,1
2024,Tamil Nadu,15,Salem,GEN,T. M. Selvaganapathi,DMK,566085.0,43.38,P. Vignesh,AIADMK,495728.0,37.99,70357.0,Result Declared,6.63,Comfortable,UPA / I.N.D.I.A.,0.8757,DMK,0.0,1
2024,Tamil Nadu,16,Namakkal,GEN,V. S. Matheswaran,DMK,462036.0,40.31,S. Tamilmani,AIADMK,432924.0,37.77,29112.0,Result Declared,3.25,Tight / Close Contest,UPA / I.N.D.I.A.,0.937,DMK,0.0,1
2024,Tamil Nadu,17,Erode,GEN,K. E. Prakash,DMK,562339.0,51.43,Ashok Kumar,AIADMK,325773.0,29.79,236566.0,Result Declared,26.64,Landslide,UPA / I.N.D.I.A.,0.5793,DMK,0.0,1
2024,Tamil Nadu,18,Tiruppur,GEN,K. Subbarayan,CPI,472739.0,41.38,P. Arunachalam,AIADMK,346811.0,30.35,125928.0,Result Declared,15.37,Landslide,UPA / I.N.D.I.A.,0.7336,CPI,0.0,1
2024,Tamil Nadu,19,Nilgiris,GEN,A. Raja,DMK,473212.0,46.44,L. Murugan,BJP,232627.0,22.83,240585.0,Result Declared,34.08,Landslide,UPA / I.N.D.I.A.,0.4916,DMK,0.0,1
2024,Tamil Nadu,20,Coimbatore,GEN,Ganapathi P. Rajkumar,DMK,568200.0,41.39,K. Annamalai [ta,BJP,450132.0,32.79,118068.0,Result Declared,11.59,Comfortable,UPA / I.N.D.I.A.,0.7922,CPI(M),1.0,0
2024,Tamil Nadu,21,Pollachi,GEN,Eswarasamy,DMK,533377.0,47.37,A. Karthikeyan,AIADMK,281335.0,24.98,252042.0,Result Declared,30.94,Landslide,UPA / I.N.D.I.A.,0.5275,DMK,0.0,1
2024,Tamil Nadu,22,Dindigul,GEN,R. Sachidanandam,CPI(M),670149.0,58.29,M. A. Mohamed Mubarak,AIADMK,226328.0,19.69,443821.0,Result Declared,49.51,Landslide,UPA / I.N.D.I.A.,0.3377,DMK,1.0,0
2024,Tamil Nadu,23,Karur,GEN,Jothimani,INC,534906.0,47.25,L. Thangavel,AIADMK,368090.0,32.52,166816.0,Result Declared,18.47,Landslide,UPA / I.N.D.I.A.,0.6881,INC,0.0,1
2024,Tamil Nadu,24,Tiruchirappalli,GEN,Durai Vaiko,MDMK,542213.0,51.35,P. Karuppaiah,AIADMK,229119.0,21.7,313094.0,Result Declared,40.59,Landslide,UPA / I.N.D.I.A.,0.4226,INC,1.0,0
2024,Tamil Nadu,25,Perambalur,GEN,Arun Nehru,DMK,603209.0,53.42,N. D. Chandramohan,AIADMK,214102.0,18.96,389107.0,Result Declared,47.61,Landslide,UPA / I.N.D.I.A.,0.3549,DMK,0.0,1
2024,Tamil Nadu,26,Cuddalore,GEN,M. K. Vishnu Prasad,INC,455053.0,44.11,P. Sivakozhundu,DMDK,269157.0,26.09,185896.0,Result Declared,25.67,Landslide,UPA / I.N.D.I.A.,0.5915,DMK,1.0,0
2024,Tamil Nadu,27,Chidambaram,SC,Thol. Thirumavalavan,VCK,505084.0,43.28,M. Chandrahasan,AIADMK,401530.0,34.4,103554.0,Result Declared,11.42,Comfortable,UPA / I.N.D.I.A.,0.795,VCK,0.0,1
2024,Tamil Nadu,28,Mayiladuthurai,GEN,Sudha Ramakrishnan,INC,518459.0,47.67,P. Babu,AIADMK,247276.0,22.73,271183.0,Result Declared,35.41,Landslide,UPA / I.N.D.I.A.,0.4769,DMK,1.0,0
2024,Tamil Nadu,29,Nagapattinam,SC,V. Selvaraj,CPI,465044.0,47.79,G. Sursith Sankar,AIADMK,256087.0,26.49,208957.0,Result Declared,28.98,Landslide,UPA / I.N.D.I.A.,0.5507,CPI,0.0,1
2024,Tamil Nadu,30,Thanjavur,SC,S. Murasoli,DMK,502245.0,48.82,P. Sivanesan,DMDK,182662.0,17.76,319583.0,Result Declared,46.66,Landslide,UPA / I.N.D.I.A.,0.3637,DMK,0.0,1
2024,Tamil Nadu,31,Sivaganga,GEN,Karti Chidambaram,INC,427677.0,40.6,A. Xavierdass,AIADMK,222013.0,21.08,205664.0,Result Declared,31.66,Landslide,UPA / I.N.D.I.A.,0.5191,INC,0.0,1
2024,Tamil Nadu,32,Madurai,GEN,S. Venkatesan,CPI(M),430323.0,43.6,Raama Sreenivasan,BJP,220914.0,22.38,209409.0,Result Declared,32.16,Landslide,UPA / I.N.D.I.A.,0.5134,CPI(M),0.0,1
2024,Tamil Nadu,33,Theni,GEN,Thanga Tamil Selvan,DMK,571493.0,50.08,T. T. V. Dhinakaran,AMMK,292668.0,25.65,278825.0,Result Declared,32.27,Landslide,UPA / I.N.D.I.A.,0.5121,AIADMK,1.0,0
2024,Tamil Nadu,34,Virudhunagar,GEN,Manickam Tagore,INC,385256.0,36.28,V. Vijayaprabhakaran,DMDK,380877.0,35.87,4379.0,Result Declared,0.57,Tight / Close Contest,UPA / I.N.D.I.A.,0.9886,INC,0.0,1
2024,Tamil Nadu,35,Ramanathapuram,GEN,Kani K. Navas,IUML,509664.0,45.92,O. Paneerselvam,IND,342882.0,30.89,166782.0,Result Declared,19.56,Landslide,UPA / I.N.D.I.A.,0.6728,IUML,0.0,1
2024,Tamil Nadu,36,Thoothukudi,GEN,Kanimozhi,DMK,540729.0,55.26,R. Velumany Sivasamy,AIADMK,147991.0,15.12,392738.0,Result Declared,57.02,Landslide,UPA / I.N.D.I.A.,0.2737,DMK,0.0,1
2024,Tamil Nadu,37,Tenkasi,GEN,Rani Srikumar,DMK,425679.0,40.97,K. Krishnasamy,AIADMK,229480.0,22.08,196199.0,Result Declared,29.95,Landslide,UPA / I.N.D.I.A.,0.5391,DMK,0.0,1
2024,Tamil Nadu,38,Tirunelveli,GEN,C. Robert Bruce,INC,502296.0,47.06,Nainar Nagenthran,BJP,336676.0,31.54,165620.0,Result Declared,19.74,Landslide,UPA / I.N.D.I.A.,0.6703,DMK,1.0,0
2024,Tamil Nadu,39,Kanniyakumari,GEN,Vijay Vasanth,INC,546248.0,53.08,Pon Radhakrishnan,BJP,366341.0,35.6,179907.0,Result Declared,19.71,Landslide,UPA / I.N.D.I.A.,0.6706,INC,0.0,1
2024,Telangana,1,Adilabad,ST,Godam Nagesh,BJP,568168.0,45.98,Athram Suguna,INC,477516.0,38.65,90652.0,Result Declared,8.67,Comfortable,NDA,0.8404,BJP,0.0,1
2024,Telangana,2,Peddapalli,SC,Vamsi Krishna Gaddam,INC,475587.0,43.42,Srinivas Gomase,BJP,344223.0,31.43,131364.0,Result Declared,16.02,Landslide,UPA / I.N.D.I.A.,0.7238,TRS,1.0,0
2024,Telangana,3,Karimnagar,GEN,Bandi Sanjay Kumar,BJP,585116.0,44.57,Velchala Rajender Rao,INC,359907.0,27.41,225209.0,Result Declared,23.83,Landslide,NDA,0.6151,BJP,0.0,1
2024,Telangana,4,Nizamabad,GEN,Arvind Dharmapuri,BJP,592318.0,48.02,T. Jeevan Reddy,INC,483077.0,39.16,109241.0,Result Declared,10.16,Comfortable,NDA,0.8156,BJP,0.0,1
2024,Telangana,5,Zahirabad,GEN,Suresh Kumar Shetkar,INC,528418.0,42.73,B. B. Patil,BJP,482230.0,39.0,46188.0,Result Declared,4.57,Tight / Close Contest,UPA / I.N.D.I.A.,0.9126,TRS,1.0,0
2024,Telangana,6,Medak,GEN,Raghunandan Rao,BJP,471217.0,33.99,Neelam Madhu,INC,432078.0,31.17,39139.0,Result Declared,4.33,Tight / Close Contest,NDA,0.9169,TRS,1.0,0
2024,Telangana,7,Malkajgiri,GEN,Etela Rajender,BJP,991042.0,51.25,Patnam Suneetha Mahender Reddy,INC,599567.0,31.0,391475.0,Result Declared,24.61,Landslide,NDA,0.605,INC,1.0,0
2024,Telangana,8,Secunderabad,GEN,G. Kishan Reddy,BJP,473012.0,45.15,Danam Nagender,INC,423068.0,40.38,49944.0,Result Declared,5.57,Comfortable,NDA,0.8944,BJP,0.0,1
2024,Telangana,9,Hyderabad,GEN,Asaduddin Owaisi,AIMIM,661981.0,61.28,Kompella Madhavi Latha,BJP,323894.0,29.98,338087.0,Result Declared,34.29,Landslide,Others / Regional,0.4893,AIMIM,0.0,1
2024,Telangana,10,Chevella,GEN,Konda Vishweshwar Reddy,BJP,809882.0,48.34,G. Ranjith Reddy,INC,636985.0,38.02,172897.0,Result Declared,11.95,Comfortable,NDA,0.7865,TRS,1.0,0
2024,Telangana,11,Mahbubnagar,GEN,D. K. Aruna,BJP,510747.0,41.66,Challa Vamshi Chand Reddy,INC,506247.0,41.29,4500.0,Result Declared,0.44,Tight / Close Contest,NDA,0.9912,TRS,1.0,0
2024,Telangana,12,Nagarkurnool,SC,Mallu Ravi,INC,465072.0,38.14,Bharath Prasad Pothuganti,BJP,370658.0,30.4,94414.0,Result Declared,11.3,Comfortable,UPA / I.N.D.I.A.,0.797,TRS,1.0,0
2024,Telangana,13,Nalgonda,GEN,Kunduru Raghuveer,INC,784337.0,60.5,Shanampudi Saidireddy,BJP,224432.0,17.31,559905.0,Result Declared,55.5,Landslide,UPA / I.N.D.I.A.,0.2861,INC,0.0,1
2024,Telangana,14,Bhongir,GEN,Chamala Kiran Kumar Reddy,INC,629143.0,44.89,Boora Narsaiah Goud,BJP,406973.0,29.04,222170.0,Result Declared,21.44,Landslide,UPA / I.N.D.I.A.,0.6469,INC,0.0,1
2024,Telangana,15,Warangal,SC,Kadiyam Kavya,INC,581294.0,45.85,Aroori Ramesh,BJP,360955.0,28.47,220339.0,Result Declared,23.38,Landslide,UPA / I.N.D.I.A.,0.621,TRS,1.0,0
2024,Telangana,16,Mahabubabad,ST,Balram Naik Porika,INC,612774.0,55.27,Kavitha Maloth,BRS,263609.0,23.77,349165.0,Result Declared,39.84,Landslide,UPA / I.N.D.I.A.,0.4302,TRS,1.0,0
2024,Telangana,17,Khammam,GEN,Ramasahayam Raghuram Reddy,INC,766929.0,61.29,Nama Nageswara Rao,BRS,299082.0,23.9,467847.0,Result Declared,43.89,Landslide,UPA / I.N.D.I.A.,0.39,TRS,1.0,0
2024,Tripura,1,Tripura West,GEN,Biplab Kumar Deb,BJP,881341.0,72.85,Ashish Kumar Saha,INC,269763.0,22.3,611578.0,Result Declared,53.13,Landslide,NDA,0.3061,BJP,0.0,1
2024,Tripura,2,Tripura East,ST,Kriti Devi Debbarman,BJP,777447.0,68.54,Rajendra Reang,CPI(M),290628.0,25.62,486819.0,Result Declared,45.58,Landslide,NDA,0.3738,BJP,0.0,1
2024,Uttar Pradesh,1,Saharanpur,GEN,Imran Masood,INC,547967.0,44.57,Raghav Lakhanpal,BJP,483425.0,39.32,64542.0,Result Declared,6.26,Comfortable,UPA / I.N.D.I.A.,0.8822,BSP,1.0,0
2024,Uttar Pradesh,2,Kairana,GEN,Iqra Choudhary,SP,528013.0,48.9,Pradeep Choudhary,BJP,458897.0,42.5,69116.0,Result Declared,7.0,Comfortable,UPA / I.N.D.I.A.,0.8691,BJP,1.0,0
2024,Uttar Pradesh,3,Muzaffarnagar,GEN,Harendra Singh Malik,SP,470721.0,43.64,Sanjeev Kumar Balyan,BJP,446049.0,41.35,24672.0,Result Declared,2.69,Tight / Close Contest,UPA / I.N.D.I.A.,0.9476,BJP,1.0,0
2024,Uttar Pradesh,4,Bijnor,GEN,Chandan Chauhan,RLD,404493.0,39.48,Deepak,SP,366985.0,35.82,37508.0,Result Declared,4.86,Tight / Close Contest,NDA,0.9073,BSP,1.0,0
2024,Uttar Pradesh,5,Nagina,SC,Chandrashekhar,ASP(KR),512552.0,51.19,Om Kumar,BJP,361079.0,36.06,151473.0,Result Declared,17.34,Landslide,Others / Regional,0.7045,BSP,1.0,0
2024,Uttar Pradesh,6,Moradabad,GEN,Ruchi Vira,SP,637363.0,49.67,Kunwar Sarvesh Kumar Singh,BJP,531601.0,41.43,105762.0,Result Declared,9.05,Comfortable,UPA / I.N.D.I.A.,0.8341,SP,0.0,1
2024,Uttar Pradesh,7,Rampur,GEN,Mohibbullah,SP,481503.0,49.74,Ghanshyam Singh Lodhi,BJP,394069.0,40.71,87434.0,Result Declared,9.99,Comfortable,UPA / I.N.D.I.A.,0.8184,SP,0.0,1
2024,Uttar Pradesh,8,Sambhal,GEN,Zia ur Rahman Barq,SP,571161.0,47.8,Parmeshwar Lal Saini,BJP,449667.0,37.63,121494.0,Result Declared,11.9,Comfortable,UPA / I.N.D.I.A.,0.7873,SP,0.0,1
2024,Uttar Pradesh,9,Amroha,GEN,Kanwar Singh Tanwar,BJP,476506.0,42.9,Kunwar Danish Ali,INC,447836.0,40.32,28670.0,Result Declared,3.1,Tight / Close Contest,NDA,0.9398,BSP,1.0,0
2024,Uttar Pradesh,10,Meerut,GEN,Arun Govil,BJP,546469.0,46.21,Sunita Verma,SP,535884.0,45.32,10585.0,Result Declared,0.98,Tight / Close Contest,NDA,0.9806,BJP,0.0,3
2024,Uttar Pradesh,11,Baghpat,GEN,Rajkumar Sangwan,RLD,488967.0,52.36,Amarpal Sharma,SP,329508.0,35.29,159459.0,Result Declared,19.48,Landslide,NDA,0.6739,BJP,1.0,0
2024,Uttar Pradesh,12,Ghaziabad,GEN,Atul Garg,BJP,854170.0,58.09,Dolly Sharma,INC,517205.0,35.17,336965.0,Result Declared,24.57,Landslide,NDA,0.6055,BJP,0.0,3
2024,Uttar Pradesh,13,Gautam Buddh Nagar,GEN,Mahesh Sharma,BJP,857829.0,59.69,Mahendra Singh Nagar,SP,298357.0,20.76,559472.0,Result Declared,48.39,Landslide,NDA,0.3478,BJP,0.0,2
2024,Uttar Pradesh,14,Bulandshahr,SC,Bhola Singh,BJP,597310.0,56.65,Shivram,INC,322176.0,30.56,275134.0,Result Declared,29.92,Landslide,NDA,0.5394,BJP,0.0,2
2024,Uttar Pradesh,15,Aligarh,GEN,Satish Kumar Gautam,BJP,501834.0,44.28,Bijendra Singh,SP,486187.0,42.9,15647.0,Result Declared,1.58,Tight / Close Contest,NDA,0.9688,BJP,0.0,2
2024,Uttar Pradesh,16,Hathras,SC,Anoop Pradhan,BJP,554746.0,51.24,Jasveer Valmiki,SP,307428.0,28.39,247318.0,Result Declared,28.69,Landslide,NDA,0.5542,BJP,0.0,2
2024,Uttar Pradesh,17,Mathura,GEN,Hema Malini,BJP,510064.0,53.3,Mukesh Dhangar,INC,216657.0,22.64,293407.0,Result Declared,40.37,Landslide,NDA,0.4248,BJP,0.0,2
2024,Uttar Pradesh,18,Agra,SC,S. P. Singh Baghel,BJP,599397.0,53.34,Suresh Chand Kardam,SP,328103.0,29.2,271294.0,Result Declared,29.25,Landslide,NDA,0.5474,BJP,0.0,3
2024,Uttar Pradesh,19,Fatehpur Sikri,GEN,Rajkumar Chahar,BJP,445657.0,43.09,Ramnath Singh Sikarwar,INC,402252.0,38.9,43405.0,Result Declared,5.12,Comfortable,NDA,0.9026,BJP,0.0,2
2024,Uttar Pradesh,20,Firozabad,GEN,Akshay Yadav,SP,543037.0,49.04,Vishwadeep Singh,BJP,453725.0,40.98,89312.0,Result Declared,8.96,Comfortable,UPA / I.N.D.I.A.,0.8355,BJP,1.0,0
2024,Uttar Pradesh,21,Mainpuri,GEN,Dimple Yadav,SP,598526.0,56.79,Jaiveer Singh,BJP,376887.0,35.76,221639.0,Result Declared,22.72,Landslide,UPA / I.N.D.I.A.,0.6297,SP,0.0,3
2024,Uttar Pradesh,22,Etah,GEN,Devesh Shakya,SP,475808.0,47.09,Rajveer Singh,BJP,447756.0,44.32,28052.0,Result Declared,3.04,Tight / Close Contest,UPA / I.N.D.I.A.,0.941,BJP,1.0,0
2024,Uttar Pradesh,23,Badaun,GEN,Aditya Yadav,SP,501855.0,45.97,Durvijay Singh Shakya,BJP,466864.0,42.76,34991.0,Result Declared,3.61,Tight / Close Contest,UPA / I.N.D.I.A.,0.9303,BJP,1.0,0
2024,Uttar Pradesh,24,Aonla,GEN,Neeraj Maurya,SP,492515.0,45.23,Dharmendra Kashyap,BJP,476546.0,43.76,15969.0,Result Declared,1.65,Tight / Close Contest,UPA / I.N.D.I.A.,0.9676,BJP,1.0,0
2024,Uttar Pradesh,25,Bareilly,GEN,Chhatrapal Singh Gangwar,BJP,567127.0,50.66,Praveen Singh Aron,SP,532323.0,47.55,34804.0,Result Declared,3.17,Tight / Close Contest,NDA,0.9386,BJP,0.0,2
2024,Uttar Pradesh,26,Pilibhit,GEN,Jitin Prasad,BJP,607158.0,52.3,Bhagwat Saran Gangwar,SP,442223.0,38.09,164935.0,Result Declared,15.72,Landslide,NDA,0.7283,BJP,0.0,3
2024,Uttar Pradesh,27,Shahjahanpur,SC,Arun Kumar Sagar,BJP,592718.0,47.5,Jyotsna Gond,SP,537339.0,43.06,55379.0,Result Declared,4.9,Tight / Close Contest,NDA,0.9066,BJP,0.0,2
2024,Uttar Pradesh,28,Kheri,GEN,Utkarsh Verma,SP,557365.0,45.94,Ajay Mishra Teni,BJP,523036.0,43.11,34329.0,Result Declared,3.18,Tight / Close Contest,UPA / I.N.D.I.A.,0.9384,BJP,1.0,0
2024,Uttar Pradesh,29,Dhaurahra,GEN,Anand Bhadauriya,SP,443743.0,39.91,Rekha Verma,BJP,439294.0,39.51,4449.0,Result Declared,0.5,Tight / Close Contest,UPA / I.N.D.I.A.,0.99,BJP,1.0,0
2024,Uttar Pradesh,30,Sitapur,GEN,Rakesh Rathore,INC,531138.0,48.2,Rajesh Verma (politician),BJP,441497.0,40.06,89641.0,Result Declared,9.22,Comfortable,UPA / I.N.D.I.A.,0.8312,BJP,1.0,0
2024,Uttar Pradesh,31,Hardoi,SC,Jai Prakash,BJP,486798.0,44.25,Usha Verma,SP,458942.0,41.72,27856.0,Result Declared,2.95,Tight / Close Contest,NDA,0.9428,BJP,0.0,2
2024,Uttar Pradesh,32,Misrikh,SC,Ashok Kumar Rawat,BJP,475016.0,45.15,Sangita Rajvanshi,SP,441610.0,41.98,33406.0,Result Declared,3.64,Tight / Close Contest,NDA,0.9297,BJP,0.0,2
2024,Uttar Pradesh,33,Unnao,GEN,Sakshi Maharaj,BJP,616133.0,47.31,Annu Tandon,SP,580315.0,44.56,35818.0,Result Declared,2.99,Tight / Close Contest,NDA,0.9419,BJP,0.0,2
2024,Uttar Pradesh,34,Mohanlalganj,SC,R. K. Chaudhary,SP,667869.0,48.49,Kaushal Kishore,BJP,597577.0,43.38,70292.0,Result Declared,5.55,Comfortable,UPA / I.N.D.I.A.,0.8948,BJP,1.0,0
2024,Uttar Pradesh,35,Lucknow,GEN,Rajnath Singh,BJP,612709.0,53.89,Ravidas Mehrotra,SP,477550.0,42.0,135159.0,Result Declared,12.4,Comfortable,NDA,0.7794,BJP,0.0,4
2024,Uttar Pradesh,36,Rae Bareli,GEN,Rahul Gandhi,INC,687649.0,66.17,Dinesh Pratap Singh,BJP,297619.0,28.64,390030.0,Result Declared,39.59,Landslide,UPA / I.N.D.I.A.,0.4328,INC,0.0,3
2024,Uttar Pradesh,37,Amethi,GEN,Kishori Lal Sharma,INC,539228.0,54.99,Smriti Irani,BJP,372032.0,37.94,167196.0,Result Declared,18.35,Landslide,UPA / I.N.D.I.A.,0.6899,BJP,1.0,0
2024,Uttar Pradesh,38,Sultanpur,GEN,Rambhual Nishad,SP,444330.0,43.0,Maneka Gandhi,BJP,401156.0,38.82,43174.0,Result Declared,5.11,Comfortable,UPA / I.N.D.I.A.,0.9028,BJP,1.0,0
2024,Uttar Pradesh,39,Pratapgarh,GEN,Shiv Pal Singh Patel,SP,441932.0,46.65,Sangam Lal Gupta,BJP,375726.0,39.66,66206.0,Result Declared,8.1,Comfortable,UPA / I.N.D.I.A.,0.8502,BJP,1.0,0
2024,Uttar Pradesh,40,Farrukhabad,GEN,Mukesh Rajput,BJP,487963.0,47.2,Naval Kishore Shakya,SP,485285.0,46.94,2678.0,Result Declared,0.28,Tight / Close Contest,NDA,0.9945,BJP,0.0,2
2024,Uttar Pradesh,41,Etawah,SC,Jitendra Kumar Dohare,SP,490747.0,47.47,Ram Shankar Katheria,BJP,432328.0,41.82,58419.0,Result Declared,6.33,Comfortable,UPA / I.N.D.I.A.,0.881,BJP,1.0,0
2024,Uttar Pradesh,42,Kannauj,GEN,Akhilesh Yadav,SP,642292.0,52.74,Subrat Pathak,BJP,471370.0,38.71,170922.0,Result Declared,15.35,Landslide,UPA / I.N.D.I.A.,0.7339,BJP,1.0,0
2024,Uttar Pradesh,43,Kanpur Urban,GEN,Ramesh Awasthi,BJP,443055.0,49.93,Alok Mishra,INC,422087.0,47.56,20968.0,Result Declared,2.42,Tight / Close Contest,NDA,0.9527,BJP,0.0,2
2024,Uttar Pradesh,44,Akbarpur,GEN,Devendra Singh,BJP,517423.0,47.6,Raja Ram Pal,SP,473078.0,43.52,44345.0,Result Declared,4.48,Tight / Close Contest,NDA,0.9143,BJP,0.0,2
2024,Uttar Pradesh,45,Jalaun,SC,Narayan Das Ahirwar,SP,530180.0,46.96,Bhanu Pratap Singh Verma,BJP,476282.0,42.19,53898.0,Result Declared,5.36,Comfortable,UPA / I.N.D.I.A.,0.8983,BJP,1.0,0
2024,Uttar Pradesh,46,Jhansi,GEN,Anurag Sharma,BJP,690316.0,50.0,Pradeep Jain Aditya,INC,587702.0,42.57,102614.0,Result Declared,8.03,Comfortable,NDA,0.8514,BJP,0.0,2
2024,Uttar Pradesh,47,Hamirpur,GEN,Ajendra Singh Lodhi,SP,490683.0,44.0,Kunwar Pushpendra Singh Chandel,BJP,488054.0,43.76,2629.0,Result Declared,0.27,Tight / Close Contest,UPA / I.N.D.I.A.,0.9946,BJP,1.0,0
2024,Uttar Pradesh,48,Banda,GEN,Krishna Devi Shivshanker Patel,SP,406567.0,38.94,R. K. Singh Patel,BJP,335357.0,32.12,71210.0,Result Declared,9.6,Comfortable,UPA / I.N.D.I.A.,0.8249,BJP,1.0,0
2024,Uttar Pradesh,49,Fatehpur,GEN,Naresh Uttam Patel,SP,500328.0,45.2,Niranjan Jyoti,BJP,467129.0,42.2,33199.0,Result Declared,3.43,Tight / Close Contest,UPA / I.N.D.I.A.,0.9336,BJP,1.0,0
2024,Uttar Pradesh,50,Kaushambi,SC,Pushpendra Saroj,SP,509787.0,50.51,Vinod Kumar Sonkar,BJP,405843.0,40.21,103944.0,Result Declared,11.35,Comfortable,UPA / I.N.D.I.A.,0.7961,BJP,1.0,0
2024,Uttar Pradesh,51,Phulpur,GEN,Praveen Patel,BJP,452600.0,44.6,Amarnath Singh Maurya,SP,448268.0,44.17,4332.0,Result Declared,0.48,Tight / Close Contest,NDA,0.9904,BJP,0.0,2
2024,Uttar Pradesh,52,Allahabad,GEN,Ujjwal Raman Singh,INC,462145.0,48.8,Neeraj Tripathi,BJP,403350.0,42.59,58795.0,Result Declared,6.79,Comfortable,UPA / I.N.D.I.A.,0.8728,BJP,1.0,0
2024,Uttar Pradesh,53,Barabanki,SC,Tanuj Punia,INC,719927.0,55.78,Rajrani Rawat,BJP,504223.0,39.07,215704.0,Result Declared,17.62,Landslide,UPA / I.N.D.I.A.,0.7004,BJP,1.0,0
2024,Uttar Pradesh,54,Faizabad,GEN,Awadhesh Prasad,SP,554289.0,48.59,Lallu Singh,BJP,499722.0,43.81,54567.0,Result Declared,5.18,Comfortable,UPA / I.N.D.I.A.,0.9016,BJP,1.0,0
2024,Uttar Pradesh,55,Ambedkar Nagar,GEN,Lalji Verma,SP,544959.0,46.3,Ritesh Pandey,BJP,407712.0,34.64,137247.0,Result Declared,14.41,Comfortable,UPA / I.N.D.I.A.,0.7482,BSP,1.0,0
2024,Uttar Pradesh,56,Bahraich,SC,Anand Kumar Gond,BJP,518802.0,49.1,Ramesh Chandra,SP,454575.0,43.02,64227.0,Result Declared,6.6,Comfortable,NDA,0.8762,BJP,0.0,2
2024,Uttar Pradesh,57,Kaiserganj,GEN,Karan Bhushan Singh,BJP,571263.0,53.79,Bhagat Ram,SP,422420.0,39.77,148843.0,Result Declared,14.98,Comfortable,NDA,0.7394,BJP,0.0,2
2024,Uttar Pradesh,58,Shrawasti,GEN,Ram Shiromani Verma,SP,511055.0,48.83,Saket Misra,BJP,434382.0,41.51,76673.0,Result Declared,8.11,Comfortable,UPA / I.N.D.I.A.,0.85,BSP,1.0,0
2024,Uttar Pradesh,59,Gonda,GEN,Kirti Vardhan Singh,BJP,474258.0,49.77,Shreya Verma,SP,428034.0,44.92,46224.0,Result Declared,5.12,Comfortable,NDA,0.9025,BJP,0.0,2
2024,Uttar Pradesh,60,Domariyaganj,GEN,Jagdambika Pal,BJP,463303.0,45.47,Bhishma Shankar Tiwari,SP,420575.0,41.27,42728.0,Result Declared,4.83,Tight / Close Contest,NDA,0.9078,BJP,0.0,2
2024,Uttar Pradesh,61,Basti,GEN,Ram Prasad Chaudhary,SP,527005.0,48.67,Harish Dwivedi,BJP,426011.0,39.34,100994.0,Result Declared,10.6,Comfortable,UPA / I.N.D.I.A.,0.8084,BJP,1.0,0
2024,Uttar Pradesh,62,Sant Kabir Nagar,GEN,Laxmikant,SP,498695.0,45.7,Praveen Kumar Nishad,BJP,406525.0,37.25,92170.0,Result Declared,10.18,Comfortable,UPA / I.N.D.I.A.,0.8152,BJP,1.0,0
2024,Uttar Pradesh,63,Maharajganj,GEN,Pankaj Chaudhary,BJP,591310.0,48.85,Virendra Chaudhary,INC,555859.0,45.92,35451.0,Result Declared,3.09,Tight / Close Contest,NDA,0.94,BJP,0.0,2
2024,Uttar Pradesh,64,Gorakhpur,GEN,Ravi Kishan,BJP,585834.0,50.75,Kajal Nishad,SP,482308.0,41.78,103526.0,Result Declared,9.69,Comfortable,NDA,0.8233,BJP,0.0,3
2024,Uttar Pradesh,65,Kushi Nagar,GEN,Vijay Kumar Dubey,BJP,516345.0,47.79,Ajay Pratap Singh,SP,434555.0,40.22,81790.0,Result Declared,8.6,Comfortable,NDA,0.8416,BJP,0.0,2
2024,Uttar Pradesh,66,Deoria,GEN,Shashank Mani,BJP,504541.0,48.36,Akhilesh Pratap Singh,INC,469699.0,45.02,34842.0,Result Declared,3.58,Tight / Close Contest,NDA,0.9309,BJP,0.0,2
2024,Uttar Pradesh,67,Bansgaon,SC,Kamlesh Paswan,BJP,428693.0,45.38,Sadal Prasad,INC,425543.0,45.04,3150.0,Result Declared,0.37,Tight / Close Contest,NDA,0.9927,BJP,0.0,3
2024,Uttar Pradesh,68,Lalganj,SC,Daroga Prasad Saroj,SP,439959.0,43.85,Neelam Sonkar,BJP,324936.0,32.38,115023.0,Result Declared,15.04,Landslide,UPA / I.N.D.I.A.,0.7386,BSP,1.0,0
2024,Uttar Pradesh,69,Azamgarh,GEN,Dharmendra Yadav,SP,508239.0,48.2,Dinesh Lal Yadav,BJP,347204.0,32.93,161035.0,Result Declared,18.82,Landslide,UPA / I.N.D.I.A.,0.6832,SP,0.0,2
2024,Uttar Pradesh,70,Ghosi,GEN,Rajeev Rai,SP,503131.0,43.73,Arvind Rajbhar,SBSP,340188.0,29.57,162943.0,Result Declared,19.32,Landslide,UPA / I.N.D.I.A.,0.6761,BSP,1.0,0
2024,Uttar Pradesh,71,Salempur,GEN,Ramashankar Rajbhar,SP,405472.0,44.2,Ravindra Kushawaha,BJP,401899.0,43.81,3573.0,Result Declared,0.44,Tight / Close Contest,UPA / I.N.D.I.A.,0.9912,BJP,1.0,0
2024,Uttar Pradesh,72,Ballia,GEN,Sanatan Pandey,SP,467068.0,46.37,Neeraj Shekhar,BJP,423684.0,42.06,43384.0,Result Declared,4.87,Tight / Close Contest,UPA / I.N.D.I.A.,0.9071,BJP,1.0,0
2024,Uttar Pradesh,73,Jaunpur,GEN,Babu Singh Kushwaha,SP,509130.0,46.21,Kripashankar Singh,BJP,409795.0,37.19,99335.0,Result Declared,10.81,Comfortable,UPA / I.N.D.I.A.,0.8049,BSP,1.0,0
2024,Uttar Pradesh,74,Machhlishahr,SC,Priya Saroj,SP,451292.0,42.57,B. P. Saroj,BJP,415442.0,39.19,35850.0,Result Declared,4.14,Tight / Close Contest,UPA / I.N.D.I.A.,0.9206,BJP,1.0,0
2024,Uttar Pradesh,75,Ghazipur,GEN,Afzal Ansari,SP,539912.0,46.82,Pars Nath Rai,BJP,415051.0,35.99,124861.0,Result Declared,13.07,Comfortable,UPA / I.N.D.I.A.,0.7687,BSP,1.0,0
2024,Uttar Pradesh,76,Chandauli,GEN,Birendra Singh,SP,474476.0,42.5,Mahendra Nath Pandey,BJP,452911.0,40.57,21565.0,Result Declared,2.33,Tight / Close Contest,UPA / I.N.D.I.A.,0.9545,BJP,1.0,0
2024,Uttar Pradesh,77,Varanasi,GEN,Narendra Modi,BJP,612970.0,54.24,Ajay Rai,INC,460457.0,40.74,152513.0,Result Declared,14.21,Comfortable,NDA,0.7512,BJP,0.0,3
2024,Uttar Pradesh,78,Bhadohi,GEN,Vinod Kumar Bind,BJP,459982.0,42.39,Laliteshpati Tripathi,TMC,415910.0,38.33,44072.0,Result Declared,5.03,Comfortable,NDA,0.9042,BJP,0.0,2
2024,Uttar Pradesh,79,Mirzapur,GEN,Anupriya Patel,AD(S),471631.0,42.67,Ramesh Chand Bind,SP,433821.0,39.25,37810.0,Result Declared,4.18,Tight / Close Contest,NDA,0.9198,AD(S),0.0,2
2024,Uttar Pradesh,80,Robertsganj,SC,Chhotelal,SP,465848.0,46.14,Rinki Kol,AD(S),336614.0,33.34,129234.0,Result Declared,16.1,Landslide,UPA / I.N.D.I.A.,0.7226,AD(S),1.0,0
2024,Uttarakhand,1,Tehri Garhwal,GEN,Mala Rajya Lakshmi Shah,BJP,462603.0,53.66,Jot Singh Gunsola,INC,190110.0,22.05,272493.0,Result Declared,41.75,Landslide,NDA,0.411,BJP,0.0,2
2024,Uttarakhand,2,Garhwal,GEN,Anil Baluni,BJP,432159.0,58.6,Ganesh Godiyal,INC,268656.0,36.43,163503.0,Result Declared,23.33,Landslide,NDA,0.6217,BJP,0.0,2
2024,Uttarakhand,3,Almora,SC,Ajay Tamta,BJP,429167.0,64.2,Pradeep Tamta,INC,195070.0,29.18,234097.0,Result Declared,37.5,Landslide,NDA,0.4545,BJP,0.0,2
2024,Uttarakhand,4,Nainital-Udhamsingh Nagar,GEN,Ajay Bhatt,BJP,772671.0,61.03,Prakash Joshi,INC,438123.0,34.61,334548.0,Result Declared,27.63,Landslide,NDA,0.567,BJP,0.0,2
2024,Uttarakhand,5,Haridwar,GEN,Trivendra Singh Rawat,BJP,653808.0,50.19,Virendra Rawat,INC,489752.0,37.6,164056.0,Result Declared,14.35,Comfortable,NDA,0.7491,BJP,0.0,2
2024,West Bengal,1,Cooch Behar,SC,Jagadish Chandra Barma Basunia,TMC,788375.0,48.57,Nisith Pramanik,BJP,749125.0,46.16,39250.0,Result Declared,2.55,Tight / Close Contest,UPA / I.N.D.I.A.,0.9502,BJP,1.0,0
2024,West Bengal,2,Alipurduars,SC,Manoj Tigga,BJP,695314.0,48.92,Prakash Chik Baraik,TMC,619867.0,43.61,75447.0,Result Declared,5.74,Comfortable,NDA,0.8915,BJP,0.0,1
2024,West Bengal,3,Jalpaiguri,SC,Jayanta Kumar Roy,BJP,766568.0,48.57,Nirmal Chandra Roy,TMC,679875.0,43.07,86693.0,Result Declared,5.99,Comfortable,NDA,0.8869,BJP,0.0,1
2024,West Bengal,4,Darjeeling,GEN,Raju Bista,BJP,679331.0,51.18,Gopal Lama,TMC,500806.0,37.73,178525.0,Result Declared,15.13,Landslide,NDA,0.7372,BJP,0.0,3
2024,West Bengal,5,Raiganj,GEN,Kartick Chandra Paul,BJP,560897.0,40.99,Krishna Kalyani,TMC,492700.0,36.0,68197.0,Result Declared,6.47,Comfortable,NDA,0.8784,BJP,0.0,1
2024,West Bengal,6,Balurghat,GEN,Sukanta Majumdar,BJP,574996.0,46.47,Biplab Mitra,TMC,564610.0,45.63,10386.0,Result Declared,0.91,Tight / Close Contest,NDA,0.9819,BJP,0.0,1
2024,West Bengal,7,Maldaha Uttar,GEN,Khagen Murmu,BJP,527023.0,37.18,Prasun Banerjee,TMC,449315.0,31.7,77708.0,Result Declared,7.96,Comfortable,NDA,0.8526,BJP,0.0,1
2024,West Bengal,8,Maldaha Dakshin,GEN,Isha Khan Choudhury,INC,572395.0,41.79,Sreerupa Mitra Chaudhury,BJP,444027.0,32.42,128368.0,Result Declared,12.63,Comfortable,UPA / I.N.D.I.A.,0.7757,INC,0.0,4
2024,West Bengal,9,Jangipur,GEN,Khalilur Rahaman,TMC,544427.0,39.75,Murtoja Hossain Bokul,INC,427790.0,31.23,116637.0,Result Declared,12.0,Comfortable,UPA / I.N.D.I.A.,0.7858,TMC,0.0,1
2024,West Bengal,10,Baharampur,GEN,Yusuf Pathan,TMC,524516.0,37.88,Adhir Ranjan Chowdhury,INC,439494.0,31.74,85022.0,Result Declared,8.82,Comfortable,UPA / I.N.D.I.A.,0.8379,INC,1.0,0
2024,West Bengal,11,Murshidabad,GEN,Abu Taher Khan,TMC,682442.0,44.27,Mohammed Salim,CPI(M),518227.0,33.62,164215.0,Result Declared,13.68,Comfortable,UPA / I.N.D.I.A.,0.7594,TMC,0.0,1
2024,West Bengal,12,Krishnanagar,GEN,Mahua Moitra,TMC,628789.0,44.1,Amrita Roy,BJP,572084.0,40.13,56705.0,Result Declared,4.72,Tight / Close Contest,UPA / I.N.D.I.A.,0.9098,TMC,0.0,3
2024,West Bengal,13,Ranaghat,SC,Jagannath Sarkar,BJP,782396.0,50.78,Mukut Mani Adhikari,TMC,595497.0,38.65,186899.0,Result Declared,13.56,Comfortable,NDA,0.7611,BJP,0.0,1
2024,West Bengal,14,Bangaon,SC,Shantanu Thakur,BJP,719505.0,48.19,Biswajit Das,TMC,645812.0,43.25,73693.0,Result Declared,5.4,Comfortable,NDA,0.8976,BJP,0.0,1
2024,West Bengal,15,Barrackpur,GEN,Partha Bhowmick,TMC,520231.0,45.56,Arjun Singh,BJP,455793.0,39.92,64438.0,Result Declared,6.6,Comfortable,UPA / I.N.D.I.A.,0.8761,BJP,1.0,0
2024,West Bengal,16,Dum Dum,GEN,Sougata Ray,TMC,528579.0,41.95,Silbhadra Datta,BJP,457919.0,36.34,70660.0,Result Declared,7.16,Comfortable,UPA / I.N.D.I.A.,0.8663,TMC,0.0,3
2024,West Bengal,17,Barasat,GEN,Kakoli Ghosh Dastidar,TMC,692010.0,45.15,Swapan Majumder,BJP,577821.0,37.7,114189.0,Result Declared,8.99,Comfortable,UPA / I.N.D.I.A.,0.835,TMC,0.0,3
2024,West Bengal,18,Basirhat,GEN,Sk Nurul Islam,TMC,803762.0,52.76,Rekha Patra,BJP,470215.0,30.87,333547.0,Result Declared,26.18,Landslide,UPA / I.N.D.I.A.,0.585,TMC,0.0,3
2024,West Bengal,19,Joynagar,GEN,Pratima Mondal,TMC,894312.0,60.32,Ashok Kandary,BJP,424093.0,28.6,470219.0,Result Declared,35.67,Landslide,UPA / I.N.D.I.A.,0.4742,TMC,0.0,2
2024,West Bengal,20,Mathurapur,SC,Bapi Haldar,TMC,755731.0,50.52,Ashok Purkait,BJP,554674.0,37.08,201057.0,Result Declared,15.34,Landslide,UPA / I.N.D.I.A.,0.734,TMC,0.0,3
2024,West Bengal,21,Diamond Harbour,GEN,Abhishek Banerjee,TMC,1048230.0,68.48,Abhijit Das (Bobby),BJP,337300.0,22.03,710930.0,Result Declared,51.31,Landslide,UPA / I.N.D.I.A.,0.3218,TMC,0.0,3
2024,West Bengal,22,Jadavpur,GEN,Sayani Ghosh,TMC,717899.0,45.83,Dr. Anirban Ganguly,BJP,459698.0,29.35,258201.0,Result Declared,21.93,Landslide,UPA / I.N.D.I.A.,0.6403,TMC,0.0,3
2024,West Bengal,23,Kolkata Dakshin,GEN,Mala Roy,TMC,615274.0,49.48,Debasree Chaudhuri,BJP,428043.0,34.42,187231.0,Result Declared,17.95,Landslide,UPA / I.N.D.I.A.,0.6957,TMC,0.0,4
2024,West Bengal,24,Kolkata Uttar,GEN,Sudip Bandyopadhyay,TMC,454696.0,47.44,Tapas Roy,BJP,362136.0,37.78,92560.0,Result Declared,11.33,Comfortable,UPA / I.N.D.I.A.,0.7964,TMC,0.0,3
2024,West Bengal,25,Howrah,GEN,Prasun Banerjee,TMC,626493.0,49.26,Rathin Chakravarty,BJP,457051.0,35.94,169442.0,Result Declared,15.64,Landslide,UPA / I.N.D.I.A.,0.7295,TMC,0.0,3
2024,West Bengal,26,Uluberia,GEN,Sajda Ahmed,TMC,724622.0,52.1,Arunuday Paulchowdhury,BJP,505949.0,36.38,218673.0,Result Declared,17.77,Landslide,UPA / I.N.D.I.A.,0.6982,TMC,0.0,3
2024,West Bengal,27,Serampore,GEN,Kalyan Banerjee,TMC,673970.0,45.65,Kabir Shankar Bose,BJP,499140.0,33.8,174830.0,Result Declared,14.9,Comfortable,UPA / I.N.D.I.A.,0.7406,TMC,0.0,3
2024,West Bengal,28,Hooghly,GEN,Rachna Banerjee,TMC,702744.0,46.31,Locket Chatterjee,BJP,625891.0,41.24,76853.0,Result Declared,5.78,Comfortable,UPA / I.N.D.I.A.,0.8906,BJP,1.0,0
2024,West Bengal,29,Arambagh,SC,Mitali Bag,TMC,712587.0,45.71,Arup Kanti Digar,BJP,706188.0,45.3,6399.0,Result Declared,0.45,Tight / Close Contest,UPA / I.N.D.I.A.,0.991,TMC,0.0,2
2024,West Bengal,30,Tamluk,GEN,Abhijit Gangopadhyay,BJP,765584.0,48.54,Debangshu Bhattacharya,TMC,687851.0,43.61,77733.0,Result Declared,5.35,Comfortable,NDA,0.8985,TMC,1.0,0
2024,West Bengal,31,Kanthi,GEN,Soumendu Adhikari,BJP,763195.0,49.85,Uttam Barik,TMC,715431.0,46.73,47764.0,Result Declared,3.23,Tight / Close Contest,NDA,0.9374,TMC,1.0,0
2024,West Bengal,32,Ghatal,GEN,Deepak Adhikari (Dev),TMC,837990.0,52.36,Hiranmoy Chattopadhyaya,BJP,655122.0,40.93,182868.0,Result Declared,12.25,Comfortable,UPA / I.N.D.I.A.,0.7818,TMC,0.0,2
2024,West Bengal,33,Jhargram,ST,Kalipada Saren,TMC,743478.0,49.87,Dr. Pranat Tudu,BJP,569430.0,38.2,174048.0,Result Declared,13.26,Comfortable,UPA / I.N.D.I.A.,0.7659,BJP,1.0,0
2024,West Bengal,34,Medinipur,GEN,June Maliah,TMC,702192.0,47.4,Agnimitra Paul,BJP,675001.0,45.56,27191.0,Result Declared,1.97,Tight / Close Contest,UPA / I.N.D.I.A.,0.9613,BJP,1.0,0
2024,West Bengal,35,Purulia,GEN,Jyotirmay Singh Mahato,BJP,578489.0,40.34,Shantiram Mahato,TMC,561410.0,39.15,17079.0,Result Declared,1.5,Tight / Close Contest,NDA,0.9705,BJP,0.0,1
2024,West Bengal,36,Bankura,GEN,Arup Chakraborty,TMC,641813.0,44.33,Subhas Sarkar,BJP,609035.0,42.07,32778.0,Result Declared,2.62,Tight / Close Contest,UPA / I.N.D.I.A.,0.9489,BJP,1.0,0
2024,West Bengal,37,Bishnupur,SC,Saumitra Khan,BJP,680130.0,44.93,Sujata Mondal,TMC,674563.0,44.56,5567.0,Result Declared,0.41,Tight / Close Contest,NDA,0.9918,BJP,0.0,1
2024,West Bengal,38,Bardhaman Purba,SC,Sharmila Sarkar,TMC,720302.0,48.11,Asim Kumar Sarkar,BJP,559730.0,37.38,160572.0,Result Declared,12.54,Comfortable,UPA / I.N.D.I.A.,0.7771,TMC,0.0,2
2024,West Bengal,39,Bardhaman-Durgapur,GEN,Kirti Azad Jha,TMC,720667.0,47.99,Dilip Ghosh,BJP,582686.0,38.8,137981.0,Result Declared,10.59,Comfortable,UPA / I.N.D.I.A.,0.8085,BJP,1.0,0
2024,West Bengal,40,Asansol,GEN,Shatrughan Prasad Sinha,TMC,605645.0,46.53,Surendrajeet Singh Ahluwalia,BJP,546081.0,41.96,59564.0,Result Declared,5.17,Comfortable,UPA / I.N.D.I.A.,0.9017,BJP,1.0,0
2024,West Bengal,41,Bolpur,SC,Asit Kumar Mal,TMC,855633.0,55.98,Piya Saha,BJP,528380.0,34.57,327253.0,Result Declared,23.65,Landslide,UPA / I.N.D.I.A.,0.6175,TMC,0.0,2
2024,West Bengal,42,Birbhum,GEN,Satabdi Roy,TMC,717961.0,47.0,Debtanu Bhattacharya,BJP,520311.0,34.06,197650.0,Result Declared,15.96,Landslide,UPA / I.N.D.I.A.,0.7247,TMC,0.0,3
