Year,Party,Votes,Seats,Percentage,Coalition_Block,Seat_Conversion_Efficiency
2004,AD(S),844053.0,0,0.22,NDA,0.0
2004,AGP,2069600.0,2,0.53,NDA,3.77
2004,AIADMK,8547014.0,0,2.19,Others / Regional,0.0
2004,AIFB,1365055.0,3,0.35,Left Front,8.57
2004,AIMIM,417248.0,1,0.11,Others / Regional,9.09
2004,AJSU,157930.0,0,0.04,NDA,0.0
2004,Akhand Bharti,138.0,0,0.0,Others / Regional,0.0
2004,Akhil Bharatiya Congress Dal (Ambedkar),19548.0,0,0.01,Others / Regional,0.0
2004,Akhil Bharatiya Desh Bhakt Morcha,7696.0,0,0.0,Others / Regional,0.0
2004,Akhil Bharatiya Lok Tantrik Alp-Sankhyak Jan Morcha,6003.0,0,0.0,Others / Regional,0.0
2004,Akhil Bharatiya Rashtriya Azad Hind Party,2801.0,0,0.0,Others / Regional,0.0
2004,Akhil Bharatiya Sena,92210.0,0,0.02,Others / Regional,0.0
2004,Akhil Bhartiya Loktantra Party,754.0,0,0.0,Others / Regional,0.0
2004,Akhil Bhartiya Rajarya Sabha,2080.0,0,0.0,Others / Regional,0.0
2004,All India Minorities Front,4874.0,0,0.0,Others / Regional,0.0
2004,All India Momin Conference,5113.0,0,0.0,Others / Regional,0.0
2004,All Kerala M.G.R. Dravida Munnetra Party,2158.0,0,0.0,Others / Regional,0.0
2004,Ambedkar National Congress,825.0,0,0.0,Others / Regional,0.0
2004,Ambedkar Samaj Party,20767.0,0,0.01,Others / Regional,0.0
2004,Ambedkarist Republican Party,31467.0,0,0.01,Others / Regional,0.0
2004,Amra Bangali,38107.0,0,0.01,Others / Regional,0.0
2004,Arunachal Congress,76527.0,0,0.02,Others / Regional,0.0
2004,Autonomous State Demand Committee,101808.0,0,0.03,Others / Regional,0.0
2004,Awami Party,327.0,0,0.0,Others / Regional,0.0
2004,BJD,5082849.0,11,1.3,Others / Regional,8.46
2004,BJP,86371561.0,138,22.16,NDA,6.23
2004,BSP,20765229.0,19,5.33,Others / Regional,3.56
2004,Bahujan Kisan Dal,52669.0,0,0.01,Others / Regional,0.0
2004,Bahujan Vikas Party,4533.0,0,0.0,Others / Regional,0.0
2004,Bharat Ki Lok Jimmedar Party,2055.0,0,0.0,Others / Regional,0.0
2004,Bharat Kranti Rakshak Party,12547.0,0,0.0,Others / Regional,0.0
2004,Bharatiya Backward Party,2162.0,0,0.0,Others / Regional,0.0
2004,Bharatiya Eklavya Party,12197.0,0,0.0,Others / Regional,0.0
2004,Bharatiya Ekta Dal,4312.0,0,0.0,Others / Regional,0.0
2004,Bharatiya Gaon Taj Dal,19909.0,0,0.01,Others / Regional,0.0
2004,Bharatiya Jana Sangh,9707.0,0,0.0,Others / Regional,0.0
2004,Bharatiya Janvadi Party,543.0,0,0.0,Others / Regional,0.0
2004,Bharatiya Labour Party,1758.0,0,0.0,Others / Regional,0.0
2004,Bharatiya Manavata Vikas Party,24176.0,0,0.01,Others / Regional,0.0
2004,Bharatiya Minorities Suraksha Mahasangh,8200.0,0,0.0,Others / Regional,0.0
2004,Bharatiya Muhabbat Party (All India),566.0,0,0.0,Others / Regional,0.0
2004,Bharatiya Nagrik Party,1580.0,0,0.0,Others / Regional,0.0
2004,Bharatiya Navshakti Party,171080.0,1,0.04,Others / Regional,25.0
2004,Bharatiya Prajatantra Party,573.0,0,0.0,Others / Regional,0.0
2004,Bharatiya Prajatantrik Shudh Gandhiwadi Krishak Dal,1689.0,0,0.0,Others / Regional,0.0
2004,Bharatiya Rashtravadi Paksha,11459.0,0,0.0,Others / Regional,0.0
2004,Bharatiya Republican Paksha,16546.0,0,0.0,Others / Regional,0.0
2004,Bharatiya Sarvkalyan Krantidal,365.0,0,0.0,Others / Regional,0.0
2004,Bharatiya Surajya Manch,515.0,0,0.0,Others / Regional,0.0
2004,Bharipa Bahujan Mahasangh,428566.0,0,0.11,Others / Regional,0.0
2004,Bharti Sarvadarshi Parishad,427.0,0,0.0,Others / Regional,0.0
2004,Bhartiya Lok Kalyan Dal,2242.0,0,0.0,Others / Regional,0.0
2004,Bihar People'S Party,86418.0,0,0.02,Others / Regional,0.0
2004,CPI,5484111.0,10,1.41,UPA / I.N.D.I.A.,7.09
2004,CPI(M),22070614.0,43,5.66,UPA / I.N.D.I.A.,7.6
2004,CPI(ML)L,1281688.0,0,0.33,UPA / I.N.D.I.A.,0.0
2004,Chhattisgarhi Samaj Party,24696.0,0,0.01,Others / Regional,0.0
2004,DMK,7064393.0,16,1.81,UPA / I.N.D.I.A.,8.84
2004,Democratic Bharatiya Samaj Party,6717.0,0,0.0,Others / Regional,0.0
2004,Desh Bhakt Party,912.0,0,0.0,Others / Regional,0.0
2004,Ekta Krandi Dal U.P.,1939.0,0,0.0,Others / Regional,0.0
2004,Ekta Shakti,126924.0,0,0.03,Others / Regional,0.0
2004,Ephraim Union,6512.0,0,0.0,Others / Regional,0.0
2004,Federal Congress Of India,1037.0,0,0.0,Others / Regional,0.0
2004,Federal Party Of Manipur,88179.0,0,0.02,Others / Regional,0.0
2004,Gondwana Ganatantra Party,720189.0,0,0.18,Others / Regional,0.0
2004,Haryana Vikas Party,506122.0,0,0.13,Others / Regional,0.0
2004,Hind Morcha,1459.0,0,0.0,Others / Regional,0.0
2004,Hindu Ekta Andolan Party,620.0,0,0.0,Others / Regional,0.0
2004,Hindu Mahasabha,88214.0,0,0.02,Others / Regional,0.0
2004,Hindustan Janata Party,17410.0,0,0.0,Others / Regional,0.0
2004,INC,103408949.0,145,26.53,UPA / I.N.D.I.A.,5.47
2004,IND,16549900.0,5,4.25,Others / Regional,1.18
2004,IUML,770098.0,1,0.2,UPA / I.N.D.I.A.,5.0
2004,Indian Bahujan Samajwadi Party,972.0,0,0.0,Others / Regional,0.0
2004,Indian Federal Democratic Party,256411.0,1,0.07,Others / Regional,14.29
2004,Indian Justice Party,67914.0,0,0.02,Others / Regional,0.0
2004,Indian National League,20159.0,0,0.01,Others / Regional,0.0
2004,Indian National Lok Dal,1936703.0,0,0.5,Others / Regional,0.0
2004,JD(S),5732296.0,3,1.47,Others / Regional,2.04
2004,JD(U),9144963.0,8,2.35,NDA,3.4
2004,JKNC,493067.0,2,0.13,UPA / I.N.D.I.A.,15.38
2004,JMM,1846843.0,5,0.47,UPA / I.N.D.I.A.,10.64
2004,Jai Hind Party,8645.0,0,0.0,Others / Regional,0.0
2004,Jammu And Kashmir Awami League,1519.0,0,0.0,Others / Regional,0.0
2004,Jammu And Kashmir National Panthers Party,70078.0,0,0.02,Others / Regional,0.0
2004,Jan Chetna Party,671.0,0,0.0,Others / Regional,0.0
2004,Jana Unnayan Mancha,2592.0,0,0.0,Others / Regional,0.0
2004,Janata Party,517683.0,0,0.13,Others / Regional,0.0
2004,Janata Vikas Party,3173.0,0,0.0,Others / Regional,0.0
2004,Janhit Samaj Party,1310.0,0,0.0,Others / Regional,0.0
2004,Janmangal Paksh,2684.0,0,0.0,Others / Regional,0.0
2004,Jansatta Party,1189.0,0,0.0,Others / Regional,0.0
2004,Jebamani Janata,734.0,0,0.0,Others / Regional,0.0
2004,Jharkhand Disom Party,135685.0,0,0.03,Others / Regional,0.0
2004,Jharkhand Party,74364.0,0,0.02,Others / Regional,0.0
2004,Jharkhand Party (Naren),67782.0,0,0.02,Others / Regional,0.0
2004,Jharkhand People'S Party,1449.0,0,0.0,Others / Regional,0.0
2004,Kannada Nadu Party,349183.0,0,0.09,Others / Regional,0.0
2004,Kerala Congress,353905.0,1,0.09,Others / Regional,11.11
2004,Kerala Congress (M),209880.0,0,0.05,Others / Regional,0.0
2004,Kosi Vikas Party,25258.0,0,0.01,Others / Regional,0.0
2004,Kranti Kari Jai Hind Sena,3393.0,0,0.0,Others / Regional,0.0
2004,Krantikari Manuwadi Morcha,597.0,0,0.0,Others / Regional,0.0
2004,Krantikari Samyavadi Party,6948.0,0,0.0,Others / Regional,0.0
2004,LJP,2771427.0,4,0.71,NDA,5.63
2004,Labour Party (Secular),63989.0,0,0.02,Others / Regional,0.0
2004,Labour Party Of India (V.V. Prasad),4977.0,0,0.0,Others / Regional,0.0
2004,Lok Bhalai Party,187787.0,0,0.05,Others / Regional,0.0
2004,Lok Rajya Party,54097.0,0,0.01,Others / Regional,0.0
2004,Lok Sewa Dal,2646.0,0,0.0,Others / Regional,0.0
2004,Lokpriya Samaj Party,9913.0,0,0.0,Others / Regional,0.0
2004,Loktantrik Chetna Party,2776.0,0,0.0,Others / Regional,0.0
2004,Loktantrik Samajwadi Party,22811.0,0,0.01,Others / Regional,0.0
2004,MDMK,1679870.0,4,0.43,UPA / I.N.D.I.A.,9.3
2004,Mahabharat People'S Party,77055.0,0,0.02,Others / Regional,0.0
2004,Maharashtra Rajiv Congress,1399.0,0,0.0,Others / Regional,0.0
2004,Maharashtrawadi Gomantak Party,7584.0,0,0.0,Others / Regional,0.0
2004,Majlis Bachao Tahreek,47560.0,0,0.01,Others / Regional,0.0
2004,Manav Jagriti Manch,552.0,0,0.0,Others / Regional,0.0
2004,Manuvadi Party,14233.0,0,0.0,Others / Regional,0.0
2004,Marxist Co-Ordination Committee,147470.0,0,0.04,Others / Regional,0.0
2004,Marxist Communist Party Of India (S.S. Srivastava),38766.0,0,0.01,Others / Regional,0.0
2004,Mizo National Front,182864.0,1,0.05,Others / Regional,20.0
2004,Mool Bharati (S) Party,1675.0,0,0.0,Others / Regional,0.0
2004,Mudiraj Rashtriya Samithi,3345.0,0,0.0,Others / Regional,0.0
2004,NCP,7023175.0,9,1.8,NDA,5.0
2004,Naari Shakti Party,4649.0,0,0.0,Others / Regional,0.0
2004,Naga People'S Front,715366.0,1,0.18,Others / Regional,5.56
2004,National Loktantrik Party,367049.0,1,0.09,Others / Regional,11.11
2004,National Students Party,3069.0,0,0.0,Others / Regional,0.0
2004,Navabharata Nirman Party,7169.0,0,0.0,Others / Regional,0.0
2004,Nidaya Malik (N) Party,1030.0,0,0.0,Others / Regional,0.0
2004,Niswarth Sewa Party,730.0,0,0.0,Others / Regional,0.0
2004,Nominated Anglo-Indian,0.0,2,0.0,Others / Regional,0.0
2004,Ntr Telugu Desam Party (Lakshmi Parvathi),759.0,0,0.0,Others / Regional,0.0
2004,Pachim Banga Rajya Muslim League,10446.0,0,0.0,Others / Regional,0.0
2004,Panchayat Raj Party,2165.0,0,0.0,Others / Regional,0.0
2004,Parivartan Samaj Party,12273.0,0,0.0,Others / Regional,0.0
2004,Parmarth Party,126.0,0,0.0,Others / Regional,0.0
2004,Party Of Democratic Socialism,81999.0,0,0.02,Others / Regional,0.0
2004,Pattali Makkal Katchi,2169020.0,6,0.56,Others / Regional,10.71
2004,Pdp(In Kashmir),267457.0,1,0.07,Others / Regional,14.29
2004,Peasants And Workers Party Of India,319572.0,0,0.08,Others / Regional,0.0
2004,Peoples Democratic Party,45720.0,0,0.01,Others / Regional,0.0
2004,Peoples Republican Party,261219.0,0,0.07,Others / Regional,0.0
2004,Phule Bharti Lok Party,1690.0,0,0.0,Others / Regional,0.0
2004,Pichhra Samaj Party,5672.0,0,0.0,Others / Regional,0.0
2004,Prabuddha Republican Party,29792.0,0,0.01,Others / Regional,0.0
2004,Pragatisheel Manav Samaj Party,54746.0,0,0.01,Others / Regional,0.0
2004,Praja Party,485.0,0,0.0,Others / Regional,0.0
2004,Proutist Sarva Samaj Party,11561.0,0,0.0,Others / Regional,0.0
2004,Pyramid Party Of India,130362.0,0,0.03,Others / Regional,0.0
2004,RJD,9384147.0,24,2.41,UPA / I.N.D.I.A.,9.96
2004,RLD,2463607.0,3,0.63,NDA,4.76
2004,RSP,1689794.0,3,0.43,UPA / I.N.D.I.A.,6.98
2004,Rajasthan Vikash Party,10032.0,0,0.0,Others / Regional,0.0
2004,Rashtravadi Communist Party,28757.0,0,0.01,Others / Regional,0.0
2004,Rashtravadi Janata Party,3737.0,0,0.0,Others / Regional,0.0
2004,Rashtriya Garib Dal,1977.0,0,0.0,Others / Regional,0.0
2004,Rashtriya Garima Party,2043.0,0,0.0,Others / Regional,0.0
2004,Rashtriya Hamara Dal,12346.0,0,0.0,Others / Regional,0.0
2004,Rashtriya Janadhikar Party,487.0,0,0.0,Others / Regional,0.0
2004,Rashtriya Krantikari Samajwadi Party,9145.0,0,0.0,Others / Regional,0.0
2004,Rashtriya Lok Seva Morcha,2476.0,0,0.0,Others / Regional,0.0
2004,Rashtriya Parivartan Dal,139145.0,0,0.04,Others / Regional,0.0
2004,Rashtriya Sakar Party,379.0,0,0.0,Others / Regional,0.0
2004,Rashtriya Samaj Paksha,146571.0,0,0.04,Others / Regional,0.0
2004,Rashtriya Samajik Nayak Paksha,27594.0,0,0.01,Others / Regional,0.0
2004,Rashtriya Samanta Dal,209694.0,0,0.05,Others / Regional,0.0
2004,Rashtriya Swabhimaan Party,58296.0,0,0.01,Others / Regional,0.0
2004,Rashtriya Swarn Dal,7374.0,0,0.0,Others / Regional,0.0
2004,Rashtriya Vikas Party,15159.0,0,0.0,Others / Regional,0.0
2004,Republican Party Of India,295545.0,0,0.08,Others / Regional,0.0
2004,Republican Party Of India (Athawale),367510.0,1,0.09,Others / Regional,11.11
2004,Republican Party Of India (Democratic),2370.0,0,0.0,Others / Regional,0.0
2004,Republican Party Of India (Khobragade),4790.0,0,0.0,Others / Regional,0.0
2004,Revolutionary Communist Party Of India (Rasik Bhatt),16691.0,0,0.0,Others / Regional,0.0
2004,SAD,3506681.0,8,0.9,NDA,8.89
2004,SDF,153409.0,1,0.04,Others / Regional,25.0
2004,SP,16824072.0,36,4.32,UPA / I.N.D.I.A.,8.33
2004,SS,7056255.0,12,1.81,NDA,6.63
2004,Samajwadi Jan Parishad,17717.0,0,0.0,Others / Regional,0.0
2004,Samajwadi Janata Party (Rashtriya),337386.0,1,0.09,Others / Regional,11.11
2004,Samata Samaj Party,78791.0,0,0.02,Others / Regional,0.0
2004,Sampurna Vikas Dal,27135.0,0,0.01,Others / Regional,0.0
2004,Samta Party,201276.0,0,0.05,Others / Regional,0.0
2004,Sanatan Samaj Party,2679.0,0,0.0,Others / Regional,0.0
2004,Savarn Samaj Party,21246.0,0,0.01,Others / Regional,0.0
2004,Secular Party Of India,3041.0,0,0.0,Others / Regional,0.0
2004,Shikshit Berozgar Sena,4303.0,0,0.0,Others / Regional,0.0
2004,Shiromani Akali Dal (Simranjit Singh Mann),387682.0,0,0.1,Others / Regional,0.0
2004,Shivrajya Party,18374.0,0,0.0,Others / Regional,0.0
2004,Shoshit Samaj Dal,8862.0,0,0.0,Others / Regional,0.0
2004,Shoshit Samaj Party,395.0,0,0.0,Others / Regional,0.0
2004,Sikkim Himali Rajya Parishad,2765.0,0,0.0,Others / Regional,0.0
2004,Sikkim Sangram Parishad,3216.0,0,0.0,Others / Regional,0.0
2004,Social Action Party,2987.0,0,0.0,Others / Regional,0.0
2004,Socialist Party (Lohia),18628.0,0,0.0,Others / Regional,0.0
2004,Socialistic Democratic Party,1265.0,0,0.0,Others / Regional,0.0
2004,Suheldev Bharatiya Samaj Party,275267.0,0,0.07,Others / Regional,0.0
2004,Swaraj Dal,298.0,0,0.0,Others / Regional,0.0
2004,TDP,11844811.0,5,3.04,NDA,1.64
2004,TMC,8071867.0,2,2.07,UPA / I.N.D.I.A.,0.97
2004,TRS,2441405.0,5,0.63,Others / Regional,7.94
2004,Tamil Desiyak Katchi,25348.0,0,0.01,Others / Regional,0.0
2004,Trinamool Gana Parishad,14933.0,0,0.0,Others / Regional,0.0
2004,United Goans Democratic Party,5881.0,0,0.0,Others / Regional,0.0
2004,"United Minorities Front, Assam",64657.0,0,0.02,Others / Regional,0.0
2004,Urs Samyuktha Paksha,33128.0,0,0.01,Others / Regional,0.0
2004,Uttarakhand Kranti Dal,43899.0,0,0.01,Others / Regional,0.0
2004,Vidarbha Janata Congress,9097.0,0,0.0,Others / Regional,0.0
2004,Vidharbha Rajya Party,36974.0,0,0.01,Others / Regional,0.0
2004,Vijeta Party,1304.0,0,0.0,Others / Regional,0.0
2004,Vikas Party,2998.0,0,0.0,Others / Regional,0.0
2004,Youth And Students Party,6580.0,0,0.0,Others / Regional,0.0
2004,Yuva Gantantra Party,4140.0,0,0.0,Others / Regional,0.0
2009,A-Chik National Congress (Democratic),40204.0,0,0.01,Others / Regional,0.0
2009,AD(S),495032.0,0,0.12,NDA,0.0
2009,AGP,1773103.0,1,0.43,NDA,2.33
2009,AIADMK,6953591.0,9,1.67,Others / Regional,5.39
2009,AIFB,1345803.0,2,0.32,Left Front,6.25
2009,AIMIM,308061.0,1,0.07,Others / Regional,14.29
2009,AJSU,200523.0,0,0.05,NDA,0.0
2009,Aadivasi Sena Party,9936.0,0,0.0,Others / Regional,0.0
2009,Adarshwadi Dal,614.0,0,0.0,Others / Regional,0.0
2009,Advait Ishwasyam Congress,1718.0,0,0.0,Others / Regional,0.0
2009,Ajeya Bharat Party,7567.0,0,0.0,Others / Regional,0.0
2009,Akhil Bartiya Manav Seva Dal,26268.0,0,0.01,Others / Regional,0.0
2009,Akhil Bharatiya Ashok Sena,13828.0,0,0.0,Others / Regional,0.0
2009,Akhil Bharatiya Congress Dal (Ambedkar),22861.0,0,0.01,Others / Regional,0.0
2009,Akhil Bharatiya Desh Bhakt Morcha,6220.0,0,0.0,Others / Regional,0.0
2009,Akhil Bharatiya Hind Kranti Party,2633.0,0,0.0,Others / Regional,0.0
2009,Akhil Bharatiya Mahasand Sarvahara Krantikari Party,1197.0,0,0.0,Others / Regional,0.0
2009,Akhil Bharatiya Shivsena Rashtrawadi,1108.0,0,0.0,Others / Regional,0.0
2009,Akhil Bhartiya Kisan Mazdoor Morcha,305.0,0,0.0,Others / Regional,0.0
2009,Akhil Bhartiya Loktantra Party,578.0,0,0.0,Others / Regional,0.0
2009,Akhil Bhartiya Manavata Paksha,1619.0,0,0.0,Others / Regional,0.0
2009,Akhil Bhartiya Rajarya Sabha,8065.0,0,0.0,Others / Regional,0.0
2009,Akhil Bhartiya Sindhu Samajwadi Party,786.0,0,0.0,Others / Regional,0.0
2009,Akhil Rashtrawadi Party,969.0,0,0.0,Others / Regional,0.0
2009,Akhila India Jananayaka Makkal Katchi (Dr. Issac),21609.0,0,0.01,Others / Regional,0.0
2009,Akila India Vallalar Peravai,20982.0,0,0.01,Others / Regional,0.0
2009,All India Bahujan Samman Party,1217.0,0,0.0,Others / Regional,0.0
2009,All India Bharti Jug Party,1085.0,0,0.0,Others / Regional,0.0
2009,All India Dalit Welfare Congress,8961.0,0,0.0,Others / Regional,0.0
2009,All India Forward Bloc (Subhasist),2758.0,0,0.0,Others / Regional,0.0
2009,All India Minorities Front,10211.0,0,0.0,Others / Regional,0.0
2009,All India Momin Conference,2765.0,0,0.0,Others / Regional,0.0
2009,All India Raksha Party,678.0,0,0.0,Others / Regional,0.0
2009,Alpjan Samaj Party,2678.0,0,0.0,Others / Regional,0.0
2009,Ambedkar National Congress,60896.0,0,0.01,Others / Regional,0.0
2009,Ambedkar Pragatisheel Republican Dal,7482.0,0,0.0,Others / Regional,0.0
2009,Ambedkar Samaj Party,42586.0,0,0.01,Others / Regional,0.0
2009,Ambedkarbadi Party,2664.0,0,0.0,Others / Regional,0.0
2009,Ambedkarist Republican Party,6672.0,0,0.0,Others / Regional,0.0
2009,Amra Bangali,45102.0,0,0.01,Others / Regional,0.0
2009,Anaithindia Dravidar Samudaya Munnetra Kazhagam,1189.0,0,0.0,Others / Regional,0.0
2009,Arunachal Congress,46539.0,0,0.01,Others / Regional,0.0
2009,Assam United Democratic Front,2184553.0,1,0.52,Others / Regional,1.92
2009,Autonomous State Demand Committee,123287.0,0,0.03,Others / Regional,0.0
2009,Awami Party,4386.0,0,0.0,Others / Regional,0.0
2009,B.C. United Front,6910.0,0,0.0,Others / Regional,0.0
2009,BJD,6612552.0,14,1.59,Others / Regional,8.81
2009,BJP,78435381.0,116,18.8,NDA,6.17
2009,BPF,656430.0,1,0.16,Others / Regional,6.25
2009,BSP,25728920.0,21,6.17,Others / Regional,3.4
2009,"Backward Classes Democratic Party, J&K",8129.0,0,0.0,Others / Regional,0.0
2009,Bahujan Republican Ekta Manch,42386.0,0,0.01,Others / Regional,0.0
2009,Bahujan Samaj Party(Ambedkar-Phule),10698.0,0,0.0,Others / Regional,0.0
2009,Bahujan Sangharsh Party (Kanshiram),33010.0,0,0.01,Others / Regional,0.0
2009,Bahujan Shakty,18844.0,0,0.0,Others / Regional,0.0
2009,Bahujan Uday Manch,15272.0,0,0.0,Others / Regional,0.0
2009,Bahujan Vikas Aaghadi,223234.0,1,0.05,Others / Regional,20.0
2009,Bahujan Vikas Party,1435.0,0,0.0,Others / Regional,0.0
2009,Bajjikanchal Vikas Party,11097.0,0,0.0,Others / Regional,0.0
2009,Bharat Dal,700.0,0,0.0,Others / Regional,0.0
2009,Bharat Ki Lok Jimmedar Party,790.0,0,0.0,Others / Regional,0.0
2009,Bharat Punarnirman Dal,14974.0,0,0.0,Others / Regional,0.0
2009,Bharat Uday Mission,4210.0,0,0.0,Others / Regional,0.0
2009,Bharat Vikas Morcha,5645.0,0,0.0,Others / Regional,0.0
2009,Bharatheeya Sadharma Samsthapana Party,15718.0,0,0.0,Others / Regional,0.0
2009,Bharathiya Sahayog Congress,4758.0,0,0.0,Others / Regional,0.0
2009,Bharatiya Backward Party,1552.0,0,0.0,Others / Regional,0.0
2009,Bharatiya Bahujan Party,39797.0,0,0.01,Others / Regional,0.0
2009,Bharatiya Eklavya Party,8105.0,0,0.0,Others / Regional,0.0
2009,Bharatiya Gaon Taj Dal,7764.0,0,0.0,Others / Regional,0.0
2009,Bharatiya Grameen Dal,346.0,0,0.0,Others / Regional,0.0
2009,Bharatiya Jai Bheem Party,1253.0,0,0.0,Others / Regional,0.0
2009,Bharatiya Jan Berojgar Chhatra Dal,4307.0,0,0.0,Others / Regional,0.0
2009,Bharatiya Jan Kranti Dal (Democratic),1245.0,0,0.0,Others / Regional,0.0
2009,Bharatiya Jan Shakti,1296.0,0,0.0,Others / Regional,0.0
2009,Bharatiya Jana Sangh,20599.0,0,0.0,Others / Regional,0.0
2009,Bharatiya Jantantrik Janta Dal,34528.0,0,0.01,Others / Regional,0.0
2009,Bharatiya Jantantrik Parishad,6872.0,0,0.0,Others / Regional,0.0
2009,Bharatiya Loktantrik Party (Gandhi-Lohiawadi),3359.0,0,0.0,Others / Regional,0.0
2009,Bharatiya Minorities Suraksha Mahasangh,9871.0,0,0.0,Others / Regional,0.0
2009,Bharatiya Momin Front,13737.0,0,0.0,Others / Regional,0.0
2009,Bharatiya Nagrik Party,1464.0,0,0.0,Others / Regional,0.0
2009,Bharatiya National Janta Dal,7194.0,0,0.0,Others / Regional,0.0
2009,Bharatiya Peoples Party,5226.0,0,0.0,Others / Regional,0.0
2009,Bharatiya Pichhra Dal,3292.0,0,0.0,Others / Regional,0.0
2009,Bharatiya Praja Paksha,9457.0,0,0.0,Others / Regional,0.0
2009,Bharatiya Rashtravadi Paksha,1407.0,0,0.0,Others / Regional,0.0
2009,Bharatiya Rashtriya Morcha,867.0,0,0.0,Others / Regional,0.0
2009,Bharatiya Republican Paksha,25940.0,0,0.01,Others / Regional,0.0
2009,Bharatiya Sadbhawna Samaj Party,15948.0,0,0.0,Others / Regional,0.0
2009,Bharatiya Samaj Dal,5565.0,0,0.0,Others / Regional,0.0
2009,Bharatiya Samaj Kalyan Party Bharat,2822.0,0,0.0,Others / Regional,0.0
2009,Bharatiya Sampuran Krantikari Party,5068.0,0,0.0,Others / Regional,0.0
2009,Bharatiya Samta Samaj Party,11151.0,0,0.0,Others / Regional,0.0
2009,Bharatiya Sarvkalyan Krantidal,496.0,0,0.0,Others / Regional,0.0
2009,Bharatiya Sarvodaya Kranti Party,15734.0,0,0.0,Others / Regional,0.0
2009,Bharatiya Subhash Sena,6250.0,0,0.0,Others / Regional,0.0
2009,Bharipa Bahujan Mahasangh,492470.0,0,0.12,Others / Regional,0.0
2009,Bhartiya Chaitanya Party,1246.0,0,0.0,Others / Regional,0.0
2009,Bhartiya Congress (M),1069.0,0,0.0,Others / Regional,0.0
2009,Bhartiya Deshbhakt Party,2217.0,0,0.0,Others / Regional,0.0
2009,Bhartiya Jagran Party,13506.0,0,0.0,Others / Regional,0.0
2009,Bhartiya Lok Kalyan Dal,5197.0,0,0.0,Others / Regional,0.0
2009,Bhartiya Pragatisheel Congress,2798.0,0,0.0,Others / Regional,0.0
2009,Bira Oriya Party,47720.0,0,0.01,Others / Regional,0.0
2009,Buddhiviveki Vikas Party,1774.0,0,0.0,Others / Regional,0.0
2009,Bundelkhand Akikrit Party,7593.0,0,0.0,Others / Regional,0.0
2009,Bundelkhand Mukti Morcha,1211.0,0,0.0,Others / Regional,0.0
2009,CPI,5951888.0,4,1.43,UPA / I.N.D.I.A.,2.8
2009,CPI(M),22219111.0,16,5.33,UPA / I.N.D.I.A.,3.0
2009,CPI(ML)L,1044510.0,0,0.25,UPA / I.N.D.I.A.,0.0
2009,Chhattisgarh Vikas Party,18394.0,0,0.0,Others / Regional,0.0
2009,Chhattisgarhi Samaj Party,11972.0,0,0.0,Others / Regional,0.0
2009,Christian Democratic Front,1300.0,0,0.0,Others / Regional,0.0
2009,DMK,7625397.0,18,1.83,UPA / I.N.D.I.A.,9.84
2009,Democratic Bharatiya Samaj Party,7817.0,0,0.0,Others / Regional,0.0
2009,Democratic Congress Party,2497.0,0,0.0,Others / Regional,0.0
2009,Democratic Party Of India,494.0,0,0.0,Others / Regional,0.0
2009,Democratic Secular Party,30532.0,0,0.01,Others / Regional,0.0
2009,Desh Bhakt Party,531.0,0,0.0,Others / Regional,0.0
2009,Desia Pathukappu Kazhagam,2154.0,0,0.0,Others / Regional,0.0
2009,Desiya Murpokku Dravida Kazhagam,3126117.0,0,0.75,Others / Regional,0.0
2009,Duggar Pradesh Party,5660.0,0,0.0,Others / Regional,0.0
2009,Eklavya Samaj Party,31983.0,0,0.01,Others / Regional,0.0
2009,Federal Congress Of India,684.0,0,0.0,Others / Regional,0.0
2009,Gondwana Ganatantra Party,220741.0,0,0.05,Others / Regional,0.0
2009,Gondwana Mukti Sena,85355.0,0,0.02,Others / Regional,0.0
2009,Great India Party,18161.0,0,0.0,Others / Regional,0.0
2009,Haryana Janhit Congress (Bl),816395.0,1,0.2,Others / Regional,5.0
2009,Hill State People'S Democratic Party,97613.0,0,0.02,Others / Regional,0.0
2009,Hind Vikas Party,532.0,0,0.0,Others / Regional,0.0
2009,Hindu Mahasabha,47456.0,0,0.01,Others / Regional,0.0
2009,Hindustan Janata Party,7054.0,0,0.0,Others / Regional,0.0
2009,INC,119111019.0,206,28.55,UPA / I.N.D.I.A.,7.22
2009,IND,21647686.0,9,5.19,Others / Regional,1.73
2009,IUML,877494.0,2,0.21,UPA / I.N.D.I.A.,9.52
2009,Indian Bahujan Samajwadi Party,1780.0,0,0.0,Others / Regional,0.0
2009,Indian Christian Secular Party,1853.0,0,0.0,Others / Regional,0.0
2009,Indian Justice Party,177759.0,0,0.04,Others / Regional,0.0
2009,Indian National Lok Dal,1286573.0,0,0.31,Others / Regional,0.0
2009,Indian People'S Forward Block,2686.0,0,0.0,Others / Regional,0.0
2009,Indian Union Muslim League (Iuml),7553.0,0,0.0,Others / Regional,0.0
2009,Inqalab Vikas Dal,4439.0,0,0.0,Others / Regional,0.0
2009,JD(S),3434082.0,3,0.82,Others / Regional,3.66
2009,JD(U),6331201.0,20,1.52,NDA,13.16
2009,JKNC,498374.0,3,0.12,UPA / I.N.D.I.A.,25.0
2009,JKPDP,522760.0,0,0.13,Others / Regional,0.0
2009,JMM,1665173.0,2,0.4,UPA / I.N.D.I.A.,5.0
2009,Jaganmay Nari Sangathan,226.0,0,0.0,Others / Regional,0.0
2009,Jago Party,64482.0,0,0.02,Others / Regional,0.0
2009,Jai Bharat Party,836.0,0,0.0,Others / Regional,0.0
2009,Jai Bharat Samanta Party,4967.0,0,0.0,Others / Regional,0.0
2009,Jai Chhattisgarh Party,2397.0,0,0.0,Others / Regional,0.0
2009,Jai Jawan Jai Kisan Mazdoor Congress,1100.0,0,0.0,Others / Regional,0.0
2009,Jammu And Kashmir Awami National Conference,9900.0,0,0.0,Others / Regional,0.0
2009,Jammu And Kashmir National Panthers Party,87502.0,0,0.02,Others / Regional,0.0
2009,Jammu And Kashmir People'S Conference,65403.0,0,0.02,Others / Regional,0.0
2009,Jan Chetna Party,2987.0,0,0.0,Others / Regional,0.0
2009,Jan Ekta Dal,2787.0,0,0.0,Others / Regional,0.0
2009,Jan Morcha,7826.0,0,0.0,Others / Regional,0.0
2009,Jan Surajya Shakti,23925.0,0,0.01,Others / Regional,0.0
2009,Jana Hitkari Party,13313.0,0,0.0,Others / Regional,0.0
2009,Janata Uday Party,595.0,0,0.0,Others / Regional,0.0
2009,Jansatta Party,2468.0,0,0.0,Others / Regional,0.0
2009,Janvadi Party (Socialist),129595.0,0,0.03,Others / Regional,0.0
2009,Jawan Kisan Morcha,12716.0,0,0.0,Others / Regional,0.0
2009,Jebamani Janata,573.0,0,0.0,Others / Regional,0.0
2009,Jharkhand Disom Party,102698.0,0,0.02,Others / Regional,0.0
2009,Jharkhand Jan Morcha,58025.0,0,0.01,Others / Regional,0.0
2009,Jharkhand Janadikhar Manch,32219.0,0,0.01,Others / Regional,0.0
2009,Jharkhand Party,127414.0,0,0.03,Others / Regional,0.0
2009,Jharkhand Party (Naren),104600.0,0,0.03,Others / Regional,0.0
2009,Jharkhand People'S Party,2498.0,0,0.0,Others / Regional,0.0
2009,Jharkhand Vikas Dal,45246.0,0,0.01,Others / Regional,0.0
2009,Jharkhand Vikas Morcha (Prajatantrik),963274.0,1,0.23,Others / Regional,4.35
2009,Kalinga Sena,53033.0,0,0.01,Others / Regional,0.0
2009,Kamarajar Deseeya Congress,1341.0,0,0.0,Others / Regional,0.0
2009,Kannada Chalevali Vatal Paksha,2269.0,0,0.0,Others / Regional,0.0
2009,Karnataka Thamizhar Munnetra Kazhagam,1686.0,0,0.0,Others / Regional,0.0
2009,Kerala Congress,333688.0,0,0.08,Others / Regional,0.0
2009,Kerala Congress (M),404962.0,1,0.1,Others / Regional,10.0
2009,Kongunadu Munnetra Kazhagam,579703.0,0,0.14,Others / Regional,0.0
2009,Kosal Kranti Dal,42744.0,0,0.01,Others / Regional,0.0
2009,Kosi Vikas Party,10447.0,0,0.0,Others / Regional,0.0
2009,Kranti Kari Jai Hind Sena,70715.0,0,0.02,Others / Regional,0.0
2009,Krantikari Samyavadi Party,4035.0,0,0.0,Others / Regional,0.0
2009,Krantisena Maharashtra,65151.0,0,0.02,Others / Regional,0.0
2009,LJP,1891963.0,0,0.45,NDA,0.0
2009,Laghujan Samaj Vikas Party,2507.0,0,0.0,Others / Regional,0.0
2009,Lal Morcha,5087.0,0,0.0,Others / Regional,0.0
2009,Lok Bhalai Party,118470.0,0,0.03,Others / Regional,0.0
2009,Lok Bharati,9407.0,0,0.0,Others / Regional,0.0
2009,Lok Jan Vikas Morcha,3658.0,0,0.0,Others / Regional,0.0
2009,Lok Satta Party,557376.0,0,0.13,Others / Regional,0.0
2009,Lok Vikas Party,9198.0,0,0.0,Others / Regional,0.0
2009,Lokdal,24588.0,0,0.01,Others / Regional,0.0
2009,Lokpriya Samaj Party,29459.0,0,0.01,Others / Regional,0.0
2009,Loksangram,53637.0,0,0.01,Others / Regional,0.0
2009,Loktanrik Janata Party (Secular),351.0,0,0.0,Others / Regional,0.0
2009,Loktanrik Sarkar Party,11893.0,0,0.0,Others / Regional,0.0
2009,Loktantrik Samajwadi Party,40803.0,0,0.01,Others / Regional,0.0
2009,Loktantrik Samata Dal,270040.0,0,0.06,Others / Regional,0.0
2009,MDMK,1112908.0,1,0.27,UPA / I.N.D.I.A.,3.7
2009,Mahagujarat Janta Party,245174.0,0,0.06,Others / Regional,0.0
2009,Mahan Dal,65398.0,0,0.02,Others / Regional,0.0
2009,Maharashtra Navnirman Sena,1503863.0,0,0.36,Others / Regional,0.0
2009,Maharashtrawadi Gomantak Party,6638.0,0,0.0,Others / Regional,0.0
2009,Mahila Adhikar Party,1816.0,0,0.0,Others / Regional,0.0
2009,Maidani Kranti Dal,1106.0,0,0.0,Others / Regional,0.0
2009,Majdoor Kisan Union Party,1341.0,0,0.0,Others / Regional,0.0
2009,Makkal Manadu Katchi,16699.0,0,0.0,Others / Regional,0.0
2009,Mana Party,39257.0,0,0.01,Others / Regional,0.0
2009,Manav Mukti Morcha,8839.0,0,0.0,Others / Regional,0.0
2009,Manipur Peoples Party,101787.0,0,0.02,Others / Regional,0.0
2009,Manithaneya Makkal Katchi,68346.0,0,0.02,Others / Regional,0.0
2009,Marxist Co-Ordination Committee,91489.0,0,0.02,Others / Regional,0.0
2009,Marxist Communist Party Of India (S.S. Srivastava),15922.0,0,0.0,Others / Regional,0.0
2009,Matra Bhakta Party,1006.0,0,0.0,Others / Regional,0.0
2009,Meghalaya Democratic Party,8946.0,0,0.0,Others / Regional,0.0
2009,Moderate Party,2285.0,0,0.0,Others / Regional,0.0
2009,Mool Bharati (S) Party,910.0,0,0.0,Others / Regional,0.0
2009,Moulik Adhikar Party,20534.0,0,0.0,Others / Regional,0.0
2009,Muslim Majlis Uttar Pradesh,4444.0,0,0.0,Others / Regional,0.0
2009,NCP,8521502.0,9,2.04,NDA,4.41
2009,Nagaland Peoples Front,832224.0,1,0.2,Others / Regional,5.0
2009,Namadhu Makkal Katchi,1114.0,0,0.0,Others / Regional,0.0
2009,National Democratic Peoples Front,1557.0,0,0.0,Others / Regional,0.0
2009,National Development Party,2787.0,0,0.0,Others / Regional,0.0
2009,National Lokhind Party,72620.0,0,0.02,Others / Regional,0.0
2009,National Loktantrik Party,5371.0,0,0.0,Others / Regional,0.0
2009,National Secular Party,902.0,0,0.0,Others / Regional,0.0
2009,National Youth Party,2275.0,0,0.0,Others / Regional,0.0
2009,Navbharat Nirman Party,37219.0,0,0.01,Others / Regional,0.0
2009,Nelopa (United),27388.0,0,0.01,Others / Regional,0.0
2009,Niswarth Sewa Party,573.0,0,0.0,Others / Regional,0.0
2009,Nominated Anglo-Indian,0.0,2,0.0,Others / Regional,0.0
2009,Orissa Mukti Morcha,2591.0,0,0.0,Others / Regional,0.0
2009,Pachai Kudi Makkal Katchi,981.0,0,0.0,Others / Regional,0.0
2009,Party For Democratic Socialism,6141.0,0,0.0,Others / Regional,0.0
2009,Pattali Makkal Katchi,1944619.0,0,0.47,Others / Regional,0.0
2009,Peace Party,537638.0,0,0.13,Others / Regional,0.0
2009,Peace Party Of India,18726.0,0,0.0,Others / Regional,0.0
2009,People'S Democratic Alliance,224719.0,0,0.05,Others / Regional,0.0
2009,People'S Democratic Forum,20699.0,0,0.0,Others / Regional,0.0
2009,People'S Party Of Arunachal,5996.0,0,0.0,Others / Regional,0.0
2009,Peoples Democratic Front,3502.0,0,0.0,Others / Regional,0.0
2009,Peoples Guardian,30340.0,0,0.01,Others / Regional,0.0
2009,Peoples Party Of India(Secular),578.0,0,0.0,Others / Regional,0.0
2009,Peoples Republican Party,11341.0,0,0.0,Others / Regional,0.0
2009,Prabuddha Republican Party,76518.0,0,0.02,Others / Regional,0.0
2009,Pragatisheel Manav Samaj Party,57649.0,0,0.01,Others / Regional,0.0
2009,Praja Bharath Party,4810.0,0,0.0,Others / Regional,0.0
2009,Praja Rajyam Party,6590046.0,0,1.58,Others / Regional,0.0
2009,Prajatantrik Samadhan Party,17570.0,0,0.0,Others / Regional,0.0
2009,Professionals Party Of India,5819.0,0,0.0,Others / Regional,0.0
2009,Proutist Sarva Samaj Party,6316.0,0,0.0,Others / Regional,0.0
2009,Punjab Labour Party,1243.0,0,0.0,Others / Regional,0.0
2009,Purvanchal Rajya Banao Dal,7497.0,0,0.0,Others / Regional,0.0
2009,Puthiya Needhi Katchi,15074.0,0,0.0,Others / Regional,0.0
2009,Puthiya Tamilagam,120797.0,0,0.03,Others / Regional,0.0
2009,Pyramid Party Of India,287576.0,0,0.07,Others / Regional,0.0
2009,RJD,5280084.0,4,1.27,UPA / I.N.D.I.A.,3.15
2009,RLD,1821054.0,5,0.44,NDA,11.36
2009,RSP,1573650.0,2,0.38,UPA / I.N.D.I.A.,5.26
2009,Rajasthan Dev Sena Dal,484.0,0,0.0,Others / Regional,0.0
2009,Rajasthan Vikas Party,36584.0,0,0.01,Others / Regional,0.0
2009,Rajya Nojawan Shakti Party,2041.0,0,0.0,Others / Regional,0.0
2009,Rajyadhikara Party,9005.0,0,0.0,Others / Regional,0.0
2009,Rashtra Bhakt Dal,3138.0,0,0.0,Others / Regional,0.0
2009,Rashtra Sewa Dal,43184.0,0,0.01,Others / Regional,0.0
2009,Rashtravadi Aarthik Swatantrata Dal,22453.0,0,0.01,Others / Regional,0.0
2009,Rashtravadi Communist Party,25842.0,0,0.01,Others / Regional,0.0
2009,Rashtravadi Janata Party,34670.0,0,0.01,Others / Regional,0.0
2009,Rashtrawadi Labour Party,5460.0,0,0.0,Others / Regional,0.0
2009,Rashtrawadi Samaj Party,450.0,0,0.0,Others / Regional,0.0
2009,Rashtrawadi Sena,144735.0,0,0.03,Others / Regional,0.0
2009,Rashtriya Agraniye Dal,4072.0,0,0.0,Others / Regional,0.0
2009,Rashtriya Bahujan Congress Party,2244.0,0,0.0,Others / Regional,0.0
2009,Rashtriya Dehat Morcha Party,139404.0,0,0.03,Others / Regional,0.0
2009,Rashtriya Gondvana Party,1802.0,0,0.0,Others / Regional,0.0
2009,Rashtriya Jan Sahay Dal,2202.0,0,0.0,Others / Regional,0.0
2009,Rashtriya Jan-Jagram Morcha,13194.0,0,0.0,Others / Regional,0.0
2009,Rashtriya Janadhikar Party,1394.0,0,0.0,Others / Regional,0.0
2009,Rashtriya Janhit Party,5841.0,0,0.0,Others / Regional,0.0
2009,Rashtriya Janutthan Party,2005.0,0,0.0,Others / Regional,0.0
2009,Rashtriya Janwadi Party (Krantikari),12732.0,0,0.0,Others / Regional,0.0
2009,Rashtriya Kranti Party,55805.0,0,0.01,Others / Regional,0.0
2009,Rashtriya Krantikari Janata Party,15847.0,0,0.0,Others / Regional,0.0
2009,Rashtriya Krantikari Samajwadi Party,71857.0,0,0.02,Others / Regional,0.0
2009,Rashtriya Lokhit Party,1866.0,0,0.0,Others / Regional,0.0
2009,Rashtriya Lokwadi Party,2021.0,0,0.0,Others / Regional,0.0
2009,Rashtriya Machhua Samaj Party,7290.0,0,0.0,Others / Regional,0.0
2009,Rashtriya Mangalam Party,1780.0,0,0.0,Others / Regional,0.0
2009,Rashtriya Mazdoor Ekta Party,4588.0,0,0.0,Others / Regional,0.0
2009,Rashtriya Naujawan Dal,3155.0,0,0.0,Others / Regional,0.0
2009,Rashtriya Pragati Party,29151.0,0,0.01,Others / Regional,0.0
2009,Rashtriya Praja Congress (Secular),3980.0,0,0.0,Others / Regional,0.0
2009,Rashtriya Raksha Dal,7915.0,0,0.0,Others / Regional,0.0
2009,Rashtriya Sahara Party,2754.0,0,0.0,Others / Regional,0.0
2009,Rashtriya Samaj Paksha,215042.0,0,0.05,Others / Regional,0.0
2009,Rashtriya Samanta Dal,153455.0,0,0.04,Others / Regional,0.0
2009,Rashtriya Surya Prakash Party,1532.0,0,0.0,Others / Regional,0.0
2009,Rashtriya Swabhimaan Party,152633.0,0,0.04,Others / Regional,0.0
2009,Rashtriya Vikas Party,584.0,0,0.0,Others / Regional,0.0
2009,Rashtriya Yuva Sangh,482.0,0,0.0,Others / Regional,0.0
2009,Rastriya Samajwadi Party (Secular),2305.0,0,0.0,Others / Regional,0.0
2009,Rayalaseema Rashtra Samithi,1284.0,0,0.0,Others / Regional,0.0
2009,Republican Paksha (Khoripa),11724.0,0,0.0,Others / Regional,0.0
2009,Republican Party Of India,294650.0,0,0.07,Others / Regional,0.0
2009,Republican Party Of India (Athawale),379746.0,0,0.09,Others / Regional,0.0
2009,Republican Party Of India (Democratic),5809.0,0,0.0,Others / Regional,0.0
2009,Republican Party Of India (Khobragade),5566.0,0,0.0,Others / Regional,0.0
2009,Republican Party Of India Ektawadi,12767.0,0,0.0,Others / Regional,0.0
2009,Republican Presidium Party Of India,3894.0,0,0.0,Others / Regional,0.0
2009,Revolutionary Communist Party Of India (Rakik Bhatt),7788.0,0,0.0,Others / Regional,0.0
2009,SAD,4004789.0,4,0.96,NDA,4.17
2009,SDF,159351.0,1,0.04,Others / Regional,25.0
2009,SP,14284638.0,23,3.42,UPA / I.N.D.I.A.,6.73
2009,SS,6454950.0,11,1.55,NDA,7.1
2009,Samajik Jantantrik Party,4816.0,0,0.0,Others / Regional,0.0
2009,Samajtantric Party Of India,5537.0,0,0.0,Others / Regional,0.0
2009,Samajwadi Jan Parishad,23539.0,0,0.01,Others / Regional,0.0
2009,Samajwadi Janata Party (Rashtriya),30091.0,0,0.01,Others / Regional,0.0
2009,Samruddha Odisha,131379.0,0,0.03,Others / Regional,0.0
2009,Samta Party,31324.0,0,0.01,Others / Regional,0.0
2009,Sardar Vallabhbhai Patel Party,2275.0,0,0.0,Others / Regional,0.0
2009,Sarvodaya Karnataka Paksha,60333.0,0,0.01,Others / Regional,0.0
2009,Savarn Samaj Party,2486.0,0,0.0,Others / Regional,0.0
2009,Save Goa Front,1117.0,0,0.0,Others / Regional,0.0
2009,Shakti Sena (Bharat Desh),589.0,0,0.0,Others / Regional,0.0
2009,Shiromani Akali Dal (Simranjit Singh Mann),43137.0,0,0.01,Others / Regional,0.0
2009,Shivrajya Party,1704.0,0,0.0,Others / Regional,0.0
2009,Shoshit Samaj Dal,26807.0,0,0.01,Others / Regional,0.0
2009,Sikkim Gorkha Prajatantric Party,2284.0,0,0.0,Others / Regional,0.0
2009,Sikkim Himali Rajya Parishad,4639.0,0,0.0,Others / Regional,0.0
2009,Sikkim Jan-Ekta Party,2849.0,0,0.0,Others / Regional,0.0
2009,Smast Bhartiya Party,14435.0,0,0.0,Others / Regional,0.0
2009,Socialist Party (Lohia),9712.0,0,0.0,Others / Regional,0.0
2009,Suheldev Bhartiya Samaj Party,319307.0,0,0.08,Others / Regional,0.0
2009,Sunder Samaj Party,5120.0,0,0.0,Others / Regional,0.0
2009,Swabhimani Paksha,481025.0,1,0.12,Others / Regional,8.33
2009,Swarajya Party Of India,1230.0,0,0.0,Others / Regional,0.0
2009,Swatantra Bharat Paksh,188608.0,0,0.05,Others / Regional,0.0
2009,TDP,10481659.0,6,2.51,NDA,2.39
2009,TMC,13356510.0,19,3.2,UPA / I.N.D.I.A.,5.94
2009,TRS,2582326.0,2,0.62,Others / Regional,3.23
2009,The Humanist Party Of India,7296.0,0,0.0,Others / Regional,0.0
2009,Trilinga Praja Pragati Party,48136.0,0,0.01,Others / Regional,0.0
2009,Ulzaipali Makkal Katchy,13193.0,0,0.0,Others / Regional,0.0
2009,United Communist Party Of India,1713.0,0,0.0,Others / Regional,0.0
2009,United Democratic Party,124402.0,0,0.03,Others / Regional,0.0
2009,United Goans Democratic Party,16727.0,0,0.0,Others / Regional,0.0
2009,United National Loktantrik Party,2658.0,0,0.0,Others / Regional,0.0
2009,United Women Front,12338.0,0,0.0,Others / Regional,0.0
2009,Uttar Pradesh Republican Party,4604.0,0,0.0,Others / Regional,0.0
2009,Uttarakhand Kranti Dal,38633.0,0,0.01,Others / Regional,0.0
2009,VCK,735847.0,1,0.18,UPA / I.N.D.I.A.,5.56
2009,Vanchit Jamat Party,17868.0,0,0.0,Others / Regional,0.0
2009,Vikas Party,5840.0,0,0.0,Others / Regional,0.0
2009,Vishva Hindustani Sangathan,935.0,0,0.0,Others / Regional,0.0
2009,Vishwa Vikas Sangh,837.0,0,0.0,Others / Regional,0.0
2009,Youth And Students Party,2582.0,0,0.0,Others / Regional,0.0
2009,Youth For Equality,2099.0,0,0.0,Others / Regional,0.0
2009,Yuva Vikas Party,3129.0,0,0.0,Others / Regional,0.0
2014,AAP,11325387.0,4,2.05,UPA / I.N.D.I.A.,1.95
2014,AD(S),821820.0,2,0.15,NDA,13.33
2014,AGP,577730.0,0,0.1,NDA,0.0
2014,AIADMK,18111579.0,37,3.27,Others / Regional,11.31
2014,AIFB,1211418.0,0,0.22,Left Front,0.0
2014,AIMIM,685730.0,1,0.12,Others / Regional,8.33
2014,AIUDF,2333040.0,3,0.42,Others / Regional,7.14
2014,AJSU,488719.0,0,0.09,NDA,0.0
2014,Aadijan Mukti Sena,8544.0,0,0.0,Others / Regional,0.0
2014,Aadivasi Sena Party,11362.0,0,0.0,Others / Regional,0.0
2014,Aam Janata Party,9371.0,0,0.0,Others / Regional,0.0
2014,Aama Odisha Party,155900.0,0,0.03,Others / Regional,0.0
2014,Aarakshan Virodhi Party,5861.0,0,0.0,Others / Regional,0.0
2014,Aazadi Ka Antim Aandolan Dal,937.0,0,0.0,Others / Regional,0.0
2014,Adarsh Manavtawadi Party,1920.0,0,0.0,Others / Regional,0.0
2014,Adarsh Rashtriya Vikas Party,12037.0,0,0.0,Others / Regional,0.0
2014,Adarsh Samaj Party,557.0,0,0.0,Others / Regional,0.0
2014,Agar Jan Party,5228.0,0,0.0,Others / Regional,0.0
2014,Akhand Bharat Samaj Party,651.0,0,0.0,Others / Regional,0.0
2014,Akhil Bharatiya Ashok Sena,296.0,0,0.0,Others / Regional,0.0
2014,Akhil Bharatiya Congress Dal (Ambedkar),1461.0,0,0.0,Others / Regional,0.0
2014,Akhil Bharatiya Hind Kranti Party,685.0,0,0.0,Others / Regional,0.0
2014,Akhil Bharatiya Manavata Paksha,1077.0,0,0.0,Others / Regional,0.0
2014,Akhil Bharatiya Muslim League (Secular),59735.0,0,0.01,Others / Regional,0.0
2014,Akhil Bharatiya Rajarya Sabha,683.0,0,0.0,Others / Regional,0.0
2014,Akhil Bharatiya Samajwadi Congress,2530.0,0,0.0,Others / Regional,0.0
2014,Akhil Bharatiya Shivsena Rashtrawadi,4380.0,0,0.0,Others / Regional,0.0
2014,Akhil Bhartiya Aamjan Party,1040.0,0,0.0,Others / Regional,0.0
2014,Akhil Bhartiya Jharkhand Party,16616.0,0,0.0,Others / Regional,0.0
2014,Akhil Bhartiya Mithila Party,11221.0,0,0.0,Others / Regional,0.0
2014,Akhil Bhartiya Vikas Congress Party,2255.0,0,0.0,Others / Regional,0.0
2014,Akhil Rashtrawadi Party,2029.0,0,0.0,Others / Regional,0.0
2014,Al-Hind Party,5977.0,0,0.0,Others / Regional,0.0
2014,All India Azaad Congress Party,1593.0,0,0.0,Others / Regional,0.0
2014,All India Mazdoor Party (Rangreta),1182.0,0,0.0,Others / Regional,0.0
2014,All India Minorities Front,9938.0,0,0.0,Others / Regional,0.0
2014,All India N.R. Congress,255826.0,1,0.05,Others / Regional,20.0
2014,All India Peoples' Front (Radical),7630.0,0,0.0,Others / Regional,0.0
2014,All India Ravidas Samata Party,543.0,0,0.0,Others / Regional,0.0
2014,All Jammu And Kashmir Kisan Majdoor Party,4392.0,0,0.0,Others / Regional,0.0
2014,All Jammu And Kashmir Republican Party,1568.0,0,0.0,Others / Regional,0.0
2014,Ambedkar National Congress,19863.0,0,0.0,Others / Regional,0.0
2014,Ambedkar People'S Movement,372.0,0,0.0,Others / Regional,0.0
2014,Ambedkar Samaj Party,27589.0,0,0.0,Others / Regional,0.0
2014,Ambedkarist Republican Party,16461.0,0,0.0,Others / Regional,0.0
2014,Ambedkarite Party Of India,185095.0,0,0.03,Others / Regional,0.0
2014,Amra Bangalee,74626.0,0,0.01,Others / Regional,0.0
2014,Anaithindia Dravidar Samudaya Munnetra Kazhagam,2372.0,0,0.0,Others / Regional,0.0
2014,Andhra Pradesh Rashtra Samaikya Samithi Party,2743.0,0,0.0,Others / Regional,0.0
2014,Andhra Rastra Praja Samithi,12042.0,0,0.0,Others / Regional,0.0
2014,Apna Dal United Party,9265.0,0,0.0,Others / Regional,0.0
2014,Apna Desh Party,5579.0,0,0.0,Others / Regional,0.0
2014,Asankhya Samaj Party,3482.0,0,0.0,Others / Regional,0.0
2014,Ati Picchara Party,15370.0,0,0.0,Others / Regional,0.0
2014,Atulya Bharat Party,2135.0,0,0.0,Others / Regional,0.0
2014,Awami Aamjan Party,4380.0,0,0.0,Others / Regional,0.0
2014,Awami Samta Party,1617.0,0,0.0,Others / Regional,0.0
2014,Awami Vikas Party,3747.0,0,0.0,Others / Regional,0.0
2014,B.C. Bharata Desam Party,596.0,0,0.0,Others / Regional,0.0
2014,B.C. United Front,7036.0,0,0.0,Others / Regional,0.0
2014,BJD,9489946.0,20,1.71,Others / Regional,11.7
2014,BJP,171660230.0,282,31.0,NDA,9.1
2014,BPF,330106.0,0,0.06,Others / Regional,0.0
2014,BSP,22946346.0,0,4.14,Others / Regional,0.0
2014,Bahujan Kranti Party (Marxwad-Ambedkarwad),1174.0,0,0.0,Others / Regional,0.0
2014,Bahujan Mukti Party,791951.0,0,0.14,Others / Regional,0.0
2014,Bahujan Samaj Party (Ambedkar),11104.0,0,0.0,Others / Regional,0.0
2014,Bahujan Sangharsh Party (Kanshiram),5416.0,0,0.0,Others / Regional,0.0
2014,Bahujan Sangharshh Dal,59815.0,0,0.01,Others / Regional,0.0
2014,Bahujan Suraksha Dal,1723.0,0,0.0,Others / Regional,0.0
2014,Bahujan Vikas Aaghadi,293681.0,0,0.05,Others / Regional,0.0
2014,Bajjikanchal Vikas Party,21524.0,0,0.0,Others / Regional,0.0
2014,Bharat Bhrashtachar Mitao Party,10160.0,0,0.0,Others / Regional,0.0
2014,Bharat Ki Lok Jimmedar Party,3392.0,0,0.0,Others / Regional,0.0
2014,Bharat Nav Nirman Party,2533.0,0,0.0,Others / Regional,0.0
2014,Bharat Nirman Party,2000.0,0,0.0,Others / Regional,0.0
2014,Bharat Vikas Morcha,45667.0,0,0.01,Others / Regional,0.0
2014,Bharat Vishal Party,161.0,0,0.0,Others / Regional,0.0
2014,Bharatiya Bahujan Congress,7197.0,0,0.0,Others / Regional,0.0
2014,Bharatiya Bahujan Party,4653.0,0,0.0,Others / Regional,0.0
2014,Bharatiya Dr. B.R. Ambedkar Janta Party,9481.0,0,0.0,Others / Regional,0.0
2014,Bharatiya Ekta Dal,90314.0,0,0.02,Others / Regional,0.0
2014,Bharatiya Gaon Taj Dal,5761.0,0,0.0,Others / Regional,0.0
2014,Bharatiya Inqalab Party,5362.0,0,0.0,Others / Regional,0.0
2014,Bharatiya Jan Kranti Dal (Democratic),14685.0,0,0.0,Others / Regional,0.0
2014,Bharatiya Jana Sangh,20902.0,0,0.0,Others / Regional,0.0
2014,Bharatiya Jawala Shakti Paksha,1337.0,0,0.0,Others / Regional,0.0
2014,Bharatiya Kisan Parivartan Party,7342.0,0,0.0,Others / Regional,0.0
2014,Bharatiya Kisan Sena Loktantrik,3826.0,0,0.0,Others / Regional,0.0
2014,Bharatiya Minorities Suraksha Mahasangh,3441.0,0,0.0,Others / Regional,0.0
2014,Bharatiya Momin Front,16182.0,0,0.0,Others / Regional,0.0
2014,Bharatiya Mool Niwasi Samaj Party,877.0,0,0.0,Others / Regional,0.0
2014,Bharatiya National Janta Dal,20209.0,0,0.0,Others / Regional,0.0
2014,Bharatiya Nav Kranti Party,502.0,0,0.0,Others / Regional,0.0
2014,Bharatiya Navyuvak Party,1408.0,0,0.0,Others / Regional,0.0
2014,Bharatiya Peoples Party,4291.0,0,0.0,Others / Regional,0.0
2014,Bharatiya Rashtriya Bahujan Samaj Vikas Party,3238.0,0,0.0,Others / Regional,0.0
2014,Bharatiya Rashtriya Mazdoor Dal,1607.0,0,0.0,Others / Regional,0.0
2014,Bharatiya Republican Paksha,8226.0,0,0.0,Others / Regional,0.0
2014,Bharatiya Samaj Dal,1096.0,0,0.0,Others / Regional,0.0
2014,Bharatiya Sant Mat Party,15940.0,0,0.0,Others / Regional,0.0
2014,Bharatiya Sarvodaya Kranti Party,2409.0,0,0.0,Others / Regional,0.0
2014,Bharatiya Yuva Shakti,38633.0,0,0.01,Others / Regional,0.0
2014,Bharipa Bahujan Mahasangh,360854.0,0,0.07,Others / Regional,0.0
2014,Bharti Jan Suraksha Party,3336.0,0,0.0,Others / Regional,0.0
2014,Bhartiya Chaitanya Party,802.0,0,0.0,Others / Regional,0.0
2014,Bhartiya Ekta Manch Party,8729.0,0,0.0,Others / Regional,0.0
2014,Bhartiya Jan Manch,325.0,0,0.0,Others / Regional,0.0
2014,Bhartiya Jan Yug Party,2000.0,0,0.0,Others / Regional,0.0
2014,Bhartiya Janta Dal (Integrated),1118.0,0,0.0,Others / Regional,0.0
2014,Bhartiya Jantantrik Janata Dal,4664.0,0,0.0,Others / Regional,0.0
2014,Bhartiya Krishak Dal,4250.0,0,0.0,Others / Regional,0.0
2014,Bhartiya Naujawan Inklav Party,1440.0,0,0.0,Others / Regional,0.0
2014,Bhartiya Navjawan Sena (Paksha),1862.0,0,0.0,Others / Regional,0.0
2014,Bhartiya Party,1635.0,0,0.0,Others / Regional,0.0
2014,Bhartiya Pragatisheel Congress,2571.0,0,0.0,Others / Regional,0.0
2014,Bhartiya Republican Party (Insan),2138.0,0,0.0,Others / Regional,0.0
2014,Bhartiya Samajik Kranti Dal,1423.0,0,0.0,Others / Regional,0.0
2014,Bhartiya Sarvjan Party,5845.0,0,0.0,Others / Regional,0.0
2014,Bhartiya Satya Sangharsh Party,4956.0,0,0.0,Others / Regional,0.0
2014,Bhartiya Shakti Chetna Party,79359.0,0,0.01,Others / Regional,0.0
2014,Bhartiya Shramik Dal Socialist,924.0,0,0.0,Others / Regional,0.0
2014,Bhartiya Vanchitsamaj Party,4142.0,0,0.0,Others / Regional,0.0
2014,Bhartiya Vikas Party,1152.0,0,0.0,Others / Regional,0.0
2014,Bhrashtachar Mukti Morcha,1413.0,0,0.0,Others / Regional,0.0
2014,Bihar Janta Party,6765.0,0,0.0,Others / Regional,0.0
2014,Braj Vikas Party,4411.0,0,0.0,Others / Regional,0.0
2014,Brihattar Bharat Prajatantra Sewa Party,1679.0,0,0.0,Others / Regional,0.0
2014,Bundelkhand Congress,5371.0,0,0.0,Others / Regional,0.0
2014,CPI,4327460.0,1,0.78,UPA / I.N.D.I.A.,1.28
2014,CPI(M),17988955.0,9,3.25,UPA / I.N.D.I.A.,2.77
2014,CPI(ML)L,1121598.0,0,0.2,UPA / I.N.D.I.A.,0.0
2014,Chhattisgarh Swabhiman Manch,41908.0,0,0.01,Others / Regional,0.0
2014,Chhattisgarhiya Party,4265.0,0,0.0,Others / Regional,0.0
2014,DMK,9631246.0,0,1.74,UPA / I.N.D.I.A.,0.0
2014,Dalit Vikas Party(Bharat),950.0,0,0.0,Others / Regional,0.0
2014,Dalita Bahujana Party,7746.0,0,0.0,Others / Regional,0.0
2014,Democratic Bharatiya Samaj Party,5240.0,0,0.0,Others / Regional,0.0
2014,Democratic Congress Party,833.0,0,0.0,Others / Regional,0.0
2014,Democratic Prajakranthi Party Secularist,1342.0,0,0.0,Others / Regional,0.0
2014,Democratic Secular Party,1262.0,0,0.0,Others / Regional,0.0
2014,Deshbhakt Nirman Party,5485.0,0,0.0,Others / Regional,0.0
2014,Desiya Forward Bloc,17465.0,0,0.0,Others / Regional,0.0
2014,Desiya Murpokku Dravida Kazhagam,2078843.0,0,0.38,Others / Regional,0.0
2014,Dharam Nirpeksh Dal,4130.0,0,0.0,Others / Regional,0.0
2014,Dharmarajya Paksha,2175.0,0,0.0,Others / Regional,0.0
2014,Dr. Ambedkar Samajvadi Democratic Party,1949.0,0,0.0,Others / Regional,0.0
2014,Eklavya Samaj Party,5341.0,0,0.0,Others / Regional,0.0
2014,Ex-Sainik Kissan Party,2988.0,0,0.0,Others / Regional,0.0
2014,Ezhuchi Tamilargal Munnetra Kazhagam,3023.0,0,0.0,Others / Regional,0.0
2014,Gareeb Aadmi Party,23505.0,0,0.0,Others / Regional,0.0
2014,Goa Su-Raj Party,783.0,0,0.0,Others / Regional,0.0
2014,Goemcarancho Otrec Astro,530.0,0,0.0,Others / Regional,0.0
2014,Gondwana Ganatantra Party,301366.0,0,0.05,Others / Regional,0.0
2014,Gorkha Rashtriya Congress,2906.0,0,0.0,Others / Regional,0.0
2014,Great India Party,2594.0,0,0.0,Others / Regional,0.0
2014,Haryana Janhit Congress (Bl),703698.0,0,0.13,Others / Regional,0.0
2014,Himachal Swabhiman Party,997.0,0,0.0,Others / Regional,0.0
2014,Hindu Mahasabha,29483.0,0,0.01,Others / Regional,0.0
2014,Hindustan Ekta Party,566.0,0,0.0,Others / Regional,0.0
2014,Hindustan Janta Party,46761.0,0,0.01,Others / Regional,0.0
2014,Hindustan Kranti Dal,2761.0,0,0.0,Others / Regional,0.0
2014,Hindustan Krantikari Dal,6703.0,0,0.0,Others / Regional,0.0
2014,Hindustan Swaraj Congress Party,888.0,0,0.0,Others / Regional,0.0
2014,Hindustan Vikas Dal,7921.0,0,0.0,Others / Regional,0.0
2014,Hindusthan Nirman Dal,8889.0,0,0.0,Others / Regional,0.0
2014,Hindusthan Praja Paksha,8853.0,0,0.0,Others / Regional,0.0
2014,INC,106935942.0,44,19.31,UPA / I.N.D.I.A.,2.28
2014,IND,16737720.0,3,3.02,Others / Regional,0.99
2014,IUML,1100096.0,2,0.2,UPA / I.N.D.I.A.,10.0
2014,Indian Bahujan Samajwadi Party,1059.0,0,0.0,Others / Regional,0.0
2014,Indian Bahujan Sandesh Party (Kanshiram),1952.0,0,0.0,Others / Regional,0.0
2014,Indian Christian Secular Party,14360.0,0,0.0,Others / Regional,0.0
2014,Indian Gandhiyan Party,546.0,0,0.0,Others / Regional,0.0
2014,Indian Justice Party,1103.0,0,0.0,Others / Regional,0.0
2014,Indian Krantikari Lehar,5084.0,0,0.0,Others / Regional,0.0
2014,Indian Labour Party (Ambedkar Phule),6390.0,0,0.0,Others / Regional,0.0
2014,Indian National League,11924.0,0,0.0,Others / Regional,0.0
2014,Indian National Lok Dal,2799899.0,2,0.51,Others / Regional,3.92
2014,Indian Oceanic Party,649.0,0,0.0,Others / Regional,0.0
2014,Indian Peace Party,2155.0,0,0.0,Others / Regional,0.0
2014,Indian Peoples Green Party,3488.0,0,0.0,Others / Regional,0.0
2014,Indian Savarn Samaj Party,16903.0,0,0.0,Others / Regional,0.0
2014,Indian Unity Centre,13527.0,0,0.0,Others / Regional,0.0
2014,Indians Victory Party,398.0,0,0.0,Others / Regional,0.0
2014,Indigenous People'S Front Of Tripura,21326.0,0,0.0,Others / Regional,0.0
2014,Inqalab Vikas Dal,2570.0,0,0.0,Others / Regional,0.0
2014,JD(S),3731481.0,2,0.67,Others / Regional,2.99
2014,JD(U),5992281.0,2,1.08,NDA,1.85
2014,JKNC,396713.0,0,0.07,UPA / I.N.D.I.A.,0.0
2014,JKPDP,732644.0,3,0.13,Others / Regional,23.08
2014,JMM,1637994.0,2,0.3,UPA / I.N.D.I.A.,6.67
2014,Jago Party,27624.0,0,0.0,Others / Regional,0.0
2014,Jai Bharat Samanta Party,215607.0,0,0.04,Others / Regional,0.0
2014,Jai Hind Party,14754.0,0,0.0,Others / Regional,0.0
2014,Jai Hind Samaj Party,27122.0,0,0.0,Others / Regional,0.0
2014,Jai Maha Bharath Party,57988.0,0,0.01,Others / Regional,0.0
2014,Jai Prakash Janata Dal,27619.0,0,0.0,Others / Regional,0.0
2014,Jai Samaikyandhra Party,204260.0,0,0.04,Others / Regional,0.0
2014,Jai Vijaya Bharathi Party,4270.0,0,0.0,Others / Regional,0.0
2014,Jamat-E-Seratul Mustakim,10564.0,0,0.0,Others / Regional,0.0
2014,Jammu And Kashmir National Panthers Party,57103.0,0,0.01,Others / Regional,0.0
2014,Jammu And Kashmir People'S Conference,71154.0,0,0.01,Others / Regional,0.0
2014,Jan Morcha,2901.0,0,0.0,Others / Regional,0.0
2014,Jan Raajya Party,2543.0,0,0.0,Others / Regional,0.0
2014,Jan Raksha Party,1318.0,0,0.0,Others / Regional,0.0
2014,Jan Samanta Party,357.0,0,0.0,Others / Regional,0.0
2014,Jan Sevak Party,4489.0,0,0.0,Others / Regional,0.0
2014,Jan Shakti Ekta Party,6636.0,0,0.0,Others / Regional,0.0
2014,Jan-Nyay Dal,4719.0,0,0.0,Others / Regional,0.0
2014,Janral Samaj Party,944.0,0,0.0,Others / Regional,0.0
2014,Janta Dal Rashtravadi,53864.0,0,0.01,Others / Regional,0.0
2014,Janta Raj Party,3846.0,0,0.0,Others / Regional,0.0
2014,Jantantra Party,2249.0,0,0.0,Others / Regional,0.0
2014,Janvadi Party (Socialist),47696.0,0,0.01,Others / Regional,0.0
2014,Jawan Kisan Morcha,2711.0,0,0.0,Others / Regional,0.0
2014,Jebamani Janata,1517.0,0,0.0,Others / Regional,0.0
2014,Jharkhand Anushilan Party,12240.0,0,0.0,Others / Regional,0.0
2014,Jharkhand Disom Party,109843.0,0,0.02,Others / Regional,0.0
2014,Jharkhand Mukti Morcha (Ulgulan),3512.0,0,0.0,Others / Regional,0.0
2014,Jharkhand Party,203869.0,0,0.04,Others / Regional,0.0
2014,Jharkhand Party (Naren),16670.0,0,0.0,Others / Regional,0.0
2014,Jharkhand Vikas Dal,10870.0,0,0.0,Others / Regional,0.0
2014,Jharkhand Vikas Morcha (Prajatantrik),1579772.0,0,0.29,Others / Regional,0.0
2014,Kalinga Sena,21143.0,0,0.0,Others / Regional,0.0
2014,Kalyankari Jantantrik Party,4839.0,0,0.0,Others / Regional,0.0
2014,Kamarajar Deseeya Congress,1345.0,0,0.0,Others / Regional,0.0
2014,Kannada Chalavali Vatal Paksha,707.0,0,0.0,Others / Regional,0.0
2014,Karunaadu Party,33172.0,0,0.01,Others / Regional,0.0
2014,Kerala Congress (M),424194.0,1,0.08,Others / Regional,12.5
2014,Kisan Majdoor Berojgar Sangh,7839.0,0,0.0,Others / Regional,0.0
2014,Kosal Kranti Dal,8448.0,0,0.0,Others / Regional,0.0
2014,Krantikari Vikas Dal,7541.0,0,0.0,Others / Regional,0.0
2014,LJP,2295929.0,6,0.41,NDA,14.63
2014,Labour Party Of India (V.V. Prasad),1993.0,0,0.0,Others / Regional,0.0
2014,Lok Bharati,13399.0,0,0.0,Others / Regional,0.0
2014,Lok Parivartan Party (Dc),4396.0,0,0.0,Others / Regional,0.0
2014,Lok Satta Party,165670.0,0,0.03,Others / Regional,0.0
2014,Lok Shakti,3722.0,0,0.0,Others / Regional,0.0
2014,Lokdal,48202.0,0,0.01,Others / Regional,0.0
2014,Lokpriya Samaj Party,13304.0,0,0.0,Others / Regional,0.0
2014,Loktantrik Janata Party (Secular),10026.0,0,0.0,Others / Regional,0.0
2014,Loktantrik Rashrtavadi Party,1491.0,0,0.0,Others / Regional,0.0
2014,Loktantrik Samajwadi Party,2820.0,0,0.0,Others / Regional,0.0
2014,MDMK,1417535.0,0,0.26,UPA / I.N.D.I.A.,0.0
2014,Mahajana Socialist Party,22022.0,0,0.0,Others / Regional,0.0
2014,Mahamukti Dal,2482.0,0,0.0,Others / Regional,0.0
2014,Mahan Dal,22774.0,0,0.0,Others / Regional,0.0
2014,Mahanwadi Party,2101.0,0,0.0,Others / Regional,0.0
2014,Maharashtra Navnirman Sena,708010.0,0,0.13,Others / Regional,0.0
2014,Maharashtra Parivartan Sena (T),13339.0,0,0.0,Others / Regional,0.0
2014,Maharashtra Vikas Aghadi,3715.0,0,0.0,Others / Regional,0.0
2014,Mahila Swabhiman Party,2425.0,0,0.0,Others / Regional,0.0
2014,Majdoor Kisan Union Party,360.0,0,0.0,Others / Regional,0.0
2014,Majlis Bachao Tahreek,11347.0,0,0.0,Others / Regional,0.0
2014,Majlis Markaz-E-Siyasee Party,959.0,0,0.0,Others / Regional,0.0
2014,Makkal Manadu Katchi,8468.0,0,0.0,Others / Regional,0.0
2014,Manav Mukti Morcha,4409.0,0,0.0,Others / Regional,0.0
2014,Manavadhikar Janshakti Party,997.0,0,0.0,Others / Regional,0.0
2014,Manavtawadi Samaj Party,17890.0,0,0.0,Others / Regional,0.0
2014,Manipur Democratic Peoples'S Front,2005.0,0,0.0,Others / Regional,0.0
2014,Manithaneya Makkal Katchi,236679.0,0,0.04,Others / Regional,0.0
2014,Marxist Co-Ordination Committee,110185.0,0,0.02,Others / Regional,0.0
2014,Marxist Communist Party Of India (United),13019.0,0,0.0,Others / Regional,0.0
2014,Megh Desham Party,10490.0,0,0.0,Others / Regional,0.0
2014,Minorities Democratic Party,11225.0,0,0.0,Others / Regional,0.0
2014,Moderate Party,5406.0,0,0.0,Others / Regional,0.0
2014,Moolniwasi Samaj Party,4986.0,0,0.0,Others / Regional,0.0
2014,Most Backward Classes Of India,19417.0,0,0.0,Others / Regional,0.0
2014,Moulik Adhikar Party,15742.0,0,0.0,Others / Regional,0.0
2014,NCP,8635558.0,6,1.56,NDA,3.85
2014,Naga People'S Front,994505.0,1,0.18,Others / Regional,5.56
2014,Nagrik Ekta Party,2917.0,0,0.0,Others / Regional,0.0
2014,Naitik Party,36181.0,0,0.01,Others / Regional,0.0
2014,Namadhu Makkal Katchi,2511.0,0,0.0,Others / Regional,0.0
2014,Narayani Sena,1725.0,0,0.0,Others / Regional,0.0
2014,National Development Party,3618.0,0,0.0,Others / Regional,0.0
2014,National Janhit Congress (Ab),2196.0,0,0.0,Others / Regional,0.0
2014,National Lokmat Party,3072.0,0,0.0,Others / Regional,0.0
2014,National Loktantrik Party,11174.0,0,0.0,Others / Regional,0.0
2014,National Organisation Congress,1198.0,0,0.0,Others / Regional,0.0
2014,National Party,791.0,0,0.0,Others / Regional,0.0
2014,National Peoples Party,576448.0,1,0.1,Others / Regional,10.0
2014,National Tiger Party,3251.0,0,0.0,Others / Regional,0.0
2014,National Unionist Zamindara Party,124990.0,0,0.02,Others / Regional,0.0
2014,National Youth Party,1176.0,0,0.0,Others / Regional,0.0
2014,Nav Bharat Democratic Party,16153.0,0,0.0,Others / Regional,0.0
2014,Nava Bharat National Party,485.0,0,0.0,Others / Regional,0.0
2014,Navbharat Nirman Party,441.0,0,0.0,Others / Regional,0.0
2014,Navodyam Party,1455.0,0,0.0,Others / Regional,0.0
2014,Naya Daur Party,15967.0,0,0.0,Others / Regional,0.0
2014,Nehru Janhit Congress,1463.0,0,0.0,Others / Regional,0.0
2014,New All India Congress Party,3778.0,0,0.0,Others / Regional,0.0
2014,New India Party,5082.0,0,0.0,Others / Regional,0.0
2014,Nirjatita Samaj Biplabi Party,3829.0,0,0.0,Others / Regional,0.0
2014,Nominated Anglo-Indian,0.0,2,0.0,Others / Regional,0.0
2014,None of the Above,6002942.0,0,1.08,Others / Regional,0.0
2014,Odisha Jan Morcha,44397.0,0,0.01,Others / Regional,0.0
2014,Parcham Party Of India,4082.0,0,0.0,Others / Regional,0.0
2014,Parivartan Samaj Party,433.0,0,0.0,Others / Regional,0.0
2014,Party For Democratic Socialism,22284.0,0,0.0,Others / Regional,0.0
2014,Paschimanchal Vikas Party,28775.0,0,0.01,Others / Regional,0.0
2014,Pattali Makkal Katchi,1827566.0,1,0.33,Others / Regional,3.03
2014,Peace Party,518724.0,0,0.09,Others / Regional,0.0
2014,Peasants And Workers Party Of India,497721.0,0,0.09,Others / Regional,0.0
2014,People'S Party Of Arunachal,47018.0,0,0.01,Others / Regional,0.0
2014,People'S Party Of India (Secular),331.0,0,0.0,Others / Regional,0.0
2014,Peoples Guardian,7222.0,0,0.0,Others / Regional,0.0
2014,Poorvanchal Rashtriya Congress,4852.0,0,0.0,Others / Regional,0.0
2014,Prabuddha Republican Party,19470.0,0,0.0,Others / Regional,0.0
2014,Pragatisheel Magahi Samaj,3076.0,0,0.0,Others / Regional,0.0
2014,Pragatisheel Manav Samaj Party,39039.0,0,0.01,Others / Regional,0.0
2014,Pragatisheel Samaj Party,4052.0,0,0.0,Others / Regional,0.0
2014,Prajatantra Aadhar Party,698.0,0,0.0,Others / Regional,0.0
2014,Prajatantrik Samadhan Party,21284.0,0,0.0,Others / Regional,0.0
2014,Prem Janata Dal,28671.0,0,0.01,Others / Regional,0.0
2014,Prism,2694.0,0,0.0,Others / Regional,0.0
2014,"Proutist Bloc, India",6509.0,0,0.0,Others / Regional,0.0
2014,Proutist Sarva Samaj,15368.0,0,0.0,Others / Regional,0.0
2014,Punjab Labour Party,1386.0,0,0.0,Others / Regional,0.0
2014,Puthiya Tamilagam,262812.0,0,0.05,Others / Regional,0.0
2014,Pyramid Party Of India,185478.0,0,0.03,Others / Regional,0.0
2014,Quami Ekta Dal,354577.0,0,0.06,Others / Regional,0.0
2014,RJD,7440937.0,4,1.34,UPA / I.N.D.I.A.,2.99
2014,RLD,696918.0,0,0.13,NDA,0.0
2014,RSP,1666380.0,1,0.3,UPA / I.N.D.I.A.,3.33
2014,Rajasthan Vikas Party,8152.0,0,0.0,Others / Regional,0.0
2014,Rajnaitik Vikalp Party,38992.0,0,0.01,Others / Regional,0.0
2014,Rajyadhikara Party,4112.0,0,0.0,Others / Regional,0.0
2014,Rani Chennamma Party,2803.0,0,0.0,Others / Regional,0.0
2014,Rashtra Sewa Dal,6994.0,0,0.0,Others / Regional,0.0
2014,Rashtravadi Janata Party,8713.0,0,0.0,Others / Regional,0.0
2014,Rashtrawadi Parivartan Party (L.B.),1195.0,0,0.0,Others / Regional,0.0
2014,Rashtrawadi Samaj Party,2181.0,0,0.0,Others / Regional,0.0
2014,Rashtriya Aam Party,3408.0,0,0.0,Others / Regional,0.0
2014,Rashtriya Ahinsa Manch,13185.0,0,0.0,Others / Regional,0.0
2014,Rashtriya Ambedkar Dal,4327.0,0,0.0,Others / Regional,0.0
2014,Rashtriya Apna Dal,12366.0,0,0.0,Others / Regional,0.0
2014,Rashtriya Bahujan Congress Party,5801.0,0,0.0,Others / Regional,0.0
2014,Rashtriya Bahujan Hitay Party,1842.0,0,0.0,Others / Regional,0.0
2014,Rashtriya Bandhutwa Party,1521.0,0,0.0,Others / Regional,0.0
2014,Rashtriya Congress (Babu Jagjivanram),4527.0,0,0.0,Others / Regional,0.0
2014,Rashtriya Congress (J) Party,7650.0,0,0.0,Others / Regional,0.0
2014,Rashtriya Deshaj Party,38322.0,0,0.01,Others / Regional,0.0
2014,Rashtriya Ekta Party,601.0,0,0.0,Others / Regional,0.0
2014,Rashtriya Garib Dal,1111.0,0,0.0,Others / Regional,0.0
2014,Rashtriya Gondvana Party,10142.0,0,0.0,Others / Regional,0.0
2014,Rashtriya Independent Morcha,16299.0,0,0.0,Others / Regional,0.0
2014,Rashtriya Jan-Jagram Morcha,7147.0,0,0.0,Others / Regional,0.0
2014,Rashtriya Janadhikar Party,415.0,0,0.0,Others / Regional,0.0
2014,Rashtriya Janadhikar Suraksha Party,32514.0,0,0.01,Others / Regional,0.0
2014,Rashtriya Janasachetan Party,18210.0,0,0.0,Others / Regional,0.0
2014,Rashtriya Jankranti Morcha,4647.0,0,0.0,Others / Regional,0.0
2014,Rashtriya Jankranti Party,217.0,0,0.0,Others / Regional,0.0
2014,Rashtriya Janmorcha,1145.0,0,0.0,Others / Regional,0.0
2014,Rashtriya Janpriya Party,4117.0,0,0.0,Others / Regional,0.0
2014,Rashtriya Janshakti Party (Eklavya),2654.0,0,0.0,Others / Regional,0.0
2014,Rashtriya Janshanti Party,1571.0,0,0.0,Others / Regional,0.0
2014,Rashtriya Janta Party,1526.0,0,0.0,Others / Regional,0.0
2014,Rashtriya Janwadi Party (Krantikari),10797.0,0,0.0,Others / Regional,0.0
2014,Rashtriya Jatigat Aarakshan Virodhi Party,259.0,0,0.0,Others / Regional,0.0
2014,Rashtriya Karmyog Party,2096.0,0,0.0,Others / Regional,0.0
2014,Rashtriya Komi Ekta Party,1254.0,0,0.0,Others / Regional,0.0
2014,Rashtriya Kranti Party,4112.0,0,0.0,Others / Regional,0.0
2014,Rashtriya Krantikari Samajwadi Party,46756.0,0,0.01,Others / Regional,0.0
2014,Rashtriya Lok Samta Party,1078473.0,3,0.19,Others / Regional,15.79
2014,Rashtriya Mahan Gantantra Party,2872.0,0,0.0,Others / Regional,0.0
2014,Rashtriya Manav Samman Party,1572.0,0,0.0,Others / Regional,0.0
2014,Rashtriya Morcha Party,923.0,0,0.0,Others / Regional,0.0
2014,Rashtriya Naujawan Dal,6192.0,0,0.0,Others / Regional,0.0
2014,Rashtriya Parivartan Dal,95644.0,0,0.02,Others / Regional,0.0
2014,Rashtriya Praja Congress (Secular),2025.0,0,0.0,Others / Regional,0.0
2014,Rashtriya Rashtrawadi Party,2225.0,0,0.0,Others / Regional,0.0
2014,Rashtriya Samaj Paksha,458580.0,0,0.08,Others / Regional,0.0
2014,Rashtriya Samanta Dal,30888.0,0,0.01,Others / Regional,0.0
2014,Rashtriya Sant Sandesh Party,3283.0,0,0.0,Others / Regional,0.0
2014,Rashtriya Sarvajan Party,4215.0,0,0.0,Others / Regional,0.0
2014,Rashtriya Sawarn Dal,665.0,0,0.0,Others / Regional,0.0
2014,Rashtriya Shoshit Samaj Party,1054.0,0,0.0,Others / Regional,0.0
2014,Rashtriya Ulama Council,56324.0,0,0.01,Others / Regional,0.0
2014,Rashtriya Uttarakhand Party,1629.0,0,0.0,Others / Regional,0.0
2014,Rashtriya Vikas Manch Party,1434.0,0,0.0,Others / Regional,0.0
2014,Rashtriya Vikas Party,2396.0,0,0.0,Others / Regional,0.0
2014,Rashtriya Viklang Party,2958.0,0,0.0,Others / Regional,0.0
2014,Rastriya Insaaf Party,4219.0,0,0.0,Others / Regional,0.0
2014,Rayalaseema Parirakshana Samithi,4521.0,0,0.0,Others / Regional,0.0
2014,Regional Democratic Secular Congress,10800.0,0,0.0,Others / Regional,0.0
2014,Republican Backward Congress,6265.0,0,0.0,Others / Regional,0.0
2014,Republican Bahujan Sena,2910.0,0,0.0,Others / Regional,0.0
2014,Republican Paksha (Khoripa),70924.0,0,0.01,Others / Regional,0.0
2014,Republican Party Of India,87952.0,0,0.02,Others / Regional,0.0
2014,Republican Party Of India (Athawale),206689.0,0,0.04,Others / Regional,0.0
2014,Republican Party Of India (Khobragade),23110.0,0,0.0,Others / Regional,0.0
2014,Republican Party Of India Ektavadi,910.0,0,0.0,Others / Regional,0.0
2014,Revolutionary Socialist Party Of Kerala (Bolshevik),43051.0,0,0.01,Others / Regional,0.0
2014,SAD,3636148.0,4,0.66,NDA,6.06
2014,SDF,163698.0,1,0.03,Others / Regional,33.33
2014,SKM,121956.0,0,0.02,NDA,0.0
2014,SP,18673089.0,5,3.37,UPA / I.N.D.I.A.,1.48
2014,SS,10262544.0,18,1.85,NDA,9.73
2014,Samaikya Telugu Rajyam,6542.0,0,0.0,Others / Regional,0.0
2014,Samaikyandhra Parirakshana Samithi,4870.0,0,0.0,Others / Regional,0.0
2014,Samajwadi Jan Parishad,10008.0,0,0.0,Others / Regional,0.0
2014,Samajwadi Janata Party (Rashtriya),59756.0,0,0.01,Others / Regional,0.0
2014,Samajwadi Samaj Party,4947.0,0,0.0,Others / Regional,0.0
2014,Samata Kranti Dal,20910.0,0,0.0,Others / Regional,0.0
2014,Samata Samadhan Party,16501.0,0,0.0,Others / Regional,0.0
2014,Samruddha Odisha,9794.0,0,0.0,Others / Regional,0.0
2014,Samta Party,21631.0,0,0.0,Others / Regional,0.0
2014,Samta Vikas Party,763.0,0,0.0,Others / Regional,0.0
2014,Samtawadi Republican Party,9561.0,0,0.0,Others / Regional,0.0
2014,Samyak Parivartan Party,30805.0,0,0.01,Others / Regional,0.0
2014,Sanatan Sanskriti Raksha Dal,7115.0,0,0.0,Others / Regional,0.0
2014,Sankhyanupati Bhagidari Party,16078.0,0,0.0,Others / Regional,0.0
2014,Sanyukt Samajwadi Dal,6788.0,0,0.0,Others / Regional,0.0
2014,Sardar Vallabhbhai Patel Party,394.0,0,0.0,Others / Regional,0.0
2014,Sarva Janata Party,15474.0,0,0.0,Others / Regional,0.0
2014,Sarva Samaj Kalyan Party,10239.0,0,0.0,Others / Regional,0.0
2014,Sarvajan Kalyan Loktantrik Party,19253.0,0,0.0,Others / Regional,0.0
2014,Sarvajan Samaj Party (D),6681.0,0,0.0,Others / Regional,0.0
2014,Sarvshreshth Dal,2329.0,0,0.0,Others / Regional,0.0
2014,Shakti Sena (Bharat Desh),4466.0,0,0.0,Others / Regional,0.0
2014,Shiromani Akali Dal (Amritsar)(Simranjit Singh Mann),35516.0,0,0.01,Others / Regional,0.0
2014,Shivrajya Party,944.0,0,0.0,Others / Regional,0.0
2014,Shoshit Samaj Dal,16446.0,0,0.0,Others / Regional,0.0
2014,Shoshit Sandesh Party,2982.0,0,0.0,Others / Regional,0.0
2014,Shramajeevi Party,7953.0,0,0.0,Others / Regional,0.0
2014,Social Action Party,682.0,0,0.0,Others / Regional,0.0
2014,Social Democratic Party Of India,396524.0,0,0.07,Others / Regional,0.0
2014,Socialist Janata (Democratic),307597.0,0,0.06,Others / Regional,0.0
2014,Socialist Party (India),41518.0,0,0.01,Others / Regional,0.0
2014,Socialist Party (Lohia),1997.0,0,0.0,Others / Regional,0.0
2014,Socialist Republican Party,6512.0,0,0.0,Others / Regional,0.0
2014,Socialist Unity Centre Of India (Communist),520972.0,0,0.09,Others / Regional,0.0
2014,Socialistic Democratic Party,17435.0,0,0.0,Others / Regional,0.0
2014,Suheldev Bhartiya Samaj Party,118947.0,0,0.02,Others / Regional,0.0
2014,Swabhimani Paksha,1105073.0,1,0.2,Others / Regional,5.0
2014,Swaraj (J),14152.0,0,0.0,Others / Regional,0.0
2014,Swarajya Party Of India,11361.0,0,0.0,Others / Regional,0.0
2014,Swatantra Samaj Party,4016.0,0,0.0,Others / Regional,0.0
2014,TDP,14099230.0,16,2.55,NDA,6.27
2014,TMC,21262665.0,34,3.84,UPA / I.N.D.I.A.,8.85
2014,TRS,6736270.0,11,1.22,Others / Regional,9.02
2014,Tamil Nadu Makkal Congress,49024.0,0,0.01,Others / Regional,0.0
2014,Telangana Communist Party Of India,2311.0,0,0.0,Others / Regional,0.0
2014,Telangana Loksatta Party,2567.0,0,0.0,Others / Regional,0.0
2014,The Lok Party Of India,5804.0,0,0.0,Others / Regional,0.0
2014,The Religion Of Man Revolving Political Party Of India,1071.0,0,0.0,Others / Regional,0.0
2014,Thrinamool Tamil Nadu Congress,474.0,0,0.0,Others / Regional,0.0
2014,Tripura Pragatishil Gramin Congress,8952.0,0,0.0,Others / Regional,0.0
2014,Ulzaipali Makkal Katchy,9194.0,0,0.0,Others / Regional,0.0
2014,Union Party Of India,944.0,0,0.0,Others / Regional,0.0
2014,United Communist Party Of India,6472.0,0,0.0,Others / Regional,0.0
2014,United Democratic Party,106817.0,0,0.02,Others / Regional,0.0
2014,Uttar Pradesh Republican Party,542.0,0,0.0,Others / Regional,0.0
2014,Uttarakhand Parivartan Party,2045.0,0,0.0,Others / Regional,0.0
2014,VCK,606110.0,0,0.11,UPA / I.N.D.I.A.,0.0
2014,Vanchit Jamat Party,350.0,0,0.0,Others / Regional,0.0
2014,Vanchitsamaj Insaaf Party,23991.0,0,0.0,Others / Regional,0.0
2014,Vichara Jagruthi Congress Paksha,3972.0,0,0.0,Others / Regional,0.0
2014,Vishva Hindustani Sangathan,2880.0,0,0.0,Others / Regional,0.0
2014,Vishva Shakti Party,263.0,0,0.0,Others / Regional,0.0
2014,Voters Party,1089.0,0,0.0,Others / Regional,0.0
2014,Welfare Party Of India,228645.0,0,0.04,Others / Regional,0.0
2014,YSRCP,13995435.0,9,2.53,Others / Regional,3.56
2014,Yuva Sarkar,4578.0,0,0.0,Others / Regional,0.0
2019,AAP,2716629.0,1,0.44,UPA / I.N.D.I.A.,2.27
2019,AD(S),1039478.0,2,0.17,NDA,11.76
2019,AGP,1480697.0,0,0.24,NDA,0.0
2019,AIADMK,7830146.0,1,1.27,Others / Regional,0.79
2019,AIFB,322507.0,0,0.05,Left Front,0.0
2019,AIMIM,1201542.0,2,0.2,Others / Regional,10.0
2019,AIUDF,1402088.0,1,0.23,Others / Regional,4.35
2019,AJSU,648277.0,1,0.11,NDA,9.09
2019,Aadarsh Janata Sewa Party,551.0,0,0.0,Others / Regional,0.0
2019,Aadarsh Mithila Party,11311.0,0,0.0,Others / Regional,0.0
2019,Aadarsh Sangram Party,4283.0,0,0.0,Others / Regional,0.0
2019,Aajad Bharat Party (Democratic),16481.0,0,0.0,Others / Regional,0.0
2019,Aam Adhikar Morcha,34845.0,0,0.01,Others / Regional,0.0
2019,Aam Janta Party (India),16749.0,0,0.0,Others / Regional,0.0
2019,Aam Janta Party Rashtriya,31017.0,0,0.01,Others / Regional,0.0
2019,Aap Aur Hum Party,3434.0,0,0.0,Others / Regional,0.0
2019,Aapki Apni Party (Peoples),18866.0,0,0.0,Others / Regional,0.0
2019,Aarakshan Virodhi Party,7697.0,0,0.0,Others / Regional,0.0
2019,Aasra Lokmanch Party,4856.0,0,0.0,Others / Regional,0.0
2019,Adarsh Nyay Rakshak Party,2360.0,0,0.0,Others / Regional,0.0
2019,Adarsh Samaj Party,3423.0,0,0.0,Others / Regional,0.0
2019,Adarshwaadi Congress Party,838.0,0,0.0,Others / Regional,0.0
2019,Adhikar Vikas Party,3526.0,0,0.0,Others / Regional,0.0
2019,Adhunik Bharat Party,1976.0,0,0.0,Others / Regional,0.0
2019,Adim Bhartiya Dal,716.0,0,0.0,Others / Regional,0.0
2019,Agila India Makkal Kazhagam,7320.0,0,0.0,Others / Regional,0.0
2019,Ahila India Dhayaga Makkal Munnetra Katchi,1765.0,0,0.0,Others / Regional,0.0
2019,Ahimsa Socialist Party,972.0,0,0.0,Others / Regional,0.0
2019,Ahinsa Samaj Party,1424.0,0,0.0,Others / Regional,0.0
2019,Aihra National Party,50071.0,0,0.01,Others / Regional,0.0
2019,Akhand Hind Party,3907.0,0,0.0,Others / Regional,0.0
2019,Akhand Rashtrawadi Party,2626.0,0,0.0,Others / Regional,0.0
2019,Akhand Samaj Party,7569.0,0,0.0,Others / Regional,0.0
2019,Akhil Bharat Samagra Kranti Party,9912.0,0,0.0,Others / Regional,0.0
2019,Akhil Bharatiya Manavata Paksha,885.0,0,0.0,Others / Regional,0.0
2019,Akhil Bharatiya Muslim League (Secular),5179.0,0,0.0,Others / Regional,0.0
2019,Akhil Bharatiya Sena,1567.0,0,0.0,Others / Regional,0.0
2019,Akhil Bhartiya Apna Dal,12538.0,0,0.0,Others / Regional,0.0
2019,Akhil Bhartiya Ekata Party,1006.0,0,0.0,Others / Regional,0.0
2019,Akhil Bhartiya Gondwana Party,48426.0,0,0.01,Others / Regional,0.0
2019,Akhil Bhartiya Jharkhand Party,8484.0,0,0.0,Others / Regional,0.0
2019,Akhil Bhartiya Lok Dal,503.0,0,0.0,Others / Regional,0.0
2019,Akhil Bhartiya Mithila Party,10127.0,0,0.0,Others / Regional,0.0
2019,Akhil Bhartiya Navnirman Party,2759.0,0,0.0,Others / Regional,0.0
2019,Akhil Bhartiya Sarvadharma Samaj Party,735.0,0,0.0,Others / Regional,0.0
2019,Akhil Hind Forward Bloc (Krantikari),23252.0,0,0.0,Others / Regional,0.0
2019,Akila India Vallalar Peravai,643.0,0,0.0,Others / Regional,0.0
2019,Al-Hind Party,1764.0,0,0.0,Others / Regional,0.0
2019,All India Hindustan Congress Party,8082.0,0,0.0,Others / Regional,0.0
2019,All India Jana Andolan Party,6495.0,0,0.0,Others / Regional,0.0
2019,All India Labour Party,2707.0,0,0.0,Others / Regional,0.0
2019,All India Minorities Front,1850.0,0,0.0,Others / Regional,0.0
2019,All India N.R. Congress,247956.0,0,0.04,Others / Regional,0.0
2019,All India Peoples' Front (Radical),11032.0,0,0.0,Others / Regional,0.0
2019,All India Praja Party,2023.0,0,0.0,Others / Regional,0.0
2019,All India Puratchi Thalaivar Makkal Munnettra Kazhagam,2764.0,0,0.0,Others / Regional,0.0
2019,All India Ulama Congress,4024.0,0,0.0,Others / Regional,0.0
2019,All India Uzhavargal Uzhaippalargal Katchi,1999.0,0,0.0,Others / Regional,0.0
2019,All Indian Rajiv Congress Party,1282.0,0,0.0,Others / Regional,0.0
2019,All Indians Party,396.0,0,0.0,Others / Regional,0.0
2019,All Pensioner'S Par,892.0,0,0.0,Others / Regional,0.0
2019,All Peoples Party,370.0,0,0.0,Others / Regional,0.0
2019,Ambedkar National Congress,49149.0,0,0.01,Others / Regional,0.0
2019,Ambedkar Samaj Party,35076.0,0,0.01,Others / Regional,0.0
2019,Ambedkar Yug Party,921.0,0,0.0,Others / Regional,0.0
2019,Ambedkarist Republican Party,4399.0,0,0.0,Others / Regional,0.0
2019,Ambedkarite Party Of India,381070.0,0,0.06,Others / Regional,0.0
2019,Amma Makkal Munnettra Kazagam,2249118.0,0,0.37,Others / Regional,0.0
2019,Amra Bangalee,36570.0,0,0.01,Others / Regional,0.0
2019,Anaithu Makkal Katchi,645.0,0,0.0,Others / Regional,0.0
2019,Anaithu Makkal Puratchi Katchi,5089.0,0,0.0,Others / Regional,0.0
2019,Andaman & Nicobar Janta Party,2017.0,0,0.0,Others / Regional,0.0
2019,Andhra Chaitanya Party,1263.0,0,0.0,Others / Regional,0.0
2019,Andhra Rastra Praja Samithi,1563.0,0,0.0,Others / Regional,0.0
2019,Anjaan Aadmi Party,1281.0,0,0.0,Others / Regional,0.0
2019,Anna Ysr Congress Party,5511.0,0,0.0,Others / Regional,0.0
2019,Annadata Party,5147.0,0,0.0,Others / Regional,0.0
2019,Anti Corruption Dynamic Party,40214.0,0,0.01,Others / Regional,0.0
2019,Apna Dal United Party,8541.0,0,0.0,Others / Regional,0.0
2019,Apna Desh Party,5682.0,0,0.0,Others / Regional,0.0
2019,Apna Kisan Party,8354.0,0,0.0,Others / Regional,0.0
2019,Apna Samaj Party,3678.0,0,0.0,Others / Regional,0.0
2019,Asli Deshi Party,11598.0,0,0.0,Others / Regional,0.0
2019,Asom Jana Morcha,21678.0,0,0.0,Others / Regional,0.0
2019,Assam Dristi Party,8285.0,0,0.0,Others / Regional,0.0
2019,Atulya Bharat Party,4737.0,0,0.0,Others / Regional,0.0
2019,Autonomous State Demand Committee,36915.0,0,0.01,Others / Regional,0.0
2019,Awami Samta Party,5504.0,0,0.0,Others / Regional,0.0
2019,Azad Mazdoor Kissan Party,829.0,0,0.0,Others / Regional,0.0
2019,B. C. United Front,649.0,0,0.0,Others / Regional,0.0
2019,BJD,10174021.0,12,1.65,Others / Regional,7.27
2019,BJP,229076879.0,303,37.22,NDA,8.14
2019,BPF,446774.0,0,0.07,Others / Regional,0.0
2019,BSP,22246501.0,10,3.61,Others / Regional,2.77
2019,Bahujan Awam Party,14060.0,0,0.0,Others / Regional,0.0
2019,Bahujan Azad Party,8421.0,0,0.0,Others / Regional,0.0
2019,Bahujan Maha Party,46185.0,0,0.01,Others / Regional,0.0
2019,Bahujan Mukti Party,405949.0,0,0.07,Others / Regional,0.0
2019,Bahujan Nyay Dal,26746.0,0,0.0,Others / Regional,0.0
2019,Bahujan Republican Socialist Party,54266.0,0,0.01,Others / Regional,0.0
2019,Bahujan Samaj Party (Ambedkar),6802.0,0,0.0,Others / Regional,0.0
2019,Bahujan Samyak Party (Mission),501.0,0,0.0,Others / Regional,0.0
2019,Bahujan Suraksha Dal,743.0,0,0.0,Others / Regional,0.0
2019,Bahujan Vikas Aaghadi,491596.0,0,0.08,Others / Regional,0.0
2019,Bahujana Raajyam Party (Phule Ambedkar),1008.0,0,0.0,Others / Regional,0.0
2019,Bajjikanchal Vikas Party,40906.0,0,0.01,Others / Regional,0.0
2019,Baliraja Party,24915.0,0,0.0,Others / Regional,0.0
2019,Bhapase Party,1434.0,0,0.0,Others / Regional,0.0
2019,Bharat Bhoomi Party,6730.0,0,0.0,Others / Regional,0.0
2019,Bharat Bhrashtachar Mitao Party,9894.0,0,0.0,Others / Regional,0.0
2019,Bharat Jan Aadhar Party,3919.0,0,0.0,Others / Regional,0.0
2019,Bharat Lok Sewak Party,3271.0,0,0.0,Others / Regional,0.0
2019,Bharat Nirman Party,5674.0,0,0.0,Others / Regional,0.0
2019,Bharat Prabhat Party,92100.0,0,0.01,Others / Regional,0.0
2019,Bharat Rakshak Party (Democratic),2880.0,0,0.0,Others / Regional,0.0
2019,Bharateeya Manavadhikar Party,6511.0,0,0.0,Others / Regional,0.0
2019,Bharath Dharma Jana Sena,380847.0,0,0.06,Others / Regional,0.0
2019,Bharatiya Aam Awam Party,9628.0,0,0.0,Others / Regional,0.0
2019,Bharatiya Aavaam Ekta Party,8164.0,0,0.0,Others / Regional,0.0
2019,Bharatiya Bahujan Congress,19500.0,0,0.0,Others / Regional,0.0
2019,Bharatiya Bahujan Parivartan Party,1268.0,0,0.0,Others / Regional,0.0
2019,Bharatiya Bahujan Party,1069.0,0,0.0,Others / Regional,0.0
2019,Bharatiya Bahujan Samta Party,2210.0,0,0.0,Others / Regional,0.0
2019,Bharatiya Gana Parishad,13039.0,0,0.0,Others / Regional,0.0
2019,Bharatiya Jan Kranti Dal (Democratic),29507.0,0,0.0,Others / Regional,0.0
2019,Bharatiya Jan Morcha Party,1055.0,0,0.0,Others / Regional,0.0
2019,Bharatiya Jana Sangh,9015.0,0,0.0,Others / Regional,0.0
2019,Bharatiya Kisan Parivartan Party,9503.0,0,0.0,Others / Regional,0.0
2019,Bharatiya Majdoor Janta Party,822.0,0,0.0,Others / Regional,0.0
2019,Bharatiya Minorities Suraksha Mahasangh,2484.0,0,0.0,Others / Regional,0.0
2019,Bharatiya Momin Front,23765.0,0,0.0,Others / Regional,0.0
2019,Bharatiya National Janta Dal,16743.0,0,0.0,Others / Regional,0.0
2019,Bharatiya Nyay-Adhikar Raksha Party,31308.0,0,0.01,Others / Regional,0.0
2019,Bharatiya Peoples Party,1649.0,0,0.0,Others / Regional,0.0
2019,Bharatiya Praja Surajya Paksha,14757.0,0,0.0,Others / Regional,0.0
2019,Bharatiya Prajagala Kalyana Paksha,1184.0,0,0.0,Others / Regional,0.0
2019,Bharatiya Rashtravadi Paksha,992.0,0,0.0,Others / Regional,0.0
2019,Bharatiya Rashtravadi Samanta Party,1695.0,0,0.0,Others / Regional,0.0
2019,Bharatiya Rashtriya Morcha,8260.0,0,0.0,Others / Regional,0.0
2019,Bharatiya Sampuran Krantikari Party,1948.0,0,0.0,Others / Regional,0.0
2019,Bharatiya Samta Samaj Party,7370.0,0,0.0,Others / Regional,0.0
2019,Bharatiya Sarvodaya Kranti Party,829.0,0,0.0,Others / Regional,0.0
2019,Bharatiya Tribal Party,539319.0,0,0.09,Others / Regional,0.0
2019,Bharatrashtra Democratic Party,472.0,0,0.0,Others / Regional,0.0
2019,Bharipa Bahujan Mahasangh,5971.0,0,0.0,Others / Regional,0.0
2019,Bhartiya Amrit Party,4632.0,0,0.0,Others / Regional,0.0
2019,Bhartiya Anarakshit Party,15907.0,0,0.0,Others / Regional,0.0
2019,Bhartiya Azad Sena,1527.0,0,0.0,Others / Regional,0.0
2019,Bhartiya Bhaichara Party,1995.0,0,0.0,Others / Regional,0.0
2019,Bhartiya Dalit Party,15376.0,0,0.0,Others / Regional,0.0
2019,Bhartiya Harit Party,1886.0,0,0.0,Others / Regional,0.0
2019,Bhartiya Hind Fauj,6508.0,0,0.0,Others / Regional,0.0
2019,Bhartiya Insan Party,3264.0,0,0.0,Others / Regional,0.0
2019,Bhartiya Jan Nayak Party,6735.0,0,0.0,Others / Regional,0.0
2019,Bhartiya Jan Samman Party,1218.0,0,0.0,Others / Regional,0.0
2019,Bhartiya Jan Sampark Party,1392.0,0,0.0,Others / Regional,0.0
2019,Bhartiya Jan Satta Party,12416.0,0,0.0,Others / Regional,0.0
2019,Bhartiya Janraj Party,7210.0,0,0.0,Others / Regional,0.0
2019,Bhartiya Janta Dal,489.0,0,0.0,Others / Regional,0.0
2019,Bhartiya Janta Dal (Integrated),435.0,0,0.0,Others / Regional,0.0
2019,Bhartiya Kisan Party,21551.0,0,0.0,Others / Regional,0.0
2019,Bhartiya Kisan Union Samaj Party,1786.0,0,0.0,Others / Regional,0.0
2019,Bhartiya Kranti Vir Party,3778.0,0,0.0,Others / Regional,0.0
2019,Bhartiya Krishak Dal,4696.0,0,0.0,Others / Regional,0.0
2019,Bhartiya Lok Seva Dal,34643.0,0,0.01,Others / Regional,0.0
2019,Bhartiya Lokmat Rashtrwadi Party,29129.0,0,0.0,Others / Regional,0.0
2019,Bhartiya Manav Samaj Party,3908.0,0,0.0,Others / Regional,0.0
2019,Bhartiya Manavadhikaar Federal Party,11132.0,0,0.0,Others / Regional,0.0
2019,Bhartiya Mitra Party,12737.0,0,0.0,Others / Regional,0.0
2019,Bhartiya Naujawan Inklav Party,932.0,0,0.0,Others / Regional,0.0
2019,Bhartiya Navjawan Sena (Paksha),4917.0,0,0.0,Others / Regional,0.0
2019,Bhartiya Navodaya Party,619.0,0,0.0,Others / Regional,0.0
2019,Bhartiya New Sanskar Krantikari Party,2640.0,0,0.0,Others / Regional,0.0
2019,Bhartiya Nojawan Dal,1047.0,0,0.0,Others / Regional,0.0
2019,Bhartiya Panchyat Party,3449.0,0,0.0,Others / Regional,0.0
2019,Bhartiya Pragatisheel Congress,724.0,0,0.0,Others / Regional,0.0
2019,Bhartiya Rashtrawadi Party,461.0,0,0.0,Others / Regional,0.0
2019,Bhartiya Republican Party (Insan),14142.0,0,0.0,Others / Regional,0.0
2019,Bhartiya Sarvjan Hitey Samaj Party,1852.0,0,0.0,Others / Regional,0.0
2019,Bhartiya Sarvodaya Party,3638.0,0,0.0,Others / Regional,0.0
2019,Bhartiya Shakti Chetna Party,105997.0,0,0.02,Others / Regional,0.0
2019,Bhartiya Vanchitsamaj Party,984.0,0,0.0,Others / Regional,0.0
2019,Bhartiyabahujankranti Dal,6684.0,0,0.0,Others / Regional,0.0
2019,Bihar Lok Nirman Dal,32445.0,0,0.01,Others / Regional,0.0
2019,Bundelkhand Kranti Dal,1849.0,0,0.0,Others / Regional,0.0
2019,CPI,3576184.0,2,0.58,UPA / I.N.D.I.A.,3.45
2019,CPI(M),10744908.0,3,1.75,UPA / I.N.D.I.A.,1.71
2019,CPI(ML)L,802360.0,0,0.13,UPA / I.N.D.I.A.,0.0
2019,Challengers Party,958.0,0,0.0,Others / Regional,0.0
2019,Chandigarh Ki Aawaz Party,3186.0,0,0.0,Others / Regional,0.0
2019,Chhattisgarh Swabhiman Manch,2691.0,0,0.0,Others / Regional,0.0
2019,Chhattisgarh Vikas Ganga Rashtriya Party,5540.0,0,0.0,Others / Regional,0.0
2019,Christian Democratic Front,494.0,0,0.0,Others / Regional,0.0
2019,Corruption Abolition Party,275.0,0,0.0,Others / Regional,0.0
2019,DMK,13877992.0,23,2.26,UPA / I.N.D.I.A.,10.18
2019,Daksha Party,346.0,0,0.0,Others / Regional,0.0
2019,Dalit Soshit Pichhara Varg Adhikar Dal,3522.0,0,0.0,Others / Regional,0.0
2019,Dalita Bahujana Party,6133.0,0,0.0,Others / Regional,0.0
2019,Democratic Corruption Liberation Front,596.0,0,0.0,Others / Regional,0.0
2019,Democratic Party Of India,499.0,0,0.0,Others / Regional,0.0
2019,Democratic Party Of India (Ambedkar),4913.0,0,0.0,Others / Regional,0.0
2019,Democratic Prajakranthi Party Secularist,429.0,0,0.0,Others / Regional,0.0
2019,Desh Janhit Party,273.0,0,0.0,Others / Regional,0.0
2019,Desiya Makkal Sakthi Katchi,14300.0,0,0.0,Others / Regional,0.0
2019,Desiya Murpokku Dravida Kazhagam,929590.0,0,0.15,Others / Regional,0.0
2019,Desiya Uzhavar Uzhaipalar Kazhagam,3337.0,0,0.0,Others / Regional,0.0
2019,"Dogra Swabhiman Sangathan Party,",26588.0,0,0.0,Others / Regional,0.0
2019,Dr. Bhimrao Ambedkar Dal,1549.0,0,0.0,Others / Regional,0.0
2019,Ekta Samaj Party,1270.0,0,0.0,Others / Regional,0.0
2019,Engineers Party,1442.0,0,0.0,Others / Regional,0.0
2019,Ezhuchi Tamilargal Munnetra Kazhagam,5482.0,0,0.0,Others / Regional,0.0
2019,Fauji Janta Party,564.0,0,0.0,Others / Regional,0.0
2019,Forward Democratic Labour Party,1519.0,0,0.0,Others / Regional,0.0
2019,Freethought Party Of India,6884.0,0,0.0,Others / Regional,0.0
2019,Ganasangam Party Of India,11631.0,0,0.0,Others / Regional,0.0
2019,Gareeb Aadmi Party,385.0,0,0.0,Others / Regional,0.0
2019,Garib Janshakti Party,11678.0,0,0.0,Others / Regional,0.0
2019,Garvi Gujarat Party,10469.0,0,0.0,Others / Regional,0.0
2019,Gondwana Ganatantra Party,210088.0,0,0.03,Others / Regional,0.0
2019,Gorkha Rashtriya Congress,2952.0,0,0.0,Others / Regional,0.0
2019,Gujarat Janta Panchayat Party,1524.0,0,0.0,Others / Regional,0.0
2019,HAM(S),956501.0,0,0.16,NDA,0.0
2019,Hamari Apni Party,847.0,0,0.0,Others / Regional,0.0
2019,Hamro Sikkim Party,1998.0,0,0.0,Others / Regional,0.0
2019,Hardam Manavtawadi Rashtriya Dal,447.0,0,0.0,Others / Regional,0.0
2019,Himachal Jan Kranti Party,970.0,0,0.0,Others / Regional,0.0
2019,Hind Congress Party,2094.0,0,0.0,Others / Regional,0.0
2019,Hindu Mahasabha,23475.0,0,0.0,Others / Regional,0.0
2019,Hindu Samaj Party,1014.0,0,0.0,Others / Regional,0.0
2019,Hindustan Janta Party,9997.0,0,0.0,Others / Regional,0.0
2019,Hindustan Shakti Sena,21771.0,0,0.0,Others / Regional,0.0
2019,Hindusthan Nirman Dal,122972.0,0,0.02,Others / Regional,0.0
2019,Hindusthan Praja Paksha,3750.0,0,0.0,Others / Regional,0.0
2019,Hum Bhartiya Party,16672.0,0,0.0,Others / Regional,0.0
2019,Hum Sabki Party,1432.0,0,0.0,Others / Regional,0.0
2019,INC,119495214.0,52,19.42,UPA / I.N.D.I.A.,2.68
2019,IND,16467341.0,4,2.68,Others / Regional,1.49
2019,IUML,1592467.0,3,0.26,UPA / I.N.D.I.A.,11.54
2019,Ilantamilar Munnani Kazhagam,748.0,0,0.0,Others / Regional,0.0
2019,Independent People'S Par,1723.0,0,0.0,Others / Regional,0.0
2019,India Praja Bandhu Party,20682.0,0,0.0,Others / Regional,0.0
2019,Indian Christian Front,4832.0,0,0.0,Others / Regional,0.0
2019,Indian Democratic Republican Front,7784.0,0,0.0,Others / Regional,0.0
2019,Indian Gandhiyan Party,824.0,0,0.0,Others / Regional,0.0
2019,Indian Indira Congress (R),2569.0,0,0.0,Others / Regional,0.0
2019,Indian Labour Party (Ambedkar Phule),4923.0,0,0.0,Others / Regional,0.0
2019,Indian National League,3644.0,0,0.0,Others / Regional,0.0
2019,Indian National Lok Dal,240258.0,0,0.04,Others / Regional,0.0
2019,Indian New Congress Party,21095.0,0,0.0,Others / Regional,0.0
2019,Indian Peoples Green Party,9538.0,0,0.0,Others / Regional,0.0
2019,Indian Rakshaka Nayakudu Party,2012.0,0,0.0,Others / Regional,0.0
2019,Indian Unity Centre,4003.0,0,0.0,Others / Regional,0.0
2019,Indigenous People'S Front Of Tripura,89529.0,0,0.01,Others / Regional,0.0
2019,Inqalab Vikas Dal,718.0,0,0.0,Others / Regional,0.0
2019,JD(S),3457107.0,1,0.56,Others / Regional,1.79
2019,JD(U),8926679.0,16,1.45,NDA,11.03
2019,JKNC,280356.0,3,0.05,UPA / I.N.D.I.A.,60.0
2019,JKPDP,84054.0,0,0.01,Others / Regional,0.0
2019,JMM,1901976.0,1,0.31,UPA / I.N.D.I.A.,3.23
2019,Jago Hindustan Party,6171.0,0,0.0,Others / Regional,0.0
2019,Jai Hind Party,13693.0,0,0.0,Others / Regional,0.0
2019,Jai Hind Samaj Party,1431.0,0,0.0,Others / Regional,0.0
2019,Jai Jawan Jai Kisan Party,4809.0,0,0.0,Others / Regional,0.0
2019,Jai Lok Party,473.0,0,0.0,Others / Regional,0.0
2019,Jai Maha Bharath Party,3267.0,0,0.0,Others / Regional,0.0
2019,Jai Prakash Janata Dal,27404.0,0,0.0,Others / Regional,0.0
2019,Jai Swaraj Party,1056.0,0,0.0,Others / Regional,0.0
2019,Jai Vijaya Bharathi Party,696.0,0,0.0,Others / Regional,0.0
2019,Jamat-E-Seratul Mustakim,5885.0,0,0.0,Others / Regional,0.0
2019,Jammu & Kashmir Pir Panjal Awami Party,1612.0,0,0.0,Others / Regional,0.0
2019,Jammu And Kashmir National Panthers Party,39760.0,0,0.01,Others / Regional,0.0
2019,Jammu And Kashmir People'S Conference,133612.0,0,0.02,Others / Regional,0.0
2019,Jan Adesh Akshuni Sena,1812.0,0,0.0,Others / Regional,0.0
2019,Jan Adhikar Party,79975.0,0,0.01,Others / Regional,0.0
2019,Jan Adhikar Party (Loktantrik),97631.0,0,0.02,Others / Regional,0.0
2019,Jan Samman Party,3706.0,0,0.0,Others / Regional,0.0
2019,Jan Sangh Party,712.0,0,0.0,Others / Regional,0.0
2019,Jan Sangharsh Virat Party,10569.0,0,0.0,Others / Regional,0.0
2019,Jan Satya Path Party,3646.0,0,0.0,Others / Regional,0.0
2019,Jan Seva Sahayak Party,3731.0,0,0.0,Others / Regional,0.0
2019,Jan Shakti Dal,5758.0,0,0.0,Others / Regional,0.0
2019,Jan Shakti Ekta Party,1557.0,0,0.0,Others / Regional,0.0
2019,Jana Jagruti Party,11464.0,0,0.0,Others / Regional,0.0
2019,Jana Sena Party,1915127.0,0,0.31,Others / Regional,0.0
2019,Janapaalana Party (Democratic),913.0,0,0.0,Others / Regional,0.0
2019,Janata Congress,14595.0,0,0.0,Others / Regional,0.0
2019,Janata Party,13467.0,0,0.0,Others / Regional,0.0
2019,Janhit Bharat Party,7192.0,0,0.0,Others / Regional,0.0
2019,Janhit Kisan Party,33902.0,0,0.01,Others / Regional,0.0
2019,Jannayak Janta Party,619970.0,0,0.1,Others / Regional,0.0
2019,Janral Samaj Party,11324.0,0,0.0,Others / Regional,0.0
2019,Jansatta Dal (Loktantrik),203369.0,0,0.03,Others / Regional,0.0
2019,Jansatta Party,2484.0,0,0.0,Others / Regional,0.0
2019,Janta Dal Rashtravadi,27584.0,0,0.0,Others / Regional,0.0
2019,Janta Kranti Party (Rashtravadi),4873.0,0,0.0,Others / Regional,0.0
2019,Janta Raj Party,2308.0,0,0.0,Others / Regional,0.0
2019,Janta Raj Vikas Party,2364.0,0,0.0,Others / Regional,0.0
2019,Jantantrik Vikas Party,17955.0,0,0.0,Others / Regional,0.0
2019,Janvadi Party(Socialist),2640.0,0,0.0,Others / Regional,0.0
2019,Jharkhand Anushilan Party,4164.0,0,0.0,Others / Regional,0.0
2019,Jharkhand Mukti Morcha (Ulgulan),8672.0,0,0.0,Others / Regional,0.0
2019,Jharkhand Party,35060.0,0,0.01,Others / Regional,0.0
2019,Jharkhand Party (Naren),18869.0,0,0.0,Others / Regional,0.0
2019,"Jharkhand Party (Secular),",1244.0,0,0.0,Others / Regional,0.0
2019,Jharkhand People'S Party,16195.0,0,0.0,Others / Regional,0.0
2019,Jharkhand Vikas Morcha (Prajatantrik),750799.0,0,0.12,Others / Regional,0.0
2019,Jwala Dal,1572.0,0,0.0,Others / Regional,0.0
2019,Kalinga Sena,12432.0,0,0.0,Others / Regional,0.0
2019,Kalyankari Jantantrik Party,1336.0,0,0.0,Others / Regional,0.0
2019,Kamatapur People'S Party (United),12666.0,0,0.0,Others / Regional,0.0
2019,Kannada Chalavali Vatal Paksha,2510.0,0,0.0,Others / Regional,0.0
2019,Kanshiram Bahujan Dal,7255.0,0,0.0,Others / Regional,0.0
2019,Karnataka Jantha Paksha,2013.0,0,0.0,Others / Regional,0.0
2019,Karnataka Karmikara Paksha,3084.0,0,0.0,Others / Regional,0.0
2019,Karnataka Pragnyavantha Janatha Party,1207.0,0,0.0,Others / Regional,0.0
2019,Karnataka Praja Party (Raithaparva),3697.0,0,0.0,Others / Regional,0.0
2019,Kartavya Rashtriya Party,512.0,0,0.0,Others / Regional,0.0
2019,Kerala Congress,155135.0,0,0.03,Others / Regional,0.0
2019,Kerala Congress (M),421046.0,1,0.07,Others / Regional,14.29
2019,Khusro Sena Party,687.0,0,0.0,Others / Regional,0.0
2019,Kisan Majdoor Berojgar Sangh,1574.0,0,0.0,Others / Regional,0.0
2019,Kisan Mazdoor Sangharsh Party,7974.0,0,0.0,Others / Regional,0.0
2019,Kisan Party Of India,5647.0,0,0.0,Others / Regional,0.0
2019,"Kisan Raj Party,",2426.0,0,0.0,Others / Regional,0.0
2019,"Kisan Raksha Party,",3303.0,0,0.0,Others / Regional,0.0
2019,Kranti Kari Jai Hind Sena,11200.0,0,0.0,Others / Regional,0.0
2019,Krupaa Party,8510.0,0,0.0,Others / Regional,0.0
2019,LJP,3206979.0,6,0.52,NDA,11.54
2019,Lok Chetna Dal,2384.0,0,0.0,Others / Regional,0.0
2019,Lok Gathbandhan Party,18684.0,0,0.0,Others / Regional,0.0
2019,Lok Insaaf Party,469784.0,0,0.08,Others / Regional,0.0
2019,Lok Jan Sangharsh Party,968.0,0,0.0,Others / Regional,0.0
2019,Lok Jan Vikas Morcha,9278.0,0,0.0,Others / Regional,0.0
2019,Lok Sewa Dal,6313.0,0,0.0,Others / Regional,0.0
2019,Lokdal,18218.0,0,0.0,Others / Regional,0.0
2019,Lokjagar Party,1135.0,0,0.0,Others / Regional,0.0
2019,Lokpriya Samaj Party,478.0,0,0.0,Others / Regional,0.0
2019,Loksangram,8418.0,0,0.0,Others / Regional,0.0
2019,Loktanter Suraksha Party,55280.0,0,0.01,Others / Regional,0.0
2019,Loktantrik Jan Swaraj Party,9868.0,0,0.0,Others / Regional,0.0
2019,Loktantrik Janshakti Party,2725.0,0,0.0,Others / Regional,0.0
2019,Loktantrik Rashrtavadi Party,705.0,0,0.0,Others / Regional,0.0
2019,Maanavvaadi Janta Party,6267.0,0,0.0,Others / Regional,0.0
2019,Madhya Pradesh Jan Vikas Party,15472.0,0,0.0,Others / Regional,0.0
2019,Mahamukti Dal,2477.0,0,0.0,Others / Regional,0.0
2019,Maharashtra Kranti Sena,2761.0,0,0.0,Others / Regional,0.0
2019,Maharashtra Swabhiman Paksha,281578.0,0,0.05,Others / Regional,0.0
2019,Mahasankalp Janta Party,2427.0,0,0.0,Others / Regional,0.0
2019,Mahila & Yuva Shakti Party,605.0,0,0.0,Others / Regional,0.0
2019,Majdoor Kisan Union Party,687.0,0,0.0,Others / Regional,0.0
2019,Makkal Needhi Maiam,1613708.0,0,0.26,Others / Regional,0.0
2019,"Makkal Sananayaga Kudiyarasu Katchi,",2906.0,0,0.0,Others / Regional,0.0
2019,Makkalatchi Katchi,1115.0,0,0.0,Others / Regional,0.0
2019,Manav Kranti Party,1344.0,0,0.0,Others / Regional,0.0
2019,Manavtawadi Samaj Party,4498.0,0,0.0,Others / Regional,0.0
2019,Manipur Democratic Peoples'S Front,1256.0,0,0.0,Others / Regional,0.0
2019,Manipur Peoples Party,1783.0,0,0.0,Others / Regional,0.0
2019,Manuvadi Party,3962.0,0,0.0,Others / Regional,0.0
2019,Manvadhikar National Party,4071.0,0,0.0,Others / Regional,0.0
2019,Marxist Communist Party Of India (United),21045.0,0,0.0,Others / Regional,0.0
2019,Marxist-Leninist Party Of India (Red Flag),14016.0,0,0.0,Others / Regional,0.0
2019,Mazdoor Dalit Kisaan Mahila Gareeb Party (Hindustani),1669.0,0,0.0,Others / Regional,0.0
2019,Mazdoor Kirayedar Vikas Party,5017.0,0,0.0,Others / Regional,0.0
2019,Mera Adhikaar Rashtriya Dal,973.0,0,0.0,Others / Regional,0.0
2019,Minorities Democratic Party,6198.0,0,0.0,Others / Regional,0.0
2019,Mithilanchal Mukti Morcha,4413.0,0,0.0,Others / Regional,0.0
2019,Mizo National Front,224286.0,1,0.04,Others / Regional,25.0
2019,Moolniwasi Samaj Party,21234.0,0,0.0,Others / Regional,0.0
2019,Moulik Adhikar Party,59235.0,0,0.01,Others / Regional,0.0
2019,Mulnibasi Party Of India,4057.0,0,0.0,Others / Regional,0.0
2019,Mundadugu Praja Party,7342.0,0,0.0,Others / Regional,0.0
2019,NCP,8500331.0,5,1.38,NDA,3.62
2019,Naam Indiar Party,2597.0,0,0.0,Others / Regional,0.0
2019,Naam Tamilar Katchi,1668079.0,0,0.27,Others / Regional,0.0
2019,Naga People'S Front,363527.0,1,0.06,Others / Regional,16.67
2019,Nagrik Ekta Party,18037.0,0,0.0,Others / Regional,0.0
2019,Naitik Party,7294.0,0,0.0,Others / Regional,0.0
2019,National Apni Party,1044.0,0,0.0,Others / Regional,0.0
2019,National Bhrashtachar Mukt Party,1453.0,0,0.0,Others / Regional,0.0
2019,National Dalitha Dhal Party,628.0,0,0.0,Others / Regional,0.0
2019,National Development Party,1138.0,0,0.0,Others / Regional,0.0
2019,National Fifty Fifty Front,1308.0,0,0.0,Others / Regional,0.0
2019,National Jagaran Party,4444.0,0,0.0,Others / Regional,0.0
2019,National Labour Party,2833.0,0,0.0,Others / Regional,0.0
2019,National Lokmat Party,1628.0,0,0.0,Others / Regional,0.0
2019,National Nava Kranthi Party,887.0,0,0.0,Others / Regional,0.0
2019,National People'S Party,425986.0,1,0.07,Others / Regional,14.29
2019,National Republican Congress,4278.0,0,0.0,Others / Regional,0.0
2019,National Women'S Party,3903.0,0,0.0,Others / Regional,0.0
2019,National Youth Party,1053.0,0,0.0,Others / Regional,0.0
2019,Nationalist Democratic Progressive Party,500510.0,1,0.08,Others / Regional,12.5
2019,Nationalist Janshakti Party,4847.0,0,0.0,Others / Regional,0.0
2019,Nationalist Justice Party,6531.0,0,0.0,Others / Regional,0.0
2019,Nationalist People'S Front,5798.0,0,0.0,Others / Regional,0.0
2019,Nava Praja Rajyam Party,8007.0,0,0.0,Others / Regional,0.0
2019,Nava Samaj Party,4286.0,0,0.0,Others / Regional,0.0
2019,Navarang Congress Party,4265.0,0,0.0,Others / Regional,0.0
2019,Navataram Party,1135.0,0,0.0,Others / Regional,0.0
2019,Navbharat Ekta Dal,2371.0,0,0.0,Others / Regional,0.0
2019,Navbharat Nirman Party,4590.0,0,0.0,Others / Regional,0.0
2019,Navnirman Party,985.0,0,0.0,Others / Regional,0.0
2019,Navodayam Party,1341.0,0,0.0,Others / Regional,0.0
2019,Navsarjan Bharat Party,1160.0,0,0.0,Others / Regional,0.0
2019,Nawan Punjab Party,161645.0,0,0.03,Others / Regional,0.0
2019,Netaji Subhash Chander Bose Rashtriya Azad Party,2342.0,0,0.0,Others / Regional,0.0
2019,New All India Congress Party,3391.0,0,0.0,Others / Regional,0.0
2019,New Democratic Party Of India,7081.0,0,0.0,Others / Regional,0.0
2019,New India Party,1059.0,0,0.0,Others / Regional,0.0
2019,Nirbhay Bharteey Party,2449.0,0,0.0,Others / Regional,0.0
2019,Nominated Anglo-Indian,0.0,2,0.0,Others / Regional,0.0
2019,None of the Above,6513355.0,0,1.06,Others / Regional,0.0
2019,North East India Development Party,37221.0,0,0.01,Others / Regional,0.0
2019,Odisha Pragati Dal,8304.0,0,0.0,Others / Regional,0.0
2019,Parivartan Samaj Party,6469.0,0,0.0,Others / Regional,0.0
2019,Party For Democratic Socialism,12087.0,0,0.0,Others / Regional,0.0
2019,Pattali Makkal Katchi,2297431.0,0,0.37,Others / Regional,0.0
2019,Peace Party Of India,29998.0,0,0.0,Others / Regional,0.0
2019,People'S Party Of Arunachal,27703.0,0,0.0,Others / Regional,0.0
2019,People'S Party Of India(Secular),4914.0,0,0.0,Others / Regional,0.0
2019,People'S Union Par,547.0,0,0.0,Others / Regional,0.0
2019,Peoples Democratic Party,39856.0,0,0.01,Others / Regional,0.0
2019,Peoples Party Of India (Democratic),153103.0,0,0.02,Others / Regional,0.0
2019,Pichhara Samaj Party United,8884.0,0,0.0,Others / Regional,0.0
2019,Pichhra Samaj Party,4073.0,0,0.0,Others / Regional,0.0
2019,Poorvanchal Rashtriya Congress,10532.0,0,0.0,Others / Regional,0.0
2019,Prabuddha Republican Party,13229.0,0,0.0,Others / Regional,0.0
2019,Pragatisheel Lok Manch,3339.0,0,0.0,Others / Regional,0.0
2019,Pragatisheel Manav Samaj Party,8210.0,0,0.0,Others / Regional,0.0
2019,Pragatisheel Samaj Party,11752.0,0,0.0,Others / Regional,0.0
2019,Pragatishil Samajwadi Party (Lohia),344546.0,0,0.06,Others / Regional,0.0
2019,Prahar Janshakti Party,20620.0,0,0.0,Others / Regional,0.0
2019,Praja Satta Party,1462.0,0,0.0,Others / Regional,0.0
2019,Praja Shanthi Party,9738.0,0,0.0,Others / Regional,0.0
2019,Prajaa Swaraaj Party,4179.0,0,0.0,Others / Regional,0.0
2019,Prajatantra Aadhar Party,1346.0,0,0.0,Others / Regional,0.0
2019,Prajatantrik Samadhan Party,4612.0,0,0.0,Others / Regional,0.0
2019,Pravasi Nivasi Party,1695.0,0,0.0,Others / Regional,0.0
2019,Prem Janata Dal,1223.0,0,0.0,Others / Regional,0.0
2019,Prism,14723.0,0,0.0,Others / Regional,0.0
2019,Prithviraj Janshakti Party,5451.0,0,0.0,Others / Regional,0.0
2019,"Proutist Bloc, India",19457.0,0,0.0,Others / Regional,0.0
2019,Proutist Sarva Samaj,13535.0,0,0.0,Others / Regional,0.0
2019,Public Mission Party,13238.0,0,0.0,Others / Regional,0.0
2019,Puducherry Development Party,1319.0,0,0.0,Others / Regional,0.0
2019,Punjab Ekta Party,296620.0,0,0.05,Others / Regional,0.0
2019,Punjab Labour Party,692.0,0,0.0,Others / Regional,0.0
2019,Purvanchal Janta Party (Secular),43892.0,0,0.01,Others / Regional,0.0
2019,Purvanchal Mahapanchayat,13450.0,0,0.0,Others / Regional,0.0
2019,Pyramid Party Of India,77169.0,0,0.01,Others / Regional,0.0
2019,RJD,6632247.0,0,1.08,UPA / I.N.D.I.A.,0.0
2019,RLD,1447363.0,0,0.24,NDA,0.0
2019,RLP,660051.0,1,0.11,UPA / I.N.D.I.A.,9.09
2019,RSP,709685.0,1,0.12,UPA / I.N.D.I.A.,8.33
2019,Radical Democrats,1220.0,0,0.0,Others / Regional,0.0
2019,Raita Bharat Party,811.0,0,0.0,Others / Regional,0.0
2019,Rajnaitik Vikalp Party,9109.0,0,0.0,Others / Regional,0.0
2019,Rajyadhikara Party,368.0,0,0.0,Others / Regional,0.0
2019,Rashtra Nirman Party,3167.0,0,0.0,Others / Regional,0.0
2019,Rashtra Sewa Dal,8381.0,0,0.0,Others / Regional,0.0
2019,Rashtra Vikas Zumbes Party,1290.0,0,0.0,Others / Regional,0.0
2019,Rashtravadi Janata Party,42905.0,0,0.01,Others / Regional,0.0
2019,Rashtravadi Kranti Dal,475.0,0,0.0,Others / Regional,0.0
2019,Rashtravadi Party (Bharat),1225.0,0,0.0,Others / Regional,0.0
2019,Rashtrawadi Chetna Party,1975.0,0,0.0,Others / Regional,0.0
2019,"Rashtrawadi Party Of India,",4016.0,0,0.0,Others / Regional,0.0
2019,Rashtrawadi Shramjeevi Dal,1548.0,0,0.0,Others / Regional,0.0
2019,Rashtriya Aadarsh Member Party,1965.0,0,0.0,Others / Regional,0.0
2019,Rashtriya Aamjan Party,2272.0,0,0.0,Others / Regional,0.0
2019,Rashtriya Ahinsa Manch,440.0,0,0.0,Others / Regional,0.0
2019,Rashtriya Ambedkar Dal,1258.0,0,0.0,Others / Regional,0.0
2019,Rashtriya Apna Dal,6840.0,0,0.0,Others / Regional,0.0
2019,Rashtriya Azad Manch,3799.0,0,0.0,Others / Regional,0.0
2019,Rashtriya Backward Party,584.0,0,0.0,Others / Regional,0.0
2019,Rashtriya Bahujan Congress Party,1574.0,0,0.0,Others / Regional,0.0
2019,Rashtriya Bhagidari Samaj Party,1777.0,0,0.0,Others / Regional,0.0
2019,Rashtriya Bharatiya Jan Jan Party,2291.0,0,0.0,Others / Regional,0.0
2019,Rashtriya Dal United,1907.0,0,0.0,Others / Regional,0.0
2019,Rashtriya Garib Dal,1749.0,0,0.0,Others / Regional,0.0
2019,Rashtriya Gondvana Party,1850.0,0,0.0,Others / Regional,0.0
2019,Rashtriya Hindu Sena,67782.0,0,0.01,Others / Regional,0.0
2019,Rashtriya Independent Morcha,10914.0,0,0.0,Others / Regional,0.0
2019,Rashtriya Jan Adhikar Party,1596.0,0,0.0,Others / Regional,0.0
2019,Rashtriya Jan Adhikar Party (United),7561.0,0,0.0,Others / Regional,0.0
2019,Rashtriya Jan Gaurav Party,5768.0,0,0.0,Others / Regional,0.0
2019,Rashtriya Janadhikar Suraksha Party,23580.0,0,0.0,Others / Regional,0.0
2019,Rashtriya Janasachetan Party (R.J.P.),8609.0,0,0.0,Others / Regional,0.0
2019,Rashtriya Janhit Sangharsh Party,747.0,0,0.0,Others / Regional,0.0
2019,Rashtriya Jankranti Party,3405.0,0,0.0,Others / Regional,0.0
2019,Rashtriya Janmat Party,2058.0,0,0.0,Others / Regional,0.0
2019,Rashtriya Jansabha Party,16902.0,0,0.0,Others / Regional,0.0
2019,Rashtriya Jansambhavna Party,55868.0,0,0.01,Others / Regional,0.0
2019,Rashtriya Jansangharsh Swaraj Party,4897.0,0,0.0,Others / Regional,0.0
2019,Rashtriya Jansena Party,699.0,0,0.0,Others / Regional,0.0
2019,Rashtriya Janshakti Party (Secular),8900.0,0,0.0,Others / Regional,0.0
2019,Rashtriya Jansurajya Party,3433.0,0,0.0,Others / Regional,0.0
2019,Rashtriya Janta Party,1264.0,0,0.0,Others / Regional,0.0
2019,Rashtriya Jantantrik Bharat Vikas Party,1600.0,0,0.0,Others / Regional,0.0
2019,Rashtriya Janutthan Party,776.0,0,0.0,Others / Regional,0.0
2019,Rashtriya Janvikas Party (Democratic),1414.0,0,0.0,Others / Regional,0.0
2019,Rashtriya Janwadi Party (Socialist),1060.0,0,0.0,Others / Regional,0.0
2019,Rashtriya Jatigat Aarakshan Virodhi Party,535.0,0,0.0,Others / Regional,0.0
2019,Rashtriya Kranti Party,6997.0,0,0.0,Others / Regional,0.0
2019,Rashtriya Krantikari Samajwadi Party,9914.0,0,0.0,Others / Regional,0.0
2019,Rashtriya Lok Samta Party,1462518.0,0,0.24,Others / Regional,0.0
2019,Rashtriya Lok Sarvadhikar Party,3944.0,0,0.0,Others / Regional,0.0
2019,Rashtriya Lokswaraj Party,12459.0,0,0.0,Others / Regional,0.0
2019,Rashtriya Mahan Gantantra Party,16371.0,0,0.0,Others / Regional,0.0
2019,Rashtriya Mangalam Party,798.0,0,0.0,Others / Regional,0.0
2019,Rashtriya Maratha Party,8997.0,0,0.0,Others / Regional,0.0
2019,Rashtriya Matadata Party,1771.0,0,0.0,Others / Regional,0.0
2019,Rashtriya Mazdoor Ekta Party,3066.0,0,0.0,Others / Regional,0.0
2019,Rashtriya Naujawan Dal,1630.0,0,0.0,Others / Regional,0.0
2019,Rashtriya Nav Nirman Bharat Party,811.0,0,0.0,Others / Regional,0.0
2019,Rashtriya Power Party,11248.0,0,0.0,Others / Regional,0.0
2019,Rashtriya Pragati Party,2718.0,0,0.0,Others / Regional,0.0
2019,Rashtriya Praja Congress (Secular),996.0,0,0.0,Others / Regional,0.0
2019,Rashtriya Rashtrawadi Party,20704.0,0,0.0,Others / Regional,0.0
2019,Rashtriya Sahara Party,3687.0,0,0.0,Others / Regional,0.0
2019,Rashtriya Sahyog Party,2756.0,0,0.0,Others / Regional,0.0
2019,Rashtriya Samaj Paksha,28545.0,0,0.0,Others / Regional,0.0
2019,Rashtriya Samajwadi Party (Secular),3926.0,0,0.0,Others / Regional,0.0
2019,Rashtriya Samanta Dal,6918.0,0,0.0,Others / Regional,0.0
2019,Rashtriya Samata Party (Secular),58110.0,0,0.01,Others / Regional,0.0
2019,Rashtriya Samrasta Party,1648.0,0,0.0,Others / Regional,0.0
2019,Rashtriya Samta Vikas Party,349.0,0,0.0,Others / Regional,0.0
2019,Rashtriya Sangail Party,3895.0,0,0.0,Others / Regional,0.0
2019,Rashtriya Sarvjan Vikas Party,6497.0,0,0.0,Others / Regional,0.0
2019,Rashtriya Shoshit Samaj Party,30983.0,0,0.01,Others / Regional,0.0
2019,Rashtriya Ulama Council,25756.0,0,0.0,Others / Regional,0.0
2019,Rashtriya Vikas Party,477.0,0,0.0,Others / Regional,0.0
2019,Rashtriya Viklang Party,3845.0,0,0.0,Others / Regional,0.0
2019,Rashtriya Vyapari Party,1326.0,0,0.0,Others / Regional,0.0
2019,Rastriya Aam Jan Seva Party,1425.0,0,0.0,Others / Regional,0.0
2019,Rastriya Insaaf Party,3265.0,0,0.0,Others / Regional,0.0
2019,Rayalaseema Rashtra Samithi,1229.0,0,0.0,Others / Regional,0.0
2019,Real Democracy Party,532.0,0,0.0,Others / Regional,0.0
2019,Republican Bahujan Sena,1820.0,0,0.0,Others / Regional,0.0
2019,Republican Paksha (Khoripa),1506.0,0,0.0,Others / Regional,0.0
2019,Republican Party Of India,12015.0,0,0.0,Others / Regional,0.0
2019,Republican Party Of India (Athawale),71524.0,0,0.01,Others / Regional,0.0
2019,Republican Party Of India (Kamble),2809.0,0,0.0,Others / Regional,0.0
2019,Republican Party Of India (Karnataka),14746.0,0,0.0,Others / Regional,0.0
2019,Republican Party Of India (Khobragade),4402.0,0,0.0,Others / Regional,0.0
2019,Republican Party Of India (Reformist),1777.0,0,0.0,Others / Regional,0.0
2019,Republican Party Of India Ektavadi,463.0,0,0.0,Others / Regional,0.0
2019,Republican Sena,5654.0,0,0.0,Others / Regional,0.0
2019,Revolutionary Marxist Party Of India,17125.0,0,0.0,Others / Regional,0.0
2019,Right To Recall Party,28817.0,0,0.0,Others / Regional,0.0
2019,SAD,3778574.0,2,0.61,NDA,3.28
2019,SDF,154489.0,0,0.03,Others / Regional,0.0
2019,SKM,166922.0,1,0.03,NDA,33.33
2019,SP,15647206.0,5,2.54,UPA / I.N.D.I.A.,1.97
2019,SS,12858904.0,18,2.09,NDA,8.61
2019,Saaf Party,882.0,0,0.0,Others / Regional,0.0
2019,Sabhi Jan Party,2751.0,0,0.0,Others / Regional,0.0
2019,Sabka Dal United,6283.0,0,0.0,Others / Regional,0.0
2019,Sabse Achchhi Party,1360.0,0,0.0,Others / Regional,0.0
2019,Sajag Samaj Party,2041.0,0,0.0,Others / Regional,0.0
2019,Samaanya Praja Party,4983.0,0,0.0,Others / Regional,0.0
2019,Samagra Utthan Party,24816.0,0,0.0,Others / Regional,0.0
2019,Samaj Adhikar Kalyan Party,6736.0,0,0.0,Others / Regional,0.0
2019,Samaj Bhalai Morcha,2917.0,0,0.0,Others / Regional,0.0
2019,Samajik Nyaya Party,5027.0,0,0.0,Others / Regional,0.0
2019,Samajtantric Party Of India,730.0,0,0.0,Others / Regional,0.0
2019,Samajwadi Forward Bloc,18577.0,0,0.0,Others / Regional,0.0
2019,Samajwadi Jan Parishad,1899.0,0,0.0,Others / Regional,0.0
2019,Samajwadi Janata Dal Democratic,25630.0,0,0.0,Others / Regional,0.0
2019,Samajwadi Janata Party(Karnataka),4991.0,0,0.0,Others / Regional,0.0
2019,Samajwadi Samaj Party,2417.0,0,0.0,Others / Regional,0.0
2019,Saman Aadmi Saman Party,6368.0,0,0.0,Others / Regional,0.0
2019,Samata Kranti Dal,3877.0,0,0.0,Others / Regional,0.0
2019,Samata Samadhan Party,9396.0,0,0.0,Others / Regional,0.0
2019,Samdarshi Samaj Party,3139.0,0,0.0,Others / Regional,0.0
2019,Samrat Ashok Sena Party,2214.0,0,0.0,Others / Regional,0.0
2019,Samta Vikas Party,2688.0,0,0.0,Others / Regional,0.0
2019,Sanatan Sanskriti Raksha Dal,7325.0,0,0.0,Others / Regional,0.0
2019,Sangharsh Sena,1987.0,0,0.0,Others / Regional,0.0
2019,Sanjhi Virasat Party,419.0,0,0.0,Others / Regional,0.0
2019,Sankhyanupati Bhagidari Party,6395.0,0,0.0,Others / Regional,0.0
2019,Sanman Rajkiya Paksha,1961.0,0,0.0,Others / Regional,0.0
2019,Sanyukt Vikas Party,8205.0,0,0.0,Others / Regional,0.0
2019,Sapaks Party,33366.0,0,0.01,Others / Regional,0.0
2019,Sardar Vallabhbhai Patel Party,14882.0,0,0.0,Others / Regional,0.0
2019,Sarva Janata Party,14213.0,0,0.0,Others / Regional,0.0
2019,Sarva Vikas Party,688.0,0,0.0,Others / Regional,0.0
2019,Sarvadharam Party (Madhya Pradesh),12525.0,0,0.0,Others / Regional,0.0
2019,Sarvjan Lok Shakti Party,2554.0,0,0.0,Others / Regional,0.0
2019,Sarvjan Sewa Party,1085.0,0,0.0,Others / Regional,0.0
2019,Sarvodaya Bharat Party,20764.0,0,0.0,Others / Regional,0.0
2019,Sarvodaya Prabhat Party,740.0,0,0.0,Others / Regional,0.0
2019,Sarvshreshth Dal,2901.0,0,0.0,Others / Regional,0.0
2019,Sathi Aur Aapka Faisala Party,8643.0,0,0.0,Others / Regional,0.0
2019,Satya Bahumat Party,22560.0,0,0.0,Others / Regional,0.0
2019,Satya Kranti Party,2857.0,0,0.0,Others / Regional,0.0
2019,Secular Democratic Congress,5321.0,0,0.0,Others / Regional,0.0
2019,Shakti Sena (Bharat Desh),2802.0,0,0.0,Others / Regional,0.0
2019,Shane Hind Fourm,1306.0,0,0.0,Others / Regional,0.0
2019,Shiromani Akali Dal (Amritsar)(Simranjit Singh Mann),52185.0,0,0.01,Others / Regional,0.0
2019,Shiromani Akali Dal (Taksali),10424.0,0,0.0,Others / Regional,0.0
2019,Shiromani Lok Dal Party,984.0,0,0.0,Others / Regional,0.0
2019,Shoshit Samaj Dal,63543.0,0,0.01,Others / Regional,0.0
2019,Shri Janta Party,1672.0,0,0.0,Others / Regional,0.0
2019,Sikkim Republican Party,1503.0,0,0.0,Others / Regional,0.0
2019,Sikkim United Front,614.0,0,0.0,Others / Regional,0.0
2019,Smart Indians Party,11877.0,0,0.0,Others / Regional,0.0
2019,Social Democratic Party Of India,169680.0,0,0.03,Others / Regional,0.0
2019,Social Justice Party Of India,3927.0,0,0.0,Others / Regional,0.0
2019,Socialist Janata Party,805.0,0,0.0,Others / Regional,0.0
2019,Socialist Party (India),3916.0,0,0.0,Others / Regional,0.0
2019,Socialist Unity Centre Of India (Communist),403835.0,0,0.07,Others / Regional,0.0
2019,Subhashwadi Bhartiya Samajwadi Party (Subhas Party),3919.0,0,0.0,Others / Regional,0.0
2019,Suheldev Bharatiya Samaj Party,313925.0,0,0.05,Others / Regional,0.0
2019,Sunder Samaj Party,2568.0,0,0.0,Others / Regional,0.0
2019,Svatantra Bharat Satyagrah Party,2142.0,0,0.0,Others / Regional,0.0
2019,Swabhiman Party,2805.0,0,0.0,Others / Regional,0.0
2019,Swabhimani Paksha,834380.0,0,0.14,Others / Regional,0.0
2019,Swaraj Party (Loktantrik),15132.0,0,0.0,Others / Regional,0.0
2019,Swarna Bharat Party,5064.0,0,0.0,Others / Regional,0.0
2019,Swarnim Bharat Inquilab,527.0,0,0.0,Others / Regional,0.0
2019,Swatantra Bharat Paksha,12430.0,0,0.0,Others / Regional,0.0
2019,Swatantra Jantaraj Party,25494.0,0,0.0,Others / Regional,0.0
2019,Swatantra Samaj Party,2069.0,0,0.0,Others / Regional,0.0
2019,TDP,12515345.0,3,2.03,NDA,1.48
2019,TMC,24929330.0,22,4.05,UPA / I.N.D.I.A.,5.43
2019,TRS,7696848.0,9,1.25,Others / Regional,7.2
2019,Tamil Maanila Congress,220849.0,0,0.04,Others / Regional,0.0
2019,Tamil Nadu Ilangyar Katchi,34233.0,0,0.01,Others / Regional,0.0
2019,Tamil Telugu National Party,2516.0,0,0.0,Others / Regional,0.0
2019,Tamizhaga Murpokku Makkal Katchi,3599.0,0,0.0,Others / Regional,0.0
2019,Telangana Communist Party Of India,1660.0,0,0.0,Others / Regional,0.0
2019,Telangana Jana Samithi,57073.0,0,0.01,Others / Regional,0.0
2019,Telangana Prajala Party,521.0,0,0.0,Others / Regional,0.0
2019,Telangana Sakalajanula Party,1048.0,0,0.0,Others / Regional,0.0
2019,Telangana Yuva Shakti,3407.0,0,0.0,Others / Regional,0.0
2019,The Future India Party,820.0,0,0.0,Others / Regional,0.0
2019,The National Road Map Party Of India,4672.0,0,0.0,Others / Regional,0.0
2019,Tola Party,330.0,0,0.0,Others / Regional,0.0
2019,Tripura Peoples Party,2076.0,0,0.0,Others / Regional,0.0
2019,Ulzaipali Makkal Katchy,9007.0,0,0.0,Others / Regional,0.0
2019,United Democratic Front Secular,451.0,0,0.0,Others / Regional,0.0
2019,United Democratic Party,267256.0,0,0.04,Others / Regional,0.0
2019,United People'S Party Liberal,416305.0,0,0.07,Others / Regional,0.0
2019,United States Of India Party,1244.0,0,0.0,Others / Regional,0.0
2019,Universal Brotherhood Movement,689.0,0,0.0,Others / Regional,0.0
2019,Uttama Prajaakeeya Party,120800.0,0,0.02,Others / Regional,0.0
2019,Uttar Pradesh Navnirman Sena,2051.0,0,0.0,Others / Regional,0.0
2019,Uttarakhand Kranti Dal,8830.0,0,0.0,Others / Regional,0.0
2019,Uttarakhand Kranti Dal (Democratic),12629.0,0,0.0,Others / Regional,0.0
2019,Uttarakhand Parivartan Party,5351.0,0,0.0,Others / Regional,0.0
2019,Uttarakhand Pragatisheel Party,2041.0,0,0.0,Others / Regional,0.0
2019,VCK,507643.0,1,0.08,UPA / I.N.D.I.A.,12.5
2019,Vacant,0.0,1,0.0,Others / Regional,0.0
2019,Vanchit Bahujan Aaghadi,3743560.0,0,0.61,Others / Regional,0.0
2019,Vanchit Samaj Party,17856.0,0,0.0,Others / Regional,0.0
2019,Vanchitsamaj Insaaf Party,3756.0,0,0.0,Others / Regional,0.0
2019,Vikas Insaf Party,3694.0,0,0.0,Others / Regional,0.0
2019,Vikassheel Insaan Party,660706.0,0,0.11,Others / Regional,0.0
2019,Vishva Shakti Party,8784.0,0,0.0,Others / Regional,0.0
2019,Vishwa Jana Party,1726.0,0,0.0,Others / Regional,0.0
2019,"Vishwa Manav Samaj Kalyan Parishad,",1529.0,0,0.0,Others / Regional,0.0
2019,Vivasayigal Makkal Munnetra Katchi,1108.0,0,0.0,Others / Regional,0.0
2019,Voters Party,2478.0,0,0.0,Others / Regional,0.0
2019,Voters Party International,105972.0,0,0.02,Others / Regional,0.0
2019,Vyavastha Parivartan Party,14974.0,0,0.0,Others / Regional,0.0
2019,Wazib Adhikar Party,29392.0,0,0.0,Others / Regional,0.0
2019,Welfare Party Of India,23035.0,0,0.0,Others / Regional,0.0
2019,YSRCP,15537006.0,23,2.52,Others / Regional,9.13
2019,Yekikrutha Sankshema Rashtriya Praja Party,1320.0,0,0.0,Others / Regional,0.0
2019,Yuva Jan Jagriti Party,10147.0,0,0.0,Others / Regional,0.0
2019,Yuva Krantikari Party,30492.0,0,0.0,Others / Regional,0.0
2019,Yuva Sarkar,1296.0,0,0.0,Others / Regional,0.0
2019,Yuva Vikas Party,2858.0,0,0.0,Others / Regional,0.0
2024,AAP,7147800.0,3,1.11,UPA / I.N.D.I.A.,2.7
2024,AGP,1298707.0,1,0.2,NDA,5.0
2024,AIADMK,8952587.0,0,1.39,Others / Regional,0.0
2024,AIFB,284269.0,0,0.04,Left Front,0.0
2024,AIMIM,1400215.0,1,0.22,Others / Regional,4.55
2024,AIUDF,625954.0,0,0.1,Others / Regional,0.0
2024,AJSU,458677.0,1,0.07,NDA,14.29
2024,ASP(KR),691820.0,1,0.11,Others / Regional,9.09
2024,Aadarsh Mithila Party,29550.0,0,0.0,Others / Regional,0.0
2024,Aadarsh Sangram Party,865.0,0,0.0,Others / Regional,0.0
2024,Aadi Bharat Party,742.0,0,0.0,Others / Regional,0.0
2024,Aadim Samaj Party,1100.0,0,0.0,Others / Regional,0.0
2024,Aam Aadmi Parivartan Party,2128.0,0,0.0,Others / Regional,0.0
2024,"Aam Janmat Party,",3205.0,0,0.0,Others / Regional,0.0
2024,Aam Janshakti Party,1478.0,0,0.0,Others / Regional,0.0
2024,Aam Janta Party (India),14729.0,0,0.0,Others / Regional,0.0
2024,Aam Janta Party Rashtriya,9760.0,0,0.0,Others / Regional,0.0
2024,Aam Lok Party United,695.0,0,0.0,Others / Regional,0.0
2024,Aanaithinthiya Jananayaka Pathukappu Kazhagam,2244.0,0,0.0,Others / Regional,0.0
2024,Aap Sabki Apni Party,528.0,0,0.0,Others / Regional,0.0
2024,Aapka Gantantra Party,2432.0,0,0.0,Others / Regional,0.0
2024,Aapki Apni Party (Peoples),6033.0,0,0.0,Others / Regional,0.0
2024,Aapki Awaaz Party,6087.0,0,0.0,Others / Regional,0.0
2024,Aarakshan Virodhi Party,1444.0,0,0.0,Others / Regional,0.0
2024,Aas Punjab Party,8114.0,0,0.0,Others / Regional,0.0
2024,Aawami Pichhada Party,594.0,0,0.0,Others / Regional,0.0
2024,Abhay Samaj Party,8583.0,0,0.0,Others / Regional,0.0
2024,Abhinav Bharat Janseva Paksh,1602.0,0,0.0,Others / Regional,0.0
2024,Abhinav Rajasthan Party,26294.0,0,0.0,Others / Regional,0.0
2024,Abua Jharkhand Party,3155.0,0,0.0,Others / Regional,0.0
2024,Adarsh Jankalyan Dal,1817.0,0,0.0,Others / Regional,0.0
2024,"Adarsh Janta Party,",1376.0,0,0.0,Others / Regional,0.0
2024,Adarsh Nyay Rakshak Party,5484.0,0,0.0,Others / Regional,0.0
2024,Adarsh Samaj Party,643.0,0,0.0,Others / Regional,0.0
2024,Adarshwaadi Congress Party,1173.0,0,0.0,Others / Regional,0.0
2024,Adim Bhartiya Dal,1584.0,0,0.0,Others / Regional,0.0
2024,Ahimsa Socialist Party,2421.0,0,0.0,Others / Regional,0.0
2024,Ahinsa Samaj Party,1698.0,0,0.0,Others / Regional,0.0
2024,Aihra National Party,5833.0,0,0.0,Others / Regional,0.0
2024,Aim Political Party,1715.0,0,0.0,Others / Regional,0.0
2024,Akhand Bharat Janpriya Party,1716.0,0,0.0,Others / Regional,0.0
2024,Akhand Bharat Samrajya Party,3930.0,0,0.0,Others / Regional,0.0
2024,Akhand Bharat Swatantra Party,780.0,0,0.0,Others / Regional,0.0
2024,Akhil Bharat Hindu Mahasabha,2278.0,0,0.0,Others / Regional,0.0
2024,Akhil Bharatiya Congress Dal (Ambedkar),2777.0,0,0.0,Others / Regional,0.0
2024,Akhil Bharatiya Hind Kranti Party,1259.0,0,0.0,Others / Regional,0.0
2024,Akhil Bharatiya Manavata Paksha,1057.0,0,0.0,Others / Regional,0.0
2024,Akhil Bharatiya Muslim League (Secular),821.0,0,0.0,Others / Regional,0.0
2024,Akhil Bhartiya Aamjan Party,818.0,0,0.0,Others / Regional,0.0
2024,Akhil Bhartiya Aarakshit Samaj Party,544.0,0,0.0,Others / Regional,0.0
2024,Akhil Bhartiya Apna Dal,8678.0,0,0.0,Others / Regional,0.0
2024,Akhil Bhartiya Hamara Samaj Party,4225.0,0,0.0,Others / Regional,0.0
2024,Akhil Bhartiya Kisan Majdoor Party,924.0,0,0.0,Others / Regional,0.0
2024,Akhil Bhartiya Manavadhikar Vichar Manch Party,2108.0,0,0.0,Others / Regional,0.0
2024,Akhil Bhartiya Parivar Party,110212.0,0,0.02,Others / Regional,0.0
2024,Akhil Bhartiya Sarvjan Hit Party,3892.0,0,0.0,Others / Regional,0.0
2024,Akhil Bhartiya Sudhar Party,321.0,0,0.0,Others / Regional,0.0
2024,Akhil Hind Forward Bloc (Krantikari),9902.0,0,0.0,Others / Regional,0.0
2024,Akhila Vijaya Party,3882.0,0,0.0,Others / Regional,0.0
2024,Al-Hind Party,22308.0,0,0.0,Others / Regional,0.0
2024,All India Arya Mahasabha,7345.0,0,0.0,Others / Regional,0.0
2024,All India Backward People Sunami Party,210.0,0,0.0,Others / Regional,0.0
2024,All India Jaihind Party,269.0,0,0.0,Others / Regional,0.0
2024,All India Jananayaka Makkal Kazhagam,633.0,0,0.0,Others / Regional,0.0
2024,All India Kisan Janatha Party,578.0,0,0.0,Others / Regional,0.0
2024,All India Mahila Empowerment Party,515.0,0,0.0,Others / Regional,0.0
2024,All India Majlis-E-Inquilab-E-Millat,5454.0,0,0.0,Others / Regional,0.0
2024,All India Mazdoor Party (Rangreta),1374.0,0,0.0,Others / Regional,0.0
2024,All India National Raksha Sena,396.0,0,0.0,Others / Regional,0.0
2024,All India People Development Party,711.0,0,0.0,Others / Regional,0.0
2024,All India Ulama Congress,2500.0,0,0.0,Others / Regional,0.0
2024,All India Uzhavargal Uzhaippalargal Katchi,950.0,0,0.0,Others / Regional,0.0
2024,All India Youth Development Party,3528.0,0,0.0,Others / Regional,0.0
2024,All Peoples Party,1495.0,0,0.0,Others / Regional,0.0
2024,Alliance Of Democratic Reforms Party,108334.0,0,0.02,Others / Regional,0.0
2024,Aman Samaj Party,945.0,0,0.0,Others / Regional,0.0
2024,Ambedkar National Congress,688.0,0,0.0,Others / Regional,0.0
2024,Ambedkarist Republican Party,1727.0,0,0.0,Others / Regional,0.0
2024,Ambedkarite Party Of India,132444.0,0,0.02,Others / Regional,0.0
2024,Amma Makkal Munnettra Kazhagam,393415.0,0,0.06,Others / Regional,0.0
2024,Amra Bangalee,4925.0,0,0.0,Others / Regional,0.0
2024,Anaithu India Makkal Katchi,937.0,0,0.0,Others / Regional,0.0
2024,Andaman Nicobar Democratic Congress,8254.0,0,0.0,Others / Regional,0.0
2024,Andhra Pradesh Rashtra Samithi,358.0,0,0.0,Others / Regional,0.0
2024,Andhra Rastra Praja Samithi,6846.0,0,0.0,Others / Regional,0.0
2024,Anjaan Aadmi Party,781.0,0,0.0,Others / Regional,0.0
2024,Anna Makkal Katchi,2505.0,0,0.0,Others / Regional,0.0
2024,Anna Mgr Dravida Makkal Kalgam,4629.0,0,0.0,Others / Regional,0.0
2024,Anna Puratchi Thalaivar Amma Dravida Munnetra Kazhagam,3078.0,0,0.0,Others / Regional,0.0
2024,Anna Ysr Congress Party,11459.0,0,0.0,Others / Regional,0.0
2024,Anti Corruption Dynamic Party,9128.0,0,0.0,Others / Regional,0.0
2024,Apna Dal (Kamerawadi),39128.0,0,0.01,Others / Regional,0.0
2024,Apna Dal (Soneylal),808245.0,1,0.13,Others / Regional,7.69
2024,Apna Desh Party,4297.0,0,0.0,Others / Regional,0.0
2024,Apna Haq Party,4094.0,0,0.0,Others / Regional,0.0
2024,Apna Kisan Party,10538.0,0,0.0,Others / Regional,0.0
2024,Apna Samaj Party,2083.0,0,0.0,Others / Regional,0.0
2024,Apni Ekta Party,5139.0,0,0.0,Others / Regional,0.0
2024,Apni Prajahit Party,4109.0,0,0.0,Others / Regional,0.0
2024,Aravor Munnetra Kazhagam,8345.0,0,0.0,Others / Regional,0.0
2024,Arunachal Democratic Party,6622.0,0,0.0,Others / Regional,0.0
2024,Asankhya Samaj Party,3672.0,0,0.0,Others / Regional,0.0
2024,Asom Jana Morcha,9895.0,0,0.0,Others / Regional,0.0
2024,Assam Jatiya Parishad,414441.0,0,0.06,Others / Regional,0.0
2024,Atulya Bharat Party,1617.0,0,0.0,Others / Regional,0.0
2024,Autonomous State Demand Committee,9633.0,0,0.0,Others / Regional,0.0
2024,Awami Samta Party,1190.0,0,0.0,Others / Regional,0.0
2024,Azad Adhikar Sena,12021.0,0,0.0,Others / Regional,0.0
2024,Azad Janata Party,4429.0,0,0.0,Others / Regional,0.0
2024,Azad Party,2311.0,0,0.0,Others / Regional,0.0
2024,Azad Samaj Party,2791.0,0,0.0,Others / Regional,0.0
2024,BJD,9412674.0,0,1.46,Others / Regional,0.0
2024,BJP,235974144.0,240,36.56,NDA,6.56
2024,BPF,777570.0,0,0.12,Others / Regional,0.0
2024,BRS,3657237.0,0,0.57,Others / Regional,0.0
2024,BSP,13153830.0,0,2.04,Others / Regional,0.0
2024,Bahujan Awam Party,3989.0,0,0.0,Others / Regional,0.0
2024,Bahujan Bharat Party,32870.0,0,0.01,Others / Regional,0.0
2024,Bahujan Dravida Party,21388.0,0,0.0,Others / Regional,0.0
2024,Bahujan Kranti Party (Marxwad- Ambedkarwad),940.0,0,0.0,Others / Regional,0.0
2024,Bahujan Maha Party,76254.0,0,0.01,Others / Regional,0.0
2024,Bahujan Mukti Party,73935.0,0,0.01,Others / Regional,0.0
2024,Bahujan National Party (Ambedkar),586.0,0,0.0,Others / Regional,0.0
2024,Bahujan Republican Socialist Party,29619.0,0,0.0,Others / Regional,0.0
2024,Bahujan Samaj Party (Ambedkar),9391.0,0,0.0,Others / Regional,0.0
2024,Bahujan Shoshit Samaj Sangharsh Samta Party,373.0,0,0.0,Others / Regional,0.0
2024,Bahujan Vikas Aaghadi,254517.0,0,0.04,Others / Regional,0.0
2024,Bahujana Left Party,1265.0,0,0.0,Others / Regional,0.0
2024,Bajjikanchal Vikas Party,7747.0,0,0.0,Others / Regional,0.0
2024,Baliraja Party,33787.0,0,0.01,Others / Regional,0.0
2024,Bangali Nabanirman Sena,2410.0,0,0.0,Others / Regional,0.0
2024,Bengaluru Nava Nirmana Party,461.0,0,0.0,Others / Regional,0.0
2024,Bhagidari Party (P),51979.0,0,0.01,Others / Regional,0.0
2024,Bharat Adivasi Party,1257056.0,1,0.19,Others / Regional,5.26
2024,Bharat Jago Janta Party,6340.0,0,0.0,Others / Regional,0.0
2024,Bharat Jan Aadhar Party,1675.0,0,0.0,Others / Regional,0.0
2024,Bharat Jan Jagran Dal,7736.0,0,0.0,Others / Regional,0.0
2024,Bharat Jodo Party,6045.0,0,0.0,Others / Regional,0.0
2024,Bharat Ki Lok Jimmedar Party,2310.0,0,0.0,Others / Regional,0.0
2024,Bharat Lok Sewak Party,262.0,0,0.0,Others / Regional,0.0
2024,Bharat Mahaparivar Party,4582.0,0,0.0,Others / Regional,0.0
2024,Bharat Nirman Party,3772.0,0,0.0,Others / Regional,0.0
2024,Bharat Peoples Sena,683.0,0,0.0,Others / Regional,0.0
2024,Bharat Rakshak Party (Democratic),4961.0,0,0.0,Others / Regional,0.0
2024,Bharath Dharma Jana Sena,505753.0,0,0.08,Others / Regional,0.0
2024,Bharatha Chaitanya Yuvajana Party,17173.0,0,0.0,Others / Regional,0.0
2024,Bharatheeya Jawan Kisan Party,78104.0,0,0.01,Others / Regional,0.0
2024,Bharathiya Yuvakula Dalam,4007.0,0,0.0,Others / Regional,0.0
2024,Bharatiya Aam Awam Party,5585.0,0,0.0,Others / Regional,0.0
2024,Bharatiya Asha Party,4300.0,0,0.0,Others / Regional,0.0
2024,Bharatiya Bahujan Congress,9165.0,0,0.0,Others / Regional,0.0
2024,Bharatiya Bahujan Samta Party,1459.0,0,0.0,Others / Regional,0.0
2024,Bharatiya Bikash Parishad,3430.0,0,0.0,Others / Regional,0.0
2024,Bharatiya Ekta Dal,1704.0,0,0.0,Others / Regional,0.0
2024,Bharatiya Gana Parishad,27554.0,0,0.0,Others / Regional,0.0
2024,Bharatiya Inqalab Party,610.0,0,0.0,Others / Regional,0.0
2024,Bharatiya Jan Jagriti Party,879.0,0,0.0,Others / Regional,0.0
2024,Bharatiya Jan Kranti Dal (Democratic),11914.0,0,0.0,Others / Regional,0.0
2024,Bharatiya Jan Morcha Party,945.0,0,0.0,Others / Regional,0.0
2024,Bharatiya Kisan Parivartan Party,10272.0,0,0.0,Others / Regional,0.0
2024,Bharatiya Liberal Party,1552.0,0,0.0,Others / Regional,0.0
2024,Bharatiya Lokshakti Party,1537.0,0,0.0,Others / Regional,0.0
2024,Bharatiya Lokvikas Party,723.0,0,0.0,Others / Regional,0.0
2024,Bharatiya Majdoor Janta Party,2566.0,0,0.0,Others / Regional,0.0
2024,Bharatiya Momin Front,10972.0,0,0.0,Others / Regional,0.0
2024,Bharatiya Mulnivasi Aazad Party,396.0,0,0.0,Others / Regional,0.0
2024,Bharatiya Nagrik Party,2434.0,0,0.0,Others / Regional,0.0
2024,Bharatiya National Janata Dal,9258.0,0,0.0,Others / Regional,0.0
2024,Bharatiya Nyay-Adhikar Raksha Party,28192.0,0,0.0,Others / Regional,0.0
2024,Bharatiya Praja Aikyata Party,26271.0,0,0.0,Others / Regional,0.0
2024,Bharatiya Praja Surajya Paksha,2737.0,0,0.0,Others / Regional,0.0
2024,Bharatiya Prajagala Kalyana Paksha,2816.0,0,0.0,Others / Regional,0.0
2024,Bharatiya Rashtriya Morcha,3358.0,0,0.0,Others / Regional,0.0
2024,Bharatiya Sampuran Krantikari Party,1880.0,0,0.0,Others / Regional,0.0
2024,Bharatiya Yuva Jan Ekta Party,27969.0,0,0.0,Others / Regional,0.0
2024,Bharatrashtra Democratic Party,310.0,0,0.0,Others / Regional,0.0
2024,Bhartiya Asmita Party,1874.0,0,0.0,Others / Regional,0.0
2024,Bhartiya Awam Party (Rastriya),6160.0,0,0.0,Others / Regional,0.0
2024,Bhartiya Azad Sena,3018.0,0,0.0,Others / Regional,0.0
2024,Bhartiya Dalit Party,11139.0,0,0.0,Others / Regional,0.0
2024,Bhartiya Gandhiwadi Party,4822.0,0,0.0,Others / Regional,0.0
2024,Bhartiya Garib Vikas Kalyan Party,1347.0,0,0.0,Others / Regional,0.0
2024,Bhartiya Jan Adhikar Party,1940.0,0,0.0,Others / Regional,0.0
2024,Bhartiya Jan Nayak Party,1838.0,0,0.0,Others / Regional,0.0
2024,Bhartiya Jan Parishad,4020.0,0,0.0,Others / Regional,0.0
2024,Bhartiya Jan Samman Party,5968.0,0,0.0,Others / Regional,0.0
2024,Bhartiya Jan Samrat Party,2640.0,0,0.0,Others / Regional,0.0
2024,Bhartiya Jan Vikas Aaghadi,391.0,0,0.0,Others / Regional,0.0
2024,Bhartiya Janta Secular Party,1685.0,0,0.0,Others / Regional,0.0
2024,Bhartiya Jantantra Morcha,3094.0,0,0.0,Others / Regional,0.0
2024,Bhartiya Kranti Vir Party,8749.0,0,0.0,Others / Regional,0.0
2024,Bhartiya Krishak Dal,5723.0,0,0.0,Others / Regional,0.0
2024,Bhartiya Lok Chetna Party,5852.0,0,0.0,Others / Regional,0.0
2024,Bhartiya Lok Nayak Party,12411.0,0,0.0,Others / Regional,0.0
2024,Bhartiya Lokmat Rashtrwadi Party,15411.0,0,0.0,Others / Regional,0.0
2024,Bhartiya Lokvani Party,1956.0,0,0.0,Others / Regional,0.0
2024,Bhartiya Mahasangh Party,758.0,0,0.0,Others / Regional,0.0
2024,Bhartiya Manavta Party,2426.0,0,0.0,Others / Regional,0.0
2024,Bhartiya Navjawan Sena (Paksha),5183.0,0,0.0,Others / Regional,0.0
2024,Bhartiya Panchsheel Party,4345.0,0,0.0,Others / Regional,0.0
2024,Bhartiya Panchyat Party,494.0,0,0.0,Others / Regional,0.0
2024,Bhartiya Party,1549.0,0,0.0,Others / Regional,0.0
2024,Bhartiya Rashtriya Dal,12178.0,0,0.0,Others / Regional,0.0
2024,Bhartiya Rashtriya Ekta Dal,4732.0,0,0.0,Others / Regional,0.0
2024,Bhartiya Rashtriya Jansatta,941.0,0,0.0,Others / Regional,0.0
2024,Bhartiya Sabka Dal,841.0,0,0.0,Others / Regional,0.0
2024,Bhartiya Samajik Party,4507.0,0,0.0,Others / Regional,0.0
2024,Bhartiya Sarthak Party,23640.0,0,0.0,Others / Regional,0.0
2024,Bhartiya Sarvdharm Party,2012.0,0,0.0,Others / Regional,0.0
2024,Bhartiya Shakti Chetna Party,115024.0,0,0.02,Others / Regional,0.0
2024,Bhartiya Uday Nirman Party,1483.0,0,0.0,Others / Regional,0.0
2024,Bhartiya Veer Dal,470.0,0,0.0,Others / Regional,0.0
2024,Bhartiyabahujankranti Dal,709.0,0,0.0,Others / Regional,0.0
2024,Bheem Tribal Congress,6603.0,0,0.0,Others / Regional,0.0
2024,Bhim Sena,25345.0,0,0.0,Others / Regional,0.0
2024,Bhrashtachar Mukti Morcha,766.0,0,0.0,Others / Regional,0.0
2024,Bhumiputra United Party,3018.0,0,0.0,Others / Regional,0.0
2024,Blue India Party,1803.0,0,0.0,Others / Regional,0.0
2024,Buland Bharat Party,955.0,0,0.0,Others / Regional,0.0
2024,CPI,3157184.0,2,0.49,UPA / I.N.D.I.A.,4.08
2024,CPI(M),11342553.0,4,1.76,UPA / I.N.D.I.A.,2.27
2024,CPI(ML)L,1736761.0,2,0.27,UPA / I.N.D.I.A.,7.41
2024,Challengers Party,1243.0,0,0.0,Others / Regional,0.0
2024,Chennai Youth Party,2195.0,0,0.0,Others / Regional,0.0
2024,Chhatrapati Shivaji Bhartiya Garib Party,790.0,0,0.0,Others / Regional,0.0
2024,Chhattisgarh Vikas Ganga Rashtriya Party,6227.0,0,0.0,Others / Regional,0.0
2024,Citizen Action Party - Sikk,83566.0,0,0.01,Others / Regional,0.0
2024,Corruption Abolition Party,501.0,0,0.0,Others / Regional,0.0
2024,Country Citizen Party,3712.0,0,0.0,Others / Regional,0.0
2024,DMK,11754710.0,22,1.82,UPA / I.N.D.I.A.,12.09
2024,Dalit Kranti Dal,547.0,0,0.0,Others / Regional,0.0
2024,Dalit Soshit Pichhara Varg Adhikar Dal,2342.0,0,0.0,Others / Regional,0.0
2024,Dalita Bahujana Party,10311.0,0,0.0,Others / Regional,0.0
2024,Delhi Janta Party,5235.0,0,0.0,Others / Regional,0.0
2024,Democratic Bharatiya Samaj Party,8472.0,0,0.0,Others / Regional,0.0
2024,Democratic Progressive Azad Party,40665.0,0,0.01,Others / Regional,0.0
2024,Democratic Socialist Party Of India,885.0,0,0.0,Others / Regional,0.0
2024,Desh Janhit Party,20498.0,0,0.0,Others / Regional,0.0
2024,Desh Prem Party,454.0,0,0.0,Others / Regional,0.0
2024,Desiya Makkal Sakthi Katchi,11211.0,0,0.0,Others / Regional,0.0
2024,Desiya Murpokku Dravida Kazhagam,1128616.0,0,0.17,Others / Regional,0.0
2024,Dhanwan Bharat Party,8389.0,0,0.0,Others / Regional,0.0
2024,Dharma Samaj Party,38730.0,0,0.01,Others / Regional,0.0
2024,Dharmarajya Paksha,5233.0,0,0.0,Others / Regional,0.0
2024,Dhesiya Makkal Kazhagam,8089.0,0,0.0,Others / Regional,0.0
2024,Dhoom Sena,434.0,0,0.0,Others / Regional,0.0
2024,Digvijaya Bharatha Party,850.0,0,0.0,Others / Regional,0.0
2024,Dr. Ambedkar People'S Party,8089.0,0,0.0,Others / Regional,0.0
2024,Dr. Bhimrao Ambedkar Dal,1078.0,0,0.0,Others / Regional,0.0
2024,Ekam Sanatan Bharat Dal,61024.0,0,0.01,Others / Regional,0.0
2024,Eklavya Samaj Party,8352.0,0,0.0,Others / Regional,0.0
2024,Gana Suraksha Party,180000.0,0,0.03,Others / Regional,0.0
2024,Ganasangam Party Of India,7776.0,0,0.0,Others / Regional,0.0
2024,Gareeb Aadmi Party,2425.0,0,0.0,Others / Regional,0.0
2024,Garib Democratic Party,2748.0,0,0.0,Others / Regional,0.0
2024,Garib Kalyan Party,3979.0,0,0.0,Others / Regional,0.0
2024,Global Republican Party,7734.0,0,0.0,Others / Regional,0.0
2024,Gondwana Dandkaranya Party,3857.0,0,0.0,Others / Regional,0.0
2024,Gondwana Ganatantra Party,312997.0,0,0.05,Others / Regional,0.0
2024,Gorkha Rashtriya Congress,1331.0,0,0.0,Others / Regional,0.0
2024,Gujarat Loktantra Party,2458.0,0,0.0,Others / Regional,0.0
2024,Gujarat Sarva Samaj Party,4211.0,0,0.0,Others / Regional,0.0
2024,Gunj Satya Ni Janata Party,7761.0,0,0.0,Others / Regional,0.0
2024,Guruchand Sena Dal,583.0,0,0.0,Others / Regional,0.0
2024,Hamar Raj Party,40746.0,0,0.01,Others / Regional,0.0
2024,Hamara Sahara Party,1614.0,0,0.0,Others / Regional,0.0
2024,Hamara Sahi Vikalp Party,476.0,0,0.0,Others / Regional,0.0
2024,Haryana Jansena Party,7646.0,0,0.0,Others / Regional,0.0
2024,Himachal Janta Party,1825.0,0,0.0,Others / Regional,0.0
2024,Hindrashtra Sangh,8970.0,0,0.0,Others / Regional,0.0
2024,Hindu Samaj Party,13824.0,0,0.0,Others / Regional,0.0
2024,Hindustan Janta Party,7914.0,0,0.0,Others / Regional,0.0
2024,Hindustan Janta Party Secular,1366.0,0,0.0,Others / Regional,0.0
2024,Hindustan People'S Party (Democratic),10992.0,0,0.0,Others / Regional,0.0
2024,Hindustan Samaj Party,4991.0,0,0.0,Others / Regional,0.0
2024,Hindustan Shakti Sena,5625.0,0,0.0,Others / Regional,0.0
2024,Hindustan Vikas Dal,15140.0,0,0.0,Others / Regional,0.0
2024,Hindustani Awam Morcha,494960.0,1,0.08,Others / Regional,12.5
2024,Hindvi Swarajyay Dal,1573.0,0,0.0,Others / Regional,0.0
2024,Humanity For Peace Party,1935.0,0,0.0,Others / Regional,0.0
2024,INC,136758952.0,99,21.19,UPA / I.N.D.I.A.,4.67
2024,IND,17850062.0,7,2.77,Others / Regional,2.53
2024,IUML,1716186.0,3,0.27,UPA / I.N.D.I.A.,11.11
2024,India Greens Party,2387.0,0,0.0,Others / Regional,0.0
2024,India Manus Party,982.0,0,0.0,Others / Regional,0.0
2024,India Praja Bandhu Party,16942.0,0,0.0,Others / Regional,0.0
2024,Indian Believers Party (Ibp),1239.0,0,0.0,Others / Regional,0.0
2024,Indian Labour Party (Ambedkar Phule),1729.0,0,0.0,Others / Regional,0.0
2024,Indian Movement Party,1117.0,0,0.0,Others / Regional,0.0
2024,Indian National League,9918.0,0,0.0,Others / Regional,0.0
2024,Indian National Lok Dal,226975.0,0,0.04,Others / Regional,0.0
2024,Indian National Socialistic Action Forces,5781.0,0,0.0,Others / Regional,0.0
2024,Indian National Yuva Jana Party,847.0,0,0.0,Others / Regional,0.0
2024,Indian Peoples Adhikar Party,4041.0,0,0.0,Others / Regional,0.0
2024,Indian Peoples Green Party,39778.0,0,0.01,Others / Regional,0.0
2024,Indian Praja Congress,141.0,0,0.0,Others / Regional,0.0
2024,Indian Secular Front,650229.0,0,0.1,Others / Regional,0.0
2024,Indian Unity Centre,1572.0,0,0.0,Others / Regional,0.0
2024,Insaniyat Party,3790.0,0,0.0,Others / Regional,0.0
2024,JD(S),2173701.0,2,0.34,Others / Regional,5.88
2024,JD(U),8039663.0,12,1.25,NDA,9.6
2024,JKNC,1147041.0,2,0.18,UPA / I.N.D.I.A.,11.11
2024,JKPDP,435980.0,0,0.07,Others / Regional,0.0
2024,JMM,2652955.0,3,0.41,UPA / I.N.D.I.A.,7.32
2024,Jaathia Chethi Vruthula Ikya Vedika Party,5568.0,0,0.0,Others / Regional,0.0
2024,Jagrook Janta Party,21566.0,0,0.0,Others / Regional,0.0
2024,Jai Bharat National Party,22466.0,0,0.0,Others / Regional,0.0
2024,Jai Hind Congress Party,2101.0,0,0.0,Others / Regional,0.0
2024,Jai Hind National Party,5451.0,0,0.0,Others / Regional,0.0
2024,Jai Hind Party,13014.0,0,0.0,Others / Regional,0.0
2024,Jai Hindustan Party,711.0,0,0.0,Others / Regional,0.0
2024,Jai Maha Bharath Party,18133.0,0,0.0,Others / Regional,0.0
2024,Jai Prakash Janata Dal,14477.0,0,0.0,Others / Regional,0.0
2024,Jai Samta Party,8933.0,0,0.0,Others / Regional,0.0
2024,Jai Sewalal Bahujan Vikas Party,3628.0,0,0.0,Others / Regional,0.0
2024,Jai Swaraj Party,7684.0,0,0.0,Others / Regional,0.0
2024,Jaibhim Rao Bharat Party,15165.0,0,0.0,Others / Regional,0.0
2024,Jamat-E-Seratul Mustakim,741.0,0,0.0,Others / Regional,0.0
2024,Jammu And Kashmir Apni Party,208149.0,0,0.03,Others / Regional,0.0
2024,Jammu And Kashmir National Panthers Party (Bhim),23268.0,0,0.0,Others / Regional,0.0
2024,Jammu And Kashmir Nationalist People'S Front,8453.0,0,0.0,Others / Regional,0.0
2024,Jammu And Kashmir People'S Conference,174890.0,0,0.03,Others / Regional,0.0
2024,Jan Janwadi Party,15240.0,0,0.0,Others / Regional,0.0
2024,Jan Raajya Party,3376.0,0,0.0,Others / Regional,0.0
2024,Jan Sangh Party,7060.0,0,0.0,Others / Regional,0.0
2024,Jan Sewa Driver Party,9135.0,0,0.0,Others / Regional,0.0
2024,Jan Sewak Kranti Party,1120.0,0,0.0,Others / Regional,0.0
2024,Jan Shakti Dal,2955.0,0,0.0,Others / Regional,0.0
2024,Jan Shakti Ekta Party,847.0,0,0.0,Others / Regional,0.0
2024,Jana Sahayaka Sakthi,1644.0,0,0.0,Others / Regional,0.0
2024,Jana Sena Party,1454138.0,2,0.23,Others / Regional,8.7
2024,Jana Shankhaaraavam Party,797.0,0,0.0,Others / Regional,0.0
2024,Janahitha Paksha,1130.0,0,0.0,Others / Regional,0.0
2024,Janata Congress,8900.0,0,0.0,Others / Regional,0.0
2024,Janhit Kisan Party,5030.0,0,0.0,Others / Regional,0.0
2024,Janhit Sankalp Party,8194.0,0,0.0,Others / Regional,0.0
2024,Janlok Vikas Party,1473.0,0,0.0,Others / Regional,0.0
2024,Jannayak Janta Party,113827.0,0,0.02,Others / Regional,0.0
2024,Janseva Gondwana Party,4617.0,0,0.0,Others / Regional,0.0
2024,Janshakti Janta Dal,1318.0,0,0.0,Others / Regional,0.0
2024,Janshakti Samta Party,4577.0,0,0.0,Others / Regional,0.0
2024,Janta Darbar Party,956.0,0,0.0,Others / Regional,0.0
2024,Janta Kranti Party,936.0,0,0.0,Others / Regional,0.0
2024,Janta Kranti Party (Rashtravadi),18401.0,0,0.0,Others / Regional,0.0
2024,Janta Raj Vikas Party,939.0,0,0.0,Others / Regional,0.0
2024,Janta Samajwadi Party (Vivek Raj),1574.0,0,0.0,Others / Regional,0.0
2024,Janta Samta Party,3264.0,0,0.0,Others / Regional,0.0
2024,Janta Shashan Party,1942.0,0,0.0,Others / Regional,0.0
2024,Jantantra Awaj Party,14218.0,0,0.0,Others / Regional,0.0
2024,Jatiya Jana Sena Party,22935.0,0,0.0,Others / Regional,0.0
2024,Jay Vidarbha Party,4951.0,0,0.0,Others / Regional,0.0
2024,Jebamani Janata,4356.0,0,0.0,Others / Regional,0.0
2024,Jharkhand Mukti Morcha (Ulgulan),2615.0,0,0.0,Others / Regional,0.0
2024,Jharkhand Party,19527.0,0,0.0,Others / Regional,0.0
2024,Jharkhand People'S Party,19494.0,0,0.0,Others / Regional,0.0
2024,Jindabad Kranti Party,1690.0,0,0.0,Others / Regional,0.0
2024,Justice Party,2946.0,0,0.0,Others / Regional,0.0
2024,Kalinga Sena,4284.0,0,0.0,Others / Regional,0.0
2024,Kamatapur People'S Party (Unite,11206.0,0,0.0,Others / Regional,0.0
2024,Kamera Samaj Party,1177.0,0,0.0,Others / Regional,0.0
2024,Kamgaar Kisan Party,1701.0,0,0.0,Others / Regional,0.0
2024,Kannada Chalavali Vatal Paksha,1867.0,0,0.0,Others / Regional,0.0
2024,Kannada Paksha,477.0,0,0.0,Others / Regional,0.0
2024,Karnataka Jantha Paksha,5491.0,0,0.0,Others / Regional,0.0
2024,Karnataka Karmikara Paksha,314.0,0,0.0,Others / Regional,0.0
2024,Karnataka Praja Party (Raithaparva),978.0,0,0.0,Others / Regional,0.0
2024,Karnataka Rashtra Samithi,51529.0,0,0.01,Others / Regional,0.0
2024,Karpoori Janta Dal,16512.0,0,0.0,Others / Regional,0.0
2024,Karunaadu Party,4481.0,0,0.0,Others / Regional,0.0
2024,Karunada Sevakara Party,4175.0,0,0.0,Others / Regional,0.0
2024,Kerala Congress,364631.0,1,0.06,Others / Regional,16.67
2024,Kerala Congress (Mani),277365.0,0,0.04,Others / Regional,0.0
2024,Kisan Kranti Dal,5153.0,0,0.0,Others / Regional,0.0
2024,Kisan Mazdoor Sangharsh Party,17336.0,0,0.0,Others / Regional,0.0
2024,Kisan Vishwa Party,603.0,0,0.0,Others / Regional,0.0
2024,Kosal Janata Dal,1735.0,0,0.0,Others / Regional,0.0
2024,Kranti Janshakti Party,575.0,0,0.0,Others / Regional,0.0
2024,Kranti Kari Jai Hind Sena,2976.0,0,0.0,Others / Regional,0.0
2024,Krupaa Party,5242.0,0,0.0,Others / Regional,0.0
2024,Kunbi Bahujan Sawrajya Party,817.0,0,0.0,Others / Regional,0.0
2024,Liberation Congress Party,8900.0,0,0.0,Others / Regional,0.0
2024,Log Party,20123.0,0,0.0,Others / Regional,0.0
2024,Lok Jan Sangharsh Party,3954.0,0,0.0,Others / Regional,0.0
2024,Lok Janshakti Party (Ram Vilas),2810250.0,5,0.44,Others / Regional,11.36
2024,Lok Samaj Party,1294.0,0,0.0,Others / Regional,0.0
2024,Lok Sena Party,2350.0,0,0.0,Others / Regional,0.0
2024,Lok Sewa Dal,3519.0,0,0.0,Others / Regional,0.0
2024,Lok Swarajya Party,2992.0,0,0.0,Others / Regional,0.0
2024,Lokhit Adhikar Party,62136.0,0,0.01,Others / Regional,0.0
2024,Lokpriya Rashtrawadi Party,782.0,0,0.0,Others / Regional,0.0
2024,Lokrajya Janata Party,1061.0,0,0.0,Others / Regional,0.0
2024,Lokshahi Ekta Party,1585.0,0,0.0,Others / Regional,0.0
2024,Loktantra Congress Party,5100.0,0,0.0,Others / Regional,0.0
2024,Loktantrik Janshakti Party,2191.0,0,0.0,Others / Regional,0.0
2024,Loktantrik Janta Dal,316.0,0,0.0,Others / Regional,0.0
2024,Loktantrik Lok Rajyam Party,4169.0,0,0.0,Others / Regional,0.0
2024,Loktantrik Samajik Nyay Party,6542.0,0,0.0,Others / Regional,0.0
2024,Loktantrik Samajwadi Party,7554.0,0,0.0,Others / Regional,0.0
2024,MDMK,542213.0,1,0.08,UPA / I.N.D.I.A.,12.5
2024,Maa Telangana Party,423.0,0,0.0,Others / Regional,0.0
2024,Madhya Pradesh Jan Vikas Party,1932.0,0,0.0,Others / Regional,0.0
2024,Mahanwadi Party,12364.0,0,0.0,Others / Regional,0.0
2024,Maharashtra Vikas Aghadi,20721.0,0,0.0,Others / Regional,0.0
2024,Mahathma Makkal Munnetra Kazhakam,2981.0,0,0.0,Others / Regional,0.0
2024,Majdoor Kisan Union Party,2105.0,0,0.0,Others / Regional,0.0
2024,Majloom Samaj Party,3237.0,0,0.0,Others / Regional,0.0
2024,Makkal Nala Kazhagam,736.0,0,0.0,Others / Regional,0.0
2024,Makkal Nalvaazhvuk Katchi,1792.0,0,0.0,Others / Regional,0.0
2024,Malwa Congress,13925.0,0,0.0,Others / Regional,0.0
2024,Mana Telangana Rashtra Samaikya Party,3634.0,0,0.0,Others / Regional,0.0
2024,Manas Lokshakti Dal,20450.0,0,0.0,Others / Regional,0.0
2024,Manav Kranti Party,1076.0,0,0.0,Others / Regional,0.0
2024,Manav Samadhan Party,622.0,0,0.0,Others / Regional,0.0
2024,Manavtawadi Samaj Party,7136.0,0,0.0,Others / Regional,0.0
2024,Mang Samaj Party,1905.0,0,0.0,Others / Regional,0.0
2024,Manviya Bharat Party,2082.0,0,0.0,Others / Regional,0.0
2024,Marxist Communist Party Of India (United),3505.0,0,0.0,Others / Regional,0.0
2024,Marxist Leninist Party Of India (Red Flag),7085.0,0,0.0,Others / Regional,0.0
2024,Megh Desham Party,1194.0,0,0.0,Others / Regional,0.0
2024,Mera Adhikaar Rashtriya Dal,8514.0,0,0.0,Others / Regional,0.0
2024,Mera Bharat Mahan Party,604.0,0,0.0,Others / Regional,0.0
2024,Minorities Democratic Party,8978.0,0,0.0,Others / Regional,0.0
2024,Mission All India Independent Justice Party,960.0,0,0.0,Others / Regional,0.0
2024,Mission Naya Digant Party,772.0,0,0.0,Others / Regional,0.0
2024,Mithilanchal Mukti Morcha,18025.0,0,0.0,Others / Regional,0.0
2024,Mizo National Front,140264.0,0,0.02,Others / Regional,0.0
2024,Mizoram People'S Conference,3793.0,0,0.0,Others / Regional,0.0
2024,Moolniwasi Samaj Party,61033.0,0,0.01,Others / Regional,0.0
2024,Most Backward Classes Of India,2090.0,0,0.0,Others / Regional,0.0
2024,Moulik Adhikar Party,25490.0,0,0.0,Others / Regional,0.0
2024,Mulnibasi Party Of India,14168.0,0,0.0,Others / Regional,0.0
2024,NCP,2059179.0,1,0.32,NDA,3.12
2024,NCP-SP,5921162.0,8,0.92,UPA / I.N.D.I.A.,8.7
2024,Naadaalum Makkal Katchi,12895.0,0,0.0,Others / Regional,0.0
2024,Naam Indiar Party,7430.0,0,0.0,Others / Regional,0.0
2024,Naam Tamilar Katchi,3600088.0,0,0.56,Others / Regional,0.0
2024,Naari Nar Rakshak Party,3501.0,0,0.0,Others / Regional,0.0
2024,Naba Bharata Nirmana Seva Party,18570.0,0,0.0,Others / Regional,0.0
2024,Naga People'S Front,299536.0,0,0.05,Others / Regional,0.0
2024,Naki Bharatiya Ekta Party,12299.0,0,0.0,Others / Regional,0.0
2024,National Apni Party,16694.0,0,0.0,Others / Regional,0.0
2024,National Awami United Party,5319.0,0,0.0,Others / Regional,0.0
2024,National Black Panther Party,1994.0,0,0.0,Others / Regional,0.0
2024,National Future Party,1197.0,0,0.0,Others / Regional,0.0
2024,National Jan Dal,11116.0,0,0.0,Others / Regional,0.0
2024,National Janmandal Party,1193.0,0,0.0,Others / Regional,0.0
2024,National Loktantrik Party,11286.0,0,0.0,Others / Regional,0.0
2024,National Maha Sabha Party,4184.0,0,0.0,Others / Regional,0.0
2024,National Nava Kranthi Party,10284.0,0,0.0,Others / Regional,0.0
2024,National Party,1767.0,0,0.0,Others / Regional,0.0
2024,National People'S Party,417930.0,0,0.06,Others / Regional,0.0
2024,National Republic Party Of India,657.0,0,0.0,Others / Regional,0.0
2024,National World Leader Party,5063.0,0,0.0,Others / Regional,0.0
2024,National Youth Party,2343.0,0,0.0,Others / Regional,0.0
2024,Nationalist Democratic Progressive Party,350967.0,0,0.05,Others / Regional,0.0
2024,Nationalist Justice Party,8357.0,0,0.0,Others / Regional,0.0
2024,Navabharath Sena,2898.0,0,0.0,Others / Regional,0.0
2024,Navarang Congress Party,67432.0,0,0.01,Others / Regional,0.0
2024,Navataram Party,16864.0,0,0.0,Others / Regional,0.0
2024,Navodayam Party,414.0,0,0.0,Others / Regional,0.0
2024,Navsarjan Bharat Party,545.0,0,0.0,Others / Regional,0.0
2024,Navyug Pragatisheel Morcha,2779.0,0,0.0,Others / Regional,0.0
2024,Neethi Nijayithi Party,430.0,0,0.0,Others / Regional,0.0
2024,Netaji Subhash Chander Bose Rashtriya Azad Party,1019.0,0,0.0,Others / Regional,0.0
2024,New Generation People'S Par,1133.0,0,0.0,Others / Regional,0.0
2024,New India Party,2269.0,0,0.0,Others / Regional,0.0
2024,New India United Party,8542.0,0,0.0,Others / Regional,0.0
2024,New Labour Party,819.0,0,0.0,Others / Regional,0.0
2024,New Rashtriya Samaj Party,83046.0,0,0.01,Others / Regional,0.0
2024,None of the Above,6371839.0,0,0.99,Others / Regional,0.0
2024,North Bengal People'S Par,6073.0,0,0.0,Others / Regional,0.0
2024,Nyaydharmsabha,6607.0,0,0.0,Others / Regional,0.0
2024,Odisha Janata Party,2442.0,0,0.0,Others / Regional,0.0
2024,Pachchasi Parivartan Samaj Party,802.0,0,0.0,Others / Regional,0.0
2024,Parcham Party Of India,8404.0,0,0.0,Others / Regional,0.0
2024,Parivartan Party Of India,1686.0,0,0.0,Others / Regional,0.0
2024,Parivartan Samaj Party,12304.0,0,0.0,Others / Regional,0.0
2024,Party For Democratic Socialism,6651.0,0,0.0,Others / Regional,0.0
2024,Paschimanchal Vikas Party,1682.0,0,0.0,Others / Regional,0.0
2024,Pattali Makkal Katchi,1879689.0,0,0.29,Others / Regional,0.0
2024,Peace Party Of India,38506.0,0,0.01,Others / Regional,0.0
2024,Pehchan People'S Par,1228.0,0,0.0,Others / Regional,0.0
2024,People Protection Party,1737.0,0,0.0,Others / Regional,0.0
2024,People'S Party Of India(Secular),3392.0,0,0.0,Others / Regional,0.0
2024,People'S Union Par,2009.0,0,0.0,Others / Regional,0.0
2024,Peoples Party Of India (Democratic),247985.0,0,0.04,Others / Regional,0.0
2024,Pichhara Samaj Party United,952.0,0,0.0,Others / Regional,0.0
2024,Political Justice Party,5023.0,0,0.0,Others / Regional,0.0
2024,Prabal Bharat Party,2099.0,0,0.0,Others / Regional,0.0
2024,Prabuddha Republican Party,24361.0,0,0.0,Others / Regional,0.0
2024,Prabuddhwadi Bahujan Morcha,3414.0,0,0.0,Others / Regional,0.0
2024,Pragatisheel Magahi Samaj,2468.0,0,0.0,Others / Regional,0.0
2024,Pragatisheel Manav Samaj Party,15250.0,0,0.0,Others / Regional,0.0
2024,Pragatisheel Samaj Party,10553.0,0,0.0,Others / Regional,0.0
2024,Prahar Janshakti Party,90759.0,0,0.01,Others / Regional,0.0
2024,Praja Ektha Party,1252.0,0,0.0,Others / Regional,0.0
2024,Praja Prasthanam Party,633.0,0,0.0,Others / Regional,0.0
2024,Praja Shanthi Party,7696.0,0,0.0,Others / Regional,0.0
2024,Praja Velugu Party,12199.0,0,0.0,Others / Regional,0.0
2024,Prajarajya Samithi,1614.0,0,0.0,Others / Regional,0.0
2024,Prajatantra Aadhar Party,2429.0,0,0.0,Others / Regional,0.0
2024,Prajavani Party,1792.0,0,0.0,Others / Regional,0.0
2024,Prithviraj Janshakti Party,1364.0,0,0.0,Others / Regional,0.0
2024,"Proutist Bloc, India",14110.0,0,0.0,Others / Regional,0.0
2024,Proutist Sarva Samaj,1069.0,0,0.0,Others / Regional,0.0
2024,Public Adhikar Socialist Indian Party,1493.0,0,0.0,Others / Regional,0.0
2024,Public Political Party,5054.0,0,0.0,Others / Regional,0.0
2024,Punjab National Party,4934.0,0,0.0,Others / Regional,0.0
2024,Punnagai Desam Party,1040.0,0,0.0,Others / Regional,0.0
2024,Purvanchal Mahapanchayat,8217.0,0,0.0,Others / Regional,0.0
2024,Puthiya Makkal Tamil Desam Katchi,4768.0,0,0.0,Others / Regional,0.0
2024,Pyramid Party Of India,27966.0,0,0.0,Others / Regional,0.0
2024,RJD,10107402.0,4,1.57,UPA / I.N.D.I.A.,2.55
2024,RLD,893460.0,2,0.14,NDA,14.29
2024,RLP,596955.0,1,0.09,UPA / I.N.D.I.A.,11.11
2024,RSP,587363.0,1,0.09,UPA / I.N.D.I.A.,11.11
2024,Radical Party Of India (Ambedkarist),454.0,0,0.0,Others / Regional,0.0
2024,Raita Bharat Party,518.0,0,0.0,Others / Regional,0.0
2024,Rajasthan Raj Party,1264.0,0,0.0,Others / Regional,0.0
2024,Rani Chennamma Party,771.0,0,0.0,Others / Regional,0.0
2024,Rashtra Dharak Dal,1683.0,0,0.0,Others / Regional,0.0
2024,Rashtra Nirman Party,10964.0,0,0.0,Others / Regional,0.0
2024,Rashtra Samanya Praja Party,1474.0,0,0.0,Others / Regional,0.0
2024,Rashtra Samarpan Party,3205.0,0,0.0,Others / Regional,0.0
2024,Rashtra Sewa Dal,5919.0,0,0.0,Others / Regional,0.0
2024,Rashtra Uday Party,30073.0,0,0.0,Others / Regional,0.0
2024,Rashtravadi Bharat Party,5702.0,0,0.0,Others / Regional,0.0
2024,Rashtravadi Loktantrik Party (India),641.0,0,0.0,Others / Regional,0.0
2024,Rashtrawadi Chetna Party,3915.0,0,0.0,Others / Regional,0.0
2024,Rashtrawadi Janlok Party (Satya),12049.0,0,0.0,Others / Regional,0.0
2024,Rashtriy Bahujan Party,795.0,0,0.0,Others / Regional,0.0
2024,Rashtriya Congress(J) Party,685.0,0,0.0,Others / Regional,0.0
2024,Rashtriya Devbhumi Party,9781.0,0,0.0,Others / Regional,0.0
2024,Rashtriya Garib Dal,5105.0,0,0.0,Others / Regional,0.0
2024,Rashtriya Gondvana Party,11446.0,0,0.0,Others / Regional,0.0
2024,Rashtriya Hind Ekta Dal,1806.0,0,0.0,Others / Regional,0.0
2024,Rashtriya Jan Awaz Party,9299.0,0,0.0,Others / Regional,0.0
2024,Rashtriya Jan Jan Party,13213.0,0,0.0,Others / Regional,0.0
2024,Rashtriya Jan Kalyan Party Secular,19495.0,0,0.0,Others / Regional,0.0
2024,Rashtriya Jan Karmath Party,764.0,0,0.0,Others / Regional,0.0
2024,Rashtriya Jan Utkarsh Party,2309.0,0,0.0,Others / Regional,0.0
2024,Rashtriya Janhit Sangharsh Party,1090.0,0,0.0,Others / Regional,0.0
2024,Rashtriya Jankranti Party,7646.0,0,0.0,Others / Regional,0.0
2024,Rashtriya Janmanch (Secular),1333.0,0,0.0,Others / Regional,0.0
2024,Rashtriya Janmorcha,1639.0,0,0.0,Others / Regional,0.0
2024,Rashtriya Jansabha Party,19318.0,0,0.0,Others / Regional,0.0
2024,Rashtriya Jansambhavna Party,168740.0,0,0.03,Others / Regional,0.0
2024,Rashtriya Jansanchar Dal,6617.0,0,0.0,Others / Regional,0.0
2024,Rashtriya Jansangharsh Swaraj Party,7803.0,0,0.0,Others / Regional,0.0
2024,Rashtriya Jansena Party,983.0,0,0.0,Others / Regional,0.0
2024,Rashtriya Janshakti Party (Secular),6251.0,0,0.0,Others / Regional,0.0
2024,Rashtriya Janshakti Party(Eklavya),3263.0,0,0.0,Others / Regional,0.0
2024,Rashtriya Janshakti Samaj Party,2988.0,0,0.0,Others / Regional,0.0
2024,Rashtriya Janta Party,1319.0,0,0.0,Others / Regional,0.0
2024,Rashtriya Jantantrik Bharat Vikas Party,2347.0,0,0.0,Others / Regional,0.0
2024,Rashtriya Janutthan Party,1157.0,0,0.0,Others / Regional,0.0
2024,Rashtriya Jatigat Aarakshan Virodhi Party,215.0,0,0.0,Others / Regional,0.0
2024,Rashtriya Kisan Bahujan Party,12309.0,0,0.0,Others / Regional,0.0
2024,Rashtriya Lok Morcha,253876.0,0,0.04,Others / Regional,0.0
2024,Rashtriya Lokswaraj Party,1641.0,0,0.0,Others / Regional,0.0
2024,Rashtriya Mahaswaraj Bhumi Party,4764.0,0,0.0,Others / Regional,0.0
2024,Rashtriya Manav Party,3905.0,0,0.0,Others / Regional,0.0
2024,Rashtriya Mangalam Party,257.0,0,0.0,Others / Regional,0.0
2024,Rashtriya Maratha Party,2978.0,0,0.0,Others / Regional,0.0
2024,Rashtriya Mazdoor Ekta Party,791.0,0,0.0,Others / Regional,0.0
2024,Rashtriya Narayanwadi Vikas Party,1527.0,0,0.0,Others / Regional,0.0
2024,Rashtriya Power Party,2101.0,0,0.0,Others / Regional,0.0
2024,Rashtriya Praja Congress (Secular),14219.0,0,0.0,Others / Regional,0.0
2024,Rashtriya Rashtrawadi Party,614.0,0,0.0,Others / Regional,0.0
2024,Rashtriya Republican Party,4801.0,0,0.0,Others / Regional,0.0
2024,Rashtriya Samaj Dal (R),10877.0,0,0.0,Others / Regional,0.0
2024,Rashtriya Samaj Paksha,521746.0,0,0.08,Others / Regional,0.0
2024,Rashtriya Samanta Dal,28340.0,0,0.0,Others / Regional,0.0
2024,Rashtriya Samta Vikas Party,3926.0,0,0.0,Others / Regional,0.0
2024,Rashtriya Sanatan Party,16859.0,0,0.0,Others / Regional,0.0
2024,Rashtriya Sanskriti Party,1494.0,0,0.0,Others / Regional,0.0
2024,Rashtriya Sant Sandesh Party,994.0,0,0.0,Others / Regional,0.0
2024,Rashtriya Sawarn Dal,2293.0,0,0.0,Others / Regional,0.0
2024,Rashtriya Secular Majlis Party,1136.0,0,0.0,Others / Regional,0.0
2024,Rashtriya Shoshit Samaj Party,53911.0,0,0.01,Others / Regional,0.0
2024,Rashtriya Suraksha Party,574.0,0,0.0,Others / Regional,0.0
2024,Rashtriya Ulama Council,13657.0,0,0.0,Others / Regional,0.0
2024,Rashtriya Uttarakhand Party,10026.0,0,0.0,Others / Regional,0.0
2024,Rashtriya Vikalp Party,1269.0,0,0.0,Others / Regional,0.0
2024,Rashtriya Vikas Party,1240.0,0,0.0,Others / Regional,0.0
2024,Rastriya Atal Janta Party,1116.0,0,0.0,Others / Regional,0.0
2024,Rayalaseema Rashtra Samithi,2333.0,0,0.0,Others / Regional,0.0
2024,Republican Bahujan Sena,3161.0,0,0.0,Others / Regional,0.0
2024,Republican Party Of India,3204.0,0,0.0,Others / Regional,0.0
2024,Republican Party Of India (A),45567.0,0,0.01,Others / Regional,0.0
2024,Republican Party Of India (Athawale),156302.0,0,0.02,Others / Regional,0.0
2024,Republican Party Of India (Karnataka),2018.0,0,0.0,Others / Regional,0.0
2024,Republican Party Of India (Sivaraj),259.0,0,0.0,Others / Regional,0.0
2024,Republican Party Of India (Social),2818.0,0,0.0,Others / Regional,0.0
2024,Republican Party Of India Bharatha,848.0,0,0.0,Others / Regional,0.0
2024,Republican Sena,18793.0,0,0.0,Others / Regional,0.0
2024,Revolutionary Goans Party,64629.0,0,0.01,Others / Regional,0.0
2024,Right To Recall Party,58024.0,0,0.01,Others / Regional,0.0
2024,Rishivadi Karm Sheel Young Parmarthi Party,4401.0,0,0.0,Others / Regional,0.0
2024,SAD,1814318.0,1,0.28,NDA,3.57
2024,SDF,77171.0,0,0.01,Others / Regional,0.0
2024,SKM,164396.0,1,0.03,NDA,33.33
2024,SP,29549389.0,37,4.58,UPA / I.N.D.I.A.,8.08
2024,SS,7401447.0,7,1.15,NDA,6.09
2024,SS(UBT),9567779.0,9,1.48,UPA / I.N.D.I.A.,6.08
2024,Saath Sahakar Vikas Party,2673.0,0,0.0,Others / Regional,0.0
2024,Sabhi Jan Party,5147.0,0,0.0,Others / Regional,0.0
2024,Sabse Achchhi Party,2029.0,0,0.0,Others / Regional,0.0
2024,Sacho Sach Party,652.0,0,0.0,Others / Regional,0.0
2024,Sainik Samaj Party,16040.0,0,0.0,Others / Regional,0.0
2024,Sajag Samaj Party,1191.0,0,0.0,Others / Regional,0.0
2024,Sakala Janula Party,1324.0,0,0.0,Others / Regional,0.0
2024,Samaj Bhalai Morcha,930.0,0,0.0,Others / Regional,0.0
2024,Samaj Parivartan Party,5303.0,0,0.0,Others / Regional,0.0
2024,Samaj Shakti Party,29235.0,0,0.0,Others / Regional,0.0
2024,Samaj Vikas Kranti Party,6373.0,0,0.0,Others / Regional,0.0
2024,Samajhdar Party,18223.0,0,0.0,Others / Regional,0.0
2024,Samajik Sangharsh Party,419.0,0,0.0,Others / Regional,0.0
2024,Samajwadi Jan Parishad,1637.0,0,0.0,Others / Regional,0.0
2024,Samajwadi Janata Party(Karnataka),2320.0,0,0.0,Others / Regional,0.0
2024,Samajwadi Lok Parishad,1880.0,0,0.0,Others / Regional,0.0
2024,Saman Adhikar Party,1943.0,0,0.0,Others / Regional,0.0
2024,Samaniya Makkal Nala Katchi,8990.0,0,0.0,Others / Regional,0.0
2024,Samata Party,73318.0,0,0.01,Others / Regional,0.0
2024,Samata Samadhan Party,6614.0,0,0.0,Others / Regional,0.0
2024,Samnak Janta Party,67374.0,0,0.01,Others / Regional,0.0
2024,Sampoorna Bharat Kranti Party,2944.0,0,0.0,Others / Regional,0.0
2024,Samrat Mihir Bhoj Samaj Party,1412.0,0,0.0,Others / Regional,0.0
2024,Samruddha Odisha,7087.0,0,0.0,Others / Regional,0.0
2024,Samst Samaj Party,2904.0,0,0.0,Others / Regional,0.0
2024,Samyak Party,5250.0,0,0.0,Others / Regional,0.0
2024,Sanatan Sanskriti Raksha Dal,9347.0,0,0.0,Others / Regional,0.0
2024,Sanjhi Virasat Party,1610.0,0,0.0,Others / Regional,0.0
2024,Sankhyanupati Bhagidari Party,1949.0,0,0.0,Others / Regional,0.0
2024,Sanman Rajkiya Paksha,6075.0,0,0.0,Others / Regional,0.0
2024,Sanyogwadi Party,1128.0,0,0.0,Others / Regional,0.0
2024,Sanyukt Bharat Paksh,3656.0,0,0.0,Others / Regional,0.0
2024,Sanyukt Kisan Vikas Party,25291.0,0,0.0,Others / Regional,0.0
2024,Sapaks Party,5149.0,0,0.0,Others / Regional,0.0
2024,Sardar Patel Siddhant Party,46145.0,0,0.01,Others / Regional,0.0
2024,Sardar Vallabhbhai Patel Party,5152.0,0,0.0,Others / Regional,0.0
2024,Sarv Adi Dal,20348.0,0,0.0,Others / Regional,0.0
2024,Sarv Samaj Party,6879.0,0,0.0,Others / Regional,0.0
2024,Sarva Janata Party,5771.0,0,0.0,Others / Regional,0.0
2024,Sarva Samaj Janata Party,2379.0,0,0.0,Others / Regional,0.0
2024,Sarvar Party,1202.0,0,0.0,Others / Regional,0.0
2024,Sarvjan Awaz Party,2239.0,0,0.0,Others / Regional,0.0
2024,Sarvjan Lok Shakti Party,3280.0,0,0.0,Others / Regional,0.0
2024,Sarvjan Samta Party,5020.0,0,0.0,Others / Regional,0.0
2024,Sarvlokhit Samaj Party,446.0,0,0.0,Others / Regional,0.0
2024,Sathi Aur Aapka Faisala Party,2666.0,0,0.0,Others / Regional,0.0
2024,Satya Bahumat Party,842.0,0,0.0,Others / Regional,0.0
2024,Satyawadi Rakshak Party,657.0,0,0.0,Others / Regional,0.0
2024,Secular Democratic Congress,490.0,0,0.0,Others / Regional,0.0
2024,Sehajdhari Sikh Party,987.0,0,0.0,Others / Regional,0.0
2024,Shakti Sena (Bharat Desh),21036.0,0,0.0,Others / Regional,0.0
2024,Shiromani Akali Dal (Amritsar),521749.0,0,0.08,Others / Regional,0.0
2024,Shiromani Lok Dal Party,1044.0,0,0.0,Others / Regional,0.0
2024,Shoshit Samaj Dal,4618.0,0,0.0,Others / Regional,0.0
2024,Sikkim Republican Party,4799.0,0,0.0,Others / Regional,0.0
2024,Smart Indians Party,2510.0,0,0.0,Others / Regional,0.0
2024,Social Democratic Party Of India,42465.0,0,0.01,Others / Regional,0.0
2024,Social Justice Party Of India,8519.0,0,0.0,Others / Regional,0.0
2024,Socialist Party (India),19941.0,0,0.0,Others / Regional,0.0
2024,Socialist Unity Centre Of India (Communist),480987.0,0,0.07,Others / Regional,0.0
2024,Spashtwadi Jan Aadhar Party,2003.0,0,0.0,Others / Regional,0.0
2024,Subhashwadi Bhartiya Samajwadi Party (Subhas Party),6698.0,0,0.0,Others / Regional,0.0
2024,Suheldev Bharatiya Samaj Party,340188.0,0,0.05,Others / Regional,0.0
2024,Sunahara Bharat Party,2091.0,0,0.0,Others / Regional,0.0
2024,Sunder Samaj Party,3409.0,0,0.0,Others / Regional,0.0
2024,Super Power India Party,1400.0,0,0.0,Others / Regional,0.0
2024,Supreme Zero Party Of Bharat,1441.0,0,0.0,Others / Regional,0.0
2024,Swabhimani Paksha,185371.0,0,0.03,Others / Regional,0.0
2024,Swaraj Bhartiya Nyay Party,4088.0,0,0.0,Others / Regional,0.0
2024,Swaraj Kranti Party,909.0,0,0.0,Others / Regional,0.0
2024,Swarajya Sena (Maharashtra),2533.0,0,0.0,Others / Regional,0.0
2024,Swarajya Shakti Sena,10802.0,0,0.0,Others / Regional,0.0
2024,Swatantra Jantaraj Party,10627.0,0,0.0,Others / Regional,0.0
2024,Swatantra Kisan Party,3849.0,0,0.0,Others / Regional,0.0
2024,Swatantrata Abhivyakti Party,12741.0,0,0.0,Others / Regional,0.0
2024,Swayam Shashan Party,1408.0,0,0.0,Others / Regional,0.0
2024,TDP,12775270.0,16,1.98,NDA,8.08
2024,TMC,28213393.0,29,4.37,UPA / I.N.D.I.A.,6.64
2024,Tamil Maanila Congress,410401.0,0,0.06,Others / Regional,0.0
2024,Tamil Manila Murpokku Dravida Kazhagam,2315.0,0,0.0,Others / Regional,0.0
2024,Tamil Nadu Makkal Nalvazhvu Periyakkam,314.0,0,0.0,Others / Regional,0.0
2024,Tamilaga Makkal Nala Katchi,761.0,0,0.0,Others / Regional,0.0
2024,Tamilaga Makkal Thannurimai Katchi,4033.0,0,0.0,Others / Regional,0.0
2024,Tamilar Makkal Katchi,1904.0,0,0.0,Others / Regional,0.0
2024,Tamizhaga Murpokku Makkal Katchi,1488.0,0,0.0,Others / Regional,0.0
2024,Telangana Jaghir Party,1648.0,0,0.0,Others / Regional,0.0
2024,Telangana Praja Shakthi Party,9290.0,0,0.0,Others / Regional,0.0
2024,Telangana Prajaa Jeevana Rythu Party,141.0,0,0.0,Others / Regional,0.0
2024,Telangana Rajya Samithi,1727.0,0,0.0,Others / Regional,0.0
2024,Telangana Rashtra Punahnirmana Samithi,4433.0,0,0.0,Others / Regional,0.0
2024,Telangana Republican Party,1452.0,0,0.0,Others / Regional,0.0
2024,Telangana Sakalajanula Party,10859.0,0,0.0,Others / Regional,0.0
2024,Telugu Congress Party,790.0,0,0.0,Others / Regional,0.0
2024,Telugu Nava Garjana Party,3741.0,0,0.0,Others / Regional,0.0
2024,Telugu Rajadhikara Samiti Party,5906.0,0,0.0,Others / Regional,0.0
2024,Thakkam Katchi,3785.0,0,0.0,Others / Regional,0.0
2024,The Agrani Party,1843.0,0,0.0,Others / Regional,0.0
2024,The National Road Map Party Of India,17126.0,0,0.0,Others / Regional,0.0
2024,Tipu Sultan Party,4547.0,0,0.0,Others / Regional,0.0
2024,Twenty 20 Party,145450.0,0,0.02,Others / Regional,0.0
2024,Ulzaipali Makkal Katchy,1929.0,0,0.0,Others / Regional,0.0
2024,Ummeed Party Of India,2944.0,0,0.0,Others / Regional,0.0
2024,United Democratic Party (Meghalaya),44563.0,0,0.01,Others / Regional,0.0
2024,United People'S Party Liberal,488995.0,1,0.08,Others / Regional,12.5
2024,United Republican Party Of India,10997.0,0,0.0,Others / Regional,0.0
2024,Utkal Samaj,2285.0,0,0.0,Others / Regional,0.0
2024,Uttama Prajaakeeya Party,40491.0,0,0.01,Others / Regional,0.0
2024,Uttar Pradesh Republican Party,854.0,0,0.0,Others / Regional,0.0
2024,Uttarakhand Kranti Dal,9270.0,0,0.0,Others / Regional,0.0
2024,Uttarakhand Parivartan Party,5778.0,0,0.0,Others / Regional,0.0
2024,Uttarakhand Samanta Party,3845.0,0,0.0,Others / Regional,0.0
2024,VCK,990237.0,2,0.15,UPA / I.N.D.I.A.,13.33
2024,Vanchit Bahujan Aaghadi,1582855.0,0,0.25,Others / Regional,0.0
2024,Vanchitsamaj Insaaf Party,3330.0,0,0.0,Others / Regional,0.0
2024,Veerath Thiyagi Viswanathadoss Thozhilalarkal Katchi,12735.0,0,0.0,Others / Regional,0.0
2024,Vidarbha Rajya Aghadi,1828.0,0,0.0,Others / Regional,0.0
2024,Vidhyarthula Rajakiya Party,4747.0,0,0.0,Others / Regional,0.0
2024,Vidiyalai Thedum Indhiyargal Party,1073.0,0,0.0,Others / Regional,0.0
2024,Viduthalai Kalam Katchi,2599.0,0,0.0,Others / Regional,0.0
2024,Vikas India Party,1054.0,0,0.0,Others / Regional,0.0
2024,Vikas Insaf Party,2033.0,0,0.0,Others / Regional,0.0
2024,Vikassheel Insaan Party,1187455.0,0,0.18,Others / Regional,0.0
2024,Viro Ke Vir Indian Party,75950.0,0,0.01,Others / Regional,0.0
2024,Vishal Janta Party,1421.0,0,0.0,Others / Regional,0.0
2024,Vishva Shakti Party,2361.0,0,0.0,Others / Regional,0.0
2024,Vishwa Kalyan Rashtriya Manav Samaj Party,6678.0,0,0.0,Others / Regional,0.0
2024,Voice Of The People Party,571078.0,1,0.09,Others / Regional,11.11
2024,Voters Independent Party,601.0,0,0.0,Others / Regional,0.0
2024,Voters Party International,63496.0,0,0.01,Others / Regional,0.0
2024,Wazib Adhikar Party,16506.0,0,0.0,Others / Regional,0.0
2024,Welfare Party Of India,951.0,0,0.0,Others / Regional,0.0
2024,YSRCP,13316134.0,4,2.06,Others / Regional,1.94
2024,Young Star Empowerment Party,1616.0,0,0.0,Others / Regional,0.0
2024,Youth India Peace Party,649.0,0,0.0,Others / Regional,0.0
2024,Yuga Thulasi Party,22247.0,0,0.0,Others / Regional,0.0
2024,Yuva Bihar Sena,1990.0,0,0.0,Others / Regional,0.0
2024,Yuva Krantikari Party,8736.0,0,0.0,Others / Regional,0.0
2024,Yuva Taram Party,1369.0,0,0.0,Others / Regional,0.0
2024,Yuva Vikas Party,1679.0,0,0.0,Others / Regional,0.0
2024,Zoram People'S Movement,208552.0,1,0.03,Others / Regional,33.33
