Year,State,Constituency_Name,Winner_Candidate,Winner_Party,Previous_Winner,Previous_Party,Incumbent_Reelected
2004,Andaman and Nicobar Islands,Andaman And Nicobar Islands,Manoranjan Bhakta,INC,,,
2009,Andaman and Nicobar Islands,Andaman And Nicobar Islands,Bishnu Pada Ray,BJP,Manoranjan Bhakta,INC,FALSE
2014,Andaman and Nicobar Islands,Andaman And Nicobar Islands,Bishnu Pada Ray,BJP,Bishnu Pada Ray,BJP,TRUE
2019,Andaman and Nicobar Islands,Andaman And Nicobar Islands,Kuldeep Rai Sharma,INC,Bishnu Pada Ray,BJP,FALSE
2024,Andaman and Nicobar Islands,Andaman And Nicobar Islands,Bishnu Pada Ray,BJP,Kuldeep Rai Sharma,INC,FALSE
2004,Andhra Pradesh,Adilabad,Madhusudhan Reddy Takkala,TRS,,,
2009,Andhra Pradesh,Adilabad,Ramesh Rathod,TDP,Madhusudhan Reddy Takkala,TRS,FALSE
2014,Andhra Pradesh,Adilabad,Godam Nagesh,TRS,Ramesh Rathod,TDP,FALSE
2004,Andhra Pradesh,Amalapuram,G. V. Harsha Kumar,INC,,,
2009,Andhra Pradesh,Amalapuram,G. V. Harsha Kumar,INC,G. V. Harsha Kumar,INC,TRUE
2014,Andhra Pradesh,Amalapuram,Pandula Ravindra Babu,TDP,G. V. Harsha Kumar,INC,FALSE
2019,Andhra Pradesh,Amalapuram,Chinta Anuradha,YSRCP,Pandula Ravindra Babu,TDP,FALSE
2024,Andhra Pradesh,Amalapuram,Ganti Harish Madhur,TDP,Chinta Anuradha,YSRCP,FALSE
2004,Andhra Pradesh,Anakapalli,Pappala Chalapathirao,TDP,,,
2009,Andhra Pradesh,Anakapalli,Sabbam Hari,INC,Pappala Chalapathirao,TDP,FALSE
2014,Andhra Pradesh,Anakapalli,Muttamsetti Srinivasa Rao,TDP,Sabbam Hari,INC,FALSE
2019,Andhra Pradesh,Anakapalli,Beesetti Venkata Satyavathi,YSRCP,Muttamsetti Srinivasa Rao,TDP,FALSE
2024,Andhra Pradesh,Anakapalli,C. M. Ramesh,BJP,Beesetti Venkata Satyavathi,YSRCP,FALSE
2004,Andhra Pradesh,Anantapur,Anantha Venkatarami Reddy,INC,,,
2009,Andhra Pradesh,Anantapur,Anantha Venkatarami Reddy,INC,Anantha Venkatarami Reddy,INC,TRUE
2014,Andhra Pradesh,Anantapur,J. C. Diwakar Reddy,TDP,Anantha Venkatarami Reddy,INC,FALSE
2019,Andhra Pradesh,Anantapur,Tallari Rangaiah,YSRCP,J. C. Diwakar Reddy,TDP,FALSE
2024,Andhra Pradesh,Anantapur,Ambica G Lakshminarayana Valmiki,TDP,Tallari Rangaiah,YSRCP,FALSE
2009,Andhra Pradesh,Araku,Kishore Chandra Deo,INC,,,
2014,Andhra Pradesh,Araku,Kothapalli Geetha,YSRCP,Kishore Chandra Deo,INC,FALSE
2019,Andhra Pradesh,Araku,Goddeti Madhavi,YSRCP,Kothapalli Geetha,YSRCP,FALSE
2024,Andhra Pradesh,Araku,Gumma Thanuja Rani,YSRCP,Goddeti Madhavi,YSRCP,FALSE
2004,Andhra Pradesh,Bapatla,Daggubati Purandeswari,INC,,,
2009,Andhra Pradesh,Bapatla,Panabaka Lakshmi,INC,Daggubati Purandeswari,INC,FALSE
2014,Andhra Pradesh,Bapatla,Malyadri Sriram,TDP,Panabaka Lakshmi,INC,FALSE
2019,Andhra Pradesh,Bapatla,Nandigam Suresh,YSRCP,Malyadri Sriram,TDP,FALSE
2024,Andhra Pradesh,Bapatla,Krishna Prasad Tenneti,TDP,Nandigam Suresh,YSRCP,FALSE
2004,Andhra Pradesh,Bhadrachalam,Midiyam Babu Rao,CPI(M),,,
2009,Andhra Pradesh,Bhongir,Komatireddy Raj Gopal Reddy,INC,,,
2014,Andhra Pradesh,Bhongir,Dr. Boora Narsaiah Goud,TRS,Komatireddy Raj Gopal Reddy,INC,FALSE
2004,Andhra Pradesh,Bobbili,Kondapalli Pydithalli Naidu,TDP,,,
2009,Andhra Pradesh,Chevella,Jaipal Reddy,INC,,,
2014,Andhra Pradesh,Chevella,Konda Vishweshwar Reddy,TRS,Jaipal Reddy,INC,FALSE
2004,Andhra Pradesh,Chittoor,D. K. Adikesavulu Naidu,TDP,,,
2009,Andhra Pradesh,Chittoor,Naramalli Sivaprasad,TDP,D. K. Adikesavulu Naidu,TDP,FALSE
2014,Andhra Pradesh,Chittoor,Naramalli Sivaprasad,TDP,Naramalli Sivaprasad,TDP,TRUE
2019,Andhra Pradesh,Chittoor,N. Reddeppa,YSRCP,Naramalli Sivaprasad,TDP,FALSE
2024,Andhra Pradesh,Chittoor,Daggumalla Prasada Rao,TDP,N. Reddeppa,YSRCP,FALSE
2004,Andhra Pradesh,Cuddapah,Y. S. Vivekananda Reddy,INC,,,
2004,Andhra Pradesh,Eluru,Kavuri Samba Siva Rao,INC,,,
2009,Andhra Pradesh,Eluru,Kavuri Samba Siva Rao,INC,Kavuri Samba Siva Rao,INC,TRUE
2014,Andhra Pradesh,Eluru,Maganti Venkateswara Rao,TDP,Kavuri Samba Siva Rao,INC,FALSE
2019,Andhra Pradesh,Eluru,Kotagiri Sridhar,YSRCP,Maganti Venkateswara Rao,TDP,FALSE
2024,Andhra Pradesh,Eluru,Putta Mahesh Yadav,TDP,Kotagiri Sridhar,YSRCP,FALSE
2004,Andhra Pradesh,Guntur,Rayapati Sambasiva Rao,INC,,,
2009,Andhra Pradesh,Guntur,Rayapati Sambasiva Rao,INC,Rayapati Sambasiva Rao,INC,TRUE
2014,Andhra Pradesh,Guntur,Galla Jayadev,TDP,Rayapati Sambasiva Rao,INC,FALSE
2019,Andhra Pradesh,Guntur,Galla Jayadev,TDP,Galla Jayadev,TDP,TRUE
2024,Andhra Pradesh,Guntur,Chandra Sekhar Pemmasani,TDP,Galla Jayadev,TDP,FALSE
2004,Andhra Pradesh,Hanamkonda,Boianapalli Vinod Kumar,TRS,,,
2004,Andhra Pradesh,Hindupur,G. Nizamuddin,INC,,,
2009,Andhra Pradesh,Hindupur,Kristappa Nimmala,TDP,G. Nizamuddin,INC,FALSE
2014,Andhra Pradesh,Hindupur,Kristappa Nimmala,TDP,Kristappa Nimmala,TDP,TRUE
2019,Andhra Pradesh,Hindupur,Kuruva Gorantla Madhav,YSRCP,Kristappa Nimmala,TDP,FALSE
2024,Andhra Pradesh,Hindupur,B. K. Parthasarathi,TDP,Kuruva Gorantla Madhav,YSRCP,FALSE
2004,Andhra Pradesh,Hyderabad,Asaduddin Owaisi,AIMIM,,,
2009,Andhra Pradesh,Hyderabad,Asaduddin Owaisi,AIMIM,Asaduddin Owaisi,AIMIM,TRUE
2014,Andhra Pradesh,Hyderabad,Asaduddin Owaisi,AIMIM,Asaduddin Owaisi,AIMIM,TRUE
2009,Andhra Pradesh,Kadapa,Y. S. Jagan Mohan Reddy,INC,,,
2014,Andhra Pradesh,Kadapa,Y. S. Avinash Reddy,YSRCP,Y. S. Jagan Mohan Reddy,INC,FALSE
2019,Andhra Pradesh,Kadapa,Y. S. Avinash Reddy,YSRCP,Y. S. Avinash Reddy,YSRCP,TRUE
2024,Andhra Pradesh,Kadapa,Y. S. Avinash Reddy,YSRCP,Y. S. Avinash Reddy,YSRCP,TRUE
2004,Andhra Pradesh,Kakinada,Mallipudi Mangapati Pallam Raju,INC,,,
2009,Andhra Pradesh,Kakinada,Mallipudi Mangapati Pallam Raju,INC,Mallipudi Mangapati Pallam Raju,INC,TRUE
2014,Andhra Pradesh,Kakinada,Thota Narasimham,TDP,Mallipudi Mangapati Pallam Raju,INC,FALSE
2019,Andhra Pradesh,Kakinada,Vanga Geetha,YSRCP,Thota Narasimham,TDP,FALSE
2024,Andhra Pradesh,Kakinada,Tangella Uday Srinivas,JSP,Vanga Geetha,YSRCP,FALSE
2004,Andhra Pradesh,Karimnagar,K. Chandrashekar Rao,TRS,,,
2009,Andhra Pradesh,Karimnagar,Ponnam Prabhakar,INC,K. Chandrashekar Rao,TRS,FALSE
2014,Andhra Pradesh,Karimnagar,Vinod Kumar Boinapally,TRS,Ponnam Prabhakar,INC,FALSE
2004,Andhra Pradesh,Khammam,Renuka Chowdhury,INC,,,
2009,Andhra Pradesh,Khammam,Nama Nageswara Rao,TDP,Renuka Chowdhury,INC,FALSE
2014,Andhra Pradesh,Khammam,Ponguleti Srinivasa Reddy,YSRCP,Nama Nageswara Rao,TDP,FALSE
2004,Andhra Pradesh,Kurnool,Kotla Jayasurya Prakasha Reddy,INC,,,
2009,Andhra Pradesh,Kurnool,Kotla Jayasurya Prakasha Reddy,INC,Kotla Jayasurya Prakasha Reddy,INC,TRUE
2014,Andhra Pradesh,Kurnool,Butta Renuka,YSRCP,Kotla Jayasurya Prakasha Reddy,INC,FALSE
2019,Andhra Pradesh,Kurnool,Sanjeev Kumar,YSRCP,Butta Renuka,YSRCP,FALSE
2024,Andhra Pradesh,Kurnool,Bastipati Nagaraju Panchalingala,TDP,Sanjeev Kumar,YSRCP,FALSE
2004,Andhra Pradesh,Machilipatnam,Badiga Ramakrishna,INC,,,
2009,Andhra Pradesh,Machilipatnam,Konakalla Narayana Rao,TDP,Badiga Ramakrishna,INC,FALSE
2014,Andhra Pradesh,Machilipatnam,Konakalla Narayana Rao,TDP,Konakalla Narayana Rao,TDP,TRUE
2019,Andhra Pradesh,Machilipatnam,Vallabhaneni Balasouri,YSRCP,Konakalla Narayana Rao,TDP,FALSE
2024,Andhra Pradesh,Machilipatnam,Vallabhaneni Balashowry,JSP,Vallabhaneni Balasouri,YSRCP,FALSE
2009,Andhra Pradesh,Mahabubabad,Balram Naik,INC,,,
2014,Andhra Pradesh,Mahabubabad,Prof. Azmeera Seetaram Naik,TRS,Balram Naik,INC,FALSE
2004,Andhra Pradesh,Mahabubnagar,Devarakonda Vittal Rao,INC,,,
2014,Andhra Pradesh,Mahabubnagar,Ap Jithender Reddy,TRS,Devarakonda Vittal Rao,INC,FALSE
2009,Andhra Pradesh,Mahbubnagar,K. Chandrashekar Rao,TRS,,,
2009,Andhra Pradesh,Malkajgiri,Sarvey Sathyanarayana,INC,,,
2014,Andhra Pradesh,Malkajgiri,Ch.Malla Reddy,TDP,Sarvey Sathyanarayana,INC,FALSE
2004,Andhra Pradesh,Medak,A. Narendra,TRS,,,
2009,Andhra Pradesh,Medak,Vijayashanti,TRS,A. Narendra,TRS,FALSE
2014,Andhra Pradesh,Medak,K. Chandrashekar Rao,TRS,Vijayashanti,TRS,FALSE
2004,Andhra Pradesh,Miryalguda,Jaipal Reddy,INC,,,
2004,Andhra Pradesh,Nagarkurnool,Manda Jagannath,TDP,,,
2009,Andhra Pradesh,Nagarkurnool,Manda Jagannath,INC,Manda Jagannath,TDP,TRUE
2014,Andhra Pradesh,Nagarkurnool,Yellaiah Nandi,INC,Manda Jagannath,INC,FALSE
2004,Andhra Pradesh,Nalgonda,Suravaram Sudhakar Reddy,CPI,,,
2009,Andhra Pradesh,Nalgonda,Gutha Sukender Reddy,INC,Suravaram Sudhakar Reddy,CPI,FALSE
2014,Andhra Pradesh,Nalgonda,Gutha Sukhender Reddy,INC,Gutha Sukender Reddy,INC,FALSE
2004,Andhra Pradesh,Nandyal,S. P. Y. Reddy,INC,,,
2009,Andhra Pradesh,Nandyal,S. P. Y. Reddy,INC,S. P. Y. Reddy,INC,TRUE
2014,Andhra Pradesh,Nandyal,S. P. Y. Reddy,YSRCP,S. P. Y. Reddy,INC,TRUE
2019,Andhra Pradesh,Nandyal,Pocha Brahmananda Reddy,YSRCP,S. P. Y. Reddy,YSRCP,FALSE
2024,Andhra Pradesh,Nandyal,Byreddy Shabari,TDP,Pocha Brahmananda Reddy,YSRCP,FALSE
2004,Andhra Pradesh,Narasapur,Chegondi Venkata Harirama Jogaiah,INC,,,
2009,Andhra Pradesh,Narasapuram,Kanumuru Bapi Raju,INC,,,
2014,Andhra Pradesh,Narasapuram,Gokaraju Ganga Raju,BJP,Kanumuru Bapi Raju,INC,FALSE
2019,Andhra Pradesh,Narasapuram,Raghu Rama Krishna Raju,YSRCP,Gokaraju Ganga Raju,BJP,FALSE
2024,Andhra Pradesh,Narasapuram,Bhupathi Raju Srinivasa Varma,BJP,Raghu Rama Krishna Raju,YSRCP,FALSE
2004,Andhra Pradesh,Narasaraopet,Mekapati Rajamohan Reddy,INC,,,
2009,Andhra Pradesh,Narasaraopet,Modugula Venugopala Reddy,TDP,Mekapati Rajamohan Reddy,INC,FALSE
2014,Andhra Pradesh,Narasaraopet,Rayapati Sambasiva Rao,TDP,Modugula Venugopala Reddy,TDP,FALSE
2019,Andhra Pradesh,Narasaraopet,Lavu Sri Krishna Devarayalu,YSRCP,Rayapati Sambasiva Rao,TDP,FALSE
2024,Andhra Pradesh,Narasaraopet,Lavu Sri Krishna Devarayalu,TDP,Lavu Sri Krishna Devarayalu,YSRCP,TRUE
2004,Andhra Pradesh,Nellore,Panabaka Lakshmi,INC,,,
2009,Andhra Pradesh,Nellore,Mekapati Rajamohan Reddy,INC,Panabaka Lakshmi,INC,FALSE
2014,Andhra Pradesh,Nellore,Mekapati Rajamohan Reddy,YSRCP,Mekapati Rajamohan Reddy,INC,TRUE
2019,Andhra Pradesh,Nellore,Adala Prabhakara Reddy,YSRCP,Mekapati Rajamohan Reddy,YSRCP,FALSE
2024,Andhra Pradesh,Nellore,Vemireddy Prabhakar Reddy,TDP,Adala Prabhakara Reddy,YSRCP,FALSE
2004,Andhra Pradesh,Nizamabad,Madhu Goud Yaskhi,INC,,,
2009,Andhra Pradesh,Nizamabad,Madhu Goud Yaskhi,INC,Madhu Goud Yaskhi,INC,TRUE
2014,Andhra Pradesh,Nizamabad,Kalvakuntla Kavitha,TRS,Madhu Goud Yaskhi,INC,FALSE
2004,Andhra Pradesh,Ongole,Magunta Sreenivasulu Reddy,INC,,,
2009,Andhra Pradesh,Ongole,Magunta Sreenivasulu Reddy,INC,Magunta Sreenivasulu Reddy,INC,TRUE
2014,Andhra Pradesh,Ongole,Y. V. Subba Reddy,YSRCP,Magunta Sreenivasulu Reddy,INC,FALSE
2019,Andhra Pradesh,Ongole,Magunta Sreenivasulu Reddy,YSRCP,Y. V. Subba Reddy,YSRCP,FALSE
2024,Andhra Pradesh,Ongole,Magunta Sreenivasulu Reddy,TDP,Magunta Sreenivasulu Reddy,YSRCP,TRUE
2004,Andhra Pradesh,Parvathipuram,Kishore Chandra Deo,INC,,,
2014,Andhra Pradesh,Peddapalle,Balka Suman,TRS,,,
2004,Andhra Pradesh,Peddapalli,Gaddam Venkatswamy,INC,,,
2009,Andhra Pradesh,Peddapalli,Gaddam Vivek Venkatswamy,INC,Gaddam Venkatswamy,INC,FALSE
2004,Andhra Pradesh,Rajahmundry,Vundavalli Aruna Kumar,INC,,,
2009,Andhra Pradesh,Rajahmundry,Vundavalli Aruna Kumar,INC,Vundavalli Aruna Kumar,INC,TRUE
2014,Andhra Pradesh,Rajahmundry,Maganti Murali Mohan,TDP,Vundavalli Aruna Kumar,INC,FALSE
2019,Andhra Pradesh,Rajahmundry,Margani Bharat,YSRCP,Maganti Murali Mohan,TDP,FALSE
2024,Andhra Pradesh,Rajahmundry,Daggubati Purandeswari,BJP,Margani Bharat,YSRCP,FALSE
2004,Andhra Pradesh,Rajampet,Sai Prathap Annayyagari,INC,,,
2009,Andhra Pradesh,Rajampet,Annayyagari Sai Prathap,INC,Sai Prathap Annayyagari,INC,FALSE
2014,Andhra Pradesh,Rajampet,P. V. Midhun Reddy,YSRCP,Annayyagari Sai Prathap,INC,FALSE
2019,Andhra Pradesh,Rajampet,P. V. Midhun Reddy,YSRCP,P. V. Midhun Reddy,YSRCP,TRUE
2024,Andhra Pradesh,Rajampet,P. V. Midhun Reddy,YSRCP,P. V. Midhun Reddy,YSRCP,TRUE
2004,Andhra Pradesh,Secunderabad,Anjan Kumar Yadav,INC,,,
2009,Andhra Pradesh,Secunderabad,Anjan Kumar Yadav,INC,Anjan Kumar Yadav,INC,TRUE
2014,Andhra Pradesh,Secunderabad,Bandaru Dattatreya,BJP,Anjan Kumar Yadav,INC,FALSE
2004,Andhra Pradesh,Siddipet,Sarvey Satyanarayana,INC,,,
2004,Andhra Pradesh,Srikakulam,Kinjarapu Yerran Naidu,TDP,,,
2009,Andhra Pradesh,Srikakulam,Killi Krupa Rani,INC,Kinjarapu Yerran Naidu,TDP,FALSE
2014,Andhra Pradesh,Srikakulam,Ram Mohan Naidu Kinjarapu,TDP,Killi Krupa Rani,INC,FALSE
2019,Andhra Pradesh,Srikakulam,Ram Mohan Naidu Kinjarapu,TDP,Ram Mohan Naidu Kinjarapu,TDP,TRUE
2024,Andhra Pradesh,Srikakulam,Kinjarapu Ram Mohan Naidu,TDP,Ram Mohan Naidu Kinjarapu,TDP,FALSE
2004,Andhra Pradesh,Tenali,Vallabhaneni Balasouri,INC,,,
2004,Andhra Pradesh,Tirupathi,Chinta Mohan,INC,,,
2009,Andhra Pradesh,Tirupati,Chinta Mohan,INC,,,
2014,Andhra Pradesh,Tirupati,Varaprasad Rao Velagapalli,YSRCP,Chinta Mohan,INC,FALSE
2019,Andhra Pradesh,Tirupati,Balli Durga Prasad Rao,YSRCP,Varaprasad Rao Velagapalli,YSRCP,FALSE
2024,Andhra Pradesh,Tirupati,Maddila Gurumoorthy,YSRCP,Balli Durga Prasad Rao,YSRCP,FALSE
2004,Andhra Pradesh,Vijayawada,Lagadapati Rajagopal,INC,,,
2009,Andhra Pradesh,Vijayawada,Lagadapati Rajagopal,INC,Lagadapati Rajagopal,INC,TRUE
2014,Andhra Pradesh,Vijayawada,Kesineni Srinivas,TDP,Lagadapati Rajagopal,INC,FALSE
2019,Andhra Pradesh,Vijayawada,Kesineni Srinivas,TDP,Kesineni Srinivas,TDP,TRUE
2024,Andhra Pradesh,Vijayawada,Kesineni Sivanath,TDP,Kesineni Srinivas,TDP,FALSE
2004,Andhra Pradesh,Visakhapatnam,Nedurumalli Janardhana Reddy,INC,,,
2009,Andhra Pradesh,Visakhapatnam,Daggubati Purandeswari,INC,Nedurumalli Janardhana Reddy,INC,FALSE
2014,Andhra Pradesh,Visakhapatnam,Kambhampati Hari Babu,BJP,Daggubati Purandeswari,INC,FALSE
2019,Andhra Pradesh,Visakhapatnam,M. V. V. Satyanarayana,YSRCP,Kambhampati Hari Babu,BJP,FALSE
2024,Andhra Pradesh,Visakhapatnam,Mathukumilli Bharat,TDP,M. V. V. Satyanarayana,YSRCP,FALSE
2009,Andhra Pradesh,Vizianagaram,Jhansi Laxmi Botcha,INC,,,
2014,Andhra Pradesh,Vizianagaram,Pusapati Ashok Gajapathi Raju,TDP,Jhansi Laxmi Botcha,INC,FALSE
2019,Andhra Pradesh,Vizianagaram,Bellana Chandra Sekhar,YSRCP,Pusapati Ashok Gajapathi Raju,TDP,FALSE
2024,Andhra Pradesh,Vizianagaram,Appalanaidu Kalisetti,TDP,Bellana Chandra Sekhar,YSRCP,FALSE
2004,Andhra Pradesh,Warangal,Dharavath Ravinder Naik,TRS,,,
2009,Andhra Pradesh,Warangal,Siricilla Rajaiah,INC,Dharavath Ravinder Naik,TRS,FALSE
2014,Andhra Pradesh,Warangal,Kadiyam Srihari,TRS,Siricilla Rajaiah,INC,FALSE
2009,Andhra Pradesh,Zahirabad,Suresh Shetkar,INC,,,
2014,Andhra Pradesh,Zahirabad,B.B. Patil,TRS,Suresh Shetkar,INC,FALSE
2004,Arunachal Pradesh,Arunachal East,Tapir Gao,BJP,,,
2009,Arunachal Pradesh,Arunachal East,Ninong Ering,INC,Tapir Gao,BJP,FALSE
2014,Arunachal Pradesh,Arunachal East,Ninong Ering,INC,Ninong Ering,INC,TRUE
2019,Arunachal Pradesh,Arunachal East,Tapir Gao,BJP,Ninong Ering,INC,FALSE
2024,Arunachal Pradesh,Arunachal East,Tapir Gao,BJP,Tapir Gao,BJP,TRUE
2004,Arunachal Pradesh,Arunachal West,Kiren Rijiju,BJP,,,
2009,Arunachal Pradesh,Arunachal West,Takam Sanjoy,INC,Kiren Rijiju,BJP,FALSE
2014,Arunachal Pradesh,Arunachal West,Kiren Rijiju,BJP,Takam Sanjoy,INC,FALSE
2019,Arunachal Pradesh,Arunachal West,Kiren Rijiju,BJP,Kiren Rijiju,BJP,TRUE
2024,Arunachal Pradesh,Arunachal West,Kiren Rijiju,BJP,Kiren Rijiju,BJP,TRUE
2004,Assam,Autonomous District,Biren Sing Engti,INC,,,
2009,Assam,Autonomous District,Biren Sing Engti,INC,Biren Sing Engti,INC,TRUE
2014,Assam,Autonomous District,Biren Singh Engti,INC,Biren Sing Engti,INC,FALSE
2019,Assam,Autonomous District,Horen Sing Bey,BJP,Biren Singh Engti,INC,FALSE
2004,Assam,Barpeta,A. F. Golam Osmani,INC,,,
2009,Assam,Barpeta,Ismail Hussain,INC,A. F. Golam Osmani,INC,FALSE
2014,Assam,Barpeta,Sirajuddin Ajmal,AIUDF,Ismail Hussain,INC,FALSE
2019,Assam,Barpeta,Abdul Khaleque,INC,Sirajuddin Ajmal,AIUDF,FALSE
2024,Assam,Barpeta,Phani Bhusan Choudhury,AGP,Abdul Khaleque,INC,FALSE
2024,Assam,Darrang-Udalguri,Dilip Saikia,BJP,,,
2004,Assam,Dhubri,Anwar Hussain,INC,,,
2009,Assam,Dhubri,Badruddin Ajmal,AIUDF,Anwar Hussain,INC,FALSE
2014,Assam,Dhubri,Badruddin Ajmal,AIUDF,Badruddin Ajmal,AIUDF,TRUE
2019,Assam,Dhubri,Badruddin Ajmal,AIUDF,Badruddin Ajmal,AIUDF,TRUE
2024,Assam,Dhubri,Rakibul Hussain,INC,Badruddin Ajmal,AIUDF,FALSE
2004,Assam,Dibrugarh,Sarbananda Sonowal,AGP,,,
2009,Assam,Dibrugarh,Paban Singh Ghatowar,INC,Sarbananda Sonowal,AGP,FALSE
2014,Assam,Dibrugarh,Rameswar Teli,BJP,Paban Singh Ghatowar,INC,FALSE
2019,Assam,Dibrugarh,Rameswar Teli,BJP,Rameswar Teli,BJP,TRUE
2024,Assam,Dibrugarh,Sarbananda Sonowal,BJP,Rameswar Teli,BJP,FALSE
2024,Assam,Diphu,Amarsing Tisso,BJP,,,
2004,Assam,Guwahati,Kirip Chaliha,INC,,,
2009,Assam,Guwahati,Bijoya Chakravarty,BJP,Kirip Chaliha,INC,FALSE
2014,Assam,Guwahati,Bijoya Chakravarty,BJP,Bijoya Chakravarty,BJP,TRUE
2019,Assam,Guwahati,Queen Oja,BJP,Bijoya Chakravarty,BJP,FALSE
2024,Assam,Guwahati,Bijuli Kalita Medhi,BJP,Queen Oja,BJP,FALSE
2004,Assam,Jorhat,Bijoy Krishna Handique,INC,,,
2009,Assam,Jorhat,Bijoy Krishna Handique,INC,Bijoy Krishna Handique,INC,TRUE
2014,Assam,Jorhat,Kamakhya Prasad Tasa,BJP,Bijoy Krishna Handique,INC,FALSE
2019,Assam,Jorhat,Topon Kumar Gogoi,BJP,Kamakhya Prasad Tasa,BJP,FALSE
2024,Assam,Jorhat,Gaurav Gogoi,INC,Topon Kumar Gogoi,BJP,FALSE
2004,Assam,Kaliabor,Dip Gogoi,INC,,,
2009,Assam,Kaliabor,Dip Gogoi,INC,Dip Gogoi,INC,TRUE
2014,Assam,Kaliabor,Gourav Gogoi,INC,Dip Gogoi,INC,FALSE
2019,Assam,Kaliabor,Gourav Gogoi,INC,Gourav Gogoi,INC,TRUE
2004,Assam,Karimganj,Lalit Mohan Suklabaidya,INC,,,
2009,Assam,Karimganj,Lalit Mohan Suklabaidya,INC,Lalit Mohan Suklabaidya,INC,TRUE
2014,Assam,Karimganj,Radheshyam Biswas,AIUDF,Lalit Mohan Suklabaidya,INC,FALSE
2019,Assam,Karimganj,Kripanath Mallah,BJP,Radheshyam Biswas,AIUDF,FALSE
2024,Assam,Karimganj,Kripanath Mallah,BJP,Kripanath Mallah,BJP,TRUE
2024,Assam,Kaziranga,Kamakhya Prasad Tasa,BJP,,,
2004,Assam,Kokrajhar,Sansuma Khunggur Bwiswmuthiary,IND,,,
2009,Assam,Kokrajhar,Sansuma Khunggur Bwiswmuthiary,Bodoland People'S Front,Sansuma Khunggur Bwiswmuthiary,IND,TRUE
2014,Assam,Kokrajhar,Naba Kumar Sarania,IND,Sansuma Khunggur Bwiswmuthiary,Bodoland People'S Front,FALSE
2019,Assam,Kokrajhar,Naba Kumar Sarania,IND,Naba Kumar Sarania,IND,TRUE
2024,Assam,Kokrajhar,Joyanta Basumatary,UPPL,Naba Kumar Sarania,IND,FALSE
2004,Assam,Lakhimpur,Arun Kumar Sarmah,AGP,,,
2009,Assam,Lakhimpur,Ranee Narah,INC,Arun Kumar Sarmah,AGP,FALSE
2014,Assam,Lakhimpur,Sarbananda Sonowal,BJP,Ranee Narah,INC,FALSE
2019,Assam,Lakhimpur,Pradan Baruah,BJP,Sarbananda Sonowal,BJP,FALSE
2024,Assam,Lakhimpur,Pradan Baruah,BJP,Pradan Baruah,BJP,TRUE
2004,Assam,Mangaldoi,Narayan Chandra Borkataky,BJP,,,
2009,Assam,Mangaldoi,Ramen Deka,BJP,Narayan Chandra Borkataky,BJP,FALSE
2014,Assam,Mangaldoi,Ramen Deka,BJP,Ramen Deka,BJP,TRUE
2019,Assam,Mangaldoi,Dilip Saikia,BJP,Ramen Deka,BJP,FALSE
2004,Assam,Nagaon,Rajen Gohain,BJP,,,
2009,Assam,Nagaon,Rajen Gohain,BJP,Rajen Gohain,BJP,TRUE
2014,Assam,Nagaon,Rajen Gohain,BJP,Rajen Gohain,BJP,TRUE
2019,Assam,Nagaon,Pradyut Bordoloi,INC,Rajen Gohain,BJP,FALSE
2024,Assam,Nagaon,Pradyut Bordoloi,INC,Pradyut Bordoloi,INC,TRUE
2004,Assam,Silchar,Santosh Mohan Dev,INC,,,
2009,Assam,Silchar,Kabindra Purkayastha,BJP,Santosh Mohan Dev,INC,FALSE
2014,Assam,Silchar,Sushmita Dev,INC,Kabindra Purkayastha,BJP,FALSE
2019,Assam,Silchar,Rajdeep Roy,BJP,Sushmita Dev,INC,FALSE
2024,Assam,Silchar,Parimal Suklabaidya,BJP,Rajdeep Roy,BJP,FALSE
2024,Assam,Sonitpur,Ranjit Dutta,BJP,,,
2004,Assam,Tezpur,Moni Kumar Subba,INC,,,
2009,Assam,Tezpur,Joseph Toppo,AGP,Moni Kumar Subba,INC,FALSE
2014,Assam,Tezpur,Ram Prasad Sharma,BJP,Joseph Toppo,AGP,FALSE
2019,Assam,Tezpur,Pallab Lochan Das,BJP,Ram Prasad Sharma,BJP,FALSE
2004,Bihar,Araria,Sukdeo Paswan,BJP,,,
2009,Bihar,Araria,Pradeep Kumar Singh,BJP,Sukdeo Paswan,BJP,FALSE
2014,Bihar,Araria,Tasleem Uddin,RJD,Pradeep Kumar Singh,BJP,FALSE
2019,Bihar,Araria,Pradeep Kumar Singh,BJP,Tasleem Uddin,RJD,FALSE
2024,Bihar,Araria,Pradeep Kumar Singh,BJP,Pradeep Kumar Singh,BJP,TRUE
2004,Bihar,Arrah,Kanti Singh,RJD,,,
2009,Bihar,Arrah,Meena Singh,JD(U),Kanti Singh,RJD,FALSE
2014,Bihar,Arrah,R. K. Singh,BJP,Meena Singh,JD(U),FALSE
2019,Bihar,Arrah,R. K. Singh,BJP,R. K. Singh,BJP,TRUE
2024,Bihar,Arrah,Sudama Prasad,CPI(ML)L,R. K. Singh,BJP,FALSE
2004,Bihar,Aurangabad,Nikhil Kumar,INC,,,
2009,Bihar,Aurangabad,Sushil Kumar Singh,JD(U),Nikhil Kumar,INC,FALSE
2014,Bihar,Aurangabad,Sushil Kumar Singh,BJP,Sushil Kumar Singh,JD(U),TRUE
2019,Bihar,Aurangabad,Sushil Kumar Singh,BJP,Sushil Kumar Singh,BJP,TRUE
2024,Bihar,Aurangabad,Abhay Kumar Sinha,RJD,Sushil Kumar Singh,BJP,FALSE
2004,Bihar,Bagaha,Kailash Baitha,JD(U),,,
2004,Bihar,Balia,Surajbhan Singh,LJP,,,
2004,Bihar,Banka,Giridhari Yadav,RJD,,,
2009,Bihar,Banka,Digvijay Singh,IND,Giridhari Yadav,RJD,FALSE
2014,Bihar,Banka,Jay Prakash Narayan Yadav,RJD,Digvijay Singh,IND,FALSE
2019,Bihar,Banka,Giridhari Yadav,JD(U),Jay Prakash Narayan Yadav,RJD,FALSE
2024,Bihar,Banka,Giridhari Yadav,JD(U),Giridhari Yadav,JD(U),TRUE
2004,Bihar,Barh,Vijay Krishna,RJD,,,
2004,Bihar,Begusarai,Rajiv Ranjan Singh,JD(U),,,
2009,Bihar,Begusarai,Monazir Hassan,JD(U),Rajiv Ranjan Singh,JD(U),FALSE
2014,Bihar,Begusarai,Bhola Singh,BJP,Monazir Hassan,JD(U),FALSE
2019,Bihar,Begusarai,Giriraj Singh,BJP,Bhola Singh,BJP,FALSE
2024,Bihar,Begusarai,Giriraj Singh,BJP,Giriraj Singh,BJP,TRUE
2004,Bihar,Bettiah,Raghunath Jha,RJD,,,
2004,Bihar,Bhagalpur,Sushil Kumar Modi,BJP,,,
2009,Bihar,Bhagalpur,Syed Shahnawaz Hussain,BJP,Sushil Kumar Modi,BJP,FALSE
2014,Bihar,Bhagalpur,Shailesh Kumar Mandal,RJD,Syed Shahnawaz Hussain,BJP,FALSE
2019,Bihar,Bhagalpur,Ajay Kumar Mandal,JD(U),Shailesh Kumar Mandal,RJD,FALSE
2024,Bihar,Bhagalpur,Ajay Kumar Mandal,JD(U),Ajay Kumar Mandal,JD(U),TRUE
2004,Bihar,Bikramganj,Ajit Kumar Singh,JD(U),,,
2004,Bihar,Buxar,Lalmuni Chaubey,BJP,,,
2009,Bihar,Buxar,Jagada Nand Singh,RJD,Lalmuni Chaubey,BJP,FALSE
2014,Bihar,Buxar,Ashwini Kumar Choubey,BJP,Jagada Nand Singh,RJD,FALSE
2019,Bihar,Buxar,Ashwini Kumar Choubey,BJP,Ashwini Kumar Choubey,BJP,TRUE
2024,Bihar,Buxar,Sudhakar Singh,RJD,Ashwini Kumar Choubey,BJP,FALSE
2004,Bihar,Chapra,Lalu Prasad Yadav,RJD,,,
2004,Bihar,Darbhanga,Ali Ashraf Fatmi,RJD,,,
2009,Bihar,Darbhanga,Kirti Azad,BJP,Ali Ashraf Fatmi,RJD,FALSE
2014,Bihar,Darbhanga,Kirti Azad,BJP,Kirti Azad,BJP,TRUE
2019,Bihar,Darbhanga,Gopal Jee Thakur,BJP,Kirti Azad,BJP,FALSE
2024,Bihar,Darbhanga,Gopal Jee Thakur,BJP,Gopal Jee Thakur,BJP,TRUE
2004,Bihar,Gaya,Rajesh Kumar Manjhi,RJD,,,
2009,Bihar,Gaya,Hari Manjhi,BJP,Rajesh Kumar Manjhi,RJD,FALSE
2014,Bihar,Gaya,Hari Manjhi,BJP,Hari Manjhi,BJP,TRUE
2019,Bihar,Gaya,Vijay Kumar Manjhi,JD(U),Hari Manjhi,BJP,FALSE
2024,Bihar,Gaya,Jitan Ram Manjhi,HAM(S),Vijay Kumar Manjhi,JD(U),FALSE
2004,Bihar,Gopalganj,Anirudh Prasad Yadav,RJD,,,
2009,Bihar,Gopalganj,Purnmasi Ram,JD(U),Anirudh Prasad Yadav,RJD,FALSE
2014,Bihar,Gopalganj,Janak Ram,BJP,Purnmasi Ram,JD(U),FALSE
2019,Bihar,Gopalganj,Alok Kumar Suman,JD(U),Janak Ram,BJP,FALSE
2024,Bihar,Gopalganj,Alok Kumar Suman,JD(U),Alok Kumar Suman,JD(U),TRUE
2004,Bihar,Hajipur,Ram Vilas Paswan,LJP,,,
2009,Bihar,Hajipur,Ram Sundar Das,JD(U),Ram Vilas Paswan,LJP,FALSE
2014,Bihar,Hajipur,Ram Vilas Paswan,LJP,Ram Sundar Das,JD(U),FALSE
2019,Bihar,Hajipur,Pashupati Kumar Paras,LJP,Ram Vilas Paswan,LJP,FALSE
2024,Bihar,Hajipur,Chirag Paswan,Ljp(Rv),Pashupati Kumar Paras,LJP,FALSE
2004,Bihar,Jahanabad,Ganesh Prasad Singh,RJD,,,
2009,Bihar,Jahanabad,Jagdish Sharma,JD(U),Ganesh Prasad Singh,RJD,FALSE
2014,Bihar,Jahanabad,Arun Kumar,Rashtriya Lok Samta Party,Jagdish Sharma,JD(U),FALSE
2019,Bihar,Jahanabad,Chandeshwar Prasad,JD(U),Arun Kumar,Rashtriya Lok Samta Party,FALSE
2024,Bihar,Jahanabad,Surendra Prasad Yadav,RJD,Chandeshwar Prasad,JD(U),FALSE
2009,Bihar,Jamui,Bhudeo Choudhary,JD(U),,,
2014,Bihar,Jamui,Chirag Paswan,LJP,Bhudeo Choudhary,JD(U),FALSE
2019,Bihar,Jamui,Chirag Paswan,LJP,Chirag Paswan,LJP,TRUE
2024,Bihar,Jamui,Arun Bharti,Ljp(Rv),Chirag Paswan,LJP,FALSE
2004,Bihar,Jhanjharpur,Devendra Prasad Yadav,RJD,,,
2009,Bihar,Jhanjharpur,Mangani Lal Mandal,JD(U),Devendra Prasad Yadav,RJD,FALSE
2014,Bihar,Jhanjharpur,Birendra Kumar Chaudhary,BJP,Mangani Lal Mandal,JD(U),FALSE
2019,Bihar,Jhanjharpur,Ramprit Mandal,JD(U),Birendra Kumar Chaudhary,BJP,FALSE
2024,Bihar,Jhanjharpur,Ramprit Mandal,JD(U),Ramprit Mandal,JD(U),TRUE
2009,Bihar,Karakat,Mahabali Singh,JD(U),,,
2014,Bihar,Karakat,Upendra Kushwaha,Rashtriya Lok Samta Party,Mahabali Singh,JD(U),FALSE
2019,Bihar,Karakat,Mahabali Singh,JD(U),Upendra Kushwaha,Rashtriya Lok Samta Party,FALSE
2024,Bihar,Karakat,Raja Ram Singh Kushwaha,CPI(ML)L,Mahabali Singh,JD(U),FALSE
2004,Bihar,Katihar,Nikhil Kumar Choudhary,BJP,,,
2009,Bihar,Katihar,Nikhil Kumar Choudhary,BJP,Nikhil Kumar Choudhary,BJP,TRUE
2014,Bihar,Katihar,Tariq Anwar,NCP,Nikhil Kumar Choudhary,BJP,FALSE
2019,Bihar,Katihar,Dulal Chandra Goswami,JD(U),Tariq Anwar,NCP,FALSE
2024,Bihar,Katihar,Tariq Anwar,INC,Dulal Chandra Goswami,JD(U),FALSE
2004,Bihar,Khagaria,Rabindra Kumar Rana,RJD,,,
2009,Bihar,Khagaria,Dinesh Chandra Yadav,JD(U),Rabindra Kumar Rana,RJD,FALSE
2014,Bihar,Khagaria,Mehboob Ali Kaiser,LJP,Dinesh Chandra Yadav,JD(U),FALSE
2019,Bihar,Khagaria,Mehboob Ali Kaiser,LJP,Mehboob Ali Kaiser,LJP,TRUE
2024,Bihar,Khagaria,Rajesh Verma,Ljp(Rv),Mehboob Ali Kaiser,LJP,FALSE
2004,Bihar,Kishanganj,Mohammed Taslimuddin,RJD,,,
2009,Bihar,Kishanganj,Mohammad Asrarul Haque,INC,Mohammed Taslimuddin,RJD,FALSE
2014,Bihar,Kishanganj,Mohammad Asrarul Haque,INC,Mohammad Asrarul Haque,INC,TRUE
2019,Bihar,Kishanganj,Mohammad Jawed,INC,Mohammad Asrarul Haque,INC,FALSE
2024,Bihar,Kishanganj,Mohammad Jawed,INC,Mohammad Jawed,INC,TRUE
2004,Bihar,Madhepura,Lalu Prasad Yadav,RJD,,,
2009,Bihar,Madhepura,Sharad Yadav,JD(U),Lalu Prasad Yadav,RJD,FALSE
2014,Bihar,Madhepura,Rajesh Ranjan,RJD,Sharad Yadav,JD(U),FALSE
2019,Bihar,Madhepura,Dinesh Chandra Yadav,JD(U),Rajesh Ranjan,RJD,FALSE
2024,Bihar,Madhepura,Dinesh Chandra Yadav,JD(U),Dinesh Chandra Yadav,JD(U),TRUE
2004,Bihar,Madhubani,Shakeel Ahmad,INC,,,
2009,Bihar,Madhubani,Hukmdev Narayan Yadav,BJP,Shakeel Ahmad,INC,FALSE
2014,Bihar,Madhubani,Hukm Deo Narayan Yadav,BJP,Hukmdev Narayan Yadav,BJP,FALSE
2019,Bihar,Madhubani,Ashok Kumar Yadav,BJP,Hukm Deo Narayan Yadav,BJP,FALSE
2024,Bihar,Madhubani,Ashok Kumar Yadav,BJP,Ashok Kumar Yadav,BJP,TRUE
2004,Bihar,Maharajganj,Prabhunath Singh,JD(U),,,
2009,Bihar,Maharajganj,Umashanker Singh,RJD,Prabhunath Singh,JD(U),FALSE
2014,Bihar,Maharajganj,Janardan Singh Sigriwal,BJP,Umashanker Singh,RJD,FALSE
2019,Bihar,Maharajganj,Janardan Singh Sigriwal,BJP,Janardan Singh Sigriwal,BJP,TRUE
2024,Bihar,Maharajganj,Janardan Singh Sigriwal,BJP,Janardan Singh Sigriwal,BJP,TRUE
2004,Bihar,Monghyr,Jay Prakash Narayan Yadav,RJD,,,
2004,Bihar,Motihari,Akhilesh Prasad Singh,RJD,,,
2009,Bihar,Munger,Rajiv Ranjan Singh,JD(U),,,
2014,Bihar,Munger,Veena Devi,LJP,Rajiv Ranjan Singh,JD(U),FALSE
2019,Bihar,Munger,Rajiv Ranjan Singh,JD(U),Veena Devi,LJP,FALSE
2024,Bihar,Munger,Rajeev Ranjan Singh Alias Lalan Singh,JD(U),Rajiv Ranjan Singh,JD(U),FALSE
2004,Bihar,Muzaffarpur,George Fernandes,JD(U),,,
2009,Bihar,Muzaffarpur,Jai Narain Prasad Nishad,JD(U),George Fernandes,JD(U),FALSE
2014,Bihar,Muzaffarpur,Ajay Nishad,BJP,Jai Narain Prasad Nishad,JD(U),FALSE
2019,Bihar,Muzaffarpur,Ajay Nishad,BJP,Ajay Nishad,BJP,TRUE
2024,Bihar,Muzaffarpur,Raj Bhushan Choudhary,BJP,Ajay Nishad,BJP,FALSE
2004,Bihar,Nalanda,Nitish Kumar,JD(U),,,
2009,Bihar,Nalanda,Kaushalendra Kumar,JD(U),Nitish Kumar,JD(U),FALSE
2014,Bihar,Nalanda,Kaushalendra Kumar,JD(U),Kaushalendra Kumar,JD(U),TRUE
2019,Bihar,Nalanda,Kaushalendra Kumar,JD(U),Kaushalendra Kumar,JD(U),TRUE
2024,Bihar,Nalanda,Kaushalendra Kumar,JD(U),Kaushalendra Kumar,JD(U),TRUE
2004,Bihar,Nawada,Virchandra Paswan,RJD,,,
2009,Bihar,Nawada,Bhola Singh,BJP,Virchandra Paswan,RJD,FALSE
2014,Bihar,Nawada,Giriraj Singh,BJP,Bhola Singh,BJP,FALSE
2019,Bihar,Nawada,Chandan Singh,LJP,Giriraj Singh,BJP,FALSE
2024,Bihar,Nawada,Vivek Thakur,BJP,Chandan Singh,LJP,FALSE
2009,Bihar,Paschim Champaran,Sanjay Jaiswal,BJP,,,
2014,Bihar,Paschim Champaran,Sanjay Jaiswal,BJP,Sanjay Jaiswal,BJP,TRUE
2019,Bihar,Paschim Champaran,Sanjay Jaiswal,BJP,Sanjay Jaiswal,BJP,TRUE
2024,Bihar,Paschim Champaran,Sanjay Jaiswal,BJP,Sanjay Jaiswal,BJP,TRUE
2009,Bihar,Pataliputra,Ranjan Prasad Yadav,JD(U),,,
2014,Bihar,Pataliputra,Ram Kripal Yadav,BJP,Ranjan Prasad Yadav,JD(U),FALSE
2019,Bihar,Pataliputra,Ram Kripal Yadav,BJP,Ram Kripal Yadav,BJP,TRUE
2024,Bihar,Pataliputra,Misha Bharti,RJD,Ram Kripal Yadav,BJP,FALSE
2004,Bihar,Patna,Ram Kripal Yadav,RJD,,,
2009,Bihar,Patna Sahib,Shatrughan Sinha,BJP,,,
2014,Bihar,Patna Sahib,Shatrughan Sinha,BJP,Shatrughan Sinha,BJP,TRUE
2019,Bihar,Patna Sahib,Ravi Shankar Prasad,BJP,Shatrughan Sinha,BJP,FALSE
2024,Bihar,Patna Sahib,Ravi Shankar Prasad,BJP,Ravi Shankar Prasad,BJP,TRUE
2004,Bihar,Purnea,Uday Singh,BJP,,,
2009,Bihar,Purnia,Uday Singh,BJP,,,
2014,Bihar,Purnia,Santosh Kumar,JD(U),Uday Singh,BJP,FALSE
2019,Bihar,Purnia,Santosh Kumar,JD(U),Santosh Kumar,JD(U),TRUE
2024,Bihar,Purnia,Pappu Yadav,IND,Santosh Kumar,JD(U),FALSE
2009,Bihar,Purvi Champaran,Radha Mohan Singh,BJP,,,
2014,Bihar,Purvi Champaran,Radha Mohan Singh,BJP,Radha Mohan Singh,BJP,TRUE
2019,Bihar,Purvi Champaran,Radha Mohan Singh,BJP,Radha Mohan Singh,BJP,TRUE
2024,Bihar,Purvi Champaran,Radha Mohan Singh,BJP,Radha Mohan Singh,BJP,TRUE
2004,Bihar,Rosera,Ram Chandra Paswan,LJP,,,
2004,Bihar,Saharsa,Ranjeet Ranjan,LJP,,,
2004,Bihar,Samastipur,Alok Kumar Mehta,RJD,,,
2009,Bihar,Samastipur,Maheshwar Hazari,JD(U),Alok Kumar Mehta,RJD,FALSE
2014,Bihar,Samastipur,Ram Chandra Paswan,LJP,Maheshwar Hazari,JD(U),FALSE
2019,Bihar,Samastipur,Ram Chandra Paswan,LJP,Ram Chandra Paswan,LJP,TRUE
2024,Bihar,Samastipur,Shambhavi,Ljp(Rv),Ram Chandra Paswan,LJP,FALSE
2009,Bihar,Saran,Lalu Prasad Yadav,RJD,,,
2014,Bihar,Saran,Rajiv Pratap Rudy,BJP,Lalu Prasad Yadav,RJD,FALSE
2019,Bihar,Saran,Rajiv Pratap Rudy,BJP,Rajiv Pratap Rudy,BJP,TRUE
2024,Bihar,Saran,Rajiv Pratap Rudy,BJP,Rajiv Pratap Rudy,BJP,TRUE
2004,Bihar,Sasaram,Meira Kumar,INC,,,
2009,Bihar,Sasaram,Meira Kumar,INC,Meira Kumar,INC,TRUE
2014,Bihar,Sasaram,Chhedi Paswan,BJP,Meira Kumar,INC,FALSE
2019,Bihar,Sasaram,Chhedi Paswan,BJP,Chhedi Paswan,BJP,TRUE
2024,Bihar,Sasaram,Manoj Kumar,INC,Chhedi Paswan,BJP,FALSE
2004,Bihar,Sheohar,Sitaram Singh,RJD,,,
2009,Bihar,Sheohar,Rama Devi,BJP,Sitaram Singh,RJD,FALSE
2014,Bihar,Sheohar,Rama Devi,BJP,Rama Devi,BJP,TRUE
2019,Bihar,Sheohar,Rama Devi,BJP,Rama Devi,BJP,TRUE
2024,Bihar,Sheohar,Lovely Anand,JD(U),Rama Devi,BJP,FALSE
2004,Bihar,Sitamarhi,Sitaram Yadav,RJD,,,
2009,Bihar,Sitamarhi,Arjun Rai,JD(U),Sitaram Yadav,RJD,FALSE
2014,Bihar,Sitamarhi,Ram Kumar Sharma,Rashtriya Lok Samta Party,Arjun Rai,JD(U),FALSE
2019,Bihar,Sitamarhi,Sunil Kumar Pintu,JD(U),Ram Kumar Sharma,Rashtriya Lok Samta Party,FALSE
2024,Bihar,Sitamarhi,Devesh Chandra Thakur,JD(U),Sunil Kumar Pintu,JD(U),FALSE
2004,Bihar,Siwan,Mohammad Shahabuddin,RJD,,,
2009,Bihar,Siwan,Om Prakash Yadav,IND,Mohammad Shahabuddin,RJD,FALSE
2014,Bihar,Siwan,Om Prakash Yadav,BJP,Om Prakash Yadav,IND,TRUE
2019,Bihar,Siwan,Kavita Singh,JD(U),Om Prakash Yadav,BJP,FALSE
2024,Bihar,Siwan,Vijay Lakshmi Devi,JD(U),Kavita Singh,JD(U),FALSE
2009,Bihar,Supaul,Vishwa Mohan Kumar,JD(U),,,
2014,Bihar,Supaul,Ranjeet Ranjan,INC,Vishwa Mohan Kumar,JD(U),FALSE
2019,Bihar,Supaul,Dileshwar Kamait,JD(U),Ranjeet Ranjan,INC,FALSE
2024,Bihar,Supaul,Dileshwar Kamait,JD(U),Dileshwar Kamait,JD(U),TRUE
2009,Bihar,Ujiarpur,Ashwamedh Devi,JD(U),,,
2014,Bihar,Ujiarpur,Nityanand Rai,BJP,Ashwamedh Devi,JD(U),FALSE
2019,Bihar,Ujiarpur,Nityanand Rai,BJP,Nityanand Rai,BJP,TRUE
2024,Bihar,Ujiarpur,Nityanand Rai,BJP,Nityanand Rai,BJP,TRUE
2004,Bihar,Vaishali,Raghuvansh Prasad Singh,RJD,,,
2009,Bihar,Vaishali,Raghuvansh Prasad Singh,RJD,Raghuvansh Prasad Singh,RJD,TRUE
2014,Bihar,Vaishali,Rama Kishore Singh,LJP,Raghuvansh Prasad Singh,RJD,FALSE
2019,Bihar,Vaishali,Veena Devi,LJP,Rama Kishore Singh,LJP,FALSE
2024,Bihar,Vaishali,Veena Devi,Ljp(Rv),Veena Devi,LJP,TRUE
2009,Bihar,Valmiki Nagar,Baidyanath Prasad Mahto,JD(U),,,
2014,Bihar,Valmiki Nagar,Satish Chandra Dubey,BJP,Baidyanath Prasad Mahto,JD(U),FALSE
2019,Bihar,Valmiki Nagar,Baidyanath Prasad Mahto,JD(U),Satish Chandra Dubey,BJP,FALSE
2024,Bihar,Valmiki Nagar,Sunil Kumar,JD(U),Baidyanath Prasad Mahto,JD(U),FALSE
2004,Chandigarh,Chandigarh,Pawan Kumar Bansal,INC,,,
2009,Chandigarh,Chandigarh,Pawan Kumar Bansal,INC,Pawan Kumar Bansal,INC,TRUE
2014,Chandigarh,Chandigarh,Kirron Kher,BJP,Pawan Kumar Bansal,INC,FALSE
2019,Chandigarh,Chandigarh,Kirron Kher,BJP,Kirron Kher,BJP,TRUE
2024,Chandigarh,Chandigarh,Manish Tewari,INC,Kirron Kher,BJP,FALSE
2004,Chhattisgarh,Bastar,Baliram Kashyap,BJP,,,
2009,Chhattisgarh,Bastar,Baliram Kashyap,BJP,Baliram Kashyap,BJP,TRUE
2014,Chhattisgarh,Bastar,Dinesh Kashyap,BJP,Baliram Kashyap,BJP,FALSE
2019,Chhattisgarh,Bastar,Deepak Baij,INC,Dinesh Kashyap,BJP,FALSE
2024,Chhattisgarh,Bastar,Mahesh Kashyap,BJP,Deepak Baij,INC,FALSE
2004,Chhattisgarh,Bilaspur,Punnulal Mohle,BJP,,,
2009,Chhattisgarh,Bilaspur,Dilip Singh Judeo,BJP,Punnulal Mohle,BJP,FALSE
2014,Chhattisgarh,Bilaspur,Lakhan Lal Sahu,BJP,Dilip Singh Judeo,BJP,FALSE
2019,Chhattisgarh,Bilaspur,Arun Sao,BJP,Lakhan Lal Sahu,BJP,FALSE
2024,Chhattisgarh,Bilaspur,Tokhan Sahu,BJP,Arun Sao,BJP,FALSE
2004,Chhattisgarh,Durg,Tarachand Sahu,BJP,,,
2009,Chhattisgarh,Durg,Saroj Pandey,BJP,Tarachand Sahu,BJP,FALSE
2014,Chhattisgarh,Durg,Tamradhwaj Sahu,INC,Saroj Pandey,BJP,FALSE
2019,Chhattisgarh,Durg,Vijay Baghel,BJP,Tamradhwaj Sahu,INC,FALSE
2024,Chhattisgarh,Durg,Vijay Baghel,BJP,Vijay Baghel,BJP,TRUE
2004,Chhattisgarh,Janjgir,Karuna Shukla,BJP,,,
2009,Chhattisgarh,Janjgir-Champa,Kamla Devi Patle,BJP,,,
2014,Chhattisgarh,Janjgir-Champa,Kamla Patle,BJP,Kamla Devi Patle,BJP,FALSE
2019,Chhattisgarh,Janjgir-Champa,Guharam Ajgalley,BJP,Kamla Patle,BJP,FALSE
2024,Chhattisgarh,Janjgir-Champa,Kamlesh Jangre,BJP,Guharam Ajgalley,BJP,FALSE
2004,Chhattisgarh,Kanker,Sohan Potai,BJP,,,
2009,Chhattisgarh,Kanker,Sohan Potai,BJP,Sohan Potai,BJP,TRUE
2014,Chhattisgarh,Kanker,Vikram Usendi,BJP,Sohan Potai,BJP,FALSE
2019,Chhattisgarh,Kanker,Mohan Mandavi,BJP,Vikram Usendi,BJP,FALSE
2024,Chhattisgarh,Kanker,Bhojraj Nag,BJP,Mohan Mandavi,BJP,FALSE
2009,Chhattisgarh,Korba,Charan Das Mahant,INC,,,
2014,Chhattisgarh,Korba,Banshilal Mahto,BJP,Charan Das Mahant,INC,FALSE
2019,Chhattisgarh,Korba,Jyotsna Mahant,INC,Banshilal Mahto,BJP,FALSE
2024,Chhattisgarh,Korba,Jyotsna Mahant,INC,Jyotsna Mahant,INC,TRUE
2004,Chhattisgarh,Mahasamund,Ajit Jogi,INC,,,
2009,Chhattisgarh,Mahasamund,Chandu Lal Sahu,BJP,Ajit Jogi,INC,FALSE
2014,Chhattisgarh,Mahasamund,Chandu Lal Sahu,BJP,Chandu Lal Sahu,BJP,TRUE
2019,Chhattisgarh,Mahasamund,Chunni Lal Sahu,BJP,Chandu Lal Sahu,BJP,FALSE
2024,Chhattisgarh,Mahasamund,Roop Kumari Choudhary,BJP,Chunni Lal Sahu,BJP,FALSE
2004,Chhattisgarh,Raigarh,Vishnu Deo Sai,BJP,,,
2009,Chhattisgarh,Raigarh,Vishnu Deo Sai,BJP,Vishnu Deo Sai,BJP,TRUE
2014,Chhattisgarh,Raigarh,Vishnu Deo Sai,BJP,Vishnu Deo Sai,BJP,TRUE
2019,Chhattisgarh,Raigarh,Gomati Sai,BJP,Vishnu Deo Sai,BJP,FALSE
2024,Chhattisgarh,Raigarh,Radheshyam Rathiya,BJP,Gomati Sai,BJP,FALSE
2004,Chhattisgarh,Raipur,Ramesh Bais,BJP,,,
2009,Chhattisgarh,Raipur,Ramesh Bais,BJP,Ramesh Bais,BJP,TRUE
2014,Chhattisgarh,Raipur,Ramesh Bais,BJP,Ramesh Bais,BJP,TRUE
2019,Chhattisgarh,Raipur,Sunil Kumar Soni,BJP,Ramesh Bais,BJP,FALSE
2024,Chhattisgarh,Raipur,Brijmohan Agrawal,BJP,Sunil Kumar Soni,BJP,FALSE
2004,Chhattisgarh,Rajnandgaon,Pradeep Gandhi,BJP,,,
2009,Chhattisgarh,Rajnandgaon,Madhusudan Yadav,BJP,Pradeep Gandhi,BJP,FALSE
2014,Chhattisgarh,Rajnandgaon,Abhishek Singh,BJP,Madhusudan Yadav,BJP,FALSE
2019,Chhattisgarh,Rajnandgaon,Santosh Pandey,BJP,Abhishek Singh,BJP,FALSE
2024,Chhattisgarh,Rajnandgaon,Santosh Pandey,BJP,Santosh Pandey,BJP,TRUE
2004,Chhattisgarh,Sarangarh,Guharam Ajgalle,BJP,,,
2009,Chhattisgarh,Sarguja,Murarilal Singh,BJP,,,
2014,Chhattisgarh,Sarguja,Kamalbhan Singh Marabi,BJP,Murarilal Singh,BJP,FALSE
2019,Chhattisgarh,Sarguja,Renuka Singh,BJP,Kamalbhan Singh Marabi,BJP,FALSE
2024,Chhattisgarh,Sarguja,Chintamani Maharaj,BJP,Renuka Singh,BJP,FALSE
2004,Chhattisgarh,Surguja,Nand Kumar Sai,BJP,,,
2004,Dadra and Nagar Haveli,Dadra And Nagar Haveli,Mohanbhai Sanjibhai Delkar,Bharatiya Navshakti Party,,,
2009,Dadra and Nagar Haveli,Dadra And Nagar Haveli,Natubhai Gomanbhai Patel,BJP,Mohanbhai Sanjibhai Delkar,Bharatiya Navshakti Party,FALSE
2014,Dadra and Nagar Haveli,Dadra And Nagar Haveli,Natubhai Gomanbhai Patel,BJP,Natubhai Gomanbhai Patel,BJP,TRUE
2019,Dadra and Nagar Haveli,Dadra And Nagar Haveli,Mohanbhai Delkar,IND,Natubhai Gomanbhai Patel,BJP,FALSE
2024,Dadra and Nagar Haveli and Daman and Diu,Dadra And Nagar Haveli,Delkar Kalaben Mohanbhai,BJP,,,
2024,Dadra and Nagar Haveli and Daman and Diu,Daman And Diu,Patel Umeshbhai Babubhai,IND,,,
2004,Daman and Diu,Daman And Diu,Patel Dahyabhai Vallabhbhai,INC,,,
2009,Daman and Diu,Daman And Diu,Lalubhai Patel,BJP,Patel Dahyabhai Vallabhbhai,INC,FALSE
2014,Daman and Diu,Daman And Diu,Lalubhai Patel,BJP,Lalubhai Patel,BJP,TRUE
2019,Daman and Diu,Daman And Diu,Lalubhai Patel,BJP,Lalubhai Patel,BJP,TRUE
2004,Delhi,Chandni Chowk,Kapil Sibal,INC,,,
2009,Delhi,Chandni Chowk,Kapil Sibal,INC,Kapil Sibal,INC,TRUE
2014,Delhi,Chandni Chowk,Harsh Vardhan,BJP,Kapil Sibal,INC,FALSE
2019,Delhi,Chandni Chowk,Harsh Vardhan,BJP,Harsh Vardhan,BJP,TRUE
2024,Delhi,Chandni Chowk,Praveen Khandelwal,BJP,Harsh Vardhan,BJP,FALSE
2004,Delhi,Delhi Sadar,Jagdish Tytler,INC,,,
2004,Delhi,East Delhi,Sandeep Dikshit,INC,,,
2009,Delhi,East Delhi,Sandeep Dikshit,INC,Sandeep Dikshit,INC,TRUE
2014,Delhi,East Delhi,Maheish Girri,BJP,Sandeep Dikshit,INC,FALSE
2019,Delhi,East Delhi,Gautam Gambhir,BJP,Maheish Girri,BJP,FALSE
2024,Delhi,East Delhi,Harsh Malhotra,BJP,Gautam Gambhir,BJP,FALSE
2004,Delhi,Karol Bagh,Krishna Tirath,INC,,,
2004,Delhi,New Delhi,Ajay Maken,INC,,,
2009,Delhi,New Delhi,Ajay Maken,INC,Ajay Maken,INC,TRUE
2014,Delhi,New Delhi,Meenakshi Lekhi,BJP,Ajay Maken,INC,FALSE
2019,Delhi,New Delhi,Meenakshi Lekhi,BJP,Meenakshi Lekhi,BJP,TRUE
2024,Delhi,New Delhi,Bansuri Swaraj,BJP,Meenakshi Lekhi,BJP,FALSE
2009,Delhi,North East Delhi,Jai Parkash Aggarwal,INC,,,
2014,Delhi,North East Delhi,Manoj Tiwari,BJP,Jai Parkash Aggarwal,INC,FALSE
2019,Delhi,North East Delhi,Manoj Tiwari,BJP,Manoj Tiwari,BJP,TRUE
2024,Delhi,North East Delhi,Manoj Tiwari,BJP,Manoj Tiwari,BJP,TRUE
2009,Delhi,North West Delhi,Krishna Tirath,INC,,,
2014,Delhi,North West Delhi,Udit Raj,BJP,Krishna Tirath,INC,FALSE
2019,Delhi,North West Delhi,Hans Raj Hans,BJP,Udit Raj,BJP,FALSE
2024,Delhi,North West Delhi,Yogender Chandoliya,BJP,Hans Raj Hans,BJP,FALSE
2004,Delhi,Outer Delhi,Sajjan Kumar,INC,,,
2004,Delhi,South Delhi,Vijay Kumar Malhotra,BJP,,,
2009,Delhi,South Delhi,Ramesh Kumar,INC,Vijay Kumar Malhotra,BJP,FALSE
2014,Delhi,South Delhi,Ramesh Bidhuri,BJP,Ramesh Kumar,INC,FALSE
2019,Delhi,South Delhi,Ramesh Bidhuri,BJP,Ramesh Bidhuri,BJP,TRUE
2024,Delhi,South Delhi,Ramvir Singh Bidhuri,BJP,Ramesh Bidhuri,BJP,FALSE
2009,Delhi,West Delhi,Mahabal Mishra,INC,,,
2014,Delhi,West Delhi,Parvesh Verma,BJP,Mahabal Mishra,INC,FALSE
2019,Delhi,West Delhi,Parvesh Verma,BJP,Parvesh Verma,BJP,TRUE
2024,Delhi,West Delhi,Kamaljeet Sehrawat,BJP,Parvesh Verma,BJP,FALSE
2004,Goa,Mormugao,Churchill Alemao,INC,,,
2009,Goa,North Goa,Shripad Yesso Naik,BJP,,,
2014,Goa,North Goa,Shripad Yesso Naik,BJP,Shripad Yesso Naik,BJP,TRUE
2019,Goa,North Goa,Shripad Yesso Naik,BJP,Shripad Yesso Naik,BJP,TRUE
2024,Goa,North Goa,Shripad Yesso Naik,BJP,Shripad Yesso Naik,BJP,TRUE
2004,Goa,Panaji,Shripad Yesso Naik,BJP,,,
2009,Goa,South Goa,Francisco Sardinha,INC,,,
2014,Goa,South Goa,Narendra Keshav Sawaikar,BJP,Francisco Sardinha,INC,FALSE
2019,Goa,South Goa,Francisco Sardinha,INC,Narendra Keshav Sawaikar,BJP,FALSE
2024,Goa,South Goa,Captain Viriato Fernandes,INC,Francisco Sardinha,INC,FALSE
2004,Gujarat,Ahmedabad,Harin Pathak,BJP,,,
2009,Gujarat,Ahmedabad East,Harin Pathak,BJP,,,
2014,Gujarat,Ahmedabad East,Paresh Rawal,BJP,Harin Pathak,BJP,FALSE
2019,Gujarat,Ahmedabad East,Hasmukhbhai Patel,BJP,Paresh Rawal,BJP,FALSE
2024,Gujarat,Ahmedabad East,Hasmukh Patel,BJP,Hasmukhbhai Patel,BJP,FALSE
2009,Gujarat,Ahmedabad West,Kirit Solanki,BJP,,,
2014,Gujarat,Ahmedabad West,Kirit Solanki,BJP,Kirit Solanki,BJP,TRUE
2019,Gujarat,Ahmedabad West,Kirit Solanki,BJP,Kirit Solanki,BJP,TRUE
2024,Gujarat,Ahmedabad West,Dineshbhai Kodarbhai Makwana,BJP,Kirit Solanki,BJP,FALSE
2004,Gujarat,Amreli,Virjibhai Thummar,INC,,,
2009,Gujarat,Amreli,Naranbhai Kachhadia,BJP,Virjibhai Thummar,INC,FALSE
2014,Gujarat,Amreli,Naranbhai Kachhadia,BJP,Naranbhai Kachhadia,BJP,TRUE
2019,Gujarat,Amreli,Naranbhai Kachhadiya,BJP,Naranbhai Kachhadia,BJP,FALSE
2024,Gujarat,Amreli,Bharatbhai Manubhai Sutariya,BJP,Naranbhai Kachhadiya,BJP,FALSE
2004,Gujarat,Anand,Bharatsinh Solanki,INC,,,
2009,Gujarat,Anand,Bharatsinh Solanki,INC,Bharatsinh Solanki,INC,TRUE
2014,Gujarat,Anand,Dilip Patel,BJP,Bharatsinh Solanki,INC,FALSE
2019,Gujarat,Anand,Mitesh Patel,BJP,Dilip Patel,BJP,FALSE
2024,Gujarat,Anand,Mitesh Rameshbhai Patel,BJP,Mitesh Patel,BJP,FALSE
2004,Gujarat,Banaskantha,Harisinh Chavda,INC,,,
2009,Gujarat,Banaskantha,Mukesh Gadhvi,INC,Harisinh Chavda,INC,FALSE
2014,Gujarat,Banaskantha,Haribhai Parthibhai Chaudhary,BJP,Mukesh Gadhvi,INC,FALSE
2019,Gujarat,Banaskantha,Parbatbhai Patel,BJP,Haribhai Parthibhai Chaudhary,BJP,FALSE
2024,Gujarat,Banaskantha,Geniben Thakor,INC,Parbatbhai Patel,BJP,FALSE
2009,Gujarat,Bardoli,Tushar Amarsinh Chaudhary,INC,,,
2014,Gujarat,Bardoli,Parbhubhai Vasava,BJP,Tushar Amarsinh Chaudhary,INC,FALSE
2019,Gujarat,Bardoli,Parbhubhai Vasava,BJP,Parbhubhai Vasava,BJP,TRUE
2024,Gujarat,Bardoli,Parbhubhai Vasava,BJP,Parbhubhai Vasava,BJP,TRUE
2004,Gujarat,Baroda,Jayaben Thakkar,BJP,,,
2009,Gujarat,Bharuch,Mansukhbhai Vasava,BJP,,,
2014,Gujarat,Bharuch,Mansukhbhai Vasava,BJP,Mansukhbhai Vasava,BJP,TRUE
2019,Gujarat,Bharuch,Mansukhbhai Vasava,BJP,Mansukhbhai Vasava,BJP,TRUE
2024,Gujarat,Bharuch,Mansukhbhai Vasava,BJP,Mansukhbhai Vasava,BJP,TRUE
2004,Gujarat,Bhavnagar,Rajendrasinh Rana,BJP,,,
2009,Gujarat,Bhavnagar,Rajendrasinh Rana,BJP,Rajendrasinh Rana,BJP,TRUE
2014,Gujarat,Bhavnagar,Bharti Shiyal,BJP,Rajendrasinh Rana,BJP,FALSE
2019,Gujarat,Bhavnagar,Bharti Shiyal,BJP,Bharti Shiyal,BJP,TRUE
2024,Gujarat,Bhavnagar,Nimuben Jayantibhai Bambhania,BJP,Bharti Shiyal,BJP,FALSE
2004,Gujarat,Broach,Mansukhbhai Vasava,BJP,,,
2004,Gujarat,Bulsar,Kishanbhai Vestabhai Patel,INC,,,
2004,Gujarat,Chhota Udaipur,Naranbhai Rathwa,INC,,,
2009,Gujarat,Chhota Udaipur,Ramsinh Rathwa,BJP,Naranbhai Rathwa,INC,FALSE
2014,Gujarat,Chhota Udaipur,Ramsinh Rathwa,BJP,Ramsinh Rathwa,BJP,TRUE
2019,Gujarat,Chhota Udaipur,Gitaben Rathva,BJP,Ramsinh Rathwa,BJP,FALSE
2024,Gujarat,Chhota Udaipur,Jashubhai Bhilubhai Rathva,BJP,Gitaben Rathva,BJP,FALSE
2009,Gujarat,Dahod,Prabha Kishor Taviad,INC,,,
2014,Gujarat,Dahod,Jasvantsinh Bhabhor,BJP,Prabha Kishor Taviad,INC,FALSE
2019,Gujarat,Dahod,Jasvantsinh Bhabhor,BJP,Jasvantsinh Bhabhor,BJP,TRUE
2024,Gujarat,Dahod,Jasvantsinh Sumanbhai Bhabhor,BJP,Jasvantsinh Bhabhor,BJP,FALSE
2004,Gujarat,Dhandhuka,Ratilal Varma,BJP,,,
2004,Gujarat,Dohad,Babubhai Khimabhai Katara,BJP,,,
2004,Gujarat,Gandhinagar,L. K. Advani,BJP,,,
2009,Gujarat,Gandhinagar,L. K. Advani,BJP,L. K. Advani,BJP,TRUE
2014,Gujarat,Gandhinagar,L. K. Advani,BJP,L. K. Advani,BJP,TRUE
2019,Gujarat,Gandhinagar,Amit Shah,BJP,L. K. Advani,BJP,FALSE
2024,Gujarat,Gandhinagar,Amit Shah,BJP,Amit Shah,BJP,TRUE
2004,Gujarat,Godhra,Bhupendrasinh Solanki,BJP,,,
2004,Gujarat,Jamnagar,Vikrambhai Madam,INC,,,
2009,Gujarat,Jamnagar,Vikrambhai Arjanbhai Madam,INC,Vikrambhai Madam,INC,FALSE
2014,Gujarat,Jamnagar,Poonamben Maadam,BJP,Vikrambhai Arjanbhai Madam,INC,FALSE
2019,Gujarat,Jamnagar,Poonamben Maadam,BJP,Poonamben Maadam,BJP,TRUE
2024,Gujarat,Jamnagar,Poonamben Maadam,BJP,Poonamben Maadam,BJP,TRUE
2004,Gujarat,Junagadh,Jashubhai Barad,INC,,,
2009,Gujarat,Junagadh,Dinubhai Solanki,BJP,Jashubhai Barad,INC,FALSE
2014,Gujarat,Junagadh,Rajesh Chudasama,BJP,Dinubhai Solanki,BJP,FALSE
2019,Gujarat,Junagadh,Rajesh Chudasama,BJP,Rajesh Chudasama,BJP,TRUE
2024,Gujarat,Junagadh,Rajesh Chudasama,BJP,Rajesh Chudasama,BJP,TRUE
2009,Gujarat,Kachchh,Poonamben Jat,BJP,,,
2014,Gujarat,Kachchh,Vinodbhai Chavda,BJP,Poonamben Jat,BJP,FALSE
2019,Gujarat,Kachchh,Vinodbhai Chavda,BJP,Vinodbhai Chavda,BJP,TRUE
2024,Gujarat,Kachchh,Vinodbhai Chavda,BJP,Vinodbhai Chavda,BJP,TRUE
2004,Gujarat,Kaira,Dinsha Patel,INC,,,
2004,Gujarat,Kapadvanj,Shankersinh Vaghela,INC,,,
2009,Gujarat,Kheda,Dinsha Patel,INC,,,
2014,Gujarat,Kheda,Devusinh Chauhan,BJP,Dinsha Patel,INC,FALSE
2019,Gujarat,Kheda,Devusinh Chauhan,BJP,Devusinh Chauhan,BJP,TRUE
2024,Gujarat,Kheda,Devusinh Jesingbhai Chauhan,BJP,Devusinh Chauhan,BJP,FALSE
2004,Gujarat,Kutch,Pushpdan Gadhavi,BJP,,,
2009,Gujarat,Mahesana,Jayshreeben Patel,BJP,,,
2014,Gujarat,Mahesana,Jayshreeben Patel,BJP,Jayshreeben Patel,BJP,TRUE
2019,Gujarat,Mahesana,Shardaben Patel,BJP,Jayshreeben Patel,BJP,FALSE
2024,Gujarat,Mahesana,Haribhai Patel,BJP,Shardaben Patel,BJP,FALSE
2004,Gujarat,Mandvi,Tushar Amarsinh Chaudhary,INC,,,
2004,Gujarat,Mehsana,Jivabhai Ambalal Patel,INC,,,
2009,Gujarat,Navsari,C. R. Patil,BJP,,,
2014,Gujarat,Navsari,C. R. Patil,BJP,C. R. Patil,BJP,TRUE
2019,Gujarat,Navsari,C. R. Patil,BJP,C. R. Patil,BJP,TRUE
2024,Gujarat,Navsari,C. R. Patil,BJP,C. R. Patil,BJP,TRUE
2009,Gujarat,Panchmahal,Prabhatsinh Pratapsinh Chauhan,BJP,,,
2014,Gujarat,Panchmahal,Prabhatsinh Chauhan,BJP,Prabhatsinh Pratapsinh Chauhan,BJP,FALSE
2019,Gujarat,Panchmahal,Ratansinh Rathod,BJP,Prabhatsinh Chauhan,BJP,FALSE
2024,Gujarat,Panchmahal,Rajpalsinh Mahendrasinh Jadhav,BJP,Ratansinh Rathod,BJP,FALSE
2004,Gujarat,Patan,Mahesh Kanodia,BJP,,,
2009,Gujarat,Patan,Jagdish Thakor,INC,Mahesh Kanodia,BJP,FALSE
2014,Gujarat,Patan,Liladhar Vaghela,BJP,Jagdish Thakor,INC,FALSE
2019,Gujarat,Patan,Bharatsinhji Dabhi Thakor,BJP,Liladhar Vaghela,BJP,FALSE
2024,Gujarat,Patan,Bharatsinhji Dabhi,BJP,Bharatsinhji Dabhi Thakor,BJP,FALSE
2004,Gujarat,Porbandar,Harilal Patel,BJP,,,
2009,Gujarat,Porbandar,Vitthal Radadiya,INC,Harilal Patel,BJP,FALSE
2014,Gujarat,Porbandar,Vitthal Radadiya,BJP,Vitthal Radadiya,INC,TRUE
2019,Gujarat,Porbandar,Rameshbhai Dhaduk,BJP,Vitthal Radadiya,BJP,FALSE
2024,Gujarat,Porbandar,Mansukh Mandaviya,BJP,Rameshbhai Dhaduk,BJP,FALSE
2004,Gujarat,Rajkot,Vallabhbhai Kathiria,BJP,,,
2009,Gujarat,Rajkot,Kunwarjibhai Bavaliya,INC,Vallabhbhai Kathiria,BJP,FALSE
2014,Gujarat,Rajkot,Mohan Kundariya,BJP,Kunwarjibhai Bavaliya,INC,FALSE
2019,Gujarat,Rajkot,Mohan Kundariya,BJP,Mohan Kundariya,BJP,TRUE
2024,Gujarat,Rajkot,Parshottam Rupala,BJP,Mohan Kundariya,BJP,FALSE
2004,Gujarat,Sabarkantha,Madhusudan Mistry,INC,,,
2009,Gujarat,Sabarkantha,Mahendrasinh Chauhan,BJP,Madhusudan Mistry,INC,FALSE
2014,Gujarat,Sabarkantha,Dipsinh Rathod,BJP,Mahendrasinh Chauhan,BJP,FALSE
2019,Gujarat,Sabarkantha,Dipsinh Rathod,BJP,Dipsinh Rathod,BJP,TRUE
2024,Gujarat,Sabarkantha,Shobhnaben Mahendrasinh Baraiya,BJP,Dipsinh Rathod,BJP,FALSE
2004,Gujarat,Surat,Kashiram Rana,BJP,,,
2009,Gujarat,Surat,Darshana Jardosh,BJP,Kashiram Rana,BJP,FALSE
2014,Gujarat,Surat,Darshana Jardosh,BJP,Darshana Jardosh,BJP,TRUE
2019,Gujarat,Surat,Darshana Jardosh,BJP,Darshana Jardosh,BJP,TRUE
2024,Gujarat,Surat,Mukesh Dalal,BJP,Darshana Jardosh,BJP,FALSE
2004,Gujarat,Surendranagar,Somabhai Gandalal Koli Patel,BJP,,,
2009,Gujarat,Surendranagar,Somabhai Patel,INC,Somabhai Gandalal Koli Patel,BJP,FALSE
2014,Gujarat,Surendranagar,Devjibhai Fatepara,BJP,Somabhai Patel,INC,FALSE
2019,Gujarat,Surendranagar,Mahendra Munjapara,BJP,Devjibhai Fatepara,BJP,FALSE
2024,Gujarat,Surendranagar,Chandubhai Chhaganbhai Shihora,BJP,Mahendra Munjapara,BJP,FALSE
2009,Gujarat,Vadodara,Balkrishna Khanderao Shukla,BJP,,,
2014,Gujarat,Vadodara,Narendra Modi,BJP,Balkrishna Khanderao Shukla,BJP,FALSE
2019,Gujarat,Vadodara,Ranjanben Bhatt,BJP,Narendra Modi,BJP,FALSE
2024,Gujarat,Vadodara,Hemang Yogeshchandra Joshi,BJP,Ranjanben Bhatt,BJP,FALSE
2009,Gujarat,Valsad,Kishanbhai Vestabhai Patel,INC,,,
2014,Gujarat,Valsad,K C Patel,BJP,Kishanbhai Vestabhai Patel,INC,FALSE
2019,Gujarat,Valsad,K C Patel,BJP,K C Patel,BJP,TRUE
2024,Gujarat,Valsad,Dhaval Laxmanbhai Patel,BJP,K C Patel,BJP,FALSE
2004,Haryana,Ambala,Kumari Selja,INC,,,
2009,Haryana,Ambala,Kumari Selja,INC,Kumari Selja,INC,TRUE
2014,Haryana,Ambala,Rattan Lal Kataria,BJP,Kumari Selja,INC,FALSE
2019,Haryana,Ambala,Rattan Lal Kataria,BJP,Rattan Lal Kataria,BJP,TRUE
2024,Haryana,Ambala,Varun Chaudhary,INC,Rattan Lal Kataria,BJP,FALSE
2004,Haryana,Bhiwani,Kuldeep Bishnoi,INC,,,
2009,Haryana,Bhiwani-Mahendragarh,Shruti Choudhry,INC,,,
2014,Haryana,Bhiwani-Mahendragarh,Dharambir Singh,BJP,Shruti Choudhry,INC,FALSE
2019,Haryana,Bhiwani-Mahendragarh,Dharambir Singh,BJP,Dharambir Singh,BJP,TRUE
2024,Haryana,Bhiwani-Mahendragarh,Dharambir Singh Chaudhary,BJP,Dharambir Singh,BJP,FALSE
2004,Haryana,Faridabad,Avtar Singh Bhadana,INC,,,
2009,Haryana,Faridabad,Avtar Singh Bhadana,INC,Avtar Singh Bhadana,INC,TRUE
2014,Haryana,Faridabad,Krishan Pal Gurjar,BJP,Avtar Singh Bhadana,INC,FALSE
2019,Haryana,Faridabad,Krishan Pal Gurjar,BJP,Krishan Pal Gurjar,BJP,TRUE
2024,Haryana,Faridabad,Krishan Pal Gurjar,BJP,Krishan Pal Gurjar,BJP,TRUE
2009,Haryana,Gurgaon,Rao Inderjit Singh,INC,,,
2014,Haryana,Gurgaon,Rao Inderjit Singh,BJP,Rao Inderjit Singh,INC,TRUE
2019,Haryana,Gurgaon,Inderjit Singh Rao,BJP,Rao Inderjit Singh,BJP,FALSE
2024,Haryana,Gurgaon,Rao Inderjit Singh,BJP,Inderjit Singh Rao,BJP,FALSE
2004,Haryana,Hisar,Jai Parkash,INC,,,
2009,Haryana,Hisar,Bhajan Lal,Haryana Janhit Congress (Bl),Jai Parkash,INC,FALSE
2014,Haryana,Hisar,Dushyant Chautala,Indian National Lok Dal,Bhajan Lal,Haryana Janhit Congress (Bl),FALSE
2019,Haryana,Hisar,Bijendra Singh,BJP,Dushyant Chautala,Indian National Lok Dal,FALSE
2024,Haryana,Hisar,Jai Parkash,INC,Bijendra Singh,BJP,FALSE
2004,Haryana,Karnal,Arvind Kumar Sharma,INC,,,
2009,Haryana,Karnal,Arvind Kumar Sharma,INC,Arvind Kumar Sharma,INC,TRUE
2014,Haryana,Karnal,Ashwini Kumar Chopra,BJP,Arvind Kumar Sharma,INC,FALSE
2019,Haryana,Karnal,Sanjay Bhatia,BJP,Ashwini Kumar Chopra,BJP,FALSE
2024,Haryana,Karnal,Manohar Lal Khattar,BJP,Sanjay Bhatia,BJP,FALSE
2004,Haryana,Kurukshetra,Naveen Jindal,INC,,,
2009,Haryana,Kurukshetra,Naveen Jindal,INC,Naveen Jindal,INC,TRUE
2014,Haryana,Kurukshetra,Raj Kumar Saini,BJP,Naveen Jindal,INC,FALSE
2019,Haryana,Kurukshetra,Nayab Singh,BJP,Raj Kumar Saini,BJP,FALSE
2024,Haryana,Kurukshetra,Naveen Jindal,BJP,Nayab Singh,BJP,FALSE
2004,Haryana,Mahendragarh,Rao Inderjit Singh,INC,,,
2004,Haryana,Rohtak,Bhupinder Singh Hooda,INC,,,
2009,Haryana,Rohtak,Deepender Singh Hooda,INC,Bhupinder Singh Hooda,INC,FALSE
2014,Haryana,Rohtak,Deepender Singh Hooda,INC,Deepender Singh Hooda,INC,TRUE
2019,Haryana,Rohtak,Arvind Kumar Sharma,BJP,Deepender Singh Hooda,INC,FALSE
2024,Haryana,Rohtak,Deepender Singh Hooda,INC,Arvind Kumar Sharma,BJP,FALSE
2004,Haryana,Sirsa,Atma Singh Gill,INC,,,
2009,Haryana,Sirsa,Ashok Tanwar,INC,Atma Singh Gill,INC,FALSE
2014,Haryana,Sirsa,Charanjeet Singh Rori,Indian National Lok Dal,Ashok Tanwar,INC,FALSE
2019,Haryana,Sirsa,Sunita Duggal,BJP,Charanjeet Singh Rori,Indian National Lok Dal,FALSE
2024,Haryana,Sirsa,Selja Kumari,INC,Sunita Duggal,BJP,FALSE
2004,Haryana,Sonepat,Kishan Singh Sangwan,BJP,,,
2009,Haryana,Sonipat,Jitender Singh Malik,INC,,,
2014,Haryana,Sonipat,Ramesh Chander Kaushik,BJP,Jitender Singh Malik,INC,FALSE
2019,Haryana,Sonipat,Ramesh Chander Kaushik,BJP,Ramesh Chander Kaushik,BJP,TRUE
2024,Haryana,Sonipat,Satpal Brahamchari,INC,Ramesh Chander Kaushik,BJP,FALSE
2004,Himachal Pradesh,Hamirpur,Suresh Chandel,BJP,,,
2009,Himachal Pradesh,Hamirpur,Anurag Thakur,BJP,Suresh Chandel,BJP,FALSE
2014,Himachal Pradesh,Hamirpur,Anurag Thakur,BJP,Anurag Thakur,BJP,TRUE
2019,Himachal Pradesh,Hamirpur,Anurag Thakur,BJP,Anurag Thakur,BJP,TRUE
2024,Himachal Pradesh,Hamirpur,Anurag Thakur,BJP,Anurag Thakur,BJP,TRUE
2004,Himachal Pradesh,Kangra,Chander Kumar,INC,,,
2009,Himachal Pradesh,Kangra,Rajan Sushant,BJP,Chander Kumar,INC,FALSE
2014,Himachal Pradesh,Kangra,Shanta Kumar,BJP,Rajan Sushant,BJP,FALSE
2019,Himachal Pradesh,Kangra,Kishan Kapoor,BJP,Shanta Kumar,BJP,FALSE
2024,Himachal Pradesh,Kangra,Rajeev Bhardwaj,BJP,Kishan Kapoor,BJP,FALSE
2004,Himachal Pradesh,Mandi,Pratibha Singh,INC,,,
2009,Himachal Pradesh,Mandi,Virbhadra Singh,INC,Pratibha Singh,INC,FALSE
2014,Himachal Pradesh,Mandi,Ram Swaroop Sharma,BJP,Virbhadra Singh,INC,FALSE
2019,Himachal Pradesh,Mandi,Ram Swaroop Sharma,BJP,Ram Swaroop Sharma,BJP,TRUE
2024,Himachal Pradesh,Mandi,Kangana Ranaut,BJP,Ram Swaroop Sharma,BJP,FALSE
2009,Himachal Pradesh,Shimla,Virender Kashyap,BJP,,,
2014,Himachal Pradesh,Shimla,Virender Kashyap,BJP,Virender Kashyap,BJP,TRUE
2019,Himachal Pradesh,Shimla,Suresh Kumar Kashyap,BJP,Virender Kashyap,BJP,FALSE
2024,Himachal Pradesh,Shimla,Suresh Kumar Kashyap,BJP,Suresh Kumar Kashyap,BJP,TRUE
2004,Himachal Pradesh,Simla,Dhani Ram Shandil,INC,,,
2004,Jammu and Kashmir,Anantnag,Mehbooba Mufti,JKPDP,,,
2009,Jammu and Kashmir,Anantnag,Mirza Mehboob Beg,JKNC,Mehbooba Mufti,JKPDP,FALSE
2014,Jammu and Kashmir,Anantnag,Mehbooba Mufti,JKPDP,Mirza Mehboob Beg,JKNC,FALSE
2019,Jammu and Kashmir,Anantnag,Hasnain Masoodi,JKNC,Mehbooba Mufti,JKPDP,FALSE
2024,Jammu and Kashmir,Anantnag-Rajouri,Mian Altaf Ahmed Larvi,JKNC,,,
2004,Jammu and Kashmir,Baramulla,Abdul Rashid Shaheen,JKNC,,,
2009,Jammu and Kashmir,Baramulla,Sharifuddin Shariq,JKNC,Abdul Rashid Shaheen,JKNC,FALSE
2014,Jammu and Kashmir,Baramulla,Muzaffar Hussain Baig,JKPDP,Sharifuddin Shariq,JKNC,FALSE
2019,Jammu and Kashmir,Baramulla,Mohammad Akbar Lone,JKNC,Muzaffar Hussain Baig,JKPDP,FALSE
2024,Jammu and Kashmir,Baramulla,Abdul Rashid Sheikh,IND,Mohammad Akbar Lone,JKNC,FALSE
2004,Jammu and Kashmir,Jammu,Madan Lal Sharma,INC,,,
2009,Jammu and Kashmir,Jammu,Madan Lal Sharma,INC,Madan Lal Sharma,INC,TRUE
2014,Jammu and Kashmir,Jammu,Jugal Kishore Sharma,BJP,Madan Lal Sharma,INC,FALSE
2019,Jammu and Kashmir,Jammu,Jugal Kishore Sharma,BJP,Jugal Kishore Sharma,BJP,TRUE
2024,Jammu and Kashmir,Jammu,Jugal Kishore Sharma,BJP,Jugal Kishore Sharma,BJP,TRUE
2004,Jammu and Kashmir,Ladakh,Thupstan Chhewang,IND,,,
2009,Jammu and Kashmir,Ladakh,Hassan Khan,IND,Thupstan Chhewang,IND,FALSE
2014,Jammu and Kashmir,Ladakh,Thupstan Chhewang,BJP,Hassan Khan,IND,FALSE
2019,Jammu and Kashmir,Ladakh,Jamyang Tsering Namgyal,BJP,Thupstan Chhewang,BJP,FALSE
2004,Jammu and Kashmir,Srinagar,Omar Abdullah,JKNC,,,
2009,Jammu and Kashmir,Srinagar,Farooq Abdullah,JKNC,Omar Abdullah,JKNC,FALSE
2014,Jammu and Kashmir,Srinagar,Tariq Hameed Karra,JKPDP,Farooq Abdullah,JKNC,FALSE
2019,Jammu and Kashmir,Srinagar,Farooq Abdullah,JKNC,Tariq Hameed Karra,JKPDP,FALSE
2024,Jammu and Kashmir,Srinagar,Aga Syed Ruhullah Mehdi,JKNC,Farooq Abdullah,JKNC,FALSE
2004,Jammu and Kashmir,Udhampur,Chaudhary Lal Singh,INC,,,
2009,Jammu and Kashmir,Udhampur,Chaudhary Lal Singh,INC,Chaudhary Lal Singh,INC,TRUE
2014,Jammu and Kashmir,Udhampur,Jitendra Singh,BJP,Chaudhary Lal Singh,INC,FALSE
2019,Jammu and Kashmir,Udhampur,Jitendra Singh,BJP,Jitendra Singh,BJP,TRUE
2024,Jammu and Kashmir,Udhampur,Dr. Jitendra Singh,BJP,Jitendra Singh,BJP,FALSE
2004,Jharkhand,Chatra,Dhirendra Agarwal,RJD,,,
2009,Jharkhand,Chatra,Inder Singh Namdhari,IND,Dhirendra Agarwal,RJD,FALSE
2014,Jharkhand,Chatra,Sunil Kumar Singh,BJP,Inder Singh Namdhari,IND,FALSE
2019,Jharkhand,Chatra,Sunil Kumar Singh,BJP,Sunil Kumar Singh,BJP,TRUE
2024,Jharkhand,Chatra,Kali Charan Singh,BJP,Sunil Kumar Singh,BJP,FALSE
2004,Jharkhand,Dhanbad,Chandra Shekhar Dubey,INC,,,
2009,Jharkhand,Dhanbad,Pashupati Nath Singh,BJP,Chandra Shekhar Dubey,INC,FALSE
2014,Jharkhand,Dhanbad,Pashupati Nath Singh,BJP,Pashupati Nath Singh,BJP,TRUE
2019,Jharkhand,Dhanbad,Pashupati Nath Singh,BJP,Pashupati Nath Singh,BJP,TRUE
2024,Jharkhand,Dhanbad,Dulu Mahato,BJP,Pashupati Nath Singh,BJP,FALSE
2004,Jharkhand,Dumka,Shibu Soren,JMM,,,
2009,Jharkhand,Dumka,Shibu Soren,JMM,Shibu Soren,JMM,TRUE
2014,Jharkhand,Dumka,Shibu Soren,JMM,Shibu Soren,JMM,TRUE
2019,Jharkhand,Dumka,Sunil Soren,BJP,Shibu Soren,JMM,FALSE
2024,Jharkhand,Dumka,Nalin Soren,JMM,Sunil Soren,BJP,FALSE
2004,Jharkhand,Giridih,Tek Lal Mahto,JMM,,,
2009,Jharkhand,Giridih,Ravindra Kumar Pandey,BJP,Tek Lal Mahto,JMM,FALSE
2014,Jharkhand,Giridih,Ravindra Kumar Pandey,BJP,Ravindra Kumar Pandey,BJP,TRUE
2019,Jharkhand,Giridih,Chandra Prakash Chaudhary,All Jharkhand Students Union,Ravindra Kumar Pandey,BJP,FALSE
2024,Jharkhand,Giridih,Chandra Prakash Choudhary,AJSU,Chandra Prakash Chaudhary,All Jharkhand Students Union,FALSE
2004,Jharkhand,Godda,Furkan Ansari,INC,,,
2009,Jharkhand,Godda,Nishikant Dubey,BJP,Furkan Ansari,INC,FALSE
2014,Jharkhand,Godda,Nishikant Dubey,BJP,Nishikant Dubey,BJP,TRUE
2019,Jharkhand,Godda,Nishikant Dubey,BJP,Nishikant Dubey,BJP,TRUE
2024,Jharkhand,Godda,Nishikant Dubey,BJP,Nishikant Dubey,BJP,TRUE
2004,Jharkhand,Hazaribagh,Bhubneshwar Prasad Mehta,CPI,,,
2009,Jharkhand,Hazaribagh,Yashwant Sinha,BJP,Bhubneshwar Prasad Mehta,CPI,FALSE
2014,Jharkhand,Hazaribagh,Jayant Sinha,BJP,Yashwant Sinha,BJP,FALSE
2019,Jharkhand,Hazaribagh,Jayant Sinha,BJP,Jayant Sinha,BJP,TRUE
2024,Jharkhand,Hazaribagh,Manish Jaiswal,BJP,Jayant Sinha,BJP,FALSE
2004,Jharkhand,Jamshedpur,Sunil Kumar Mahato,JMM,,,
2009,Jharkhand,Jamshedpur,Arjun Munda,BJP,Sunil Kumar Mahato,JMM,FALSE
2014,Jharkhand,Jamshedpur,Bidyut Baran Mahato,BJP,Arjun Munda,BJP,FALSE
2019,Jharkhand,Jamshedpur,Vidyut Mahato,BJP,Bidyut Baran Mahato,BJP,FALSE
2024,Jharkhand,Jamshedpur,Bidyut Baran Mahato,BJP,Vidyut Mahato,BJP,FALSE
2004,Jharkhand,Khunti,Sushila Kerketta,INC,,,
2009,Jharkhand,Khunti,Kariya Munda,BJP,Sushila Kerketta,INC,FALSE
2014,Jharkhand,Khunti,Karia Munda,BJP,Kariya Munda,BJP,FALSE
2019,Jharkhand,Khunti,Arjun Munda,BJP,Karia Munda,BJP,FALSE
2024,Jharkhand,Khunti,Kali Charan Munda,INC,Arjun Munda,BJP,FALSE
2004,Jharkhand,Kodarma,Babulal Marandi,BJP,,,
2009,Jharkhand,Kodarma,Babulal Marandi,Jharkhand Vikas Morcha (Prajatantrik),Babulal Marandi,BJP,TRUE
2014,Jharkhand,Kodarma,Ravindra Kumar Ray,BJP,Babulal Marandi,Jharkhand Vikas Morcha (Prajatantrik),FALSE
2019,Jharkhand,Kodarma,Annapurna Devi Yadav,BJP,Ravindra Kumar Ray,BJP,FALSE
2024,Jharkhand,Kodarma,Annpurna Devi,BJP,Annapurna Devi Yadav,BJP,FALSE
2004,Jharkhand,Lohardaga,Rameshwar Oraon,INC,,,
2009,Jharkhand,Lohardaga,Sudarshan Bhagat,BJP,Rameshwar Oraon,INC,FALSE
2014,Jharkhand,Lohardaga,Sudarshan Bhagat,BJP,Sudarshan Bhagat,BJP,TRUE
2019,Jharkhand,Lohardaga,Sudarshan Bhagat,BJP,Sudarshan Bhagat,BJP,TRUE
2024,Jharkhand,Lohardaga,Sukhdeo Bhagat,INC,Sudarshan Bhagat,BJP,FALSE
2004,Jharkhand,Palamau,Manoj Kumar,RJD,,,
2009,Jharkhand,Palamau,Kameshwar Baitha,JMM,Manoj Kumar,RJD,FALSE
2019,Jharkhand,Palamau,Vishnu Dayal Ram,BJP,Kameshwar Baitha,JMM,FALSE
2024,Jharkhand,Palamau,Vishnu Dayal Ram,BJP,Vishnu Dayal Ram,BJP,TRUE
2014,Jharkhand,Palamu,Vishnu Dayal Ram,BJP,,,
2004,Jharkhand,Rajmahal,Hemlal Murmu,JMM,,,
2009,Jharkhand,Rajmahal,Devidhan Besra,BJP,Hemlal Murmu,JMM,FALSE
2014,Jharkhand,Rajmahal,Vijay Hansdak,JMM,Devidhan Besra,BJP,FALSE
2019,Jharkhand,Rajmahal,Vijay Hansdak,JMM,Vijay Hansdak,JMM,TRUE
2024,Jharkhand,Rajmahal,Vijay Kumar Hansdak,JMM,Vijay Hansdak,JMM,FALSE
2004,Jharkhand,Ranchi,Subodh Kant Sahay,INC,,,
2009,Jharkhand,Ranchi,Subodh Kant Sahay,INC,Subodh Kant Sahay,INC,TRUE
2014,Jharkhand,Ranchi,Ram Tahal Choudhary,BJP,Subodh Kant Sahay,INC,FALSE
2019,Jharkhand,Ranchi,Sanjay Seth,BJP,Ram Tahal Choudhary,BJP,FALSE
2024,Jharkhand,Ranchi,Sanjay Seth,BJP,Sanjay Seth,BJP,TRUE
2004,Jharkhand,Singhbhum,Bagun Sumbrai,INC,,,
2009,Jharkhand,Singhbhum,Madhu Koda,IND,Bagun Sumbrai,INC,FALSE
2014,Jharkhand,Singhbhum,Laxman Giluwa,BJP,Madhu Koda,IND,FALSE
2019,Jharkhand,Singhbhum,Geeta Koda,INC,Laxman Giluwa,BJP,FALSE
2024,Jharkhand,Singhbhum,Joba Majhi,JMM,Geeta Koda,INC,FALSE
2004,Karnataka,Bagalkot,P. C. Gaddigoudar,BJP,,,
2009,Karnataka,Bagalkot,P. C. Gaddigoudar,BJP,P. C. Gaddigoudar,BJP,TRUE
2014,Karnataka,Bagalkot,P. C. Gaddigoudar,BJP,P. C. Gaddigoudar,BJP,TRUE
2019,Karnataka,Bagalkot,P. C. Gaddigoudar,BJP,P. C. Gaddigoudar,BJP,TRUE
2024,Karnataka,Bagalkot,Gaddigoudar Parvatagouda Chandanagouda,BJP,P. C. Gaddigoudar,BJP,FALSE
2009,Karnataka,Bangalore Central,P. C. Mohan,BJP,,,
2014,Karnataka,Bangalore Central,P.C. Mohan,BJP,P. C. Mohan,BJP,FALSE
2019,Karnataka,Bangalore Central,P. C. Mohan,BJP,P.C. Mohan,BJP,FALSE
2024,Karnataka,Bangalore Central,P. C. Mohan,BJP,P. C. Mohan,BJP,TRUE
2004,Karnataka,Bangalore North,H. T. Sangliana,BJP,,,
2009,Karnataka,Bangalore North,D. B. Chandre Gowda,BJP,H. T. Sangliana,BJP,FALSE
2014,Karnataka,Bangalore North,D.V Sadananda Gowda,BJP,D. B. Chandre Gowda,BJP,FALSE
2019,Karnataka,Bangalore North,Sadananda Gowda,BJP,D.V Sadananda Gowda,BJP,FALSE
2024,Karnataka,Bangalore North,Shobha Karandlaje,BJP,Sadananda Gowda,BJP,FALSE
2009,Karnataka,Bangalore Rural,H. D. Kumaraswamy,JD(S),,,
2014,Karnataka,Bangalore Rural,D K Suresh,INC,H. D. Kumaraswamy,JD(S),FALSE
2019,Karnataka,Bangalore Rural,D. K. Suresh,INC,D K Suresh,INC,FALSE
2024,Karnataka,Bangalore Rural,C. N. Manjunath,BJP,D. K. Suresh,INC,FALSE
2004,Karnataka,Bangalore South,Ananth Kumar,BJP,,,
2009,Karnataka,Bangalore South,Ananth Kumar,BJP,Ananth Kumar,BJP,TRUE
2014,Karnataka,Bangalore South,Ananth Kumar,BJP,Ananth Kumar,BJP,TRUE
2019,Karnataka,Bangalore South,Tejasvi Surya,BJP,Ananth Kumar,BJP,FALSE
2024,Karnataka,Bangalore South,Tejaswi Surya,BJP,Tejasvi Surya,BJP,FALSE
2004,Karnataka,Belgaum,Suresh Angadi,BJP,,,
2009,Karnataka,Belgaum,Suresh Angadi,BJP,Suresh Angadi,BJP,TRUE
2014,Karnataka,Belgaum,Suresh Angadi,BJP,Suresh Angadi,BJP,TRUE
2019,Karnataka,Belgaum,Suresh Angadi,BJP,Suresh Angadi,BJP,TRUE
2024,Karnataka,Belgaum,Jagadish Shettar,BJP,Suresh Angadi,BJP,FALSE
2004,Karnataka,Bellary,G. Karunakara Reddy,BJP,,,
2009,Karnataka,Bellary,J. Shantha,BJP,G. Karunakara Reddy,BJP,FALSE
2014,Karnataka,Bellary,B. Sreeramulu,BJP,J. Shantha,BJP,FALSE
2019,Karnataka,Bellary,Y. Devendrappa,BJP,B. Sreeramulu,BJP,FALSE
2024,Karnataka,Bellary,E. Tukaram,INC,Y. Devendrappa,BJP,FALSE
2004,Karnataka,Bidar,Ramchandra Veerappa,BJP,,,
2009,Karnataka,Bidar,Dharam Singh,INC,Ramchandra Veerappa,BJP,FALSE
2014,Karnataka,Bidar,Bhagwanth Khuba,BJP,Dharam Singh,INC,FALSE
2019,Karnataka,Bidar,Bhagwanth Khuba,BJP,Bhagwanth Khuba,BJP,TRUE
2024,Karnataka,Bidar,Sagar Eshwar Khandre,INC,Bhagwanth Khuba,BJP,FALSE
2004,Karnataka,Bijapur,Basangouda Patil Yatnal,BJP,,,
2009,Karnataka,Bijapur,Ramesh Jigajinagi,BJP,Basangouda Patil Yatnal,BJP,FALSE
2014,Karnataka,Bijapur,Ramesh Jigajinagi,BJP,Ramesh Jigajinagi,BJP,TRUE
2019,Karnataka,Bijapur,Ramesh Jigajinagi,BJP,Ramesh Jigajinagi,BJP,TRUE
2024,Karnataka,Bijapur,Ramesh Jigajinagi,BJP,Ramesh Jigajinagi,BJP,TRUE
2004,Karnataka,Chamarajanagar,Kagalvadi M. Shivanna,JD(S),,,
2009,Karnataka,Chamarajanagar,R. Dhruvanarayana,INC,Kagalvadi M. Shivanna,JD(S),FALSE
2014,Karnataka,Chamarajanagar,R. Dhruvanarayana,INC,R. Dhruvanarayana,INC,TRUE
2019,Karnataka,Chamarajanagar,Srinivas Prasad,BJP,R. Dhruvanarayana,INC,FALSE
2024,Karnataka,Chamarajanagar,Sunil Bose,INC,Srinivas Prasad,BJP,FALSE
2004,Karnataka,Chikballapur,R. L. Jalappa,INC,,,
2009,Karnataka,Chikballapur,Veerappa Moily,INC,R. L. Jalappa,INC,FALSE
2019,Karnataka,Chikballapur,B. N. Bache Gowda,BJP,Veerappa Moily,INC,FALSE
2024,Karnataka,Chikballapur,K. Sudhakar,BJP,B. N. Bache Gowda,BJP,FALSE
2014,Karnataka,Chikkaballapur,M Veerappa Moily,INC,,,
2004,Karnataka,Chikkodi,Ramesh Jigajinagi,BJP,,,
2009,Karnataka,Chikkodi,Ramesh Katti,BJP,Ramesh Jigajinagi,BJP,FALSE
2014,Karnataka,Chikkodi,Prakash Hukkeri,INC,Ramesh Katti,BJP,FALSE
2019,Karnataka,Chikkodi,Annasaheb Jolle,BJP,Prakash Hukkeri,INC,FALSE
2024,Karnataka,Chikkodi,Priyanka Jarkiholi,INC,Annasaheb Jolle,BJP,FALSE
2004,Karnataka,Chikmagalur,D. C. Srikantappa,BJP,,,
2004,Karnataka,Chitradurga,N. Y. Hanumanthappa,INC,,,
2009,Karnataka,Chitradurga,Janardhana Swamy,BJP,N. Y. Hanumanthappa,INC,FALSE
2014,Karnataka,Chitradurga,B.N.Chandrappa,INC,Janardhana Swamy,BJP,FALSE
2019,Karnataka,Chitradurga,A Narayanaswamy,BJP,B.N.Chandrappa,INC,FALSE
2024,Karnataka,Chitradurga,Govind Makthappa Karjol,BJP,A Narayanaswamy,BJP,FALSE
2009,Karnataka,Dakshina Kannada,Nalin Kumar Kateel,BJP,,,
2014,Karnataka,Dakshina Kannada,Nalin Kumar Kateel,BJP,Nalin Kumar Kateel,BJP,TRUE
2019,Karnataka,Dakshina Kannada,Nalin Kumar Kateel,BJP,Nalin Kumar Kateel,BJP,TRUE
2024,Karnataka,Dakshina Kannada,Brijesh Chowta,BJP,Nalin Kumar Kateel,BJP,FALSE
2004,Karnataka,Davanagere,G. M. Siddeshwara,BJP,,,
2009,Karnataka,Davanagere,G. M. Siddeshwara,BJP,G. M. Siddeshwara,BJP,TRUE
2014,Karnataka,Davanagere,G M Siddeshwara,BJP,G. M. Siddeshwara,BJP,FALSE
2019,Karnataka,Davanagere,G. M. Siddeshwara,BJP,G M Siddeshwara,BJP,FALSE
2024,Karnataka,Davanagere,Prabha Mallikarjun,INC,G. M. Siddeshwara,BJP,FALSE
2009,Karnataka,Dharwad,Pralhad Joshi,BJP,,,
2014,Karnataka,Dharwad,Pralhad Joshi,BJP,Pralhad Joshi,BJP,TRUE
2019,Karnataka,Dharwad,Pralhad Joshi,BJP,Pralhad Joshi,BJP,TRUE
2024,Karnataka,Dharwad,Prahlad Joshi,BJP,Pralhad Joshi,BJP,FALSE
2004,Karnataka,Dharwad North,Pralhad Joshi,BJP,,,
2004,Karnataka,Dharwad South,Manjunath Kunnur,BJP,,,
2004,Karnataka,Gulbarga,Iqbal Ahmed Saradgi,INC,,,
2009,Karnataka,Gulbarga,Mallikarjun Kharge,INC,Iqbal Ahmed Saradgi,INC,FALSE
2014,Karnataka,Gulbarga,Mallikarjun Kharge,INC,Mallikarjun Kharge,INC,TRUE
2019,Karnataka,Gulbarga,Umesh. G. Jadhav,BJP,Mallikarjun Kharge,INC,FALSE
2024,Karnataka,Gulbarga,Radhakrishna Doddamani,INC,Umesh. G. Jadhav,BJP,FALSE
2004,Karnataka,Hassan,H. D. Deve Gowda,JD(S),,,
2009,Karnataka,Hassan,H. D. Deve Gowda,JD(S),H. D. Deve Gowda,JD(S),TRUE
2014,Karnataka,Hassan,H.D. Devegowda,JD(S),H. D. Deve Gowda,JD(S),FALSE
2019,Karnataka,Hassan,Prajwal Revanna,JD(S),H.D. Devegowda,JD(S),FALSE
2024,Karnataka,Hassan,Shreyas M. Patel,INC,Prajwal Revanna,JD(S),FALSE
2009,Karnataka,Haveri,Shivkumar Chanabasappa Udasi,BJP,,,
2014,Karnataka,Haveri,Udasi Shivakumar Channabasappa,BJP,Shivkumar Chanabasappa Udasi,BJP,FALSE
2019,Karnataka,Haveri,Shivkumar Udasi,BJP,Udasi Shivakumar Channabasappa,BJP,FALSE
2024,Karnataka,Haveri,Basavaraj Bommai,BJP,Shivkumar Udasi,BJP,FALSE
2004,Karnataka,Kanakapura,Tejashwini See Ramesh,INC,,,
2004,Karnataka,Kanara,Anant Kumar Hegde,BJP,,,
2004,Karnataka,Kolar,K. H. Muniyappa,INC,,,
2009,Karnataka,Kolar,K. H. Muniyappa,INC,K. H. Muniyappa,INC,TRUE
2014,Karnataka,Kolar,K.H.Muniyappa,INC,K. H. Muniyappa,INC,FALSE
2019,Karnataka,Kolar,S. Muniswamy,BJP,K.H.Muniyappa,INC,FALSE
2024,Karnataka,Kolar,M. Mallesh Babu,JD(S),S. Muniswamy,BJP,FALSE
2004,Karnataka,Koppal,K. Virupaxappa,INC,,,
2009,Karnataka,Koppal,Shivaramagouda Shivanagouda,BJP,K. Virupaxappa,INC,FALSE
2014,Karnataka,Koppal,Karadi Sanganna,BJP,Shivaramagouda Shivanagouda,BJP,FALSE
2019,Karnataka,Koppal,Karadi Sanganna,BJP,Karadi Sanganna,BJP,TRUE
2024,Karnataka,Koppal,K. Rajashekhar Basavaraj Hitnal,INC,Karadi Sanganna,BJP,FALSE
2004,Karnataka,Mandya,Ambareesh,INC,,,
2009,Karnataka,Mandya,N Cheluvaraya Swamy,JD(S),Ambareesh,INC,FALSE
2014,Karnataka,Mandya,C.S.Puttaraju,JD(S),N Cheluvaraya Swamy,JD(S),FALSE
2019,Karnataka,Mandya,Sumalatha Ambareesh,IND,C.S.Puttaraju,JD(S),FALSE
2024,Karnataka,Mandya,H. D. Kumaraswamy,JD(S),Sumalatha Ambareesh,IND,FALSE
2004,Karnataka,Mangalore,D. V. Sadananda Gowda,BJP,,,
2004,Karnataka,Mysore,C. H. Vijayashankar,BJP,,,
2009,Karnataka,Mysore,Adagur H. Vishwanath,INC,C. H. Vijayashankar,BJP,FALSE
2014,Karnataka,Mysore,Prathap Simha,BJP,Adagur H. Vishwanath,INC,FALSE
2019,Karnataka,Mysore,Pratap Simha,BJP,Prathap Simha,BJP,FALSE
2024,Karnataka,Mysore,Yaduveer Krishnadatta Chamaraja Wadiyar,BJP,Pratap Simha,BJP,FALSE
2004,Karnataka,Raichur,A. Venkatesh Naik,INC,,,
2009,Karnataka,Raichur,Sanna Pakirappa,BJP,A. Venkatesh Naik,INC,FALSE
2014,Karnataka,Raichur,B.V.Nayak,INC,Sanna Pakirappa,BJP,FALSE
2019,Karnataka,Raichur,Raja Amareswara Naik,BJP,B.V.Nayak,INC,FALSE
2024,Karnataka,Raichur,G. Kumar Naik,INC,Raja Amareswara Naik,BJP,FALSE
2004,Karnataka,Shimoga,Sarekoppa Bangarappa,BJP,,,
2009,Karnataka,Shimoga,B. Y. Raghavendra,BJP,Sarekoppa Bangarappa,BJP,FALSE
2014,Karnataka,Shimoga,B. S. Yeddyurappa,BJP,B. Y. Raghavendra,BJP,FALSE
2019,Karnataka,Shimoga,B. Y. Raghavendra,BJP,B. S. Yeddyurappa,BJP,FALSE
2024,Karnataka,Shimoga,B. Y. Raghavendra,BJP,B. Y. Raghavendra,BJP,TRUE
2004,Karnataka,Tumkur,S. Mallikarjunaiah,BJP,,,
2009,Karnataka,Tumkur,G. S. Basavaraj,BJP,S. Mallikarjunaiah,BJP,FALSE
2014,Karnataka,Tumkur,Muddahanumegowda.S.P.,INC,G. S. Basavaraj,BJP,FALSE
2019,Karnataka,Tumkur,G. S. Basavaraj,BJP,Muddahanumegowda.S.P.,INC,FALSE
2024,Karnataka,Tumkur,V. Somanna,BJP,G. S. Basavaraj,BJP,FALSE
2004,Karnataka,Udupi,Manorama Madhwaraj,BJP,,,
2009,Karnataka,Udupi Chikmagalur,D. V. Sadananda Gowda,BJP,,,
2014,Karnataka,Udupi Chikmagalur,Shobha Karandlaje,BJP,D. V. Sadananda Gowda,BJP,FALSE
2019,Karnataka,Udupi Chikmagalur,Shobha Karandlaje,BJP,Shobha Karandlaje,BJP,TRUE
2024,Karnataka,Udupi Chikmagalur,Kota Srinivas Poojary,BJP,Shobha Karandlaje,BJP,FALSE
2009,Karnataka,Uttara Kannada,Anant Kumar Hegde,BJP,,,
2014,Karnataka,Uttara Kannada,Anantkumar Hegde,BJP,Anant Kumar Hegde,BJP,FALSE
2019,Karnataka,Uttara Kannada,Anantkumar Hegde,BJP,Anantkumar Hegde,BJP,TRUE
2024,Karnataka,Uttara Kannada,Vishweshwar Hegde Kageri,BJP,Anantkumar Hegde,BJP,FALSE
2004,Kerala,Adoor,Chengara Surendran,CPI,,,
2009,Kerala,Alappuzha,K. C. Venugopal,INC,,,
2014,Kerala,Alappuzha,K C Venugopal,INC,K. C. Venugopal,INC,FALSE
2019,Kerala,Alappuzha,A. M. Ariff,CPI(M),K C Venugopal,INC,FALSE
2024,Kerala,Alappuzha,K. C. Venugopal,INC,A. M. Ariff,CPI(M),FALSE
2009,Kerala,Alathur,P. K. Biju,CPI(M),,,
2014,Kerala,Alathur,P.K.Biju,CPI(M),P. K. Biju,CPI(M),FALSE
2019,Kerala,Alathur,Ramya Haridas,INC,P.K.Biju,CPI(M),FALSE
2024,Kerala,Alathur,K. Radhakrishnan,CPI(M),Ramya Haridas,INC,FALSE
2004,Kerala,Alleppey,K. S. Manoj,CPI(M),,,
2009,Kerala,Attingal,A Sampath,CPI(M),,,
2014,Kerala,Attingal,Dr.A .Sampath,CPI(M),A Sampath,CPI(M),FALSE
2019,Kerala,Attingal,Adoor Prakash,INC,Dr.A .Sampath,CPI(M),FALSE
2024,Kerala,Attingal,Adoor Prakash,INC,Adoor Prakash,INC,TRUE
2004,Kerala,Badagara,P. Satheedevi,CPI(M),,,
2004,Kerala,Calicut,M. P. Veerendra Kumar,JD(S),,,
2004,Kerala,Cannanore,A. P. Abdullakutty,CPI(M),,,
2009,Kerala,Chalakudy,K. P. Dhanapalan,INC,,,
2014,Kerala,Chalakudy,Innocent,IND,K. P. Dhanapalan,INC,FALSE
2019,Kerala,Chalakudy,Benny Behanan,INC,Innocent,IND,FALSE
2024,Kerala,Chalakudy,Benny Behanan,INC,Benny Behanan,INC,TRUE
2004,Kerala,Chirayinkil,Varkala Radhakrishnan,CPI(M),,,
2004,Kerala,Ernakulam,Sebastian Paul,IND,,,
2009,Kerala,Ernakulam,K. V. Thomas,INC,Sebastian Paul,IND,FALSE
2014,Kerala,Ernakulam,Prof. K.V. Thomas,INC,K. V. Thomas,INC,FALSE
2019,Kerala,Ernakulam,Hibi Eden,INC,Prof. K.V. Thomas,INC,FALSE
2024,Kerala,Ernakulam,Hibi Eden,INC,Hibi Eden,INC,TRUE
2004,Kerala,Idukki,Francis George,Kerala Congress,,,
2009,Kerala,Idukki,P. T. Thomas,INC,Francis George,Kerala Congress,FALSE
2014,Kerala,Idukki,Adv.Joice George,IND,P. T. Thomas,INC,FALSE
2019,Kerala,Idukki,Dean Kuriakose,INC,Adv.Joice George,IND,FALSE
2024,Kerala,Idukki,Dean Kuriakose,INC,Dean Kuriakose,INC,TRUE
2009,Kerala,Kannur,K. Sudhakaran,INC,,,
2014,Kerala,Kannur,P K Sreemathi Teacher,CPI(M),K. Sudhakaran,INC,FALSE
2019,Kerala,Kannur,K. Sudhakaran,INC,P K Sreemathi Teacher,CPI(M),FALSE
2024,Kerala,Kannur,K. Sudhakaran,INC,K. Sudhakaran,INC,TRUE
2004,Kerala,Kasaragod,P. Karunakaran,CPI(M),,,
2009,Kerala,Kasaragod,P. Karunakaran,CPI(M),P. Karunakaran,CPI(M),TRUE
2014,Kerala,Kasaragod,P Karunakaran,CPI(M),P. Karunakaran,CPI(M),FALSE
2019,Kerala,Kasaragod,Rajmohan Unnithan,INC,P Karunakaran,CPI(M),FALSE
2024,Kerala,Kasaragod,Rajmohan Unnithan,INC,Rajmohan Unnithan,INC,TRUE
2009,Kerala,Kollam,N. Peethambara Kurup,INC,,,
2014,Kerala,Kollam,N.K.Premachandran,RSP,N. Peethambara Kurup,INC,FALSE
2019,Kerala,Kollam,N. K. Premachandran,RSP,N.K.Premachandran,RSP,FALSE
2024,Kerala,Kollam,N. K. Premachandran,RSP,N. K. Premachandran,RSP,TRUE
2004,Kerala,Kottayam,K. Suresh Kurup,CPI(M),,,
2009,Kerala,Kottayam,Jose K. Mani,Kerala Congress (M),K. Suresh Kurup,CPI(M),FALSE
2014,Kerala,Kottayam,Jose K. Mani,Kerala Congress (M),Jose K. Mani,Kerala Congress (M),TRUE
2019,Kerala,Kottayam,Thomas Chazhikadan,Kerala Congress (M),Jose K. Mani,Kerala Congress (M),FALSE
2024,Kerala,Kottayam,K. Francis George,KEC,Thomas Chazhikadan,Kerala Congress (M),FALSE
2009,Kerala,Kozhikode,M. K. Raghavan,INC,,,
2014,Kerala,Kozhikode,M .K Raghavan,INC,M. K. Raghavan,INC,FALSE
2019,Kerala,Kozhikode,M. K. Raghavan,INC,M .K Raghavan,INC,FALSE
2024,Kerala,Kozhikode,M. K. Raghavan,INC,M. K. Raghavan,INC,TRUE
2009,Kerala,Malappuram,E. Ahamed,Muslim League Kerala State Committee,,,
2014,Kerala,Malappuram,E. Ahamed,Indian Union Muslim League,E. Ahamed,Muslim League Kerala State Committee,TRUE
2019,Kerala,Malappuram,P. K. Kunhalikutty,Indian Union Muslim League,E. Ahamed,Indian Union Muslim League,FALSE
2024,Kerala,Malappuram,E. T. Mohammed Basheer,IUML,P. K. Kunhalikutty,Indian Union Muslim League,FALSE
2004,Kerala,Manjeri,T. K. Hamza,CPI(M),,,
2004,Kerala,Mavelikara,C. S. Sujatha,CPI(M),,,
2009,Kerala,Mavelikkara,Kodikunnil Suresh,INC,,,
2014,Kerala,Mavelikkara,Kodikunnil Suresh,INC,Kodikunnil Suresh,INC,TRUE
2019,Kerala,Mavelikkara,Kodikkunnil Suresh,INC,Kodikunnil Suresh,INC,FALSE
2024,Kerala,Mavelikkara,Kodikunnil Suresh,INC,Kodikkunnil Suresh,INC,FALSE
2004,Kerala,Mukundapuram,Lonappan Nambadan,CPI(M),,,
2004,Kerala,Muvattupuzha,P. C. Thomas,Indian Federal Democratic Party,,,
2004,Kerala,Ottapalam,S. Ajaya Kumar,CPI(M),,,
2009,Kerala,Palakkad,M. B. Rajesh,CPI(M),,,
2014,Kerala,Palakkad,M B Rajesh,CPI(M),M. B. Rajesh,CPI(M),FALSE
2019,Kerala,Palakkad,V. K. Sreekandan,INC,M B Rajesh,CPI(M),FALSE
2024,Kerala,Palakkad,V. K. Sreekandan,INC,V. K. Sreekandan,INC,TRUE
2004,Kerala,Palghat,N. N. Krishnadas,CPI(M),,,
2009,Kerala,Pathanamthitta,Anto Antony,INC,,,
2014,Kerala,Pathanamthitta,Anto Antony,INC,Anto Antony,INC,TRUE
2019,Kerala,Pathanamthitta,Anto Antony,INC,Anto Antony,INC,TRUE
2024,Kerala,Pathanamthitta,Anto Antony,INC,Anto Antony,INC,TRUE
2004,Kerala,Ponnani,E. Ahamed,Muslim League Kerala State Committee,,,
2009,Kerala,Ponnani,E. T. Mohammed Basheer,Muslim League Kerala State Committee,E. Ahamed,Muslim League Kerala State Committee,FALSE
2014,Kerala,Ponnani,E. T. Mohammed Basheer,Indian Union Muslim League,E. T. Mohammed Basheer,Muslim League Kerala State Committee,TRUE
2019,Kerala,Ponnani,E. T. Muhammed Basheer,Indian Union Muslim League,E. T. Mohammed Basheer,Indian Union Muslim League,FALSE
2024,Kerala,Ponnani,M. P. Abdussamad Samadani,IUML,E. T. Muhammed Basheer,Indian Union Muslim League,FALSE
2004,Kerala,Quilon,P. Rajendran,CPI(M),,,
2009,Kerala,Thiruvananthapuram,Shashi Tharoor,INC,,,
2014,Kerala,Thiruvananthapuram,Dr. Shashi Tharoor,INC,Shashi Tharoor,INC,FALSE
2019,Kerala,Thiruvananthapuram,Shashi Tharoor,INC,Dr. Shashi Tharoor,INC,FALSE
2024,Kerala,Thiruvananthapuram,Shashi Tharoor,INC,Shashi Tharoor,INC,TRUE
2009,Kerala,Thrissur,P. C. Chacko,INC,,,
2014,Kerala,Thrissur,C. N. Jayadevan,CPI,P. C. Chacko,INC,FALSE
2019,Kerala,Thrissur,T. N. Prathapan,INC,C. N. Jayadevan,CPI,FALSE
2024,Kerala,Thrissur,Suresh Gopi,BJP,T. N. Prathapan,INC,FALSE
2004,Kerala,Trichur,C. K. Chandrappan,CPI,,,
2004,Kerala,Trivandrum,P. K. Vasudevan Nair,CPI,,,
2009,Kerala,Vatakara,Mullappally Ramachandran,INC,,,
2014,Kerala,Vatakara,Mullappally Ramachandran,INC,Mullappally Ramachandran,INC,TRUE
2019,Kerala,Vatakara,K. Muraleedharan,INC,Mullappally Ramachandran,INC,FALSE
2024,Kerala,Vatakara,Shafi Parambil,INC,K. Muraleedharan,INC,FALSE
2009,Kerala,Wayanad,M. I. Shanavas,INC,,,
2014,Kerala,Wayanad,M I Shanavas,INC,M. I. Shanavas,INC,FALSE
2019,Kerala,Wayanad,Rahul Gandhi,INC,M I Shanavas,INC,FALSE
2024,Kerala,Wayanad,Rahul Gandhi,INC,Rahul Gandhi,INC,TRUE
2024,Ladakh,Ladakh,Tsering Namgyal,IND,,,
2004,Lakshadweep,Lakshadweep,P. Pookunhi Koya,JD(U),,,
2009,Lakshadweep,Lakshadweep,Muhammed Hamdulla Sayeed,INC,P. Pookunhi Koya,JD(U),FALSE
2014,Lakshadweep,Lakshadweep,Mohammed Faizal P.P.,NCP,Muhammed Hamdulla Sayeed,INC,FALSE
2019,Lakshadweep,Lakshadweep,Mohammed Faizal P. P.,NCP,Mohammed Faizal P.P.,NCP,FALSE
2024,Lakshadweep,Lakshadweep,Muhammed Hamdulla Sayeed,INC,Mohammed Faizal P. P.,NCP,FALSE
2004,Madhya Pradesh,Balaghat,Gaurishankar Bisen,BJP,,,
2009,Madhya Pradesh,Balaghat,K. D. Deshmukh,BJP,Gaurishankar Bisen,BJP,FALSE
2014,Madhya Pradesh,Balaghat,Bodhsingh Bhagat,BJP,K. D. Deshmukh,BJP,FALSE
2019,Madhya Pradesh,Balaghat,Dhal Singh Bisen,BJP,Bodhsingh Bhagat,BJP,FALSE
2024,Madhya Pradesh,Balaghat,Bharti Pardhi,BJP,Dhal Singh Bisen,BJP,FALSE
2004,Madhya Pradesh,Betul,Vijay Kumar Khandelwal,BJP,,,
2009,Madhya Pradesh,Betul,Jyoti Dhurve,BJP,Vijay Kumar Khandelwal,BJP,FALSE
2014,Madhya Pradesh,Betul,Jyoti Dhurve,BJP,Jyoti Dhurve,BJP,TRUE
2019,Madhya Pradesh,Betul,Durga Das Uikey,BJP,Jyoti Dhurve,BJP,FALSE
2024,Madhya Pradesh,Betul,Durga Das Uikey,BJP,Durga Das Uikey,BJP,TRUE
2004,Madhya Pradesh,Bhind,Ram Lakhan Singh,BJP,,,
2009,Madhya Pradesh,Bhind,Ashok Argal,BJP,Ram Lakhan Singh,BJP,FALSE
2014,Madhya Pradesh,Bhind,Dr. Bhagirath Prasad,BJP,Ashok Argal,BJP,FALSE
2019,Madhya Pradesh,Bhind,Sandhya Ray,BJP,Dr. Bhagirath Prasad,BJP,FALSE
2024,Madhya Pradesh,Bhind,Sandhya Ray,BJP,Sandhya Ray,BJP,TRUE
2004,Madhya Pradesh,Bhopal,Kailash Joshi,BJP,,,
2009,Madhya Pradesh,Bhopal,Kailash Joshi,BJP,Kailash Joshi,BJP,TRUE
2014,Madhya Pradesh,Bhopal,Alok Sanjar,BJP,Kailash Joshi,BJP,FALSE
2019,Madhya Pradesh,Bhopal,Pragya Thakur,BJP,Alok Sanjar,BJP,FALSE
2024,Madhya Pradesh,Bhopal,Alok Sharma,BJP,Pragya Thakur,BJP,FALSE
2004,Madhya Pradesh,Chhindwara,Kamal Nath,INC,,,
2009,Madhya Pradesh,Chhindwara,Kamal Nath,INC,Kamal Nath,INC,TRUE
2014,Madhya Pradesh,Chhindwara,Kamal Nath,INC,Kamal Nath,INC,TRUE
2019,Madhya Pradesh,Chhindwara,Nakul Nath,INC,Kamal Nath,INC,FALSE
2024,Madhya Pradesh,Chhindwara,Bunty Vivek Sahu,BJP,Nakul Nath,INC,FALSE
2004,Madhya Pradesh,Damoh,Chandrabhan Bhaiya,BJP,,,
2009,Madhya Pradesh,Damoh,Shivraj Singh Lodhi,BJP,Chandrabhan Bhaiya,BJP,FALSE
2014,Madhya Pradesh,Damoh,Prahalad Singh Patel,BJP,Shivraj Singh Lodhi,BJP,FALSE
2019,Madhya Pradesh,Damoh,Prahlad Singh Patel,BJP,Prahalad Singh Patel,BJP,FALSE
2024,Madhya Pradesh,Damoh,Rahul Singh Lodhi,BJP,Prahlad Singh Patel,BJP,FALSE
2009,Madhya Pradesh,Dewas,Sajjan Singh Verma,INC,,,
2014,Madhya Pradesh,Dewas,Manohar Untwal,BJP,Sajjan Singh Verma,INC,FALSE
2019,Madhya Pradesh,Dewas,Mahendra Singh Solanki,BJP,Manohar Untwal,BJP,FALSE
2024,Madhya Pradesh,Dewas,Mahendra Singh Solanky,BJP,Mahendra Singh Solanki,BJP,FALSE
2004,Madhya Pradesh,Dhar,Chhatar Singh Darbar,BJP,,,
2009,Madhya Pradesh,Dhar,Gajendra Singh Rajukhedi,INC,Chhatar Singh Darbar,BJP,FALSE
2014,Madhya Pradesh,Dhar,Savitri Thakur,BJP,Gajendra Singh Rajukhedi,INC,FALSE
2019,Madhya Pradesh,Dhar,Chattar Singh Darbar,BJP,Savitri Thakur,BJP,FALSE
2024,Madhya Pradesh,Dhar,Savitri Thakur,BJP,Chattar Singh Darbar,BJP,FALSE
2004,Madhya Pradesh,Guna,Jyotiraditya Scindia,INC,,,
2009,Madhya Pradesh,Guna,Jyotiraditya Scindia,INC,Jyotiraditya Scindia,INC,TRUE
2014,Madhya Pradesh,Guna,Jyotiraditya M Scindia,INC,Jyotiraditya Scindia,INC,FALSE
2019,Madhya Pradesh,Guna,Krishna Pal Singh Yadav,BJP,Jyotiraditya M Scindia,INC,FALSE
2024,Madhya Pradesh,Guna,Jyotiraditya Scindia,BJP,Krishna Pal Singh Yadav,BJP,FALSE
2004,Madhya Pradesh,Gwalior,Ramsevak Singh,INC,,,
2009,Madhya Pradesh,Gwalior,Yashodhara Raje Scindia,BJP,Ramsevak Singh,INC,FALSE
2014,Madhya Pradesh,Gwalior,Narendra Singh Tomar,BJP,Yashodhara Raje Scindia,BJP,FALSE
2019,Madhya Pradesh,Gwalior,Vivek Sejwalker,BJP,Narendra Singh Tomar,BJP,FALSE
2024,Madhya Pradesh,Gwalior,Bharat Singh Kushwah,BJP,Vivek Sejwalker,BJP,FALSE
2004,Madhya Pradesh,Hoshangabad,Sartaj Singh,BJP,,,
2014,Madhya Pradesh,Hoshangabad,Uday Pratap Singh,BJP,Sartaj Singh,BJP,FALSE
2019,Madhya Pradesh,Hoshangabad,Uday Pratap Singh,BJP,Uday Pratap Singh,BJP,TRUE
2024,Madhya Pradesh,Hoshangabad,Darshan Singh Choudhary,BJP,Uday Pratap Singh,BJP,FALSE
2004,Madhya Pradesh,Indore,Sumitra Mahajan,BJP,,,
2009,Madhya Pradesh,Indore,Sumitra Mahajan,BJP,Sumitra Mahajan,BJP,TRUE
2014,Madhya Pradesh,Indore,Sumitra Mahajan,BJP,Sumitra Mahajan,BJP,TRUE
2019,Madhya Pradesh,Indore,Shankar Lalwani,BJP,Sumitra Mahajan,BJP,FALSE
2024,Madhya Pradesh,Indore,Shankar Lalwani,BJP,Shankar Lalwani,BJP,TRUE
2004,Madhya Pradesh,Jabalpur,Rakesh Singh,BJP,,,
2009,Madhya Pradesh,Jabalpur,Rakesh Singh,BJP,Rakesh Singh,BJP,TRUE
2014,Madhya Pradesh,Jabalpur,Rakesh Singh,BJP,Rakesh Singh,BJP,TRUE
2019,Madhya Pradesh,Jabalpur,Rakesh Singh,BJP,Rakesh Singh,BJP,TRUE
2024,Madhya Pradesh,Jabalpur,Ashish Dubey,BJP,Rakesh Singh,BJP,FALSE
2004,Madhya Pradesh,Jhabua,Kantilal Bhuria,INC,,,
2004,Madhya Pradesh,Khajuraho,Ramkrishna Kusmaria,BJP,,,
2009,Madhya Pradesh,Khajuraho,Jeetendra Singh Bundela,BJP,Ramkrishna Kusmaria,BJP,FALSE
2014,Madhya Pradesh,Khajuraho,Nagendra Singh,BJP,Jeetendra Singh Bundela,BJP,FALSE
2019,Madhya Pradesh,Khajuraho,Vishnu Datt Sharma,BJP,Nagendra Singh,BJP,FALSE
2024,Madhya Pradesh,Khajuraho,V. D. Sharma,BJP,Vishnu Datt Sharma,BJP,FALSE
2004,Madhya Pradesh,Khandwa,Nandkumar Singh Chauhan,BJP,,,
2009,Madhya Pradesh,Khandwa,Arun Subhash Chandra Yadav,INC,Nandkumar Singh Chauhan,BJP,FALSE
2014,Madhya Pradesh,Khandwa,Nandkumar Singh Chouhan (Nandu Bhaiya,BJP,Arun Subhash Chandra Yadav,INC,FALSE
2019,Madhya Pradesh,Khandwa,Nandkumar Singh Chauhan,BJP,Nandkumar Singh Chouhan (Nandu Bhaiya,BJP,FALSE
2024,Madhya Pradesh,Khandwa,Gyaneswar Patil,BJP,Nandkumar Singh Chauhan,BJP,FALSE
2004,Madhya Pradesh,Khargone,Krishna Murari Moghe,BJP,,,
2009,Madhya Pradesh,Khargone,Makhansingh Solanki,BJP,Krishna Murari Moghe,BJP,FALSE
2014,Madhya Pradesh,Khargone,Subhash Patel,BJP,Makhansingh Solanki,BJP,FALSE
2019,Madhya Pradesh,Khargone,Gajendra Patel,BJP,Subhash Patel,BJP,FALSE
2024,Madhya Pradesh,Khargone,Gajendra Singh Patel,BJP,Gajendra Patel,BJP,FALSE
2004,Madhya Pradesh,Mandla,Faggan Singh Kulaste,BJP,,,
2009,Madhya Pradesh,Mandla,Basori Singh Masram,INC,Faggan Singh Kulaste,BJP,FALSE
2014,Madhya Pradesh,Mandla,Faggan Singh Kulaste,BJP,Basori Singh Masram,INC,FALSE
2019,Madhya Pradesh,Mandla,Faggan Singh Kulaste,BJP,Faggan Singh Kulaste,BJP,TRUE
2024,Madhya Pradesh,Mandla,Faggan Singh Kulaste,BJP,Faggan Singh Kulaste,BJP,TRUE
2004,Madhya Pradesh,Mandsaur,Laxminarayan Pandey,BJP,,,
2009,Madhya Pradesh,Mandsaur,Meenakshi Natarajan,INC,Laxminarayan Pandey,BJP,FALSE
2014,Madhya Pradesh,Mandsaur,Sudhir Gupta,BJP,Meenakshi Natarajan,INC,FALSE
2019,Madhya Pradesh,Mandsaur,Sudheer Gupta,BJP,Sudhir Gupta,BJP,FALSE
2024,Madhya Pradesh,Mandsaur,Sudheer Gupta,BJP,Sudheer Gupta,BJP,TRUE
2004,Madhya Pradesh,Morena,Ashok Argal,BJP,,,
2009,Madhya Pradesh,Morena,Narendra Singh Tomar,BJP,Ashok Argal,BJP,FALSE
2014,Madhya Pradesh,Morena,Anoop Mishra,BJP,Narendra Singh Tomar,BJP,FALSE
2019,Madhya Pradesh,Morena,Narendra Singh Tomar,BJP,Anoop Mishra,BJP,FALSE
2024,Madhya Pradesh,Morena,Shivmangal Singh Tomar,BJP,Narendra Singh Tomar,BJP,FALSE
2009,Madhya Pradesh,Narmadapuram,Uday Pratap Singh,INC,,,
2004,Madhya Pradesh,Rajgarh,Lakshman Singh,BJP,,,
2009,Madhya Pradesh,Rajgarh,Narayan Singh Amlabe,INC,Lakshman Singh,BJP,FALSE
2014,Madhya Pradesh,Rajgarh,Rodmal Nagar,BJP,Narayan Singh Amlabe,INC,FALSE
2019,Madhya Pradesh,Rajgarh,Rodmal Nagar,BJP,Rodmal Nagar,BJP,TRUE
2024,Madhya Pradesh,Rajgarh,Rodmal Nagar,BJP,Rodmal Nagar,BJP,TRUE
2009,Madhya Pradesh,Ratlam,Kantilal Bhuria,INC,,,
2014,Madhya Pradesh,Ratlam,Dileepsingh Bhuria,BJP,Kantilal Bhuria,INC,FALSE
2019,Madhya Pradesh,Ratlam,Guman Singh Damor,BJP,Dileepsingh Bhuria,BJP,FALSE
2024,Madhya Pradesh,Ratlam,Anita Nagarsingh Chouhan,BJP,Guman Singh Damor,BJP,FALSE
2004,Madhya Pradesh,Rewa,Chandramani Tripathi,BJP,,,
2009,Madhya Pradesh,Rewa,Deoraj Singh Patel,BSP,Chandramani Tripathi,BJP,FALSE
2014,Madhya Pradesh,Rewa,Janardan Mishra,BJP,Deoraj Singh Patel,BSP,FALSE
2019,Madhya Pradesh,Rewa,Janardan Mishra,BJP,Janardan Mishra,BJP,TRUE
2024,Madhya Pradesh,Rewa,Janardan Mishra,BJP,Janardan Mishra,BJP,TRUE
2004,Madhya Pradesh,Sagar,Virendra Kumar,BJP,,,
2009,Madhya Pradesh,Sagar,Bhupendra Singh,BJP,Virendra Kumar,BJP,FALSE
2014,Madhya Pradesh,Sagar,Laxmi Narayan Yadav,BJP,Bhupendra Singh,BJP,FALSE
2019,Madhya Pradesh,Sagar,Raj Bahadur Singh,BJP,Laxmi Narayan Yadav,BJP,FALSE
2024,Madhya Pradesh,Sagar,Lata Wankhede,BJP,Raj Bahadur Singh,BJP,FALSE
2004,Madhya Pradesh,Satna,Ganesh Singh,BJP,,,
2009,Madhya Pradesh,Satna,Ganesh Singh,BJP,Ganesh Singh,BJP,TRUE
2014,Madhya Pradesh,Satna,Ganesh Singh,BJP,Ganesh Singh,BJP,TRUE
2019,Madhya Pradesh,Satna,Ganesh Singh,BJP,Ganesh Singh,BJP,TRUE
2024,Madhya Pradesh,Satna,Ganesh Singh,BJP,Ganesh Singh,BJP,TRUE
2004,Madhya Pradesh,Seoni,Neeta Pateriya,BJP,,,
2004,Madhya Pradesh,Shahdol,Dalpat Singh Paraste,BJP,,,
2009,Madhya Pradesh,Shahdol,Rajesh Nandini Singh,INC,Dalpat Singh Paraste,BJP,FALSE
2014,Madhya Pradesh,Shahdol,Dalpat Singh Paraste,BJP,Rajesh Nandini Singh,INC,FALSE
2019,Madhya Pradesh,Shahdol,Himadri Singh,BJP,Dalpat Singh Paraste,BJP,FALSE
2024,Madhya Pradesh,Shahdol,Himadri Singh,BJP,Himadri Singh,BJP,TRUE
2004,Madhya Pradesh,Shajapur,Thawar Chand Gehlot,BJP,,,
2004,Madhya Pradesh,Sidhi,Chandrapratap Singh,BJP,,,
2009,Madhya Pradesh,Sidhi,Govind Prasad Mishra,BJP,Chandrapratap Singh,BJP,FALSE
2014,Madhya Pradesh,Sidhi,Riti Pathak,BJP,Govind Prasad Mishra,BJP,FALSE
2019,Madhya Pradesh,Sidhi,Riti Pathak,BJP,Riti Pathak,BJP,TRUE
2024,Madhya Pradesh,Sidhi,Rajesh Mishra,BJP,Riti Pathak,BJP,FALSE
2009,Madhya Pradesh,Tikamgarh,Virendra Kumar,BJP,,,
2014,Madhya Pradesh,Tikamgarh,Dr. Virendra Kumar,BJP,Virendra Kumar,BJP,FALSE
2019,Madhya Pradesh,Tikamgarh,Virendra Kumar,BJP,Dr. Virendra Kumar,BJP,FALSE
2024,Madhya Pradesh,Tikamgarh,Virendra Kumar Khatik,BJP,Virendra Kumar,BJP,FALSE
2004,Madhya Pradesh,Ujjain,Satyanarayan Jatiya,BJP,,,
2009,Madhya Pradesh,Ujjain,Premchand Guddu,INC,Satyanarayan Jatiya,BJP,FALSE
2014,Madhya Pradesh,Ujjain,Chintamani Malviya,BJP,Premchand Guddu,INC,FALSE
2019,Madhya Pradesh,Ujjain,Anil Firojiya,BJP,Chintamani Malviya,BJP,FALSE
2024,Madhya Pradesh,Ujjain,Anil Firojiya,BJP,Anil Firojiya,BJP,TRUE
2004,Madhya Pradesh,Vidisha,Shivraj Singh Chouhan,BJP,,,
2009,Madhya Pradesh,Vidisha,Sushma Swaraj,BJP,Shivraj Singh Chouhan,BJP,FALSE
2014,Madhya Pradesh,Vidisha,Sushma Swaraj,BJP,Sushma Swaraj,BJP,TRUE
2019,Madhya Pradesh,Vidisha,Ramakant Bhargava,BJP,Sushma Swaraj,BJP,FALSE
2024,Madhya Pradesh,Vidisha,Shivraj Singh Chouhan,BJP,Ramakant Bhargava,BJP,FALSE
2004,Maharashtra,Ahmednagar,Tukaram Gadakh,NCP,,,
2009,Maharashtra,Ahmednagar,Dilip Kumar Gandhi,BJP,Tukaram Gadakh,NCP,FALSE
2014,Maharashtra,Ahmednagar,Gandhi Dilipkumar Mansukhlal,BJP,Dilip Kumar Gandhi,BJP,FALSE
2019,Maharashtra,Ahmednagar,Sujay Vikhe Patil,BJP,Gandhi Dilipkumar Mansukhlal,BJP,FALSE
2024,Maharashtra,Ahmednagar,Nilesh Dnyandev Lanke,NCP-SP,Sujay Vikhe Patil,BJP,FALSE
2004,Maharashtra,Akola,Sanjay Dhotre,BJP,,,
2009,Maharashtra,Akola,Sanjay Shamrao Dhotre,BJP,Sanjay Dhotre,BJP,FALSE
2014,Maharashtra,Akola,Dhotre Sanjay Shamrao,BJP,Sanjay Shamrao Dhotre,BJP,FALSE
2019,Maharashtra,Akola,Sanjay Dhotre,BJP,Dhotre Sanjay Shamrao,BJP,FALSE
2024,Maharashtra,Akola,Anup Dhotre,BJP,Sanjay Dhotre,BJP,FALSE
2004,Maharashtra,Amravati,Anant Gudhe,SS,,,
2009,Maharashtra,Amravati,Anandrao Vithoba Adsul,SS,Anant Gudhe,SS,FALSE
2014,Maharashtra,Amravati,Adsul Anandrao Vithoba,SS,Anandrao Vithoba Adsul,SS,FALSE
2019,Maharashtra,Amravati,Navaneet Rana,IND,Adsul Anandrao Vithoba,SS,FALSE
2024,Maharashtra,Amravati,Balwant Baswant Wankhade,INC,Navaneet Rana,IND,FALSE
2004,Maharashtra,Aurangabad,Chandrakant Khaire,SS,,,
2009,Maharashtra,Aurangabad,Chandrakant Khaire,SS,Chandrakant Khaire,SS,TRUE
2014,Maharashtra,Aurangabad,Chandrakant Bhaurao Khaire,SS,Chandrakant Khaire,SS,FALSE
2019,Maharashtra,Aurangabad,Imtiyaz Jaleel,AIMIM,Chandrakant Bhaurao Khaire,SS,FALSE
2024,Maharashtra,Aurangabad,Sandipanrao Bhumre,SS,Imtiyaz Jaleel,AIMIM,FALSE
2004,Maharashtra,Baramati,Sharad Pawar,NCP,,,
2009,Maharashtra,Baramati,Supriya Sule,NCP,Sharad Pawar,NCP,FALSE
2014,Maharashtra,Baramati,Supriya Sule,NCP,Supriya Sule,NCP,TRUE
2019,Maharashtra,Baramati,Supriya Sule,NCP,Supriya Sule,NCP,TRUE
2024,Maharashtra,Baramati,Supriya Sule,NCP-SP,Supriya Sule,NCP,TRUE
2004,Maharashtra,Beed,Jaisingrao Gaikwad Patil,NCP,,,
2009,Maharashtra,Beed,Gopinath Munde,BJP,Jaisingrao Gaikwad Patil,NCP,FALSE
2014,Maharashtra,Beed,Gopinath Munde,BJP,Gopinath Munde,BJP,TRUE
2019,Maharashtra,Beed,Pritam Munde,BJP,Gopinath Munde,BJP,FALSE
2024,Maharashtra,Beed,Bajrang Manohar Sonwane,NCP-SP,Pritam Munde,BJP,FALSE
2004,Maharashtra,Bhandara,Shishupal Patle,BJP,,,
2009,Maharashtra,Bhandara-Gondiya,Praful Patel,NCP,,,
2014,Maharashtra,Bhandara-Gondiya,Nanabhau Falgunrao Patole,BJP,Praful Patel,NCP,FALSE
2019,Maharashtra,Bhandara-Gondiya,Sunil Baburao Mendhe,BJP,Nanabhau Falgunrao Patole,BJP,FALSE
2024,Maharashtra,Bhandara-Gondiya,Prashant Yadaorao Padole,INC,Sunil Baburao Mendhe,BJP,FALSE
2009,Maharashtra,Bhiwandi,Suresh Kashinath Taware,INC,,,
2014,Maharashtra,Bhiwandi,Kapil Moreshwar Patil,BJP,Suresh Kashinath Taware,INC,FALSE
2019,Maharashtra,Bhiwandi,Kapil Patil,BJP,Kapil Moreshwar Patil,BJP,FALSE
2024,Maharashtra,Bhiwandi,Suresh Mhatre,NCP-SP,Kapil Patil,BJP,FALSE
2004,Maharashtra,Buldhana,Anandrao Vithoba Adsul,SS,,,
2009,Maharashtra,Buldhana,Prataprao Ganpatrao Jadhav,SS,Anandrao Vithoba Adsul,SS,FALSE
2014,Maharashtra,Buldhana,Jadhav Prataprao Ganpatrao,SS,Prataprao Ganpatrao Jadhav,SS,FALSE
2019,Maharashtra,Buldhana,Prataprao Jadhav,SS,Jadhav Prataprao Ganpatrao,SS,FALSE
2024,Maharashtra,Buldhana,Prataprao Ganpatrao Jadhav,SS,Prataprao Jadhav,SS,FALSE
2004,Maharashtra,Chandrapur,Hansraj Gangaram Ahir,BJP,,,
2009,Maharashtra,Chandrapur,Hansraj Gangaram Ahir,BJP,Hansraj Gangaram Ahir,BJP,TRUE
2014,Maharashtra,Chandrapur,Ahir Hansraj Gangaram,BJP,Hansraj Gangaram Ahir,BJP,FALSE
2019,Maharashtra,Chandrapur,Suresh Dhanorkar,INC,Ahir Hansraj Gangaram,BJP,FALSE
2024,Maharashtra,Chandrapur,Pratibha Dhanorkar,INC,Suresh Dhanorkar,INC,FALSE
2004,Maharashtra,Chimur,Mahadeo Shivankar,BJP,,,
2004,Maharashtra,Dahanu,Damodar Shingada,INC,,,
2004,Maharashtra,Dhule,Bapu Hari Chaure,INC,,,
2009,Maharashtra,Dhule,Pratap Narayanrao Sonawane,BJP,Bapu Hari Chaure,INC,FALSE
2014,Maharashtra,Dhule,Dr. Bhamre Subhash Ramrao,BJP,Pratap Narayanrao Sonawane,BJP,FALSE
2019,Maharashtra,Dhule,Subhash Bhamre,BJP,Dr. Bhamre Subhash Ramrao,BJP,FALSE
2024,Maharashtra,Dhule,Bachhav Shobha Dinesh,INC,Subhash Bhamre,BJP,FALSE
2009,Maharashtra,Dindori,Harischandra Devram Chavan,BJP,,,
2014,Maharashtra,Dindori,Chavan Harishchandra Deoram,BJP,Harischandra Devram Chavan,BJP,FALSE
2019,Maharashtra,Dindori,Bharati Pawar,BJP,Chavan Harishchandra Deoram,BJP,FALSE
2024,Maharashtra,Dindori,Bhaskar Murlidhar Bhagare,NCP-SP,Bharati Pawar,BJP,FALSE
2004,Maharashtra,Erandol,Annasaheb M. K. Patil,BJP,,,
2009,Maharashtra,Gadchiroli-Chimur,Marotrao Kowase,INC,,,
2014,Maharashtra,Gadchiroli-Chimur,Ashok Mahadeorao Nete,BJP,Marotrao Kowase,INC,FALSE
2019,Maharashtra,Gadchiroli-Chimur,Ashok Nete,BJP,Ashok Mahadeorao Nete,BJP,FALSE
2024,Maharashtra,Gadchiroli-Chimur,Kirsan Namdeo,INC,Ashok Nete,BJP,FALSE
2009,Maharashtra,Hatkanangle,Raju Shetti,Swabhimani Paksha,,,
2014,Maharashtra,Hatkanangle,Raju Shetty,Swabhimani Paksha,Raju Shetti,Swabhimani Paksha,FALSE
2019,Maharashtra,Hatkanangle,Dhairyashil Mane,SS,Raju Shetty,Swabhimani Paksha,FALSE
2024,Maharashtra,Hatkanangle,Dhairyasheel Sambhajirao Mane,SS,Dhairyashil Mane,SS,FALSE
2004,Maharashtra,Hingoli,Suryakanta Patil,NCP,,,
2009,Maharashtra,Hingoli,Subhash Wankhede,SS,Suryakanta Patil,NCP,FALSE
2014,Maharashtra,Hingoli,Rajeev Satav,INC,Subhash Wankhede,SS,FALSE
2019,Maharashtra,Hingoli,Hemant Patil,SS,Rajeev Satav,INC,FALSE
2024,Maharashtra,Hingoli,Nagesh Bapurao Patil Ashtikar,Ss(Ubt),Hemant Patil,SS,FALSE
2004,Maharashtra,Ichalkaranji,Nivedita Mane,NCP,,,
2004,Maharashtra,Jalgaon,Y. G. Mahajan,BJP,,,
2009,Maharashtra,Jalgaon,AT Nana Patil,BJP,Y. G. Mahajan,BJP,FALSE
2014,Maharashtra,Jalgaon,A.T. Nana Patil,BJP,AT Nana Patil,BJP,FALSE
2019,Maharashtra,Jalgaon,Unmesh Patil,BJP,A.T. Nana Patil,BJP,FALSE
2024,Maharashtra,Jalgaon,Smita Wagh,BJP,Unmesh Patil,BJP,FALSE
2004,Maharashtra,Jalna,Raosaheb Danve,BJP,,,
2009,Maharashtra,Jalna,Raosaheb Danve,BJP,Raosaheb Danve,BJP,TRUE
2014,Maharashtra,Jalna,Danve Raosaheb,BJP,Raosaheb Danve,BJP,FALSE
2019,Maharashtra,Jalna,Raosaheb Danve,BJP,Danve Raosaheb,BJP,FALSE
2024,Maharashtra,Jalna,Kalyan Vaijinathrao Kale,INC,Raosaheb Danve,BJP,FALSE
2009,Maharashtra,Kalyan,Anand Paranjpe,SS,,,
2014,Maharashtra,Kalyan,Dr.Shrikant Eknath Shinde,SS,Anand Paranjpe,SS,FALSE
2019,Maharashtra,Kalyan,Shrikant Shinde,SS,Dr.Shrikant Eknath Shinde,SS,FALSE
2024,Maharashtra,Kalyan,Shrikant Shinde,SS,Shrikant Shinde,SS,TRUE
2004,Maharashtra,Karad,Shriniwas Patil,NCP,,,
2004,Maharashtra,Khed,Shivajirao Adhalarao Patil,SS,,,
2004,Maharashtra,Kolaba,A. R. Antulay,INC,,,
2004,Maharashtra,Kolhapur,Sadashivrao Mandlik,NCP,,,
2009,Maharashtra,Kolhapur,Sadashivrao Mandlik,IND,Sadashivrao Mandlik,NCP,TRUE
2014,Maharashtra,Kolhapur,Dhananjay Mahadik,NCP,Sadashivrao Mandlik,IND,FALSE
2019,Maharashtra,Kolhapur,Sanjay Mandlik,SS,Dhananjay Mahadik,NCP,FALSE
2024,Maharashtra,Kolhapur,Chhatrapati Shahuji Maharaj,INC,Sanjay Mandlik,SS,FALSE
2004,Maharashtra,Kopargaon,Balasaheb Vikhe Patil,INC,,,
2004,Maharashtra,Latur,Rupatai Patil,BJP,,,
2009,Maharashtra,Latur,Jaywantrao Awale,INC,Rupatai Patil,BJP,FALSE
2014,Maharashtra,Latur,Dr. Sunil Baliram Gaikwad,BJP,Jaywantrao Awale,INC,FALSE
2019,Maharashtra,Latur,Sudhakar Shrungare,BJP,Dr. Sunil Baliram Gaikwad,BJP,FALSE
2024,Maharashtra,Latur,Kalge Shivaji Bandappa,INC,Sudhakar Shrungare,BJP,FALSE
2009,Maharashtra,Madha,Sharad Pawar,NCP,,,
2014,Maharashtra,Madha,Mohite Patil Vijaysinh Shankarrao,NCP,Sharad Pawar,NCP,FALSE
2019,Maharashtra,Madha,Ranjit Naik-Nimbalkar,BJP,Mohite Patil Vijaysinh Shankarrao,NCP,FALSE
2024,Maharashtra,Madha,Dhairyasheel Patil,NCP-SP,Ranjit Naik-Nimbalkar,BJP,FALSE
2004,Maharashtra,Malegaon,Harischandra Chavan,BJP,,,
2009,Maharashtra,Maval,Gajanan Babar,SS,,,
2014,Maharashtra,Maval,Shrirang Barne,SS,Gajanan Babar,SS,FALSE
2019,Maharashtra,Maval,Shrirang Barne,SS,Shrirang Barne,SS,TRUE
2024,Maharashtra,Maval,Shrirang Barne,SS,Shrirang Barne,SS,TRUE
2004,Maharashtra,Mumbai North,Govinda,INC,,,
2009,Maharashtra,Mumbai North,Sanjay Nirupam,INC,Govinda,INC,FALSE
2019,Maharashtra,Mumbai North,Gopal Shetty,BJP,Sanjay Nirupam,INC,FALSE
2024,Maharashtra,Mumbai North,Piyush Goyal,BJP,Gopal Shetty,BJP,FALSE
2004,Maharashtra,Mumbai North Central,Eknath Gaikwad,INC,,,
2009,Maharashtra,Mumbai North Central,Priya Dutt,INC,Eknath Gaikwad,INC,FALSE
2019,Maharashtra,Mumbai North Central,Poonam Mahajan,BJP,Priya Dutt,INC,FALSE
2024,Maharashtra,Mumbai North Central,Varsha Gaikwad,INC,Poonam Mahajan,BJP,FALSE
2004,Maharashtra,Mumbai North East,Gurudas Kamat,INC,,,
2009,Maharashtra,Mumbai North East,Sanjay Dina Patil,NCP,Gurudas Kamat,INC,FALSE
2019,Maharashtra,Mumbai North East,Manoj Kotak,BJP,Sanjay Dina Patil,NCP,FALSE
2024,Maharashtra,Mumbai North East,Sanjay Dina Patil,Ss(Ubt),Manoj Kotak,BJP,FALSE
2004,Maharashtra,Mumbai North West,Sunil Dutt,INC,,,
2009,Maharashtra,Mumbai North West,Gurudas Kamat,INC,Sunil Dutt,INC,FALSE
2019,Maharashtra,Mumbai North West,Gajanan Kirtikar,SS,Gurudas Kamat,INC,FALSE
2024,Maharashtra,Mumbai North West,Ravindra Waikar,SS,Gajanan Kirtikar,SS,FALSE
2004,Maharashtra,Mumbai South,Milind Deora,INC,,,
2009,Maharashtra,Mumbai South,Milind Deora,INC,Milind Deora,INC,TRUE
2019,Maharashtra,Mumbai South,Arvind Sawant,SS,Milind Deora,INC,FALSE
2024,Maharashtra,Mumbai South,Arvind Sawant,Ss(Ubt),Arvind Sawant,SS,TRUE
2004,Maharashtra,Mumbai South Central,Mohan Rawale,SS,,,
2009,Maharashtra,Mumbai South Central,Eknath Gaikwad,INC,Mohan Rawale,SS,FALSE
2019,Maharashtra,Mumbai South Central,Rahul Shewale,SS,Eknath Gaikwad,INC,FALSE
2024,Maharashtra,Mumbai South Central,Anil Desai,Ss(Ubt),Rahul Shewale,SS,FALSE
2014,Maharashtra,Mumbai-North,Gopal Chinayya Shetty,BJP,,,
2014,Maharashtra,Mumbai-North-Central,Poonam Mahajan,BJP,,,
2014,Maharashtra,Mumbai-North-East,Kirit Somaiya,BJP,,,
2014,Maharashtra,Mumbai-North-West,Gajanan Chandrakant Kirtikar,SS,,,
2014,Maharashtra,Mumbai-South,Arvind Sawant,SS,,,
2014,Maharashtra,Mumbai-South-Central,Rahul Ramesh Shewale,SS,,,
2004,Maharashtra,Nagpur,Vilas Muttemwar,INC,,,
2009,Maharashtra,Nagpur,Vilas Muttemwar,INC,Vilas Muttemwar,INC,TRUE
2014,Maharashtra,Nagpur,Gadkari Nitin Jairam,BJP,Vilas Muttemwar,INC,FALSE
2019,Maharashtra,Nagpur,Nitin Gadkari,BJP,Gadkari Nitin Jairam,BJP,FALSE
2024,Maharashtra,Nagpur,Nitin Gadkari,BJP,Nitin Gadkari,BJP,TRUE
2004,Maharashtra,Nanded,Digamber Bapuji Patil,BJP,,,
2009,Maharashtra,Nanded,Bhaskarrao Khatgaonkar,INC,Digamber Bapuji Patil,BJP,FALSE
2014,Maharashtra,Nanded,Ashok Chavan,INC,Bhaskarrao Khatgaonkar,INC,FALSE
2019,Maharashtra,Nanded,Prataprao Chikhalikar,BJP,Ashok Chavan,INC,FALSE
2024,Maharashtra,Nanded,Vasantrao Balwantrao Chavan,INC,Prataprao Chikhalikar,BJP,FALSE
2004,Maharashtra,Nandurbar,Manikrao Gavit,INC,,,
2009,Maharashtra,Nandurbar,Manikrao Hodlya Gavit,INC,Manikrao Gavit,INC,FALSE
2014,Maharashtra,Nandurbar,Dr.Gavit Heena Vaijaykumar,BJP,Manikrao Hodlya Gavit,INC,FALSE
2019,Maharashtra,Nandurbar,Heena Gavit,BJP,Dr.Gavit Heena Vaijaykumar,BJP,FALSE
2024,Maharashtra,Nandurbar,Gowaal Kagada Padavi,INC,Heena Gavit,BJP,FALSE
2004,Maharashtra,Nashik,Devidas Pingale,NCP,,,
2009,Maharashtra,Nashik,Sameer Bhujbal,NCP,Devidas Pingale,NCP,FALSE
2014,Maharashtra,Nashik,Godse Hemant Tukaram,SS,Sameer Bhujbal,NCP,FALSE
2019,Maharashtra,Nashik,Hemant Godse,SS,Godse Hemant Tukaram,SS,FALSE
2024,Maharashtra,Nashik,Rajabhau Waje,Ss(Ubt),Hemant Godse,SS,FALSE
2004,Maharashtra,Osmanabad,Kalpana Narhire,SS,,,
2009,Maharashtra,Osmanabad,Padamsinha Patil,NCP,Kalpana Narhire,SS,FALSE
2014,Maharashtra,Osmanabad,Gaikwad Ravindra Vishwanath,SS,Padamsinha Patil,NCP,FALSE
2019,Maharashtra,Osmanabad,Omraje Nimbalkar,SS,Gaikwad Ravindra Vishwanath,SS,FALSE
2024,Maharashtra,Osmanabad,Omprakash Rajenimbalkar,Ss(Ubt),Omraje Nimbalkar,SS,FALSE
2009,Maharashtra,Palghar,Baliram Jadhav,Bahujan Vikas Aaghadi,,,
2014,Maharashtra,Palghar,Adv. Chintaman Navasha Wanga,BJP,Baliram Jadhav,Bahujan Vikas Aaghadi,FALSE
2019,Maharashtra,Palghar,Rajendra Gavit,SS,Adv. Chintaman Navasha Wanga,BJP,FALSE
2024,Maharashtra,Palghar,Hemant Vishnu Savara,BJP,Rajendra Gavit,SS,FALSE
2004,Maharashtra,Pandharpur,Ramdas Athawale,Republican Party Of India (A),,,
2004,Maharashtra,Parbhani,Tukaram Renge Patil,SS,,,
2009,Maharashtra,Parbhani,Ganeshrao Dudhgaonkar,SS,Tukaram Renge Patil,SS,FALSE
2014,Maharashtra,Parbhani,Jadhav Sanjay (Bandu) Haribhau,SS,Ganeshrao Dudhgaonkar,SS,FALSE
2019,Maharashtra,Parbhani,Sanjay Jadhav,SS,Jadhav Sanjay (Bandu) Haribhau,SS,FALSE
2024,Maharashtra,Parbhani,Sanjay Jadhav,Ss(Ubt),Sanjay Jadhav,SS,TRUE
2004,Maharashtra,Pune,Suresh Kalmadi,INC,,,
2009,Maharashtra,Pune,Suresh Kalmadi,INC,Suresh Kalmadi,INC,TRUE
2014,Maharashtra,Pune,Anil Shirole,BJP,Suresh Kalmadi,INC,FALSE
2019,Maharashtra,Pune,Girish Bapat,BJP,Anil Shirole,BJP,FALSE
2024,Maharashtra,Pune,Murlidhar Mohol,BJP,Girish Bapat,BJP,FALSE
2009,Maharashtra,Raigad,Anant Geete,SS,,,
2014,Maharashtra,Raigad,Anant Geete,SS,Anant Geete,SS,TRUE
2019,Maharashtra,Raigad,Sunil Tatkare,NCP,Anant Geete,SS,FALSE
2024,Maharashtra,Raigad,Sunil Tatkare,NCP,Sunil Tatkare,NCP,TRUE
2004,Maharashtra,Rajapur,Suresh Prabhu,SS,,,
2004,Maharashtra,Ramtek,Subodh Mohite,SS,,,
2009,Maharashtra,Ramtek,Mukul Wasnik,INC,Subodh Mohite,SS,FALSE
2014,Maharashtra,Ramtek,Krupal Balaji Tumane,SS,Mukul Wasnik,INC,FALSE
2019,Maharashtra,Ramtek,Krupal Tumane,SS,Krupal Balaji Tumane,SS,FALSE
2024,Maharashtra,Ramtek,Shyamkumar Barve,INC,Krupal Tumane,SS,FALSE
2004,Maharashtra,Ratnagiri,Anant Geete,SS,,,
2009,Maharashtra,Ratnagiri-Sindhudurg,Nilesh Narayan Rane,INC,,,
2014,Maharashtra,Ratnagiri-Sindhudurg,Vinayak Bhaurao Raut,SS,Nilesh Narayan Rane,INC,FALSE
2019,Maharashtra,Ratnagiri-Sindhudurg,Vinayak Raut,SS,Vinayak Bhaurao Raut,SS,FALSE
2024,Maharashtra,Ratnagiri-Sindhudurg,Narayan Rane,BJP,Vinayak Raut,SS,FALSE
2009,Maharashtra,Raver,Haribhau Jawale,BJP,,,
2014,Maharashtra,Raver,Khadase Raksha Nikhil,BJP,Haribhau Jawale,BJP,FALSE
2019,Maharashtra,Raver,Raksha Khadase,BJP,Khadase Raksha Nikhil,BJP,FALSE
2024,Maharashtra,Raver,Raksha Khadse,BJP,Raksha Khadase,BJP,FALSE
2004,Maharashtra,Sangli,Prakashbapu Vasantdada Patil,INC,,,
2009,Maharashtra,Sangli,Pratik Patil,INC,Prakashbapu Vasantdada Patil,INC,FALSE
2014,Maharashtra,Sangli,Sanjaykaka Patil,BJP,Pratik Patil,INC,FALSE
2019,Maharashtra,Sangli,Sanjaykaka Patil,BJP,Sanjaykaka Patil,BJP,TRUE
2024,Maharashtra,Sangli,Vishal Prakashbapu Patil,IND,Sanjaykaka Patil,BJP,FALSE
2004,Maharashtra,Satara,Laxmanrao Pandurang Jadhav (Patil),NCP,,,
2009,Maharashtra,Satara,Udayanraje Bhosale,NCP,Laxmanrao Pandurang Jadhav (Patil),NCP,FALSE
2014,Maharashtra,Satara,Udayanraje Bhosale,NCP,Udayanraje Bhosale,NCP,TRUE
2019,Maharashtra,Satara,Udayanraje Bhosale,NCP,Udayanraje Bhosale,NCP,TRUE
2024,Maharashtra,Satara,Shrimant Chhatrapati Udayanraje Pratapsinhmaharaj Bhonsle,BJP,Udayanraje Bhosale,NCP,FALSE
2009,Maharashtra,Shirdi,Bhausaheb Wakchaure,SS,,,
2014,Maharashtra,Shirdi,Sadashiv Lokhande,SS,Bhausaheb Wakchaure,SS,FALSE
2019,Maharashtra,Shirdi,Sadashiv Lokhande,SS,Sadashiv Lokhande,SS,TRUE
2024,Maharashtra,Shirdi,Bhausaheb Rajaram Wakchaure,Ss(Ubt),Sadashiv Lokhande,SS,FALSE
2009,Maharashtra,Shirur,Shivajirao Adhalarao Patil,SS,,,
2014,Maharashtra,Shirur,Adhalrao Shivaji Dattatrey,SS,Shivajirao Adhalarao Patil,SS,FALSE
2019,Maharashtra,Shirur,Amol Kolhe,NCP,Adhalrao Shivaji Dattatrey,SS,FALSE
2024,Maharashtra,Shirur,Amol Kolhe,NCP-SP,Amol Kolhe,NCP,TRUE
2004,Maharashtra,Sholapur,Subhash Sureshchandra Deshmukh,BJP,,,
2009,Maharashtra,Solapur,Sushilkumar Shinde,INC,,,
2014,Maharashtra,Solapur,Sharad Bansode,BJP,Sushilkumar Shinde,INC,FALSE
2019,Maharashtra,Solapur,Jaisidhesvar Swami,BJP,Sharad Bansode,BJP,FALSE
2024,Maharashtra,Solapur,Praniti Shinde,INC,Jaisidhesvar Swami,BJP,FALSE
2004,Maharashtra,Thane,Prakash Paranjape,SS,,,
2009,Maharashtra,Thane,Sanjeev Naik,NCP,Prakash Paranjape,SS,FALSE
2014,Maharashtra,Thane,Vichare Rajan Baburao,SS,Sanjeev Naik,NCP,FALSE
2019,Maharashtra,Thane,Rajan Vichare,SS,Vichare Rajan Baburao,SS,FALSE
2024,Maharashtra,Thane,Naresh Mhaske,SS,Rajan Vichare,SS,FALSE
2004,Maharashtra,Wardha,Suresh Wagmare,BJP,,,
2009,Maharashtra,Wardha,Datta Meghe,INC,Suresh Wagmare,BJP,FALSE
2014,Maharashtra,Wardha,Ramdas Chandrabhanji Tadas,BJP,Datta Meghe,INC,FALSE
2019,Maharashtra,Wardha,Ramdas Tadas,BJP,Ramdas Chandrabhanji Tadas,BJP,FALSE
2024,Maharashtra,Wardha,Amar Sharadrao Kale,NCP-SP,Ramdas Tadas,BJP,FALSE
2004,Maharashtra,Washim,Bhavana Gawali,SS,,,
2004,Maharashtra,Yavatmal,Harising Nasaru Rathod,BJP,,,
2009,Maharashtra,Yavatmal-Washim,Bhavana Gawali,SS,,,
2014,Maharashtra,Yavatmal-Washim,Gawali Bhavana Pundlikra,SS,Bhavana Gawali,SS,FALSE
2019,Maharashtra,Yavatmal-Washim,Bhavana Gawali,SS,Gawali Bhavana Pundlikra,SS,FALSE
2024,Maharashtra,Yavatmal-Washim,Sanjay Uttamrao Deshmukh,Ss(Ubt),Bhavana Gawali,SS,FALSE
2004,Manipur,Inner Manipur,Thokchom Meinya,INC,,,
2009,Manipur,Inner Manipur,Thokchom Meinya,INC,Thokchom Meinya,INC,TRUE
2014,Manipur,Inner Manipur,Dr. Thokchom Meinya,INC,Thokchom Meinya,INC,FALSE
2019,Manipur,Inner Manipur,Rajkumar Ranjan Singh,BJP,Dr. Thokchom Meinya,INC,FALSE
2024,Manipur,Inner Manipur,Angomcha Bimol Akoijam,INC,Rajkumar Ranjan Singh,BJP,FALSE
2004,Manipur,Outer Manipur,Mani Charenamei,IND,,,
2009,Manipur,Outer Manipur,Thangso Baite,INC,Mani Charenamei,IND,FALSE
2014,Manipur,Outer Manipur,Thangso Baite,INC,Thangso Baite,INC,TRUE
2019,Manipur,Outer Manipur,Lorho S. Pfoze,Naga People'S Front,Thangso Baite,INC,FALSE
2024,Manipur,Outer Manipur,Alfred Kan-Ngam Arthur,INC,Lorho S. Pfoze,Naga People'S Front,FALSE
2004,Meghalaya,Shillong,Paty Ripple Kyndiah,INC,,,
2009,Meghalaya,Shillong,Vincent Pala,INC,Paty Ripple Kyndiah,INC,FALSE
2014,Meghalaya,Shillong,Vincent H. Pala,INC,Vincent Pala,INC,FALSE
2019,Meghalaya,Shillong,Vincent Pala,INC,Vincent H. Pala,INC,FALSE
2024,Meghalaya,Shillong,Ricky AJ Syngkon,VPP,Vincent Pala,INC,FALSE
2004,Meghalaya,Tura,Purno Agitok Sangma,TMC,,,
2009,Meghalaya,Tura,Agatha Sangma,NCP,Purno Agitok Sangma,TMC,FALSE
2014,Meghalaya,Tura,Purno Agitok Sangma,National People'S Party,Agatha Sangma,NCP,FALSE
2019,Meghalaya,Tura,Agatha Sangma,National People'S Party,Purno Agitok Sangma,National People'S Party,FALSE
2024,Meghalaya,Tura,Saleng A. Sangma,INC,Agatha Sangma,National People'S Party,FALSE
2004,Mizoram,Mizoram,Vanlalzawma,Mizo National Front,,,
2009,Mizoram,Mizoram,C. L. Ruala,INC,Vanlalzawma,Mizo National Front,FALSE
2014,Mizoram,Mizoram,C. L. Ruala,INC,C. L. Ruala,INC,TRUE
2019,Mizoram,Mizoram,C. Lalrosanga,Mizo National Front,C. L. Ruala,INC,FALSE
2024,Mizoram,Mizoram,Richard Vanlalhmangaiha,ZPM,C. Lalrosanga,Mizo National Front,FALSE
2004,Nagaland,Nagaland,W. Wangyuh,Naga People'S Front,,,
2009,Nagaland,Nagaland,C. M. Chang,Naga People'S Front,W. Wangyuh,Naga People'S Front,FALSE
2014,Nagaland,Nagaland,Neiphiu Rio,Naga People'S Front,C. M. Chang,Naga People'S Front,FALSE
2019,Nagaland,Nagaland,Tokheho Yepthomi,Nationalist Democratic Progressive Party,Neiphiu Rio,Naga People'S Front,FALSE
2024,Nagaland,Nagaland,S. Supongmeren Jamir,INC,Tokheho Yepthomi,Nationalist Democratic Progressive Party,FALSE
2004,Odisha,Aska,Hari Har Swain,BJD,,,
2009,Odisha,Aska,Nityananda Pradhan,BJD,Hari Har Swain,BJD,FALSE
2014,Odisha,Aska,Ladu Kishore Swain,BJD,Nityananda Pradhan,BJD,FALSE
2019,Odisha,Aska,Pramila Bisoyi,BJD,Ladu Kishore Swain,BJD,FALSE
2024,Odisha,Aska,Anita Subhadarshini,BJP,Pramila Bisoyi,BJD,FALSE
2004,Odisha,Balasore,Kharabela Swain,BJP,,,
2009,Odisha,Balasore,Srikant Kumar Jena,INC,Kharabela Swain,BJP,FALSE
2014,Odisha,Balasore,Rabindra Kumar Jena,BJD,Srikant Kumar Jena,INC,FALSE
2019,Odisha,Balasore,Pratap Chandra Sarangi,BJP,Rabindra Kumar Jena,BJD,FALSE
2024,Odisha,Balasore,Pratap Chandra Sarangi,BJP,Pratap Chandra Sarangi,BJP,TRUE
2009,Odisha,Bargarh,Sanjay Bhoi,INC,,,
2014,Odisha,Bargarh,Prabhas Kumar Singh,BJD,Sanjay Bhoi,INC,FALSE
2019,Odisha,Bargarh,Suresh Pujari,BJP,Prabhas Kumar Singh,BJD,FALSE
2024,Odisha,Bargarh,Pradeep Purohit,BJP,Suresh Pujari,BJP,FALSE
2004,Odisha,Berhampur,Chandra Sekhar Sahu,INC,,,
2009,Odisha,Berhampur,Siddhanta Mahapatra,BJD,Chandra Sekhar Sahu,INC,FALSE
2014,Odisha,Berhampur,Sidhant Mohapatra,BJD,Siddhanta Mahapatra,BJD,FALSE
2019,Odisha,Berhampur,Chandra Sekhar Sahu,BJD,Sidhant Mohapatra,BJD,FALSE
2024,Odisha,Berhampur,Pradeep Kumar Panigrahy,BJP,Chandra Sekhar Sahu,BJD,FALSE
2004,Odisha,Bhadrak,Arjun Charan Sethi,BJD,,,
2009,Odisha,Bhadrak,Arjun Charan Sethi,BJD,Arjun Charan Sethi,BJD,TRUE
2014,Odisha,Bhadrak,Arjun Charan Sethi,BJD,Arjun Charan Sethi,BJD,TRUE
2019,Odisha,Bhadrak,Manjulata Mandal,BJD,Arjun Charan Sethi,BJD,FALSE
2024,Odisha,Bhadrak,Avimanyu Sethi,BJP,Manjulata Mandal,BJD,FALSE
2004,Odisha,Bhubaneswar,Prasanna Kumar Patasani,BJD,,,
2009,Odisha,Bhubaneswar,Prasanna Kumar Patasani,BJD,Prasanna Kumar Patasani,BJD,TRUE
2014,Odisha,Bhubaneswar,Prasanna Kumar Patasani,BJD,Prasanna Kumar Patasani,BJD,TRUE
2019,Odisha,Bhubaneswar,Aparajita Sarangi,BJP,Prasanna Kumar Patasani,BJD,FALSE
2024,Odisha,Bhubaneswar,Aparajita Sarangi,BJP,Aparajita Sarangi,BJP,TRUE
2004,Odisha,Bolangir,Sangeeta Kumari Singh Deo,BJP,,,
2009,Odisha,Bolangir,Kalikesh Narayan Singh Deo,BJD,Sangeeta Kumari Singh Deo,BJP,FALSE
2014,Odisha,Bolangir,Kalikesh Narayan Singh Deo,BJD,Kalikesh Narayan Singh Deo,BJD,TRUE
2019,Odisha,Bolangir,Sangeeta Kumari Singh Deo,BJP,Kalikesh Narayan Singh Deo,BJD,FALSE
2024,Odisha,Bolangir,Sangeeta Kumari Singh Deo,BJP,Sangeeta Kumari Singh Deo,BJP,TRUE
2004,Odisha,Cuttack,Bhartruhari Mahtab,BJD,,,
2009,Odisha,Cuttack,Bhartruhari Mahtab,BJD,Bhartruhari Mahtab,BJD,TRUE
2014,Odisha,Cuttack,Bhartruhari Mahatab,BJD,Bhartruhari Mahtab,BJD,FALSE
2019,Odisha,Cuttack,Bhartruhari Mahtab,BJD,Bhartruhari Mahatab,BJD,FALSE
2024,Odisha,Cuttack,Bhartruhari Mahtab,BJP,Bhartruhari Mahtab,BJD,TRUE
2004,Odisha,Deogarh,Dharmendra Pradhan,BJP,,,
2004,Odisha,Dhenkanal,Tathagata Satpathy,BJD,,,
2009,Odisha,Dhenkanal,Tathagata Satpathy,BJD,Tathagata Satpathy,BJD,TRUE
2014,Odisha,Dhenkanal,Tathagata Satpathy,BJD,Tathagata Satpathy,BJD,TRUE
2019,Odisha,Dhenkanal,Mahesh Sahoo,BJD,Tathagata Satpathy,BJD,FALSE
2024,Odisha,Dhenkanal,Rudra Narayan Pany,BJP,Mahesh Sahoo,BJD,FALSE
2004,Odisha,Jagatsinghpur,Brahmananda Panda,BJD,,,
2009,Odisha,Jagatsinghpur,Bibhu Prasad Tarai,CPI,Brahmananda Panda,BJD,FALSE
2014,Odisha,Jagatsinghpur,Kulamani Samal,BJD,Bibhu Prasad Tarai,CPI,FALSE
2019,Odisha,Jagatsinghpur,Rajashree Mallick,BJD,Kulamani Samal,BJD,FALSE
2024,Odisha,Jagatsinghpur,Bibhu Prasad Tarai,BJP,Rajashree Mallick,BJD,FALSE
2004,Odisha,Jajpur,Mohan Jena,BJD,,,
2009,Odisha,Jajpur,Mohan Jena,BJD,Mohan Jena,BJD,TRUE
2014,Odisha,Jajpur,Rita Tarai,BJD,Mohan Jena,BJD,FALSE
2019,Odisha,Jajpur,Sarmistha Sethi,BJD,Rita Tarai,BJD,FALSE
2024,Odisha,Jajpur,Rabindra Narayan Behera,BJP,Sarmistha Sethi,BJD,FALSE
2004,Odisha,Kalahandi,Bikram Keshari Deo,BJP,,,
2009,Odisha,Kalahandi,Bhakta Charan Das,INC,Bikram Keshari Deo,BJP,FALSE
2014,Odisha,Kalahandi,Arka Keshari Deo,BJD,Bhakta Charan Das,INC,FALSE
2019,Odisha,Kalahandi,Basanta Kumar Panda,BJP,Arka Keshari Deo,BJD,FALSE
2024,Odisha,Kalahandi,Malvika Devi,BJP,Basanta Kumar Panda,BJP,FALSE
2009,Odisha,Kandhamal,Rudra Madhab Ray,BJD,,,
2014,Odisha,Kandhamal,Hemendra Chandra Singh,BJD,Rudra Madhab Ray,BJD,FALSE
2019,Odisha,Kandhamal,Achyutananda Samanta,BJD,Hemendra Chandra Singh,BJD,FALSE
2024,Odisha,Kandhamal,Sukanta Kumar Panigrahi,BJP,Achyutananda Samanta,BJD,FALSE
2004,Odisha,Kendrapara,Archana Nayak,BJD,,,
2009,Odisha,Kendrapara,Baijayant Panda,BJD,Archana Nayak,BJD,FALSE
2014,Odisha,Kendrapara,Baijayant Panda,BJD,Baijayant Panda,BJD,TRUE
2019,Odisha,Kendrapara,Anubhav Mohanty,BJD,Baijayant Panda,BJD,FALSE
2024,Odisha,Kendrapara,Baijayant Panda,BJP,Anubhav Mohanty,BJD,FALSE
2004,Odisha,Keonjhar,Ananta Nayak,BJP,,,
2009,Odisha,Keonjhar,Yashbant Narayan Singh Laguri,BJD,Ananta Nayak,BJP,FALSE
2014,Odisha,Keonjhar,Sakuntala Laguri,BJD,Yashbant Narayan Singh Laguri,BJD,FALSE
2019,Odisha,Keonjhar,Chandrani Murmu,BJD,Sakuntala Laguri,BJD,FALSE
2024,Odisha,Keonjhar,Ananta Nayak,BJP,Chandrani Murmu,BJD,FALSE
2004,Odisha,Koraput,Giridhar Gamang,INC,,,
2009,Odisha,Koraput,Jayaram Pangi,BJD,Giridhar Gamang,INC,FALSE
2014,Odisha,Koraput,Jhina Hikaka,BJD,Jayaram Pangi,BJD,FALSE
2019,Odisha,Koraput,Saptagiri Ulaka,INC,Jhina Hikaka,BJD,FALSE
2024,Odisha,Koraput,Saptagiri Sankar Ulaka,INC,Saptagiri Ulaka,INC,FALSE
2004,Odisha,Mayurbhanj,Sudam Marndi,JMM,,,
2009,Odisha,Mayurbhanj,Laxman Tudu,BJD,Sudam Marndi,JMM,FALSE
2014,Odisha,Mayurbhanj,Rama Chandra Hansdah,BJD,Laxman Tudu,BJD,FALSE
2019,Odisha,Mayurbhanj,Bishweswar Tudu,BJP,Rama Chandra Hansdah,BJD,FALSE
2024,Odisha,Mayurbhanj,Naba Charan Majhi,BJP,Bishweswar Tudu,BJP,FALSE
2009,Odisha,Nabarangpur,Pradeep Kumar Majhi,INC,,,
2014,Odisha,Nabarangpur,Balabhadra Majhi,BJD,Pradeep Kumar Majhi,INC,FALSE
2019,Odisha,Nabarangpur,Ramesh Chandra Majhi,BJD,Balabhadra Majhi,BJD,FALSE
2024,Odisha,Nabarangpur,Balabhadra Majhi,BJP,Ramesh Chandra Majhi,BJD,FALSE
2004,Odisha,Nowrangpur,Parsuram Majhi,BJP,,,
2004,Odisha,Phulbani,Sugrib Singh,BJD,,,
2004,Odisha,Puri,Braja Kishore Tripathy,BJD,,,
2009,Odisha,Puri,Pinaki Misra,BJD,Braja Kishore Tripathy,BJD,FALSE
2014,Odisha,Puri,Pinaki Misra,BJD,Pinaki Misra,BJD,TRUE
2019,Odisha,Puri,Pinaki Mishra,BJD,Pinaki Misra,BJD,FALSE
2024,Odisha,Puri,Sambit Patra,BJP,Pinaki Mishra,BJD,FALSE
2004,Odisha,Sambalpur,Prasanna Acharya,BJD,,,
2009,Odisha,Sambalpur,Amarnath Pradhan,INC,Prasanna Acharya,BJD,FALSE
2014,Odisha,Sambalpur,Nagendra Kumar Pradhan,BJD,Amarnath Pradhan,INC,FALSE
2019,Odisha,Sambalpur,Nitesh Gangadev,BJP,Nagendra Kumar Pradhan,BJD,FALSE
2024,Odisha,Sambalpur,Dharmendra Pradhan,BJP,Nitesh Gangadev,BJP,FALSE
2004,Odisha,Sundargarh,Jual Oram,BJP,,,
2009,Odisha,Sundargarh,Hemananda Biswal,INC,Jual Oram,BJP,FALSE
2014,Odisha,Sundargarh,Jual Oram,BJP,Hemananda Biswal,INC,FALSE
2019,Odisha,Sundargarh,Jual Oram,BJP,Jual Oram,BJP,TRUE
2024,Odisha,Sundargarh,Jual Oram,BJP,Jual Oram,BJP,TRUE
2004,Puducherry,Puducherry,M. Ramadass,Pattali Makkal Katchi,,,
2009,Puducherry,Puducherry,V. Narayanasamy,INC,M. Ramadass,Pattali Makkal Katchi,FALSE
2014,Puducherry,Puducherry,R. Radhakrishnan,All India N.R. Congress,V. Narayanasamy,INC,FALSE
2019,Puducherry,Puducherry,V. Vaithilingam,INC,R. Radhakrishnan,All India N.R. Congress,FALSE
2024,Puducherry,Puducherry,V. Vaithilingam,INC,V. Vaithilingam,INC,TRUE
2004,Punjab,Amritsar,Navjot Singh Sidhu,BJP,,,
2009,Punjab,Amritsar,Navjot Singh Sidhu,BJP,Navjot Singh Sidhu,BJP,TRUE
2014,Punjab,Amritsar,Captain Amarinder Singh,INC,Navjot Singh Sidhu,BJP,FALSE
2019,Punjab,Amritsar,Gurjeet Singh Aujla,INC,Captain Amarinder Singh,INC,FALSE
2024,Punjab,Amritsar,Gurjeet Singh Aujla,INC,Gurjeet Singh Aujla,INC,TRUE
2009,Punjab,Anandpur Sahib,Ravneet Singh Bittu,INC,,,
2014,Punjab,Anandpur Sahib,Prem Singh Chandumajra,SAD,Ravneet Singh Bittu,INC,FALSE
2019,Punjab,Anandpur Sahib,Manish Tiwari,INC,Prem Singh Chandumajra,SAD,FALSE
2024,Punjab,Anandpur Sahib,Malvinder Singh Kang,AAP,Manish Tiwari,INC,FALSE
2009,Punjab,Bathinda,Harsimrat Kaur Badal,SAD,,,
2014,Punjab,Bathinda,Harsimrat Kaur Badal,SAD,Harsimrat Kaur Badal,SAD,TRUE
2019,Punjab,Bathinda,Harsimrat Kaur Badal,SAD,Harsimrat Kaur Badal,SAD,TRUE
2024,Punjab,Bathinda,Harsimrat Kaur Badal,SAD,Harsimrat Kaur Badal,SAD,TRUE
2004,Punjab,Bhatinda,Paramjit Kaur Gulshan,SAD,,,
2004,Punjab,Faridkot,Sukhbir Singh Badal,SAD,,,
2009,Punjab,Faridkot,Paramjit Kaur Gulshan,SAD,Sukhbir Singh Badal,SAD,FALSE
2014,Punjab,Faridkot,Prof. Sadhu Singh,AAP,Paramjit Kaur Gulshan,SAD,FALSE
2019,Punjab,Faridkot,Muhammad Sadiq,INC,Prof. Sadhu Singh,AAP,FALSE
2024,Punjab,Faridkot,Sarabjeet Singh Khalsa,IND,Muhammad Sadiq,INC,FALSE
2009,Punjab,Fatehgarh Sahib,Sukhdev Singh Libra,INC,,,
2014,Punjab,Fatehgarh Sahib,Harinder Singh Khalsa,AAP,Sukhdev Singh Libra,INC,FALSE
2019,Punjab,Fatehgarh Sahib,Amar Singh,INC,Harinder Singh Khalsa,AAP,FALSE
2024,Punjab,Fatehgarh Sahib,Amar Singh,INC,Amar Singh,INC,TRUE
2004,Punjab,Ferozepur,Zora Singh Maan,SAD,,,
2009,Punjab,Ferozepur,Sher Singh Ghubaya,SAD,Zora Singh Maan,SAD,FALSE
2014,Punjab,Ferozpur,Sher Singh Ghubaya,SAD,,,
2019,Punjab,Ferozpur,Sukhbir Singh Badal,SAD,Sher Singh Ghubaya,SAD,FALSE
2024,Punjab,Ferozpur,Sher Singh Ghubaya,INC,Sukhbir Singh Badal,SAD,FALSE
2004,Punjab,Gurdaspur,Vinod Khanna,BJP,,,
2009,Punjab,Gurdaspur,Partap Singh Bajwa,INC,Vinod Khanna,BJP,FALSE
2014,Punjab,Gurdaspur,Vinod Khanna,BJP,Partap Singh Bajwa,INC,FALSE
2019,Punjab,Gurdaspur,Sunny Deol,BJP,Vinod Khanna,BJP,FALSE
2024,Punjab,Gurdaspur,Sukhjinder Singh Randhawa,INC,Sunny Deol,BJP,FALSE
2004,Punjab,Hoshiarpur,Avinash Rai Khanna,BJP,,,
2009,Punjab,Hoshiarpur,Santosh Chowdhary,INC,Avinash Rai Khanna,BJP,FALSE
2014,Punjab,Hoshiarpur,Vijay Sampla,BJP,Santosh Chowdhary,INC,FALSE
2019,Punjab,Hoshiarpur,Som Prakash,BJP,Vijay Sampla,BJP,FALSE
2024,Punjab,Hoshiarpur,Raj Kumar Chabbewal,AAP,Som Prakash,BJP,FALSE
2009,Punjab,Jalandhar,Mohinder Singh Kaypee,INC,,,
2014,Punjab,Jalandhar,Santokh Singh Chaudhary,INC,Mohinder Singh Kaypee,INC,FALSE
2019,Punjab,Jalandhar,Santokh Singh Chaudhary,INC,Santokh Singh Chaudhary,INC,TRUE
2024,Punjab,Jalandhar,Charanjit Singh Channi,INC,Santokh Singh Chaudhary,INC,FALSE
2004,Punjab,Jullundur,Rana Gurjeet Singh,INC,,,
2009,Punjab,Khadoor Sahib,Rattan Singh Ajnala,SAD,,,
2014,Punjab,Khadoor Sahib,Ranjit Singh Brahmpura,SAD,Rattan Singh Ajnala,SAD,FALSE
2019,Punjab,Khadoor Sahib,Jasbir Singh Gill,INC,Ranjit Singh Brahmpura,SAD,FALSE
2024,Punjab,Khadoor Sahib,Amritpal Singh,IND,Jasbir Singh Gill,INC,FALSE
2004,Punjab,Ludhiana,Sharanjit Singh Dhillon,SAD,,,
2009,Punjab,Ludhiana,Manish Tewari,INC,Sharanjit Singh Dhillon,SAD,FALSE
2014,Punjab,Ludhiana,Ravneet Singh Bittu,INC,Manish Tewari,INC,FALSE
2019,Punjab,Ludhiana,Ravneet Singh Bittu,INC,Ravneet Singh Bittu,INC,TRUE
2024,Punjab,Ludhiana,Amrinder Singh Raja Warring,INC,Ravneet Singh Bittu,INC,FALSE
2004,Punjab,Patiala,Preneet Kaur,INC,,,
2009,Punjab,Patiala,Preneet Kaur,INC,Preneet Kaur,INC,TRUE
2014,Punjab,Patiala,Dharam Vira Gandhi,AAP,Preneet Kaur,INC,FALSE
2019,Punjab,Patiala,Preneet Kaur,INC,Dharam Vira Gandhi,AAP,FALSE
2024,Punjab,Patiala,Dharamvira Gandhi,INC,Preneet Kaur,INC,FALSE
2004,Punjab,Phillaur,Charanjit Singh Atwal,SAD,,,
2004,Punjab,Ropar,Sukhdev Singh Libra,SAD,,,
2004,Punjab,Sangrur,Sukhdev Singh Dhindsa,SAD,,,
2009,Punjab,Sangrur,Vijay Inder Singla,INC,Sukhdev Singh Dhindsa,SAD,FALSE
2014,Punjab,Sangrur,Bhagwant Mann,AAP,Vijay Inder Singla,INC,FALSE
2019,Punjab,Sangrur,Bhagwant Mann,AAP,Bhagwant Mann,AAP,TRUE
2024,Punjab,Sangrur,Gurmeet Singh Meet Hayer,AAP,Bhagwant Mann,AAP,FALSE
2004,Punjab,Tarn Taran,Rattan Singh Ajnala,SAD,,,
2004,Rajasthan,Ajmer,Rasa Singh Rawat,BJP,,,
2009,Rajasthan,Ajmer,Sachin Pilot,INC,Rasa Singh Rawat,BJP,FALSE
2014,Rajasthan,Ajmer,Sanwar Lal Jat,BJP,Sachin Pilot,INC,FALSE
2019,Rajasthan,Ajmer,Bhagirath Choudhary,BJP,Sanwar Lal Jat,BJP,FALSE
2024,Rajasthan,Ajmer,Bhagirath Choudhary,BJP,Bhagirath Choudhary,BJP,TRUE
2004,Rajasthan,Alwar,Karan Singh Yadav,INC,,,
2009,Rajasthan,Alwar,Bhanwar Jitendra Singh,INC,Karan Singh Yadav,INC,FALSE
2014,Rajasthan,Alwar,Chand Nath,BJP,Bhanwar Jitendra Singh,INC,FALSE
2019,Rajasthan,Alwar,Balak Nath,BJP,Chand Nath,BJP,FALSE
2024,Rajasthan,Alwar,Bhupender Yadav,BJP,Balak Nath,BJP,FALSE
2004,Rajasthan,Banswara,Dhan Singh Rawat,BJP,,,
2009,Rajasthan,Banswara,Tarachand Bhagora,INC,Dhan Singh Rawat,BJP,FALSE
2014,Rajasthan,Banswara,Manshankar Ninama,BJP,Tarachand Bhagora,INC,FALSE
2019,Rajasthan,Banswara,Kanak Mal Katara,BJP,Manshankar Ninama,BJP,FALSE
2024,Rajasthan,Banswara,Rajkumar Roat,BAP,Kanak Mal Katara,BJP,FALSE
2004,Rajasthan,Barmer,Manvendra Singh,BJP,,,
2009,Rajasthan,Barmer,Harish Chaudhary,INC,Manvendra Singh,BJP,FALSE
2014,Rajasthan,Barmer,Col. Sona Ram,BJP,Harish Chaudhary,INC,FALSE
2019,Rajasthan,Barmer,Kailash Choudhary,BJP,Col. Sona Ram,BJP,FALSE
2024,Rajasthan,Barmer,Ummeda Ram Beniwal,INC,Kailash Choudhary,BJP,FALSE
2004,Rajasthan,Bayana,Ramswaroop Koli,BJP,,,
2004,Rajasthan,Bharatpur,Vishvendra Singh,BJP,,,
2009,Rajasthan,Bharatpur,Ratan Singh,INC,Vishvendra Singh,BJP,FALSE
2014,Rajasthan,Bharatpur,Bahadur Singh,BJP,Ratan Singh,INC,FALSE
2019,Rajasthan,Bharatpur,Ranjeeta Koli,BJP,Bahadur Singh,BJP,FALSE
2024,Rajasthan,Bharatpur,Sanjana Jatav,INC,Ranjeeta Koli,BJP,FALSE
2004,Rajasthan,Bhilwara,V. P. Singh Badnore,BJP,,,
2009,Rajasthan,Bhilwara,C. P. Joshi,INC,V. P. Singh Badnore,BJP,FALSE
2014,Rajasthan,Bhilwara,Subhash Baheria,BJP,C. P. Joshi,INC,FALSE
2019,Rajasthan,Bhilwara,Subhash Chandra Baheria,BJP,Subhash Baheria,BJP,FALSE
2024,Rajasthan,Bhilwara,Damodar Agarwal,BJP,Subhash Chandra Baheria,BJP,FALSE
2004,Rajasthan,Bikaner,Dharmendra,BJP,,,
2009,Rajasthan,Bikaner,Arjun Ram Meghwal,BJP,Dharmendra,BJP,FALSE
2014,Rajasthan,Bikaner,Arjun Ram Meghwal,BJP,Arjun Ram Meghwal,BJP,TRUE
2019,Rajasthan,Bikaner,Arjun Ram Meghwal,BJP,Arjun Ram Meghwal,BJP,TRUE
2024,Rajasthan,Bikaner,Arjun Ram Meghwal,BJP,Arjun Ram Meghwal,BJP,TRUE
2004,Rajasthan,Chittorgarh,Shrichand Kriplani,BJP,,,
2009,Rajasthan,Chittorgarh,Girija Vyas,INC,Shrichand Kriplani,BJP,FALSE
2014,Rajasthan,Chittorgarh,Chandra Prakash Joshi,BJP,Girija Vyas,INC,FALSE
2019,Rajasthan,Chittorgarh,Chandra Prakash Joshi,BJP,Chandra Prakash Joshi,BJP,TRUE
2024,Rajasthan,Chittorgarh,Chandra Prakash Joshi,BJP,Chandra Prakash Joshi,BJP,TRUE
2004,Rajasthan,Churu,Ram Singh Kaswan,BJP,,,
2009,Rajasthan,Churu,Ram Singh Kaswan,BJP,Ram Singh Kaswan,BJP,TRUE
2014,Rajasthan,Churu,Rahul Kaswan,BJP,Ram Singh Kaswan,BJP,FALSE
2019,Rajasthan,Churu,Rahul Kaswan,BJP,Rahul Kaswan,BJP,TRUE
2024,Rajasthan,Churu,Rahul Kaswan,INC,Rahul Kaswan,BJP,TRUE
2004,Rajasthan,Dausa,Sachin Pilot,INC,,,
2009,Rajasthan,Dausa,Kirodi Lal Meena,IND,Sachin Pilot,INC,FALSE
2014,Rajasthan,Dausa,Harish Chandra Meena,BJP,Kirodi Lal Meena,IND,FALSE
2019,Rajasthan,Dausa,Jaskaur Meena,BJP,Harish Chandra Meena,BJP,FALSE
2024,Rajasthan,Dausa,Murari Lal Meena,INC,Jaskaur Meena,BJP,FALSE
2004,Rajasthan,Ganganagar,Nihalchand Meghwal,BJP,,,
2009,Rajasthan,Ganganagar,Bharat Ram Meghwal,INC,Nihalchand Meghwal,BJP,FALSE
2014,Rajasthan,Ganganagar,Nihalchand,BJP,Bharat Ram Meghwal,INC,FALSE
2019,Rajasthan,Ganganagar,Nihalchand,BJP,Nihalchand,BJP,TRUE
2024,Rajasthan,Ganganagar,Kuldeep Indora,INC,Nihalchand,BJP,FALSE
2004,Rajasthan,Jaipur,Girdhari Lal Bhargava,BJP,,,
2009,Rajasthan,Jaipur,Mahesh Joshi,INC,Girdhari Lal Bhargava,BJP,FALSE
2014,Rajasthan,Jaipur,Ramcharan Bohara,BJP,Mahesh Joshi,INC,FALSE
2019,Rajasthan,Jaipur,Ramcharan Bohara,BJP,Ramcharan Bohara,BJP,TRUE
2024,Rajasthan,Jaipur,Manju Sharma,BJP,Ramcharan Bohara,BJP,FALSE
2009,Rajasthan,Jaipur Rural,Lal Chand Kataria,INC,,,
2014,Rajasthan,Jaipur Rural,Rajyavardhan Singh Rathore,BJP,Lal Chand Kataria,INC,FALSE
2019,Rajasthan,Jaipur Rural,Rajyavardhan Singh Rathore,BJP,Rajyavardhan Singh Rathore,BJP,TRUE
2024,Rajasthan,Jaipur Rural,Rao Rajendra Singh,BJP,Rajyavardhan Singh Rathore,BJP,FALSE
2004,Rajasthan,Jalore,Bangaru Susheela,BJP,,,
2009,Rajasthan,Jalore,Devji Patel,BJP,Bangaru Susheela,BJP,FALSE
2014,Rajasthan,Jalore,Devji Patel,BJP,Devji Patel,BJP,TRUE
2019,Rajasthan,Jalore,Devaji Patel,BJP,Devji Patel,BJP,FALSE
2024,Rajasthan,Jalore,Lumbaram Choudhary,BJP,Devaji Patel,BJP,FALSE
2004,Rajasthan,Jhalawar,Dushyant Singh,BJP,,,
2009,Rajasthan,Jhalawar-Baran,Dushyant Singh,BJP,,,
2014,Rajasthan,Jhalawar-Baran,Dushyant Singh,BJP,Dushyant Singh,BJP,TRUE
2019,Rajasthan,Jhalawar-Baran,Dushyant Singh,BJP,Dushyant Singh,BJP,TRUE
2024,Rajasthan,Jhalawar-Baran,Dushyant Singh,BJP,Dushyant Singh,BJP,TRUE
2004,Rajasthan,Jhunjhunu,Sis Ram Ola,INC,,,
2009,Rajasthan,Jhunjhunu,Sis Ram Ola,INC,Sis Ram Ola,INC,TRUE
2014,Rajasthan,Jhunjhunu,Santosh Ahlawat,BJP,Sis Ram Ola,INC,FALSE
2019,Rajasthan,Jhunjhunu,Narendra Kumar,BJP,Santosh Ahlawat,BJP,FALSE
2024,Rajasthan,Jhunjhunu,Brijendra Singh Ola,INC,Narendra Kumar,BJP,FALSE
2004,Rajasthan,Jodhpur,Jaswant Singh Bishnoi,BJP,,,
2009,Rajasthan,Jodhpur,Chandresh Kumari Katoch,INC,Jaswant Singh Bishnoi,BJP,FALSE
2014,Rajasthan,Jodhpur,Gajendrasingh Shekhawat,BJP,Chandresh Kumari Katoch,INC,FALSE
2019,Rajasthan,Jodhpur,Gajendra Singh Shekhawat,BJP,Gajendrasingh Shekhawat,BJP,FALSE
2024,Rajasthan,Jodhpur,Gajendra Singh Shekhawat,BJP,Gajendra Singh Shekhawat,BJP,TRUE
2009,Rajasthan,Karauli-Dholpur,Khiladi Lal Bairwa,INC,,,
2014,Rajasthan,Karauli-Dholpur,Manoj Rajoria,BJP,Khiladi Lal Bairwa,INC,FALSE
2019,Rajasthan,Karauli-Dholpur,Manoj Rajoria,BJP,Manoj Rajoria,BJP,TRUE
2024,Rajasthan,Karauli-Dholpur,Bhajan Lal Jatav,INC,Manoj Rajoria,BJP,FALSE
2004,Rajasthan,Kota,Raghuveer Singh Koshal,BJP,,,
2009,Rajasthan,Kota,Ijyaraj Singh,INC,Raghuveer Singh Koshal,BJP,FALSE
2014,Rajasthan,Kota,Om Birla,BJP,Ijyaraj Singh,INC,FALSE
2019,Rajasthan,Kota,Om Birla,BJP,Om Birla,BJP,TRUE
2024,Rajasthan,Kota,Om Birla,BJP,Om Birla,BJP,TRUE
2004,Rajasthan,Nagaur,Bhanwar Singh Dangawas,BJP,,,
2009,Rajasthan,Nagaur,Jyoti Mirdha,INC,Bhanwar Singh Dangawas,BJP,FALSE
2014,Rajasthan,Nagaur,C R Choudhary,BJP,Jyoti Mirdha,INC,FALSE
2019,Rajasthan,Nagaur,Hanuman Beniwal,Rashtriya Loktantrik Party,C R Choudhary,BJP,FALSE
2024,Rajasthan,Nagaur,Hanuman Beniwal,RLP,Hanuman Beniwal,Rashtriya Loktantrik Party,TRUE
2004,Rajasthan,Pali,Pusp Jain,BJP,,,
2009,Rajasthan,Pali,Badri Ram Jakhar,INC,Pusp Jain,BJP,FALSE
2014,Rajasthan,Pali,P P Choudhary,BJP,Badri Ram Jakhar,INC,FALSE
2019,Rajasthan,Pali,P P Chaudhary,BJP,P P Choudhary,BJP,FALSE
2024,Rajasthan,Pali,P. P. Chaudhary,BJP,P P Chaudhary,BJP,FALSE
2009,Rajasthan,Rajsamand,Gopal Singh Shekhawat,INC,,,
2014,Rajasthan,Rajsamand,Hariom Singh Rathore,BJP,Gopal Singh Shekhawat,INC,FALSE
2019,Rajasthan,Rajsamand,Diya Kumari,BJP,Hariom Singh Rathore,BJP,FALSE
2024,Rajasthan,Rajsamand,Mahima Kumari Mewar,BJP,Diya Kumari,BJP,FALSE
2004,Rajasthan,Salumber,Mahaveer Bhagora,BJP,,,
2004,Rajasthan,Sawai Madhopur,Namo Narain Meena,INC,,,
2004,Rajasthan,Sikar,Subhash Maharia,BJP,,,
2009,Rajasthan,Sikar,Mahadeo Singh Khandela,INC,Subhash Maharia,BJP,FALSE
2014,Rajasthan,Sikar,Sumedhanand Saraswati,BJP,Mahadeo Singh Khandela,INC,FALSE
2019,Rajasthan,Sikar,Sumedhanand Saraswati,BJP,Sumedhanand Saraswati,BJP,TRUE
2024,Rajasthan,Sikar,Amra Ram,CPI(M),Sumedhanand Saraswati,BJP,FALSE
2004,Rajasthan,Tonk,Kailash Meghwal,BJP,,,
2009,Rajasthan,Tonk-Sawai Madhopur,Namo Narain Meena,INC,,,
2014,Rajasthan,Tonk-Sawai Madhopur,Sukhbir Singh Jaunapuria,BJP,Namo Narain Meena,INC,FALSE
2019,Rajasthan,Tonk-Sawai Madhopur,Sukhbir Singh Jaunapuria,BJP,Sukhbir Singh Jaunapuria,BJP,TRUE
2024,Rajasthan,Tonk-Sawai Madhopur,Harish Chandra Meena,INC,Sukhbir Singh Jaunapuria,BJP,FALSE
2004,Rajasthan,Udaipur,Kiran Maheshwari,BJP,,,
2009,Rajasthan,Udaipur,Raghuveer Meena,INC,Kiran Maheshwari,BJP,FALSE
2014,Rajasthan,Udaipur,Arjunlal Meena,BJP,Raghuveer Meena,INC,FALSE
2019,Rajasthan,Udaipur,Arjunlal Meena,BJP,Arjunlal Meena,BJP,TRUE
2024,Rajasthan,Udaipur,Manna Lal Rawat,BJP,Arjunlal Meena,BJP,FALSE
2004,Sikkim,Sikkim,Nakul Das Rai,SDF,,,
2009,Sikkim,Sikkim,Prem Das Rai,SDF,Nakul Das Rai,SDF,FALSE
2014,Sikkim,Sikkim,Prem Das Rai,SDF,Prem Das Rai,SDF,TRUE
2019,Sikkim,Sikkim,Indra Hang Subba,SKM,Prem Das Rai,SDF,FALSE
2024,Sikkim,Sikkim,Indra Hang Subba,SKM,Indra Hang Subba,SKM,TRUE
2004,Tamil Nadu,Arakkonam,R. Velu,Pattali Makkal Katchi,,,
2009,Tamil Nadu,Arakkonam,S. Jagathrakshakan,DMK,R. Velu,Pattali Makkal Katchi,FALSE
2014,Tamil Nadu,Arakkonam,"Hari, G.",AIADMK,S. Jagathrakshakan,DMK,FALSE
2019,Tamil Nadu,Arakkonam,S. Jagathrakshakan,DMK,"Hari, G.",AIADMK,FALSE
2024,Tamil Nadu,Arakkonam,S. Jagathrakshakan,DMK,S. Jagathrakshakan,DMK,TRUE
2009,Tamil Nadu,Arani,M. Krishnasamy,INC,,,
2014,Tamil Nadu,Arani,V.Elumalai,AIADMK,M. Krishnasamy,INC,FALSE
2019,Tamil Nadu,Arani,M. K. Vishnu Prasad,INC,V.Elumalai,AIADMK,FALSE
2024,Tamil Nadu,Arani,M.S. Tharanivendhan,DMK,M. K. Vishnu Prasad,INC,FALSE
2004,Tamil Nadu,Chengalpattu,A. K. Moorthy,Pattali Makkal Katchi,,,
2009,Tamil Nadu,Chennai Central,Dayanidhi Maran,DMK,,,
2014,Tamil Nadu,Chennai Central,S.R. Vijayakumar,AIADMK,Dayanidhi Maran,DMK,FALSE
2019,Tamil Nadu,Chennai Central,Dayanidhi Maran,DMK,S.R. Vijayakumar,AIADMK,FALSE
2024,Tamil Nadu,Chennai Central,Dayanidhi Maran,DMK,Dayanidhi Maran,DMK,TRUE
2009,Tamil Nadu,Chennai North,T. K. S. Elangovan,DMK,,,
2014,Tamil Nadu,Chennai North,Venkatesh Babu .T.G,AIADMK,T. K. S. Elangovan,DMK,FALSE
2019,Tamil Nadu,Chennai North,Kalanidhi Veeraswamy,DMK,Venkatesh Babu .T.G,AIADMK,FALSE
2024,Tamil Nadu,Chennai North,Kalanidhi Veeraswamy,DMK,Kalanidhi Veeraswamy,DMK,TRUE
2009,Tamil Nadu,Chennai South,C. Rajendran,AIADMK,,,
2014,Tamil Nadu,Chennai South,Dr. J. Jayavardhan,AIADMK,C. Rajendran,AIADMK,FALSE
2019,Tamil Nadu,Chennai South,Thamizhachi Thangapandian,DMK,Dr. J. Jayavardhan,AIADMK,FALSE
2024,Tamil Nadu,Chennai South,Thamizhachi Thangapandian,DMK,Thamizhachi Thangapandian,DMK,TRUE
2004,Tamil Nadu,Chidambaram,E. Ponnuswamy,Pattali Makkal Katchi,,,
2009,Tamil Nadu,Chidambaram,Thol. Thirumavalavan,VCK,E. Ponnuswamy,Pattali Makkal Katchi,FALSE
2014,Tamil Nadu,Chidambaram,"Chandrakasi, M",AIADMK,Thol. Thirumavalavan,VCK,FALSE
2019,Tamil Nadu,Chidambaram,Thol. Thirumavalavan,VCK,"Chandrakasi, M",AIADMK,FALSE
2024,Tamil Nadu,Chidambaram,Thol. Thirumavalavan,VCK,Thol. Thirumavalavan,VCK,TRUE
2004,Tamil Nadu,Coimbatore,K. Subbarayan,CPI,,,
2009,Tamil Nadu,Coimbatore,P. R. Natarajan,CPI(M),K. Subbarayan,CPI,FALSE
2014,Tamil Nadu,Coimbatore,"Nagarajan, P.",AIADMK,P. R. Natarajan,CPI(M),FALSE
2019,Tamil Nadu,Coimbatore,P.R. Natarajan,CPI(M),"Nagarajan, P.",AIADMK,FALSE
2024,Tamil Nadu,Coimbatore,Ganapathi P. Rajkumar,DMK,P.R. Natarajan,CPI(M),FALSE
2004,Tamil Nadu,Cuddalore,K. Venkatapathy,DMK,,,
2009,Tamil Nadu,Cuddalore,K. S. Alagiri,INC,K. Venkatapathy,DMK,FALSE
2014,Tamil Nadu,Cuddalore,Arunmozhithevan.A,AIADMK,K. S. Alagiri,INC,FALSE
2019,Tamil Nadu,Cuddalore,T.R.V.S. Ramesh,DMK,Arunmozhithevan.A,AIADMK,FALSE
2024,Tamil Nadu,Cuddalore,M. K. Vishnu Prasad,INC,T.R.V.S. Ramesh,DMK,FALSE
2004,Tamil Nadu,Dharmapuri,R. Senthil,Pattali Makkal Katchi,,,
2009,Tamil Nadu,Dharmapuri,R. Thamaraiselvan,DMK,R. Senthil,Pattali Makkal Katchi,FALSE
2014,Tamil Nadu,Dharmapuri,Anbumani Ramadoss,Pattali Makkal Katchi,R. Thamaraiselvan,DMK,FALSE
2019,Tamil Nadu,Dharmapuri,Dr S Senthil Kumar,DMK,Anbumani Ramadoss,Pattali Makkal Katchi,FALSE
2024,Tamil Nadu,Dharmapuri,A. Mani,DMK,Dr S Senthil Kumar,DMK,FALSE
2004,Tamil Nadu,Dindigul,N. S. V. Chitthan,INC,,,
2009,Tamil Nadu,Dindigul,N. S. V. Chitthan,INC,N. S. V. Chitthan,INC,TRUE
2014,Tamil Nadu,Dindigul,Udhaya Kumar .M,AIADMK,N. S. V. Chitthan,INC,FALSE
2019,Tamil Nadu,Dindigul,P. Veluchamy,DMK,Udhaya Kumar .M,AIADMK,FALSE
2024,Tamil Nadu,Dindigul,R. Sachidanandam,CPI(M),P. Veluchamy,DMK,FALSE
2009,Tamil Nadu,Erode,A. Ganeshamurthi,Marumalarchi Dravida Munnetra Kazhagam,,,
2014,Tamil Nadu,Erode,Selvakumara Chinnayan S,AIADMK,A. Ganeshamurthi,Marumalarchi Dravida Munnetra Kazhagam,FALSE
2019,Tamil Nadu,Erode,A. Ganeshamurthi,DMK,Selvakumara Chinnayan S,AIADMK,FALSE
2024,Tamil Nadu,Erode,K. E. Prakash,DMK,A. Ganeshamurthi,DMK,FALSE
2004,Tamil Nadu,Gobichettipalayam,E. V. K. S. Elangovan,INC,,,
2009,Tamil Nadu,Kallakurichi,Adhi Sankar,DMK,,,
2014,Tamil Nadu,Kallakurichi,Kamaraj. K,AIADMK,Adhi Sankar,DMK,FALSE
2019,Tamil Nadu,Kallakurichi,Gautham Sigamani Pon,DMK,Kamaraj. K,AIADMK,FALSE
2024,Tamil Nadu,Kallakurichi,Malaiyarasan D,DMK,Gautham Sigamani Pon,DMK,FALSE
2009,Tamil Nadu,Kancheepuram,P. Viswanathan,INC,,,
2014,Tamil Nadu,Kancheepuram,Maragatham K,AIADMK,P. Viswanathan,INC,FALSE
2019,Tamil Nadu,Kancheepuram,G. Selvam,DMK,Maragatham K,AIADMK,FALSE
2024,Tamil Nadu,Kancheepuram,G. Selvam,DMK,G. Selvam,DMK,TRUE
2014,Tamil Nadu,Kanniyakumari,Radhakrishnan P.,BJP,,,
2024,Tamil Nadu,Kanniyakumari,Vijay Vasanth,INC,Radhakrishnan P.,BJP,FALSE
2009,Tamil Nadu,Kanyakumari,J. Helen Davidson,DMK,,,
2019,Tamil Nadu,Kanyakumari,H. Vasanthakumar,INC,J. Helen Davidson,DMK,FALSE
2004,Tamil Nadu,Karur,K. C. Palanisamy,DMK,,,
2009,Tamil Nadu,Karur,M. Thambidurai,AIADMK,K. C. Palanisamy,DMK,FALSE
2014,Tamil Nadu,Karur,"Thambidurai, M.",AIADMK,M. Thambidurai,AIADMK,FALSE
2019,Tamil Nadu,Karur,S.Jothimani,INC,"Thambidurai, M.",AIADMK,FALSE
2024,Tamil Nadu,Karur,Jothimani,INC,S.Jothimani,INC,FALSE
2004,Tamil Nadu,Krishnagiri,E. G. Sugavanam,DMK,,,
2009,Tamil Nadu,Krishnagiri,E. G. Sugavanam,DMK,E. G. Sugavanam,DMK,TRUE
2014,Tamil Nadu,Krishnagiri,Ashok Kumar.K,AIADMK,E. G. Sugavanam,DMK,FALSE
2019,Tamil Nadu,Krishnagiri,A. Chellakumar,INC,Ashok Kumar.K,AIADMK,FALSE
2024,Tamil Nadu,Krishnagiri,K. Gopinath,INC,A. Chellakumar,INC,FALSE
2004,Tamil Nadu,Madras Central,Dayanidhi Maran,DMK,,,
2004,Tamil Nadu,Madras North,C. Kuppusami,DMK,,,
2004,Tamil Nadu,Madras South,T. R. Baalu,DMK,,,
2004,Tamil Nadu,Madurai,P. Mohan,CPI(M),,,
2009,Tamil Nadu,Madurai,M. K. Alagiri,DMK,P. Mohan,CPI(M),FALSE
2014,Tamil Nadu,Madurai,R.Gopalakrishnan,AIADMK,M. K. Alagiri,DMK,FALSE
2019,Tamil Nadu,Madurai,S. Venkatesan,CPI(M),R.Gopalakrishnan,AIADMK,FALSE
2024,Tamil Nadu,Madurai,S. Venkatesan,CPI(M),S. Venkatesan,CPI(M),TRUE
2004,Tamil Nadu,Mayiladuthurai,Mani Shankar Aiyar,INC,,,
2009,Tamil Nadu,Mayiladuthurai,O. S. Manian,AIADMK,Mani Shankar Aiyar,INC,FALSE
2014,Tamil Nadu,Mayiladuthurai,Bharathi Mohan R.K,AIADMK,O. S. Manian,AIADMK,FALSE
2019,Tamil Nadu,Mayiladuthurai,S. Ramalingam,DMK,Bharathi Mohan R.K,AIADMK,FALSE
2024,Tamil Nadu,Mayiladuthurai,Sudha Ramakrishnan,INC,S. Ramalingam,DMK,FALSE
2004,Tamil Nadu,Nagapattinam,A. K. S. Vijayan,DMK,,,
2009,Tamil Nadu,Nagapattinam,A. K. S. Vijayan,DMK,A. K. S. Vijayan,DMK,TRUE
2014,Tamil Nadu,Nagapattinam,Gopal. Dr. K,AIADMK,A. K. S. Vijayan,DMK,FALSE
2019,Tamil Nadu,Nagapattinam,M. Selvaraj,CPI,Gopal. Dr. K,AIADMK,FALSE
2024,Tamil Nadu,Nagapattinam,V. Selvaraj,CPI,M. Selvaraj,CPI,FALSE
2004,Tamil Nadu,Nagercoil,A. V. Bellarmin,CPI(M),,,
2009,Tamil Nadu,Namakkal,S. Gandhiselvan,DMK,,,
2014,Tamil Nadu,Namakkal,Sundaram P.R,AIADMK,S. Gandhiselvan,DMK,FALSE
2019,Tamil Nadu,Namakkal,A.K.P. Chinraj,DMK,Sundaram P.R,AIADMK,FALSE
2024,Tamil Nadu,Namakkal,V. S. Matheswaran,DMK,A.K.P. Chinraj,DMK,FALSE
2004,Tamil Nadu,Nilgiris,R. Prabhu,INC,,,
2009,Tamil Nadu,Nilgiris,A. Raja,DMK,R. Prabhu,INC,FALSE
2014,Tamil Nadu,Nilgiris,"Gopalakrishnan, C.",AIADMK,A. Raja,DMK,FALSE
2019,Tamil Nadu,Nilgiris,A. Raja,DMK,"Gopalakrishnan, C.",AIADMK,FALSE
2024,Tamil Nadu,Nilgiris,A. Raja,DMK,A. Raja,DMK,TRUE
2004,Tamil Nadu,Palani,S. K. Kharventhan,INC,,,
2004,Tamil Nadu,Perambalur,A. Raja,DMK,,,
2009,Tamil Nadu,Perambalur,Napoleon D,DMK,A. Raja,DMK,FALSE
2014,Tamil Nadu,Perambalur,"Marutharajaa, R.P.",AIADMK,Napoleon D,DMK,FALSE
2019,Tamil Nadu,Perambalur,T. R. Paarivendhar,DMK,"Marutharajaa, R.P.",AIADMK,FALSE
2024,Tamil Nadu,Perambalur,Arun Nehru,DMK,T. R. Paarivendhar,DMK,FALSE
2004,Tamil Nadu,Periyakulam,J. M. Aaroon Rashid,INC,,,
2004,Tamil Nadu,Pollachi,C. Krishnan,Marumalarchi Dravida Munnetra Kazhagam,,,
2009,Tamil Nadu,Pollachi,K. Sugumar,AIADMK,C. Krishnan,Marumalarchi Dravida Munnetra Kazhagam,FALSE
2014,Tamil Nadu,Pollachi,Mahendran.C,AIADMK,K. Sugumar,AIADMK,FALSE
2019,Tamil Nadu,Pollachi,K. Shamugasundaram,DMK,Mahendran.C,AIADMK,FALSE
2024,Tamil Nadu,Pollachi,Eswarasamy,DMK,K. Shamugasundaram,DMK,FALSE
2004,Tamil Nadu,Pudukkottai,S. Regupathy,DMK,,,
2004,Tamil Nadu,Ramanathapuram,M. S. K. Bhavani Rajenthiran,DMK,,,
2009,Tamil Nadu,Ramanathapuram,J. K. Rithesh,DMK,M. S. K. Bhavani Rajenthiran,DMK,FALSE
2014,Tamil Nadu,Ramanathapuram,Anwhar Raajhaa.A,AIADMK,J. K. Rithesh,DMK,FALSE
2019,Tamil Nadu,Ramanathapuram,Navaskani,Indian Union Muslim League,Anwhar Raajhaa.A,AIADMK,FALSE
2024,Tamil Nadu,Ramanathapuram,Kani K. Navas,IUML,Navaskani,Indian Union Muslim League,FALSE
2004,Tamil Nadu,Rasipuram,K. Rani,INC,,,
2004,Tamil Nadu,Salem,K. V. Thangkabalu,INC,,,
2009,Tamil Nadu,Salem,S. Semmalai,AIADMK,K. V. Thangkabalu,INC,FALSE
2014,Tamil Nadu,Salem,Pannerselvam.V,AIADMK,S. Semmalai,AIADMK,FALSE
2019,Tamil Nadu,Salem,S. R. Parthiban,DMK,Pannerselvam.V,AIADMK,FALSE
2024,Tamil Nadu,Salem,T. M. Selvaganapathi,DMK,S. R. Parthiban,DMK,FALSE
2004,Tamil Nadu,Sivaganga,P. Chidambaram,INC,,,
2009,Tamil Nadu,Sivaganga,P. Chidambaram,INC,P. Chidambaram,INC,TRUE
2014,Tamil Nadu,Sivaganga,Senthilnathan Pr,AIADMK,P. Chidambaram,INC,FALSE
2019,Tamil Nadu,Sivaganga,Karti P Chidambaram,INC,Senthilnathan Pr,AIADMK,FALSE
2024,Tamil Nadu,Sivaganga,Karti Chidambaram,INC,Karti P Chidambaram,INC,FALSE
2004,Tamil Nadu,Sivakasi,A. Ravichandran,Marumalarchi Dravida Munnetra Kazhagam,,,
2004,Tamil Nadu,Sriperumbudur,A. Krishnaswamy,DMK,,,
2009,Tamil Nadu,Sriperumbudur,T. R. Baalu,DMK,A. Krishnaswamy,DMK,FALSE
2014,Tamil Nadu,Sriperumbudur,"Ramachandran, K.N.",AIADMK,T. R. Baalu,DMK,FALSE
2019,Tamil Nadu,Sriperumbudur,T R Baalu,DMK,"Ramachandran, K.N.",AIADMK,FALSE
2024,Tamil Nadu,Sriperumbudur,T. R. Baalu,DMK,T R Baalu,DMK,FALSE
2004,Tamil Nadu,Tenkasi,M. Appadurai,CPI,,,
2009,Tamil Nadu,Tenkasi,P. Lingam,CPI,M. Appadurai,CPI,FALSE
2014,Tamil Nadu,Tenkasi,Vasanthi.M,AIADMK,P. Lingam,CPI,FALSE
2019,Tamil Nadu,Tenkasi,Dhanush M. Kumar,DMK,Vasanthi.M,AIADMK,FALSE
2024,Tamil Nadu,Tenkasi,Rani Srikumar,DMK,Dhanush M. Kumar,DMK,FALSE
2004,Tamil Nadu,Thanjavur,S. S. Palanimanickam,DMK,,,
2009,Tamil Nadu,Thanjavur,S. S. Palanimanickam,DMK,S. S. Palanimanickam,DMK,TRUE
2014,Tamil Nadu,Thanjavur,Parasuraman.K,AIADMK,S. S. Palanimanickam,DMK,FALSE
2019,Tamil Nadu,Thanjavur,S S Palanimanickam,DMK,Parasuraman.K,AIADMK,FALSE
2024,Tamil Nadu,Thanjavur,S. Murasoli,DMK,S S Palanimanickam,DMK,FALSE
2009,Tamil Nadu,Theni,J. M. Aaroon Rashid,INC,,,
2014,Tamil Nadu,Theni,"Parthipan, R.",AIADMK,J. M. Aaroon Rashid,INC,FALSE
2019,Tamil Nadu,Theni,P. Raveendranath Kumar,AIADMK,"Parthipan, R.",AIADMK,FALSE
2024,Tamil Nadu,Theni,Thanga Tamil Selvan,DMK,P. Raveendranath Kumar,AIADMK,FALSE
2009,Tamil Nadu,Thiruvallur,P Venugopal,AIADMK,,,
2019,Tamil Nadu,Thiruvallur,K. Jayakumar,INC,P Venugopal,AIADMK,FALSE
2024,Tamil Nadu,Thiruvallur,Sasikanth Senthil,INC,K. Jayakumar,INC,FALSE
2009,Tamil Nadu,Thoothukudi,S. R. Jeyadurai,DMK,,,
2014,Tamil Nadu,Thoothukudi,Jeyasingh Thiyagaraj Natterjee.J,AIADMK,S. R. Jeyadurai,DMK,FALSE
2019,Tamil Nadu,Thoothukudi,Kanimozhi,DMK,Jeyasingh Thiyagaraj Natterjee.J,AIADMK,FALSE
2024,Tamil Nadu,Thoothukudi,Kanimozhi,DMK,Kanimozhi,DMK,TRUE
2004,Tamil Nadu,Tindivanam,K. Dhanaraju,Pattali Makkal Katchi,,,
2004,Tamil Nadu,Tiruchendur,V. Radhika Selvi,DMK,,,
2004,Tamil Nadu,Tiruchengode,Subbulakshmi Jagadeesan,DMK,,,
2004,Tamil Nadu,Tiruchirappalli,L. Ganesan,Marumalarchi Dravida Munnetra Kazhagam,,,
2009,Tamil Nadu,Tiruchirappalli,P Kumar,AIADMK,L. Ganesan,Marumalarchi Dravida Munnetra Kazhagam,FALSE
2014,Tamil Nadu,Tiruchirappalli,Kumar.P,AIADMK,P Kumar,AIADMK,FALSE
2019,Tamil Nadu,Tiruchirappalli,Su. Thirunavukkarasar,INC,Kumar.P,AIADMK,FALSE
2024,Tamil Nadu,Tiruchirappalli,Durai Vaiko,MDMK,Su. Thirunavukkarasar,INC,FALSE
2004,Tamil Nadu,Tirunelveli,R. Dhanuskodi Athithan,INC,,,
2009,Tamil Nadu,Tirunelveli,S. S. Ramasubbu,INC,R. Dhanuskodi Athithan,INC,FALSE
2014,Tamil Nadu,Tirunelveli,Prabakaran.K.R.P,AIADMK,S. S. Ramasubbu,INC,FALSE
2019,Tamil Nadu,Tirunelveli,S. Gnanathiraviam,DMK,Prabakaran.K.R.P,AIADMK,FALSE
2024,Tamil Nadu,Tirunelveli,C. Robert Bruce,INC,S. Gnanathiraviam,DMK,FALSE
2004,Tamil Nadu,Tirupattur,D. Venugopal,DMK,,,
2009,Tamil Nadu,Tiruppur,C. Sivasamy,AIADMK,,,
2014,Tamil Nadu,Tiruppur,V.Sathyabama,AIADMK,C. Sivasamy,AIADMK,FALSE
2019,Tamil Nadu,Tiruppur,K. Subbarayan,CPI,V.Sathyabama,AIADMK,FALSE
2024,Tamil Nadu,Tiruppur,K. Subbarayan,CPI,K. Subbarayan,CPI,TRUE
2014,Tamil Nadu,Tiruvallur,Venugopal.P.(Dr),AIADMK,,,
2009,Tamil Nadu,Tiruvannamalai,D. Venugopal,DMK,,,
2014,Tamil Nadu,Tiruvannamalai,Vanaroja R,AIADMK,D. Venugopal,DMK,FALSE
2019,Tamil Nadu,Tiruvannamalai,C. N. Annadurai,DMK,Vanaroja R,AIADMK,FALSE
2024,Tamil Nadu,Tiruvannamalai,C. N. Annadurai,DMK,C. N. Annadurai,DMK,TRUE
2004,Tamil Nadu,Vandavasi,Gingee N. Ramachandran,Marumalarchi Dravida Munnetra Kazhagam,,,
2004,Tamil Nadu,Vellore,K. M. Kader Mohideen,DMK,,,
2009,Tamil Nadu,Vellore,Abdul Rahman,DMK,K. M. Kader Mohideen,DMK,FALSE
2014,Tamil Nadu,Vellore,"Senguttuvan, B.",AIADMK,Abdul Rahman,DMK,FALSE
2019,Tamil Nadu,Vellore,D. M. Kathir Anand,DMK,"Senguttuvan, B.",AIADMK,FALSE
2024,Tamil Nadu,Vellore,Kathir Anand,DMK,D. M. Kathir Anand,DMK,FALSE
2009,Tamil Nadu,Villupuram,Anandan M,AIADMK,,,
2014,Tamil Nadu,Villupuram,Rajendran S,AIADMK,Anandan M,AIADMK,FALSE
2019,Tamil Nadu,Villupuram,D. Ravikumar,DMK,Rajendran S,AIADMK,FALSE
2024,Tamil Nadu,Villupuram,D. Ravikumar,VCK,D. Ravikumar,DMK,TRUE
2009,Tamil Nadu,Virudhunagar,Manickam Tagore,INC,,,
2014,Tamil Nadu,Virudhunagar,Radhakrishnan T,AIADMK,Manickam Tagore,INC,FALSE
2019,Tamil Nadu,Virudhunagar,Manickam Tagore,INC,Radhakrishnan T,AIADMK,FALSE
2024,Tamil Nadu,Virudhunagar,Manickam Tagore,INC,Manickam Tagore,INC,TRUE
2019,Telangana,Adilabad,Soyam Bapu Rao,BJP,,,
2024,Telangana,Adilabad,Godam Nagesh,BJP,Soyam Bapu Rao,BJP,FALSE
2019,Telangana,Bhongir,Komatireddy Venkat Reddy,INC,,,
2024,Telangana,Bhongir,Chamala Kiran Kumar Reddy,INC,Komatireddy Venkat Reddy,INC,FALSE
2019,Telangana,Chevella,G. Ranjith Reddy,TRS,,,
2024,Telangana,Chevella,Konda Vishweshwar Reddy,BJP,G. Ranjith Reddy,TRS,FALSE
2019,Telangana,Hyderabad,Asaduddin Owaisi,AIMIM,,,
2024,Telangana,Hyderabad,Asaduddin Owaisi,AIMIM,Asaduddin Owaisi,AIMIM,TRUE
2019,Telangana,Karimnagar,Bandi Sanjay Kumar,BJP,,,
2024,Telangana,Karimnagar,Bandi Sanjay Kumar,BJP,Bandi Sanjay Kumar,BJP,TRUE
2019,Telangana,Khammam,Nama Nageswara Rao,TRS,,,
2024,Telangana,Khammam,Ramasahayam Raghuram Reddy,INC,Nama Nageswara Rao,TRS,FALSE
2019,Telangana,Mahabubabad,Kavitha Maloth,TRS,,,
2024,Telangana,Mahabubabad,Balram Naik Porika,INC,Kavitha Maloth,TRS,FALSE
2019,Telangana,Mahbubnagar,Manne Srinivas Reddy,TRS,,,
2024,Telangana,Mahbubnagar,D. K. Aruna,BJP,Manne Srinivas Reddy,TRS,FALSE
2019,Telangana,Malkajgiri,Anumula Revanth Reddy,INC,,,
2024,Telangana,Malkajgiri,Etela Rajender,BJP,Anumula Revanth Reddy,INC,FALSE
2019,Telangana,Medak,Kotha Prabhakar Reddy,TRS,,,
2024,Telangana,Medak,Raghunandan Rao,BJP,Kotha Prabhakar Reddy,TRS,FALSE
2019,Telangana,Nagarkurnool,Pothuganti Ramulu,TRS,,,
2024,Telangana,Nagarkurnool,Mallu Ravi,INC,Pothuganti Ramulu,TRS,FALSE
2019,Telangana,Nalgonda,Nalamada Uttam Kumar Reddy,INC,,,
2024,Telangana,Nalgonda,Kunduru Raghuveer,INC,Nalamada Uttam Kumar Reddy,INC,FALSE
2019,Telangana,Nizamabad,Arvind Dharmapuri,BJP,,,
2024,Telangana,Nizamabad,Arvind Dharmapuri,BJP,Arvind Dharmapuri,BJP,TRUE
2019,Telangana,Peddapalli,Venkatesh Netha Borlakunta,TRS,,,
2024,Telangana,Peddapalli,Vamsi Krishna Gaddam,INC,Venkatesh Netha Borlakunta,TRS,FALSE
2019,Telangana,Secunderabad,G. Kishan Reddy,BJP,,,
2024,Telangana,Secunderabad,G. Kishan Reddy,BJP,G. Kishan Reddy,BJP,TRUE
2019,Telangana,Warangal,Dayakar Pasunoori,TRS,,,
2024,Telangana,Warangal,Kadiyam Kavya,INC,Dayakar Pasunoori,TRS,FALSE
2019,Telangana,Zahirabad,B. B. Patil,TRS,,,
2024,Telangana,Zahirabad,Suresh Kumar Shetkar,INC,B. B. Patil,TRS,FALSE
2004,Tripura,Tripura East,Baju Ban Riyan,CPI(M),,,
2009,Tripura,Tripura East,Baju Ban Riyan,CPI(M),Baju Ban Riyan,CPI(M),TRUE
2014,Tripura,Tripura East,Jitendera Choudhury,CPI(M),Baju Ban Riyan,CPI(M),FALSE
2019,Tripura,Tripura East,Rebati Tripura,BJP,Jitendera Choudhury,CPI(M),FALSE
2024,Tripura,Tripura East,Kriti Devi Debbarman,BJP,Rebati Tripura,BJP,FALSE
2004,Tripura,Tripura West,Khagen Das,CPI(M),,,
2009,Tripura,Tripura West,Khagen Das,CPI(M),Khagen Das,CPI(M),TRUE
2014,Tripura,Tripura West,Sankar Prasad Datta,CPI(M),Khagen Das,CPI(M),FALSE
2019,Tripura,Tripura West,Pratima Bhowmik,BJP,Sankar Prasad Datta,CPI(M),FALSE
2024,Tripura,Tripura West,Biplab Kumar Deb,BJP,Pratima Bhowmik,BJP,FALSE
2004,Uttar Pradesh,Agra,Raj Babbar,SP,,,
2009,Uttar Pradesh,Agra,Ram Shankar Katheria,BJP,Raj Babbar,SP,FALSE
2014,Uttar Pradesh,Agra,Dr. Ram Shankar Katheria,BJP,Ram Shankar Katheria,BJP,FALSE
2019,Uttar Pradesh,Agra,Satya Pal Singh Baghel,BJP,Dr. Ram Shankar Katheria,BJP,FALSE
2024,Uttar Pradesh,Agra,S. P. Singh Baghel,BJP,Satya Pal Singh Baghel,BJP,FALSE
2004,Uttar Pradesh,Akbarpur,Mayawati,BSP,,,
2009,Uttar Pradesh,Akbarpur,Raja Ram Pal,INC,Mayawati,BSP,FALSE
2014,Uttar Pradesh,Akbarpur,Devendra Singh,BJP,Raja Ram Pal,INC,FALSE
2019,Uttar Pradesh,Akbarpur,Devendra Singh Bhole,BJP,Devendra Singh,BJP,FALSE
2024,Uttar Pradesh,Akbarpur,Devendra Singh,BJP,Devendra Singh Bhole,BJP,FALSE
2004,Uttar Pradesh,Aligarh,Bijendra Singh,INC,,,
2009,Uttar Pradesh,Aligarh,Raj Kumari Chauhan,BSP,Bijendra Singh,INC,FALSE
2014,Uttar Pradesh,Aligarh,Satish Kumar,BJP,Raj Kumari Chauhan,BSP,FALSE
2019,Uttar Pradesh,Aligarh,Satish Kumar Gautam,BJP,Satish Kumar,BJP,FALSE
2024,Uttar Pradesh,Aligarh,Satish Kumar Gautam,BJP,Satish Kumar Gautam,BJP,TRUE
2004,Uttar Pradesh,Allahabad,Rewati Raman Singh,SP,,,
2009,Uttar Pradesh,Allahabad,Rewati Raman Singh,SP,Rewati Raman Singh,SP,TRUE
2014,Uttar Pradesh,Allahabad,Shyama Charan Gupta,BJP,Rewati Raman Singh,SP,FALSE
2019,Uttar Pradesh,Allahabad,Rita Bahuguna Joshi,BJP,Shyama Charan Gupta,BJP,FALSE
2024,Uttar Pradesh,Allahabad,Ujjwal Raman Singh,INC,Rita Bahuguna Joshi,BJP,FALSE
2009,Uttar Pradesh,Ambedkar Nagar,Rakesh Pandey,BSP,,,
2014,Uttar Pradesh,Ambedkar Nagar,Hari Om Pandey,BJP,Rakesh Pandey,BSP,FALSE
2019,Uttar Pradesh,Ambedkar Nagar,Ritesh Pandey,BSP,Hari Om Pandey,BJP,FALSE
2024,Uttar Pradesh,Ambedkar Nagar,Lalji Verma,SP,Ritesh Pandey,BSP,FALSE
2004,Uttar Pradesh,Amethi,Rahul Gandhi,INC,,,
2009,Uttar Pradesh,Amethi,Rahul Gandhi,INC,Rahul Gandhi,INC,TRUE
2014,Uttar Pradesh,Amethi,Rahul Gandhi,INC,Rahul Gandhi,INC,TRUE
2019,Uttar Pradesh,Amethi,Smriti Irani,BJP,Rahul Gandhi,INC,FALSE
2024,Uttar Pradesh,Amethi,Kishori Lal Sharma,INC,Smriti Irani,BJP,FALSE
2004,Uttar Pradesh,Amroha,Harish Nagpal,IND,,,
2009,Uttar Pradesh,Amroha,Devendra Nagpal,RLD,Harish Nagpal,IND,FALSE
2014,Uttar Pradesh,Amroha,Kanwar Singh Tanwar,BJP,Devendra Nagpal,RLD,FALSE
2019,Uttar Pradesh,Amroha,Kunwar Danish Ali,BSP,Kanwar Singh Tanwar,BJP,FALSE
2024,Uttar Pradesh,Amroha,Kanwar Singh Tanwar,BJP,Kunwar Danish Ali,BSP,FALSE
2004,Uttar Pradesh,Aonla,Kunwar Sarvraj Singh,JD(U),,,
2009,Uttar Pradesh,Aonla,Maneka Gandhi,BJP,Kunwar Sarvraj Singh,JD(U),FALSE
2014,Uttar Pradesh,Aonla,Dharmendra Kumar,BJP,Maneka Gandhi,BJP,FALSE
2019,Uttar Pradesh,Aonla,Dharmendra Kashyap,BJP,Dharmendra Kumar,BJP,FALSE
2024,Uttar Pradesh,Aonla,Neeraj Maurya,SP,Dharmendra Kashyap,BJP,FALSE
2004,Uttar Pradesh,Azamgarh,Ramakant Yadav,BSP,,,
2009,Uttar Pradesh,Azamgarh,Ramakant Yadav,BJP,Ramakant Yadav,BSP,TRUE
2014,Uttar Pradesh,Azamgarh,Mulayam Singh Yadav,SP,Ramakant Yadav,BJP,FALSE
2019,Uttar Pradesh,Azamgarh,Akhilesh Yadav,SP,Mulayam Singh Yadav,SP,FALSE
2024,Uttar Pradesh,Azamgarh,Dharmendra Yadav,SP,Akhilesh Yadav,SP,FALSE
2009,Uttar Pradesh,Badaun,Dharmendra Yadav,SP,,,
2014,Uttar Pradesh,Badaun,Dharmendra Yadav,SP,Dharmendra Yadav,SP,TRUE
2019,Uttar Pradesh,Badaun,Sanghmitra Maurya,BJP,Dharmendra Yadav,SP,FALSE
2024,Uttar Pradesh,Badaun,Aditya Yadav,SP,Sanghmitra Maurya,BJP,FALSE
2004,Uttar Pradesh,Baghpat,Ajit Singh,RLD,,,
2009,Uttar Pradesh,Baghpat,Ajit Singh,RLD,Ajit Singh,RLD,TRUE
2014,Uttar Pradesh,Baghpat,Dr. Satya Pal Singh,BJP,Ajit Singh,RLD,FALSE
2019,Uttar Pradesh,Baghpat,Satya Pal Singh,BJP,Dr. Satya Pal Singh,BJP,FALSE
2024,Uttar Pradesh,Baghpat,Rajkumar Sangwan,RLD,Satya Pal Singh,BJP,FALSE
2004,Uttar Pradesh,Bahraich,Rubab Sayda,SP,,,
2009,Uttar Pradesh,Bahraich,Kamal Kishor,INC,Rubab Sayda,SP,FALSE
2014,Uttar Pradesh,Bahraich,Sadhvi Savitri Bai Foole,BJP,Kamal Kishor,INC,FALSE
2019,Uttar Pradesh,Bahraich,Akshaybara Lal Gaud,BJP,Sadhvi Savitri Bai Foole,BJP,FALSE
2024,Uttar Pradesh,Bahraich,Anand Kumar Gond,BJP,Akshaybara Lal Gaud,BJP,FALSE
2004,Uttar Pradesh,Ballia,Chandra Shekhar,Samajwadi Janata Party (Rashtriya),,,
2009,Uttar Pradesh,Ballia,Neeraj Shekhar,SP,Chandra Shekhar,Samajwadi Janata Party (Rashtriya),FALSE
2014,Uttar Pradesh,Ballia,Bharat Singh,BJP,Neeraj Shekhar,SP,FALSE
2019,Uttar Pradesh,Ballia,Virendra Singh Mast,BJP,Bharat Singh,BJP,FALSE
2024,Uttar Pradesh,Ballia,Sanatan Pandey,SP,Virendra Singh Mast,BJP,FALSE
2004,Uttar Pradesh,Balrampur,Brij Bhushan Sharan Singh,BJP,,,
2004,Uttar Pradesh,Banda,Shyama Charan Gupta,SP,,,
2009,Uttar Pradesh,Banda,R. K. Singh Patel,SP,Shyama Charan Gupta,SP,FALSE
2014,Uttar Pradesh,Banda,Bhairon Prasad Mishra,BJP,R. K. Singh Patel,SP,FALSE
2019,Uttar Pradesh,Banda,R. K. Singh Patel,BJP,Bhairon Prasad Mishra,BJP,FALSE
2024,Uttar Pradesh,Banda,Krishna Devi Shivshanker Patel,SP,R. K. Singh Patel,BJP,FALSE
2004,Uttar Pradesh,Bansgaon,Mahaveer Prasad,INC,,,
2009,Uttar Pradesh,Bansgaon,Kamlesh Paswan,BJP,Mahaveer Prasad,INC,FALSE
2014,Uttar Pradesh,Bansgaon,Kamlesh Paswan,BJP,Kamlesh Paswan,BJP,TRUE
2019,Uttar Pradesh,Bansgaon,Kamlesh Paswan,BJP,Kamlesh Paswan,BJP,TRUE
2024,Uttar Pradesh,Bansgaon,Kamlesh Paswan,BJP,Kamlesh Paswan,BJP,TRUE
2004,Uttar Pradesh,Bara Banki,Kamla Prasad,BSP,,,
2009,Uttar Pradesh,Barabanki,P. L. Punia,INC,,,
2014,Uttar Pradesh,Barabanki,Priyanka Singh Rawat,BJP,P. L. Punia,INC,FALSE
2019,Uttar Pradesh,Barabanki,Upendra Singh Rawat,BJP,Priyanka Singh Rawat,BJP,FALSE
2024,Uttar Pradesh,Barabanki,Tanuj Punia,INC,Upendra Singh Rawat,BJP,FALSE
2004,Uttar Pradesh,Bareilly,Santosh Gangwar,BJP,,,
2009,Uttar Pradesh,Bareilly,Praveen Singh Aron,INC,Santosh Gangwar,BJP,FALSE
2014,Uttar Pradesh,Bareilly,Santosh Kumar Gangwar,BJP,Praveen Singh Aron,INC,FALSE
2019,Uttar Pradesh,Bareilly,Santosh Kumar Gangwar,BJP,Santosh Kumar Gangwar,BJP,TRUE
2024,Uttar Pradesh,Bareilly,Chhatrapal Singh Gangwar,BJP,Santosh Kumar Gangwar,BJP,FALSE
2004,Uttar Pradesh,Basti,Lal Mani Prasad,BSP,,,
2009,Uttar Pradesh,Basti,Arvind Kumar Chaudhary,BSP,Lal Mani Prasad,BSP,FALSE
2014,Uttar Pradesh,Basti,Harish Chandra Alias Harish Dwivedi,BJP,Arvind Kumar Chaudhary,BSP,FALSE
2019,Uttar Pradesh,Basti,Harish Dwivedi,BJP,Harish Chandra Alias Harish Dwivedi,BJP,FALSE
2024,Uttar Pradesh,Basti,Ram Prasad Chaudhary,SP,Harish Dwivedi,BJP,FALSE
2009,Uttar Pradesh,Bhadohi,Gorakh Nath Pandey,BSP,,,
2014,Uttar Pradesh,Bhadohi,Virendra Singh,BJP,Gorakh Nath Pandey,BSP,FALSE
2019,Uttar Pradesh,Bhadohi,Ramesh Chand Bind,BJP,Virendra Singh,BJP,FALSE
2024,Uttar Pradesh,Bhadohi,Vinod Kumar Bind,BJP,Ramesh Chand Bind,BJP,FALSE
2004,Uttar Pradesh,Bijnor,Munshiram Singh,RLD,,,
2009,Uttar Pradesh,Bijnor,Sanjay Singh Chauhan,RLD,Munshiram Singh,RLD,FALSE
2014,Uttar Pradesh,Bijnor,Kunwar Bhartendra,BJP,Sanjay Singh Chauhan,RLD,FALSE
2019,Uttar Pradesh,Bijnor,Malook Nagar,BSP,Kunwar Bhartendra,BJP,FALSE
2024,Uttar Pradesh,Bijnor,Chandan Chauhan,RLD,Malook Nagar,BSP,FALSE
2004,Uttar Pradesh,Bilhaur,Raja Ram Pal,BSP,,,
2004,Uttar Pradesh,Budaun,Saleem Iqbal Shervani,SP,,,
2004,Uttar Pradesh,Bulandshahr,Kalyan Singh,BJP,,,
2009,Uttar Pradesh,Bulandshahr,Kamlesh Balmiki,SP,Kalyan Singh,BJP,FALSE
2014,Uttar Pradesh,Bulandshahr,Bhola Singh,BJP,Kamlesh Balmiki,SP,FALSE
2019,Uttar Pradesh,Bulandshahr,Bhola Singh,BJP,Bhola Singh,BJP,TRUE
2024,Uttar Pradesh,Bulandshahr,Bhola Singh,BJP,Bhola Singh,BJP,TRUE
2004,Uttar Pradesh,Chail,Shailendra Kumar,SP,,,
2004,Uttar Pradesh,Chandauli,Kailash Nath Singh Yadav,BSP,,,
2009,Uttar Pradesh,Chandauli,Ramkishun,SP,Kailash Nath Singh Yadav,BSP,FALSE
2014,Uttar Pradesh,Chandauli,Mahendra Nath Pandey,BJP,Ramkishun,SP,FALSE
2019,Uttar Pradesh,Chandauli,Mahendra Nath Pandey,BJP,Mahendra Nath Pandey,BJP,TRUE
2024,Uttar Pradesh,Chandauli,Birendra Singh,SP,Mahendra Nath Pandey,BJP,FALSE
2004,Uttar Pradesh,Deoria,Mohan Singh,SP,,,
2009,Uttar Pradesh,Deoria,Gorakh Prasad Jaiswal,BSP,Mohan Singh,SP,FALSE
2014,Uttar Pradesh,Deoria,Kalraj Mishra,BJP,Gorakh Prasad Jaiswal,BSP,FALSE
2019,Uttar Pradesh,Deoria,Ramapati Ram Tripathi,BJP,Kalraj Mishra,BJP,FALSE
2024,Uttar Pradesh,Deoria,Shashank Mani,BJP,Ramapati Ram Tripathi,BJP,FALSE
2009,Uttar Pradesh,Dhaurahra,Jitin Prasada,INC,,,
2014,Uttar Pradesh,Dhaurahra,Rekha,BJP,Jitin Prasada,INC,FALSE
2019,Uttar Pradesh,Dhaurahra,Rekha Verma,BJP,Rekha,BJP,FALSE
2024,Uttar Pradesh,Dhaurahra,Anand Bhadauriya,SP,Rekha Verma,BJP,FALSE
2004,Uttar Pradesh,Domariaganj,Mohammed Muqueem,BSP,,,
2009,Uttar Pradesh,Domariyaganj,Jagdambika Pal,INC,,,
2014,Uttar Pradesh,Domariyaganj,Jagdambika Pal,BJP,Jagdambika Pal,INC,TRUE
2019,Uttar Pradesh,Domariyaganj,Jagdambika Pal,BJP,Jagdambika Pal,BJP,TRUE
2024,Uttar Pradesh,Domariyaganj,Jagdambika Pal,BJP,Jagdambika Pal,BJP,TRUE
2004,Uttar Pradesh,Etah,Devendra Singh Yadav,SP,,,
2009,Uttar Pradesh,Etah,Kalyan Singh,IND,Devendra Singh Yadav,SP,FALSE
2014,Uttar Pradesh,Etah,Rajveer Singh,BJP,Kalyan Singh,IND,FALSE
2019,Uttar Pradesh,Etah,Rajveer Singh,BJP,Rajveer Singh,BJP,TRUE
2024,Uttar Pradesh,Etah,Devesh Shakya,SP,Rajveer Singh,BJP,FALSE
2004,Uttar Pradesh,Etawah,Raghuraj Singh Shakya,SP,,,
2009,Uttar Pradesh,Etawah,Premdas Katheria,SP,Raghuraj Singh Shakya,SP,FALSE
2014,Uttar Pradesh,Etawah,Ashok Kumar Doharey,BJP,Premdas Katheria,SP,FALSE
2019,Uttar Pradesh,Etawah,Ram Shankar Katheria,BJP,Ashok Kumar Doharey,BJP,FALSE
2024,Uttar Pradesh,Etawah,Jitendra Kumar Dohare,SP,Ram Shankar Katheria,BJP,FALSE
2004,Uttar Pradesh,Faizabad,Mitrasen Yadav,BSP,,,
2009,Uttar Pradesh,Faizabad,Nirmal Khatri,INC,Mitrasen Yadav,BSP,FALSE
2014,Uttar Pradesh,Faizabad,Lallu Singh,BJP,Nirmal Khatri,INC,FALSE
2019,Uttar Pradesh,Faizabad,Lallu Singh,BJP,Lallu Singh,BJP,TRUE
2024,Uttar Pradesh,Faizabad,Awadhesh Prasad,SP,Lallu Singh,BJP,FALSE
2004,Uttar Pradesh,Farrukhabad,Chandra Bhushan Singh,SP,,,
2009,Uttar Pradesh,Farrukhabad,Salman Khurshid,INC,Chandra Bhushan Singh,SP,FALSE
2014,Uttar Pradesh,Farrukhabad,Mukesh Rajput,BJP,Salman Khurshid,INC,FALSE
2019,Uttar Pradesh,Farrukhabad,Mukesh Rajput,BJP,Mukesh Rajput,BJP,TRUE
2024,Uttar Pradesh,Farrukhabad,Mukesh Rajput,BJP,Mukesh Rajput,BJP,TRUE
2004,Uttar Pradesh,Fatehpur,Mahendra Prasad Nishad,BSP,,,
2009,Uttar Pradesh,Fatehpur,Rakesh Sachan,SP,Mahendra Prasad Nishad,BSP,FALSE
2014,Uttar Pradesh,Fatehpur,Sadhavi Niranjan Jyoti,BJP,Rakesh Sachan,SP,FALSE
2019,Uttar Pradesh,Fatehpur,Niranjan Jyoti,BJP,Sadhavi Niranjan Jyoti,BJP,FALSE
2024,Uttar Pradesh,Fatehpur,Naresh Uttam Patel,SP,Niranjan Jyoti,BJP,FALSE
2009,Uttar Pradesh,Fatehpur Sikri,Seema Upadhyay,BSP,,,
2014,Uttar Pradesh,Fatehpur Sikri,Babulal,BJP,Seema Upadhyay,BSP,FALSE
2019,Uttar Pradesh,Fatehpur Sikri,Rajkumar Chahar,BJP,Babulal,BJP,FALSE
2024,Uttar Pradesh,Fatehpur Sikri,Rajkumar Chahar,BJP,Rajkumar Chahar,BJP,TRUE
2004,Uttar Pradesh,Firozabad,Ram Ji Lal Suman,SP,,,
2009,Uttar Pradesh,Firozabad,Akhilesh Yadav,SP,Ram Ji Lal Suman,SP,FALSE
2014,Uttar Pradesh,Firozabad,Akshay Yadav,SP,Akhilesh Yadav,SP,FALSE
2019,Uttar Pradesh,Firozabad,Chandra Sen Jadon,BJP,Akshay Yadav,SP,FALSE
2024,Uttar Pradesh,Firozabad,Akshay Yadav,SP,Chandra Sen Jadon,BJP,FALSE
2009,Uttar Pradesh,Gautam Buddh Nagar,Surendra Singh Nagar,BSP,,,
2019,Uttar Pradesh,Gautam Buddh Nagar,Mahesh Sharma,BJP,Surendra Singh Nagar,BSP,FALSE
2024,Uttar Pradesh,Gautam Buddh Nagar,Mahesh Sharma,BJP,Mahesh Sharma,BJP,TRUE
2014,Uttar Pradesh,Gautam Buddha Nagar,Dr.Mahesh Sharma,BJP,,,
2004,Uttar Pradesh,Ghatampur,Radhey Shyam Kori,SP,,,
2009,Uttar Pradesh,Ghaziabad,Rajnath Singh,BJP,,,
2014,Uttar Pradesh,Ghaziabad,Vijay Kumar Singh,BJP,Rajnath Singh,BJP,FALSE
2019,Uttar Pradesh,Ghaziabad,General Vijay Kumar Singh,BJP,Vijay Kumar Singh,BJP,FALSE
2024,Uttar Pradesh,Ghaziabad,Atul Garg,BJP,General Vijay Kumar Singh,BJP,FALSE
2004,Uttar Pradesh,Ghazipur,Afzal Ansari,SP,,,
2009,Uttar Pradesh,Ghazipur,Radhe Mohan Singh,SP,Afzal Ansari,SP,FALSE
2014,Uttar Pradesh,Ghazipur,Manoj Sinha,BJP,Radhe Mohan Singh,SP,FALSE
2019,Uttar Pradesh,Ghazipur,Afzal Ansari,BSP,Manoj Sinha,BJP,FALSE
2024,Uttar Pradesh,Ghazipur,Afzal Ansari,SP,Afzal Ansari,BSP,TRUE
2004,Uttar Pradesh,Ghosi,Chandradeo Prasad Rajbhar,SP,,,
2009,Uttar Pradesh,Ghosi,Dara Singh Chauhan,BSP,Chandradeo Prasad Rajbhar,SP,FALSE
2014,Uttar Pradesh,Ghosi,Harinarayan Rajbhar,BJP,Dara Singh Chauhan,BSP,FALSE
2019,Uttar Pradesh,Ghosi,Atul Rai,BSP,Harinarayan Rajbhar,BJP,FALSE
2024,Uttar Pradesh,Ghosi,Rajeev Rai,SP,Atul Rai,BSP,FALSE
2004,Uttar Pradesh,Gonda,Kirti Vardhan Singh,SP,,,
2009,Uttar Pradesh,Gonda,Beni Prasad Verma,INC,Kirti Vardhan Singh,SP,FALSE
2014,Uttar Pradesh,Gonda,Kirti Vardhan Singh,BJP,Beni Prasad Verma,INC,FALSE
2019,Uttar Pradesh,Gonda,Kirti Vardhan Singh,BJP,Kirti Vardhan Singh,BJP,TRUE
2024,Uttar Pradesh,Gonda,Kirti Vardhan Singh,BJP,Kirti Vardhan Singh,BJP,TRUE
2004,Uttar Pradesh,Gorakhpur,Yogi Adityanath,BJP,,,
2009,Uttar Pradesh,Gorakhpur,Yogi Adityanath,BJP,Yogi Adityanath,BJP,TRUE
2014,Uttar Pradesh,Gorakhpur,Yogi Adityanath,BJP,Yogi Adityanath,BJP,TRUE
2019,Uttar Pradesh,Gorakhpur,Ravi Kishan,BJP,Yogi Adityanath,BJP,FALSE
2024,Uttar Pradesh,Gorakhpur,Ravi Kishan,BJP,Ravi Kishan,BJP,TRUE
2004,Uttar Pradesh,Hamirpur,Rajnarayan Budholiya,SP,,,
2009,Uttar Pradesh,Hamirpur,Vijay Bahadur Singh,BSP,Rajnarayan Budholiya,SP,FALSE
2014,Uttar Pradesh,Hamirpur,Kunwar Pushpendra Singh Chandel,BJP,Vijay Bahadur Singh,BSP,FALSE
2019,Uttar Pradesh,Hamirpur,Pushpendra Singh Chandel,BJP,Kunwar Pushpendra Singh Chandel,BJP,FALSE
2024,Uttar Pradesh,Hamirpur,Ajendra Singh Lodhi,SP,Pushpendra Singh Chandel,BJP,FALSE
2004,Uttar Pradesh,Hapur,Surendra Prakash Goel,INC,,,
2004,Uttar Pradesh,Hardoi,Usha Verma,SP,,,
2009,Uttar Pradesh,Hardoi,Usha Verma,SP,Usha Verma,SP,TRUE
2014,Uttar Pradesh,Hardoi,Anshul Verma,BJP,Usha Verma,SP,FALSE
2019,Uttar Pradesh,Hardoi,Jai Prakash Rawat,BJP,Anshul Verma,BJP,FALSE
2024,Uttar Pradesh,Hardoi,Jai Prakash,BJP,Jai Prakash Rawat,BJP,FALSE
2004,Uttar Pradesh,Hathras,Kishan Lal Diler,BJP,,,
2009,Uttar Pradesh,Hathras,Sarika Singh,RLD,Kishan Lal Diler,BJP,FALSE
2014,Uttar Pradesh,Hathras,Rajesh Kumar Diwaker,BJP,Sarika Singh,RLD,FALSE
2019,Uttar Pradesh,Hathras,Rajvir Singh Diler,BJP,Rajesh Kumar Diwaker,BJP,FALSE
2024,Uttar Pradesh,Hathras,Anoop Pradhan,BJP,Rajvir Singh Diler,BJP,FALSE
2004,Uttar Pradesh,Jalaun,Bhanu Pratap Singh Verma,BJP,,,
2009,Uttar Pradesh,Jalaun,Ghanshyam Anuragi,SP,Bhanu Pratap Singh Verma,BJP,FALSE
2014,Uttar Pradesh,Jalaun,Bhanu Pratap Singh Verma,BJP,Ghanshyam Anuragi,SP,FALSE
2019,Uttar Pradesh,Jalaun,Bhanu Pratap Singh Verma,BJP,Bhanu Pratap Singh Verma,BJP,TRUE
2024,Uttar Pradesh,Jalaun,Narayan Das Ahirwar,SP,Bhanu Pratap Singh Verma,BJP,FALSE
2004,Uttar Pradesh,Jalesar,S. P. Singh Baghel,SP,,,
2004,Uttar Pradesh,Jaunpur,Parasnath Yadav,SP,,,
2009,Uttar Pradesh,Jaunpur,Dhananjay Singh,BSP,Parasnath Yadav,SP,FALSE
2014,Uttar Pradesh,Jaunpur,Krishna Pratap,BJP,Dhananjay Singh,BSP,FALSE
2019,Uttar Pradesh,Jaunpur,Shyam Singh Yadav,BSP,Krishna Pratap,BJP,FALSE
2024,Uttar Pradesh,Jaunpur,Babu Singh Kushwaha,SP,Shyam Singh Yadav,BSP,FALSE
2004,Uttar Pradesh,Jhansi,Chandrapal Singh Yadav,SP,,,
2009,Uttar Pradesh,Jhansi,Pradeep Jain Aditya,INC,Chandrapal Singh Yadav,SP,FALSE
2014,Uttar Pradesh,Jhansi,Uma Bharti,BJP,Pradeep Jain Aditya,INC,FALSE
2019,Uttar Pradesh,Jhansi,Anurag Sharma,BJP,Uma Bharti,BJP,FALSE
2024,Uttar Pradesh,Jhansi,Anurag Sharma,BJP,Anurag Sharma,BJP,TRUE
2004,Uttar Pradesh,Kairana,Anuradha Choudhary,RLD,,,
2009,Uttar Pradesh,Kairana,Begum Tabassum Hasan,BSP,Anuradha Choudhary,RLD,FALSE
2014,Uttar Pradesh,Kairana,Hukum Singh,BJP,Begum Tabassum Hasan,BSP,FALSE
2019,Uttar Pradesh,Kairana,Pradeep Kumar Choudhary,BJP,Hukum Singh,BJP,FALSE
2024,Uttar Pradesh,Kairana,Iqra Choudhary,SP,Pradeep Kumar Choudhary,BJP,FALSE
2004,Uttar Pradesh,Kaiserganj,Beni Prasad Verma,SP,,,
2009,Uttar Pradesh,Kaiserganj,Brij Bhushan Sharan Singh,SP,Beni Prasad Verma,SP,FALSE
2014,Uttar Pradesh,Kaiserganj,Brij Bhusan Sharan Singh,BJP,Brij Bhushan Sharan Singh,SP,FALSE
2019,Uttar Pradesh,Kaiserganj,Brij Bhushan Sharan Singh,BJP,Brij Bhusan Sharan Singh,BJP,FALSE
2024,Uttar Pradesh,Kaiserganj,Karan Bhushan Singh,BJP,Brij Bhushan Sharan Singh,BJP,FALSE
2004,Uttar Pradesh,Kannauj,Akhilesh Yadav,SP,,,
2009,Uttar Pradesh,Kannauj,Akhilesh Yadav,SP,Akhilesh Yadav,SP,TRUE
2014,Uttar Pradesh,Kannauj,Dimple Yadav,SP,Akhilesh Yadav,SP,FALSE
2019,Uttar Pradesh,Kannauj,Subrat Pathak,BJP,Dimple Yadav,SP,FALSE
2024,Uttar Pradesh,Kannauj,Akhilesh Yadav,SP,Subrat Pathak,BJP,FALSE
2004,Uttar Pradesh,Kanpur,Sriprakash Jaiswal,INC,,,
2014,Uttar Pradesh,Kanpur,Dr.Murli Manohar Joshi,BJP,Sriprakash Jaiswal,INC,FALSE
2009,Uttar Pradesh,Kanpur Urban,Sriprakash Jaiswal,INC,,,
2019,Uttar Pradesh,Kanpur Urban,Satyadev Pachauri,BJP,Sriprakash Jaiswal,INC,FALSE
2024,Uttar Pradesh,Kanpur Urban,Ramesh Awasthi,BJP,Satyadev Pachauri,BJP,FALSE
2009,Uttar Pradesh,Kaushambi,Shailendra Kumar,SP,,,
2014,Uttar Pradesh,Kaushambi,Vinod Kumar Sonkar,BJP,Shailendra Kumar,SP,FALSE
2019,Uttar Pradesh,Kaushambi,Vinod Kumar Sonkar,BJP,Vinod Kumar Sonkar,BJP,TRUE
2024,Uttar Pradesh,Kaushambi,Pushpendra Saroj,SP,Vinod Kumar Sonkar,BJP,FALSE
2004,Uttar Pradesh,Khalilabad,Bhalchandra Yadava,BSP,,,
2004,Uttar Pradesh,Kheri,Ravi Prakash Verma,SP,,,
2009,Uttar Pradesh,Kheri,Zafar Ali Naqvi,INC,Ravi Prakash Verma,SP,FALSE
2014,Uttar Pradesh,Kheri,Ajay Kumar,BJP,Zafar Ali Naqvi,INC,FALSE
2019,Uttar Pradesh,Kheri,Ajay Kumar Mishra,BJP,Ajay Kumar,BJP,FALSE
2024,Uttar Pradesh,Kheri,Utkarsh Verma,SP,Ajay Kumar Mishra,BJP,FALSE
2004,Uttar Pradesh,Khurja,Ashok Kumar Pradhan,BJP,,,
2009,Uttar Pradesh,Kushi Nagar,R. P. N. Singh,INC,,,
2014,Uttar Pradesh,Kushi Nagar,Rajesh Pandey Urf Guddu,BJP,R. P. N. Singh,INC,FALSE
2019,Uttar Pradesh,Kushi Nagar,Vijay Kumar Dubey,BJP,Rajesh Pandey Urf Guddu,BJP,FALSE
2024,Uttar Pradesh,Kushi Nagar,Vijay Kumar Dubey,BJP,Vijay Kumar Dubey,BJP,TRUE
2004,Uttar Pradesh,Lalganj,Daroga Prasad Saroj,SP,,,
2009,Uttar Pradesh,Lalganj,Bali Ram,BSP,Daroga Prasad Saroj,SP,FALSE
2014,Uttar Pradesh,Lalganj,Neelam Sonkar,BJP,Bali Ram,BSP,FALSE
2019,Uttar Pradesh,Lalganj,Sangeeta Azad,BSP,Neelam Sonkar,BJP,FALSE
2024,Uttar Pradesh,Lalganj,Daroga Prasad Saroj,SP,Sangeeta Azad,BSP,FALSE
2004,Uttar Pradesh,Lucknow,Atal Bihari Vajpayee,BJP,,,
2009,Uttar Pradesh,Lucknow,Lalji Tandon,BJP,Atal Bihari Vajpayee,BJP,FALSE
2014,Uttar Pradesh,Lucknow,Raj Nath Singh,BJP,Lalji Tandon,BJP,FALSE
2019,Uttar Pradesh,Lucknow,Rajnath Singh,BJP,Raj Nath Singh,BJP,FALSE
2024,Uttar Pradesh,Lucknow,Rajnath Singh,BJP,Rajnath Singh,BJP,TRUE
2004,Uttar Pradesh,Machhlishahr,Umakant Yadav,BSP,,,
2009,Uttar Pradesh,Machhlishahr,Tufani Saroj,SP,Umakant Yadav,BSP,FALSE
2014,Uttar Pradesh,Machhlishahr,Ram Charitra Nishad,BJP,Tufani Saroj,SP,FALSE
2019,Uttar Pradesh,Machhlishahr,B. P. Saroj,BJP,Ram Charitra Nishad,BJP,FALSE
2024,Uttar Pradesh,Machhlishahr,Priya Saroj,SP,B. P. Saroj,BJP,FALSE
2004,Uttar Pradesh,Maharajganj,Pankaj Choudhary,BJP,,,
2009,Uttar Pradesh,Maharajganj,Harsh Vardhan,INC,Pankaj Choudhary,BJP,FALSE
2014,Uttar Pradesh,Maharajganj,Pankaj,BJP,Harsh Vardhan,INC,FALSE
2019,Uttar Pradesh,Maharajganj,Pankaj Choudhary,BJP,Pankaj,BJP,FALSE
2024,Uttar Pradesh,Maharajganj,Pankaj Chaudhary,BJP,Pankaj Choudhary,BJP,FALSE
2004,Uttar Pradesh,Mainpuri,Mulayam Singh Yadav,SP,,,
2009,Uttar Pradesh,Mainpuri,Mulayam Singh Yadav,SP,Mulayam Singh Yadav,SP,TRUE
2014,Uttar Pradesh,Mainpuri,Mulayam Singh Yadav,SP,Mulayam Singh Yadav,SP,TRUE
2019,Uttar Pradesh,Mainpuri,Mulayam Singh Yadav,SP,Mulayam Singh Yadav,SP,TRUE
2024,Uttar Pradesh,Mainpuri,Dimple Yadav,SP,Mulayam Singh Yadav,SP,FALSE
2004,Uttar Pradesh,Mathura,Manvendra Singh,INC,,,
2009,Uttar Pradesh,Mathura,Jayant Chaudhary,RLD,Manvendra Singh,INC,FALSE
2014,Uttar Pradesh,Mathura,Hema Malini Dharmendra,BJP,Jayant Chaudhary,RLD,FALSE
2019,Uttar Pradesh,Mathura,Hema Malini,BJP,Hema Malini Dharmendra,BJP,FALSE
2024,Uttar Pradesh,Mathura,Hema Malini,BJP,Hema Malini,BJP,TRUE
2004,Uttar Pradesh,Meerut,Mohammed Shahid Akhlaq,BSP,,,
2009,Uttar Pradesh,Meerut,Rajendra Agrawal,BJP,Mohammed Shahid Akhlaq,BSP,FALSE
2014,Uttar Pradesh,Meerut,Rajendra Agarwal,BJP,Rajendra Agrawal,BJP,FALSE
2019,Uttar Pradesh,Meerut,Rajendra Agrawal,BJP,Rajendra Agarwal,BJP,FALSE
2024,Uttar Pradesh,Meerut,Arun Govil,BJP,Rajendra Agrawal,BJP,FALSE
2004,Uttar Pradesh,Mirzapur,Narendra Kumar Kushwaha,BSP,,,
2009,Uttar Pradesh,Mirzapur,Bal Kumar Patel,SP,Narendra Kumar Kushwaha,BSP,FALSE
2014,Uttar Pradesh,Mirzapur,Anupriya Singh Patel,Apna Dal,Bal Kumar Patel,SP,FALSE
2019,Uttar Pradesh,Mirzapur,Anupriya Patel,Apna Dal (Sonelal),Anupriya Singh Patel,Apna Dal,FALSE
2024,Uttar Pradesh,Mirzapur,Anupriya Patel,AD(S),Anupriya Patel,Apna Dal (Sonelal),TRUE
2004,Uttar Pradesh,Misrikh,Ashok Kumar Rawat,BSP,,,
2009,Uttar Pradesh,Misrikh,Ashok Kumar Rawat,BSP,Ashok Kumar Rawat,BSP,TRUE
2014,Uttar Pradesh,Misrikh,Anju Bala,BJP,Ashok Kumar Rawat,BSP,FALSE
2019,Uttar Pradesh,Misrikh,Ashok Kumar Rawat,BJP,Anju Bala,BJP,FALSE
2024,Uttar Pradesh,Misrikh,Ashok Kumar Rawat,BJP,Ashok Kumar Rawat,BJP,TRUE
2004,Uttar Pradesh,Mohanlalganj,Jai Prakash,SP,,,
2009,Uttar Pradesh,Mohanlalganj,Sushila Saroj,SP,Jai Prakash,SP,FALSE
2014,Uttar Pradesh,Mohanlalganj,Kaushal Kishore,BJP,Sushila Saroj,SP,FALSE
2019,Uttar Pradesh,Mohanlalganj,Kaushal Kishore,BJP,Kaushal Kishore,BJP,TRUE
2024,Uttar Pradesh,Mohanlalganj,R. K. Chaudhary,SP,Kaushal Kishore,BJP,FALSE
2004,Uttar Pradesh,Moradabad,Shafiqur Rahman Barq,SP,,,
2009,Uttar Pradesh,Moradabad,Mohammad Azharuddin,INC,Shafiqur Rahman Barq,SP,FALSE
2014,Uttar Pradesh,Moradabad,Kunwer Sarvesh Kumar,BJP,Mohammad Azharuddin,INC,FALSE
2019,Uttar Pradesh,Moradabad,S. T. Hasan,SP,Kunwer Sarvesh Kumar,BJP,FALSE
2024,Uttar Pradesh,Moradabad,Ruchi Vira,SP,S. T. Hasan,SP,FALSE
2004,Uttar Pradesh,Muzaffarnagar,Chaudhary Munawwar Hasan,SP,,,
2009,Uttar Pradesh,Muzaffarnagar,Kadir Rana,BSP,Chaudhary Munawwar Hasan,SP,FALSE
2014,Uttar Pradesh,Muzaffarnagar,Sanjeev Kumar Balyan,BJP,Kadir Rana,BSP,FALSE
2019,Uttar Pradesh,Muzaffarnagar,Sanjeev Kumar Balyan,BJP,Sanjeev Kumar Balyan,BJP,TRUE
2024,Uttar Pradesh,Muzaffarnagar,Harendra Singh Malik,SP,Sanjeev Kumar Balyan,BJP,FALSE
2009,Uttar Pradesh,Nagina,Yashvir Singh,SP,,,
2014,Uttar Pradesh,Nagina,Yashwant Singh,BJP,Yashvir Singh,SP,FALSE
2019,Uttar Pradesh,Nagina,Girish Chandra,BSP,Yashwant Singh,BJP,FALSE
2024,Uttar Pradesh,Nagina,Chandrashekhar,Asp(Kr),Girish Chandra,BSP,FALSE
2004,Uttar Pradesh,Padrauna,Baleshwar Yadav,National Loktantrik Party,,,
2004,Uttar Pradesh,Phulpur,Atique Ahmed,SP,,,
2009,Uttar Pradesh,Phulpur,Kapil Muni Karwariya,BSP,Atique Ahmed,SP,FALSE
2014,Uttar Pradesh,Phulpur,Keshav Prasad Maurya,BJP,Kapil Muni Karwariya,BSP,FALSE
2019,Uttar Pradesh,Phulpur,Keshari Devi Patel,BJP,Keshav Prasad Maurya,BJP,FALSE
2024,Uttar Pradesh,Phulpur,Praveen Patel,BJP,Keshari Devi Patel,BJP,FALSE
2004,Uttar Pradesh,Pilibhit,Maneka Gandhi,BJP,,,
2009,Uttar Pradesh,Pilibhit,Varun Gandhi,BJP,Maneka Gandhi,BJP,FALSE
2014,Uttar Pradesh,Pilibhit,Maneka Sanjay Gandhi,BJP,Varun Gandhi,BJP,FALSE
2019,Uttar Pradesh,Pilibhit,Varun Gandhi,BJP,Maneka Sanjay Gandhi,BJP,FALSE
2024,Uttar Pradesh,Pilibhit,Jitin Prasad,BJP,Varun Gandhi,BJP,FALSE
2004,Uttar Pradesh,Pratapgarh,Akshay Pratap Singh,SP,,,
2009,Uttar Pradesh,Pratapgarh,Ratna Singh,INC,Akshay Pratap Singh,SP,FALSE
2014,Uttar Pradesh,Pratapgarh,Kuwar Harivansh Singh,Apna Dal,Ratna Singh,INC,FALSE
2019,Uttar Pradesh,Pratapgarh,Sangam Lal Gupta,BJP,Kuwar Harivansh Singh,Apna Dal,FALSE
2024,Uttar Pradesh,Pratapgarh,Shiv Pal Singh Patel,SP,Sangam Lal Gupta,BJP,FALSE
2009,Uttar Pradesh,Rae Bareli,Sonia Gandhi,INC,,,
2014,Uttar Pradesh,Rae Bareli,Sonia Gandhi,INC,Sonia Gandhi,INC,TRUE
2019,Uttar Pradesh,Rae Bareli,Sonia Gandhi,INC,Sonia Gandhi,INC,TRUE
2024,Uttar Pradesh,Rae Bareli,Rahul Gandhi,INC,Sonia Gandhi,INC,FALSE
2004,Uttar Pradesh,Raebareli,Sonia Gandhi,INC,,,
2004,Uttar Pradesh,Rampur,Jaya Prada,SP,,,
2009,Uttar Pradesh,Rampur,Jaya Prada,SP,Jaya Prada,SP,TRUE
2014,Uttar Pradesh,Rampur,Dr. Nepal Singh,BJP,Jaya Prada,SP,FALSE
2019,Uttar Pradesh,Rampur,Azam Khan,SP,Dr. Nepal Singh,BJP,FALSE
2024,Uttar Pradesh,Rampur,Mohibbullah,SP,Azam Khan,SP,FALSE
2004,Uttar Pradesh,Robertsganj,Lal Chandra Kol,BSP,,,
2009,Uttar Pradesh,Robertsganj,Pakaudi Lal Kol,SP,Lal Chandra Kol,BSP,FALSE
2014,Uttar Pradesh,Robertsganj,Chhotelal,BJP,Pakaudi Lal Kol,SP,FALSE
2019,Uttar Pradesh,Robertsganj,Pakauri Lal,Apna Dal (Sonelal),Chhotelal,BJP,FALSE
2024,Uttar Pradesh,Robertsganj,Chhotelal,SP,Pakauri Lal,Apna Dal (Sonelal),FALSE
2004,Uttar Pradesh,Saharanpur,Rasheed Masood,SP,,,
2009,Uttar Pradesh,Saharanpur,Jagdish Singh Rana,BSP,Rasheed Masood,SP,FALSE
2014,Uttar Pradesh,Saharanpur,Raghav Lakhanpal,BJP,Jagdish Singh Rana,BSP,FALSE
2019,Uttar Pradesh,Saharanpur,Haji Fazlur Rehman,BSP,Raghav Lakhanpal,BJP,FALSE
2024,Uttar Pradesh,Saharanpur,Imran Masood,INC,Haji Fazlur Rehman,BSP,FALSE
2004,Uttar Pradesh,Saidpur,Tufani Saroj,SP,,,
2004,Uttar Pradesh,Salempur,Harikeval Prasad,SP,,,
2009,Uttar Pradesh,Salempur,Ramashankar Rajbhar,BSP,Harikeval Prasad,SP,FALSE
2014,Uttar Pradesh,Salempur,Ravindra Kushawaha,BJP,Ramashankar Rajbhar,BSP,FALSE
2019,Uttar Pradesh,Salempur,Ravindra Kushawaha,BJP,Ravindra Kushawaha,BJP,TRUE
2024,Uttar Pradesh,Salempur,Ramashankar Rajbhar,SP,Ravindra Kushawaha,BJP,FALSE
2004,Uttar Pradesh,Sambhal,Ram Gopal Yadav,SP,,,
2009,Uttar Pradesh,Sambhal,Shafiqur Rahman Barq,BSP,Ram Gopal Yadav,SP,FALSE
2014,Uttar Pradesh,Sambhal,Satyapal Singh,BJP,Shafiqur Rahman Barq,BSP,FALSE
2019,Uttar Pradesh,Sambhal,Shafiqur Rehman Barq,SP,Satyapal Singh,BJP,FALSE
2024,Uttar Pradesh,Sambhal,Zia ur Rahman Barq,SP,Shafiqur Rehman Barq,SP,FALSE
2009,Uttar Pradesh,Sant Kabir Nagar,Bhishma Shankar Tiwari,BSP,,,
2014,Uttar Pradesh,Sant Kabir Nagar,Sharad Tripathi,BJP,Bhishma Shankar Tiwari,BSP,FALSE
2019,Uttar Pradesh,Sant Kabir Nagar,Praveen Kumar Nishad,BJP,Sharad Tripathi,BJP,FALSE
2024,Uttar Pradesh,Sant Kabir Nagar,Laxmikant,SP,Praveen Kumar Nishad,BJP,FALSE
2004,Uttar Pradesh,Shahabad,Iliyas Azmi,SP,,,
2004,Uttar Pradesh,Shahjahanpur,Jitin Prasada,INC,,,
2009,Uttar Pradesh,Shahjahanpur,Mithlesh Kumar,SP,Jitin Prasada,INC,FALSE
2014,Uttar Pradesh,Shahjahanpur,Krishna Raj,BJP,Mithlesh Kumar,SP,FALSE
2019,Uttar Pradesh,Shahjahanpur,Arun Kumar Sagar,BJP,Krishna Raj,BJP,FALSE
2024,Uttar Pradesh,Shahjahanpur,Arun Kumar Sagar,BJP,Arun Kumar Sagar,BJP,TRUE
2014,Uttar Pradesh,Shravasti,Daddan Mishra,BJP,,,
2009,Uttar Pradesh,Shrawasti,Vinay Kumar Pandey,INC,,,
2019,Uttar Pradesh,Shrawasti,Ram Shiromani Verma,BSP,Vinay Kumar Pandey,INC,FALSE
2024,Uttar Pradesh,Shrawasti,Ram Shiromani Verma,SP,Ram Shiromani Verma,BSP,TRUE
2004,Uttar Pradesh,Sitapur,Rajesh Verma,BSP,,,
2009,Uttar Pradesh,Sitapur,Kaisar Jahan,BSP,Rajesh Verma,BSP,FALSE
2014,Uttar Pradesh,Sitapur,Rajesh Verma,BJP,Kaisar Jahan,BSP,FALSE
2019,Uttar Pradesh,Sitapur,Rajesh Verma,BJP,Rajesh Verma,BJP,TRUE
2024,Uttar Pradesh,Sitapur,Rakesh Rathore,INC,Rajesh Verma,BJP,FALSE
2004,Uttar Pradesh,Sultanpur,Mohammad Tahir Khan,BSP,,,
2009,Uttar Pradesh,Sultanpur,Sanjaya Sinh,INC,Mohammad Tahir Khan,BSP,FALSE
2014,Uttar Pradesh,Sultanpur,Varun Gandhi,BJP,Sanjaya Sinh,INC,FALSE
2019,Uttar Pradesh,Sultanpur,Maneka Gandhi,BJP,Varun Gandhi,BJP,FALSE
2024,Uttar Pradesh,Sultanpur,Rambhual Nishad,SP,Maneka Gandhi,BJP,FALSE
2004,Uttar Pradesh,Unnao,Brajesh Pathak,BSP,,,
2009,Uttar Pradesh,Unnao,Annu Tandon,INC,Brajesh Pathak,BSP,FALSE
2014,Uttar Pradesh,Unnao,Swami Sachchidanand Hari Sakshi,BJP,Annu Tandon,INC,FALSE
2019,Uttar Pradesh,Unnao,Sakshi Maharaj,BJP,Swami Sachchidanand Hari Sakshi,BJP,FALSE
2024,Uttar Pradesh,Unnao,Sakshi Maharaj,BJP,Sakshi Maharaj,BJP,TRUE
2004,Uttar Pradesh,Varanasi,Rajesh Kumar Mishra,INC,,,
2009,Uttar Pradesh,Varanasi,Murli Manohar Joshi,BJP,Rajesh Kumar Mishra,INC,FALSE
2014,Uttar Pradesh,Varanasi,Narendra Modi,BJP,Murli Manohar Joshi,BJP,FALSE
2019,Uttar Pradesh,Varanasi,Narendra Modi,BJP,Narendra Modi,BJP,TRUE
2024,Uttar Pradesh,Varanasi,Narendra Modi,BJP,Narendra Modi,BJP,TRUE
2004,Uttarakhand,Almora,Bachi Singh Rawat,BJP,,,
2009,Uttarakhand,Almora,Pradeep Tamta,INC,Bachi Singh Rawat,BJP,FALSE
2014,Uttarakhand,Almora,Ajay Tamta,BJP,Pradeep Tamta,INC,FALSE
2019,Uttarakhand,Almora,Ajay Tamta,BJP,Ajay Tamta,BJP,TRUE
2024,Uttarakhand,Almora,Ajay Tamta,BJP,Ajay Tamta,BJP,TRUE
2004,Uttarakhand,Garhwal,B. C. Khanduri,BJP,,,
2009,Uttarakhand,Garhwal,Satpal Maharaj,INC,B. C. Khanduri,BJP,FALSE
2014,Uttarakhand,Garhwal,B. C. Khanduri,BJP,Satpal Maharaj,INC,FALSE
2019,Uttarakhand,Garhwal,Tirath Singh Rawat,BJP,B. C. Khanduri,BJP,FALSE
2024,Uttarakhand,Garhwal,Anil Baluni,BJP,Tirath Singh Rawat,BJP,FALSE
2004,Uttarakhand,Haridwar,Rajendra Kumar Badi,SP,,,
2009,Uttarakhand,Haridwar,Harish Rawat,INC,Rajendra Kumar Badi,SP,FALSE
2014,Uttarakhand,Haridwar,Ramesh Pokhriyal,BJP,Harish Rawat,INC,FALSE
2019,Uttarakhand,Haridwar,Ramesh Pokhriyal,BJP,Ramesh Pokhriyal,BJP,TRUE
2024,Uttarakhand,Haridwar,Trivendra Singh Rawat,BJP,Ramesh Pokhriyal,BJP,FALSE
2004,Uttarakhand,Nainital,K. C. Singh Baba,INC,,,
2009,Uttarakhand,Nainital-Udhamsingh Nagar,K. C. Singh Baba,INC,,,
2014,Uttarakhand,Nainital-Udhamsingh Nagar,Bhagat Singh Koshyari,BJP,K. C. Singh Baba,INC,FALSE
2019,Uttarakhand,Nainital-Udhamsingh Nagar,Ajay Bhatt,BJP,Bhagat Singh Koshyari,BJP,FALSE
2024,Uttarakhand,Nainital-Udhamsingh Nagar,Ajay Bhatt,BJP,Ajay Bhatt,BJP,TRUE
2004,Uttarakhand,Tehri Garhwal,Manabendra Shah,BJP,,,
2009,Uttarakhand,Tehri Garhwal,Vijay Bahuguna,INC,Manabendra Shah,BJP,FALSE
2014,Uttarakhand,Tehri Garhwal,Mala Rajya Laxmi Shah,BJP,Vijay Bahuguna,INC,FALSE
2019,Uttarakhand,Tehri Garhwal,Mala Rajya Laxmi Shah,BJP,Mala Rajya Laxmi Shah,BJP,TRUE
2024,Uttarakhand,Tehri Garhwal,Mala Rajya Lakshmi Shah,BJP,Mala Rajya Laxmi Shah,BJP,FALSE
2004,West Bengal,Alipurduars,Joachim Baxla,RSP,,,
2009,West Bengal,Alipurduars,Manohar Tirkey,RSP,Joachim Baxla,RSP,FALSE
2014,West Bengal,Alipurduars,Dasrath Tirkey,TMC,Manohar Tirkey,RSP,FALSE
2019,West Bengal,Alipurduars,John Barla,BJP,Dasrath Tirkey,TMC,FALSE
2024,West Bengal,Alipurduars,Manoj Tigga,BJP,John Barla,BJP,FALSE
2004,West Bengal,Arambagh,Anil Basu,CPI(M),,,
2009,West Bengal,Arambagh,Sakti Mohan Malik,CPI(M),Anil Basu,CPI(M),FALSE
2014,West Bengal,Arambagh,Aparupa Poddar,TMC,Sakti Mohan Malik,CPI(M),FALSE
2019,West Bengal,Arambagh,Aparupa Poddar,TMC,Aparupa Poddar,TMC,TRUE
2024,West Bengal,Arambagh,Mitali Bag,TMC,Aparupa Poddar,TMC,FALSE
2004,West Bengal,Asansol,Bikash Chowdhury,CPI(M),,,
2009,West Bengal,Asansol,Bansa Gopal Chowdhury,CPI(M),Bikash Chowdhury,CPI(M),FALSE
2014,West Bengal,Asansol,Babul Supriyo,BJP,Bansa Gopal Chowdhury,CPI(M),FALSE
2019,West Bengal,Asansol,Babul Supriyo,BJP,Babul Supriyo,BJP,TRUE
2024,West Bengal,Asansol,Shatrughan Prasad Sinha,TMC,Babul Supriyo,BJP,FALSE
2009,West Bengal,Baharampur,Adhir Ranjan Chowdhury,INC,,,
2014,West Bengal,Baharampur,Adhir Ranjan Chowdhury,INC,Adhir Ranjan Chowdhury,INC,TRUE
2019,West Bengal,Baharampur,Adhir Ranjan Chowdhury,INC,Adhir Ranjan Chowdhury,INC,TRUE
2024,West Bengal,Baharampur,Yusuf Pathan,TMC,Adhir Ranjan Chowdhury,INC,FALSE
2004,West Bengal,Balurghat,Ranen Barman,RSP,,,
2009,West Bengal,Balurghat,Prasanta Kumar Majumdar,RSP,Ranen Barman,RSP,FALSE
2014,West Bengal,Balurghat,Arpita Ghosh,TMC,Prasanta Kumar Majumdar,RSP,FALSE
2019,West Bengal,Balurghat,Sukanta Majumder,BJP,Arpita Ghosh,TMC,FALSE
2024,West Bengal,Balurghat,Sukanta Majumdar,BJP,Sukanta Majumder,BJP,FALSE
2009,West Bengal,Bangaon,Gobinda Chandra Naskar,TMC,,,
2014,West Bengal,Bangaon,Mamata Thakur,TMC,Gobinda Chandra Naskar,TMC,FALSE
2019,West Bengal,Bangaon,Shantanu Thakur,BJP,Mamata Thakur,TMC,FALSE
2024,West Bengal,Bangaon,Shantanu Thakur,BJP,Shantanu Thakur,BJP,TRUE
2004,West Bengal,Bankura,Basudeb Acharia,CPI(M),,,
2009,West Bengal,Bankura,Basudeb Acharia,CPI(M),Basudeb Acharia,CPI(M),TRUE
2014,West Bengal,Bankura,Sreemati Dev Varma (Moon Moon Sen),TMC,Basudeb Acharia,CPI(M),FALSE
2019,West Bengal,Bankura,Subhash Sarkar,BJP,Sreemati Dev Varma (Moon Moon Sen),TMC,FALSE
2024,West Bengal,Bankura,Arup Chakraborty,TMC,Subhash Sarkar,BJP,FALSE
2004,West Bengal,Barasat,Subrata Bose,AIFB,,,
2009,West Bengal,Barasat,Kakoli Ghosh Dastidar,TMC,Subrata Bose,AIFB,FALSE
2014,West Bengal,Barasat,Dr. Kakali Ghoshdostidar,TMC,Kakoli Ghosh Dastidar,TMC,FALSE
2019,West Bengal,Barasat,Kakali Ghosh Dastidar,TMC,Dr. Kakali Ghoshdostidar,TMC,FALSE
2024,West Bengal,Barasat,Kakoli Ghosh Dastidar,TMC,Kakali Ghosh Dastidar,TMC,FALSE
2009,West Bengal,Bardhaman Purba,Anup Kumar Saha,CPI(M),,,
2014,West Bengal,Bardhaman Purba,Sunil Kumar Mondal,TMC,Anup Kumar Saha,CPI(M),FALSE
2019,West Bengal,Bardhaman Purba,Sunil Kumar Mondal,TMC,Sunil Kumar Mondal,TMC,TRUE
2024,West Bengal,Bardhaman Purba,Sharmila Sarkar,TMC,Sunil Kumar Mondal,TMC,FALSE
2009,West Bengal,Bardhaman-Durgapur,Sheikh Saidul Haque,CPI(M),,,
2014,West Bengal,Bardhaman-Durgapur,Mamtaz Sanghamita,TMC,Sheikh Saidul Haque,CPI(M),FALSE
2019,West Bengal,Bardhaman-Durgapur,S. S. Ahluwalia,BJP,Mamtaz Sanghamita,TMC,FALSE
2024,West Bengal,Bardhaman-Durgapur,Kirti Azad Jha,TMC,S. S. Ahluwalia,BJP,FALSE
2004,West Bengal,Barrackpore,Tarit Baran Topdar,CPI(M),,,
2014,West Bengal,Barrackpore,Dinesh Trivedi,TMC,Tarit Baran Topdar,CPI(M),FALSE
2019,West Bengal,Barrackpore,Arjun Singh,BJP,Dinesh Trivedi,TMC,FALSE
2009,West Bengal,Barrackpur,Dinesh Trivedi,TMC,,,
2024,West Bengal,Barrackpur,Partha Bhowmick,TMC,Dinesh Trivedi,TMC,FALSE
2004,West Bengal,Basirhat,Ajay Chakraborty,CPI,,,
2009,West Bengal,Basirhat,Haji Nurul Islam,TMC,Ajay Chakraborty,CPI,FALSE
2014,West Bengal,Basirhat,Idris Ali,TMC,Haji Nurul Islam,TMC,FALSE
2019,West Bengal,Basirhat,Nusrat Jahan,TMC,Idris Ali,TMC,FALSE
2024,West Bengal,Basirhat,Sk Nurul Islam,TMC,Nusrat Jahan,TMC,FALSE
2004,West Bengal,Berhampore,Adhir Ranjan Chowdhury,INC,,,
2004,West Bengal,Birbhum,Ram Chandra Dome,CPI(M),,,
2009,West Bengal,Birbhum,Satabdi Roy,TMC,Ram Chandra Dome,CPI(M),FALSE
2014,West Bengal,Birbhum,Satabdi Roy (Banerjee),TMC,Satabdi Roy,TMC,FALSE
2019,West Bengal,Birbhum,Shatabdi Roy,TMC,Satabdi Roy (Banerjee),TMC,FALSE
2024,West Bengal,Birbhum,Satabdi Roy,TMC,Shatabdi Roy,TMC,FALSE
2009,West Bengal,Bishnupur,Susmita Bauri,CPI(M),,,
2014,West Bengal,Bishnupur,Khan Saumitra,TMC,Susmita Bauri,CPI(M),FALSE
2019,West Bengal,Bishnupur,Saumitra Khan,BJP,Khan Saumitra,TMC,FALSE
2024,West Bengal,Bishnupur,Saumitra Khan,BJP,Saumitra Khan,BJP,TRUE
2004,West Bengal,Bolpur,Somnath Chatterjee,CPI(M),,,
2009,West Bengal,Bolpur,Ram Chandra Dome,CPI(M),Somnath Chatterjee,CPI(M),FALSE
2014,West Bengal,Bolpur,Anupam Hazra,TMC,Ram Chandra Dome,CPI(M),FALSE
2019,West Bengal,Bolpur,Asit Kumar Mal,TMC,Anupam Hazra,TMC,FALSE
2024,West Bengal,Bolpur,Asit Kumar Mal,TMC,Asit Kumar Mal,TMC,TRUE
2004,West Bengal,Burdwan,Nikhilananda Sar,CPI(M),,,
2004,West Bengal,Calcutta North East,Mohammed Salim,CPI(M),,,
2004,West Bengal,Calcutta North West,Sudhangshu Seal,CPI(M),,,
2004,West Bengal,Calcutta South,Mamata Banerjee,TMC,,,
2004,West Bengal,Contai,Prasanta Pradhan,CPI(M),,,
2004,West Bengal,Cooch Behar,Hiten Barman,AIFB,,,
2009,West Bengal,Cooch Behar,Nripendra Nath Roy,AIFB,Hiten Barman,AIFB,FALSE
2014,West Bengal,Cooch Behar,Renuka Sinha,TMC,Nripendra Nath Roy,AIFB,FALSE
2019,West Bengal,Cooch Behar,Nisith Pramanik,BJP,Renuka Sinha,TMC,FALSE
2024,West Bengal,Cooch Behar,Jagadish Chandra Barma Basunia,TMC,Nisith Pramanik,BJP,FALSE
2004,West Bengal,Darjeeling,Dawa Narbula,INC,,,
2009,West Bengal,Darjeeling,Jaswant Singh,BJP,Dawa Narbula,INC,FALSE
2014,West Bengal,Darjeeling,S.S.Ahluwalia,BJP,Jaswant Singh,BJP,FALSE
2019,West Bengal,Darjeeling,Raju Singh Bisht,BJP,S.S.Ahluwalia,BJP,FALSE
2024,West Bengal,Darjeeling,Raju Bista,BJP,Raju Singh Bisht,BJP,FALSE
2004,West Bengal,Diamond Harbour,Samik Lahiri,CPI(M),,,
2009,West Bengal,Diamond Harbour,Somen Mitra,TMC,Samik Lahiri,CPI(M),FALSE
2014,West Bengal,Diamond Harbour,Abhishek Banerjee,TMC,Somen Mitra,TMC,FALSE
2019,West Bengal,Diamond Harbour,Abhishek Banerjee,TMC,Abhishek Banerjee,TMC,TRUE
2024,West Bengal,Diamond Harbour,Abhishek Banerjee,TMC,Abhishek Banerjee,TMC,TRUE
2004,West Bengal,Dum Dum,Amitava Nandy,CPI(M),,,
2009,West Bengal,Dum Dum,Saugata Roy,TMC,Amitava Nandy,CPI(M),FALSE
2014,West Bengal,Dum Dum,Saugata Roy,TMC,Saugata Roy,TMC,TRUE
2019,West Bengal,Dum Dum,Saugata Roy,TMC,Saugata Roy,TMC,TRUE
2024,West Bengal,Dum Dum,Sougata Ray,TMC,Saugata Roy,TMC,FALSE
2004,West Bengal,Durgapur,Sunil Khan,CPI(M),,,
2009,West Bengal,Ghatal,Gurudas Dasgupta,CPI,,,
2014,West Bengal,Ghatal,Adhikari Deepak (Dev),TMC,Gurudas Dasgupta,CPI,FALSE
2019,West Bengal,Ghatal,Deepak Adhikari (Dev),TMC,Adhikari Deepak (Dev),TMC,FALSE
2024,West Bengal,Ghatal,Deepak Adhikari (Dev),TMC,Deepak Adhikari (Dev),TMC,TRUE
2004,West Bengal,Hooghly,Rupchand Pal,CPI(M),,,
2009,West Bengal,Hooghly,Ratna De,TMC,Rupchand Pal,CPI(M),FALSE
2014,West Bengal,Hooghly,Dr. Ratna De (Nag),TMC,Ratna De,TMC,FALSE
2019,West Bengal,Hooghly,Locket Chatterjee,BJP,Dr. Ratna De (Nag),TMC,FALSE
2024,West Bengal,Hooghly,Rachna Banerjee,TMC,Locket Chatterjee,BJP,FALSE
2004,West Bengal,Howrah,Swadesh Chakraborty,CPI(M),,,
2009,West Bengal,Howrah,Ambica Banerjee,TMC,Swadesh Chakraborty,CPI(M),FALSE
2014,West Bengal,Howrah,Prasun Banerjee,TMC,Ambica Banerjee,TMC,FALSE
2019,West Bengal,Howrah,Prasun Banerjee,TMC,Prasun Banerjee,TMC,TRUE
2024,West Bengal,Howrah,Prasun Banerjee,TMC,Prasun Banerjee,TMC,TRUE
2004,West Bengal,Jadavpur,Sujan Chakraborty,CPI(M),,,
2009,West Bengal,Jadavpur,Kabir Suman,TMC,Sujan Chakraborty,CPI(M),FALSE
2014,West Bengal,Jadavpur,Sugata Bose,TMC,Kabir Suman,TMC,FALSE
2019,West Bengal,Jadavpur,Mimi Chakraborty,TMC,Sugata Bose,TMC,FALSE
2024,West Bengal,Jadavpur,Sayani Ghosh,TMC,Mimi Chakraborty,TMC,FALSE
2004,West Bengal,Jalpaiguri,Minati Sen,CPI(M),,,
2009,West Bengal,Jalpaiguri,Mahendra Kumar Roy,CPI(M),Minati Sen,CPI(M),FALSE
2014,West Bengal,Jalpaiguri,Bijoy Chandra Barman,TMC,Mahendra Kumar Roy,CPI(M),FALSE
2019,West Bengal,Jalpaiguri,Jayanta Kumar Roy,BJP,Bijoy Chandra Barman,TMC,FALSE
2024,West Bengal,Jalpaiguri,Jayanta Kumar Roy,BJP,Jayanta Kumar Roy,BJP,TRUE
2004,West Bengal,Jangipur,Pranab Mukherjee,INC,,,
2009,West Bengal,Jangipur,Pranab Mukherjee,INC,Pranab Mukherjee,INC,TRUE
2014,West Bengal,Jangipur,Abhijit Mukherjee,INC,Pranab Mukherjee,INC,FALSE
2019,West Bengal,Jangipur,Khalilur Rahman,TMC,Abhijit Mukherjee,INC,FALSE
2024,West Bengal,Jangipur,Khalilur Rahaman,TMC,Khalilur Rahman,TMC,FALSE
2009,West Bengal,Jaynagar,Tarun Mandal,Socialist Unity Centre Of India (C),,,
2014,West Bengal,Jaynagar,Pratima Mondal,TMC,Tarun Mandal,Socialist Unity Centre Of India (C),FALSE
2019,West Bengal,Jaynagar,Pratima Mondal,TMC,Pratima Mondal,TMC,TRUE
2004,West Bengal,Jhargram,Rupchand Murmu,CPI(M),,,
2009,West Bengal,Jhargram,Pulin Bihari Baske,CPI(M),Rupchand Murmu,CPI(M),FALSE
2014,West Bengal,Jhargram,Uma Saren,TMC,Pulin Bihari Baske,CPI(M),FALSE
2019,West Bengal,Jhargram,Kumar Hembram,BJP,Uma Saren,TMC,FALSE
2024,West Bengal,Jhargram,Kalipada Saren,TMC,Kumar Hembram,BJP,FALSE
2004,West Bengal,Joynagar,Sanat Kumar Mandal,RSP,,,
2024,West Bengal,Joynagar,Pratima Mondal,TMC,Sanat Kumar Mandal,RSP,FALSE
2009,West Bengal,Kanthi,Sisir Adhikari,TMC,,,
2014,West Bengal,Kanthi,Adhikari Sisir Kumar,TMC,Sisir Adhikari,TMC,FALSE
2019,West Bengal,Kanthi,Sisir Adhikari,TMC,Adhikari Sisir Kumar,TMC,FALSE
2024,West Bengal,Kanthi,Soumendu Adhikari,BJP,Sisir Adhikari,TMC,FALSE
2004,West Bengal,Katwa,Mahboob Zahedi,CPI(M),,,
2009,West Bengal,Kolkata Dakshin,Mamata Banerjee,TMC,,,
2014,West Bengal,Kolkata Dakshin,Subrata Bakshi,TMC,Mamata Banerjee,TMC,FALSE
2019,West Bengal,Kolkata Dakshin,Mala Roy,TMC,Subrata Bakshi,TMC,FALSE
2024,West Bengal,Kolkata Dakshin,Mala Roy,TMC,Mala Roy,TMC,TRUE
2009,West Bengal,Kolkata Uttar,Sudip Bandyopadhyay,TMC,,,
2014,West Bengal,Kolkata Uttar,Sudip Bandyopadhyay,TMC,Sudip Bandyopadhyay,TMC,TRUE
2019,West Bengal,Kolkata Uttar,Sudip Bandyopadhyay,TMC,Sudip Bandyopadhyay,TMC,TRUE
2024,West Bengal,Kolkata Uttar,Sudip Bandyopadhyay,TMC,Sudip Bandyopadhyay,TMC,TRUE
2004,West Bengal,Krishnagar,Jyotirmoyee Sikdar,CPI(M),,,
2009,West Bengal,Krishnanagar,Tapas Paul,TMC,,,
2014,West Bengal,Krishnanagar,Tapas Paul,TMC,Tapas Paul,TMC,TRUE
2019,West Bengal,Krishnanagar,Mahua Moitra,TMC,Tapas Paul,TMC,FALSE
2024,West Bengal,Krishnanagar,Mahua Moitra,TMC,Mahua Moitra,TMC,TRUE
2004,West Bengal,Malda,A. B. A. Ghani Khan Choudhury,INC,,,
2009,West Bengal,Maldaha Dakshin,Abu Hasem Khan Choudhury,INC,,,
2014,West Bengal,Maldaha Dakshin,Abu Hasem Khan Chowdhury,INC,Abu Hasem Khan Choudhury,INC,FALSE
2019,West Bengal,Maldaha Dakshin,Abu Hasem Khan Choudhury,INC,Abu Hasem Khan Chowdhury,INC,FALSE
2024,West Bengal,Maldaha Dakshin,Isha Khan Choudhury,INC,Abu Hasem Khan Choudhury,INC,FALSE
2009,West Bengal,Maldaha Uttar,Mausam Noor,INC,,,
2014,West Bengal,Maldaha Uttar,Mausam Noor,INC,Mausam Noor,INC,TRUE
2019,West Bengal,Maldaha Uttar,Khagen Murmu,BJP,Mausam Noor,INC,FALSE
2024,West Bengal,Maldaha Uttar,Khagen Murmu,BJP,Khagen Murmu,BJP,TRUE
2004,West Bengal,Mathurapur,Basudeb Barman,CPI(M),,,
2009,West Bengal,Mathurapur,Choudhury Mohan Jatua,TMC,Basudeb Barman,CPI(M),FALSE
2014,West Bengal,Mathurapur,Choudhury Mohan Jatua,TMC,Choudhury Mohan Jatua,TMC,TRUE
2019,West Bengal,Mathurapur,Choudhury Mohan Jatua,TMC,Choudhury Mohan Jatua,TMC,TRUE
2024,West Bengal,Mathurapur,Bapi Haldar,TMC,Choudhury Mohan Jatua,TMC,FALSE
2009,West Bengal,Medinipur,Prabodh Panda,CPI,,,
2014,West Bengal,Medinipur,Sandhya Roy,TMC,Prabodh Panda,CPI,FALSE
2019,West Bengal,Medinipur,Dilip Ghosh,BJP,Sandhya Roy,TMC,FALSE
2024,West Bengal,Medinipur,June Maliah,TMC,Dilip Ghosh,BJP,FALSE
2004,West Bengal,Midnapore,Prabodh Panda,CPI,,,
2004,West Bengal,Murshidabad,Abdul Mannan Hossain,INC,,,
2009,West Bengal,Murshidabad,Abdul Mannan Hossain,INC,Abdul Mannan Hossain,INC,TRUE
2014,West Bengal,Murshidabad,Badaruddoza Khan,CPI(M),Abdul Mannan Hossain,INC,FALSE
2019,West Bengal,Murshidabad,Abu Taher Khan,TMC,Badaruddoza Khan,CPI(M),FALSE
2024,West Bengal,Murshidabad,Abu Taher Khan,TMC,Abu Taher Khan,TMC,TRUE
2004,West Bengal,Nabadwip,Alakesh Das,CPI(M),,,
2004,West Bengal,Panskura,Gurudas Dasgupta,CPI,,,
2004,West Bengal,Purulia,Bir Singh Mahato,AIFB,,,
2009,West Bengal,Purulia,Narahari Mahato,AIFB,Bir Singh Mahato,AIFB,FALSE
2014,West Bengal,Purulia,Dr. Mriganka Mahato,TMC,Narahari Mahato,AIFB,FALSE
2019,West Bengal,Purulia,Jyotirmoy Singh Mahato,BJP,Dr. Mriganka Mahato,TMC,FALSE
2024,West Bengal,Purulia,Jyotirmay Singh Mahato,BJP,Jyotirmoy Singh Mahato,BJP,FALSE
2004,West Bengal,Raiganj,Priya Ranjan Dasmunsi,INC,,,
2009,West Bengal,Raiganj,Deepa Dasmunsi,INC,Priya Ranjan Dasmunsi,INC,FALSE
2014,West Bengal,Raiganj,Md. Salim,CPI(M),Deepa Dasmunsi,INC,FALSE
2019,West Bengal,Raiganj,Debasree Chaudhuri,BJP,Md. Salim,CPI(M),FALSE
2024,West Bengal,Raiganj,Kartick Chandra Paul,BJP,Debasree Chaudhuri,BJP,FALSE
2009,West Bengal,Ranaghat,Sucharu Ranjan Haldar,TMC,,,
2014,West Bengal,Ranaghat,Tapas Mandal,TMC,Sucharu Ranjan Haldar,TMC,FALSE
2019,West Bengal,Ranaghat,Jagannath Sarkar,BJP,Tapas Mandal,TMC,FALSE
2024,West Bengal,Ranaghat,Jagannath Sarkar,BJP,Jagannath Sarkar,BJP,TRUE
2004,West Bengal,Serampore,Santasri Chatterjee,CPI(M),,,
2014,West Bengal,Serampore,Kalyan Banerjee,TMC,Santasri Chatterjee,CPI(M),FALSE
2019,West Bengal,Serampore,Kalyan Banerjee,TMC,Kalyan Banerjee,TMC,TRUE
2024,West Bengal,Serampore,Kalyan Banerjee,TMC,Kalyan Banerjee,TMC,TRUE
2009,West Bengal,Srerampur,Kalyan Banerjee,TMC,,,
2004,West Bengal,Tamluk,Lakshman Chandra Seth,CPI(M),,,
2009,West Bengal,Tamluk,Suvendu Adhikari,TMC,Lakshman Chandra Seth,CPI(M),FALSE
2014,West Bengal,Tamluk,Adhikari Suvendu,TMC,Suvendu Adhikari,TMC,FALSE
2019,West Bengal,Tamluk,Dibyendu Adhikari,TMC,Adhikari Suvendu,TMC,FALSE
2024,West Bengal,Tamluk,Abhijit Gangopadhyay,BJP,Dibyendu Adhikari,TMC,FALSE
2004,West Bengal,Uluberia,Hannan Mollah,CPI(M),,,
2009,West Bengal,Uluberia,Sultan Ahmed,TMC,Hannan Mollah,CPI(M),FALSE
2014,West Bengal,Uluberia,Sultan Ahmed,TMC,Sultan Ahmed,TMC,TRUE
2019,West Bengal,Uluberia,Sajda Ahmed,TMC,Sultan Ahmed,TMC,FALSE
2024,West Bengal,Uluberia,Sajda Ahmed,TMC,Sajda Ahmed,TMC,TRUE
2004,West Bengal,Vishnupur,Susmita Bauri,CPI(M),,,
