Year,State,Constituency_No,Constituency_Name,Constituency_Type,Winner_Candidate,Winner_Party,Winner_Votes,Winner_Percentage,Runner_up_Candidate,Runner_up_Party,Runner_up_Votes,Runner_up_Percentage,Margin_Votes
2004,Andaman and Nicobar Islands,1,Andaman And Nicobar Islands,GEN,Manoranjan Bhakta,INC,85794,,Bishnu Pada Ray,BJP,55294,,30500
2004,Andhra Pradesh,1,Srikakulam,GEN,Kinjarapu Yerran Naidu,TDP,361906,,Killi Krupa Rani,INC,330027,,31879
2004,Andhra Pradesh,2,Parvathipuram,ST,Kishore Chandra Deo,INC,321788,,Veera Gouri Sankara Rao,TDP,314370,,7418
2004,Andhra Pradesh,3,Bobbili,GEN,Kondapalli Pydithalli Naidu,TDP,373922,,Jhansi Laxmi Botcha,INC,342574,,31348
2004,Andhra Pradesh,4,Visakhapatnam,GEN,Nedurumalli Janardhana Reddy,INC,524122,,M. V. V. S. Murthi,TDP,393551,,130571
2004,Andhra Pradesh,5,Bhadrachalam,ST,Midiyam Babu Rao,CPI(M),373148,,KPRK Phaneeswaramma,TDP,319342,,53806
2004,Andhra Pradesh,6,Anakapalli,GEN,Pappala Chalapathirao,TDP,385406,,Nanda Gopal Gandham,INC,369992,,15414
2004,Andhra Pradesh,7,Kakinada,GEN,Mallipudi Mangapati Pallam Raju,INC,410982,,Mudragada Padmanabham,TDP,353730,,57252
2004,Andhra Pradesh,8,Rajahmundry,GEN,Vundavalli Aruna Kumar,INC,413927,,Kantipudi Sarvarayudu,BJP,265107,,148820
2004,Andhra Pradesh,9,Amalapuram,SC,G. V. Harsha Kumar,INC,350346,,Dunna Janardhana Rao,TDP,308861,,41485
2004,Andhra Pradesh,10,Narasapur,GEN,Chegondi Venkata Harirama Jogaiah,INC,402761,,U. V. Krishnam Raju,BJP,338349,,64412
2004,Andhra Pradesh,11,Eluru,GEN,Kavuri Samba Siva Rao,INC,499191,,Bolla Bulli Ramaiah,TDP,375900,,123291
2004,Andhra Pradesh,12,Machilipatnam,GEN,Badiga Ramakrishna,INC,387127,,Ambati Brahmanaiah,TDP,336786,,50341
2004,Andhra Pradesh,13,Vijayawada,GEN,Lagadapati Rajagopal,INC,519624,,Chalasani Ashwini Dutt,TDP,405037,,114587
2004,Andhra Pradesh,14,Tenali,GEN,Vallabhaneni Balasouri,INC,366843,,Ummareddy Venkateswarlu,TDP,288287,,78556
2004,Andhra Pradesh,15,Guntur,GEN,Rayapati Sambasiva Rao,INC,466221,,Yemparala Venkateswara Rao,TDP,336429,,129792
2004,Andhra Pradesh,16,Bapatla,GEN,Daggubati Purandeswari,INC,411099,,Daggubati Ramanaidu,TDP,317017,,94082
2004,Andhra Pradesh,17,Narasaraopet,GEN,Mekapati Rajamohan Reddy,INC,481310,,Maddi Lakshmaiah,TDP,395055,,86255
2004,Andhra Pradesh,18,Ongole,GEN,Magunta Sreenivasulu Reddy,INC,446584,,Bathula Vijaya Bharathi,TDP,340563,,106021
2004,Andhra Pradesh,19,Nellore,SC,Panabaka Lakshmi,INC,450129,,Balakondaiah Karupotala,BJP,321905,,128224
2004,Andhra Pradesh,20,Tirupathi,SC,Chinta Mohan,INC,510961,,Nandipaku Venkataswamy,BJP,311633,,199328
2004,Andhra Pradesh,21,Chittoor,GEN,D. K. Adikesavulu Naidu,TDP,454128,,Ravuri Venkata Swamy,INC,391990,,62138
2004,Andhra Pradesh,22,Rajampet,GEN,Sai Prathap Annayyagari,INC,369797,,Gunipati Ramaiah,TDP,291712,,78085
2004,Andhra Pradesh,23,Cuddapah,GEN,Y. S. Vivekananda Reddy,INC,461431,,M. V. Mysura Reddy,TDP,329757,,131674
2004,Andhra Pradesh,24,Hindupur,GEN,G. Nizamuddin,INC,419744,,B K Parthasarathi,TDP,417904,,1840
2004,Andhra Pradesh,25,Anantapur,GEN,Anantha Venkatarami Reddy,INC,458925,,Kalava Srinivasulu,TDP,385521,,73404
2004,Andhra Pradesh,26,Kurnool,GEN,Kotla Jayasurya Prakasha Reddy,INC,433529,,K. E. Krishnamurthy,TDP,332431,,101098
2004,Andhra Pradesh,27,Nandyal,GEN,S. P. Y. Reddy,INC,458526,,Bhuma Shobha Nagi Reddy,TDP,346847,,111679
2004,Andhra Pradesh,28,Nagarkurnool,SC,Manda Jagannath,TDP,405046,,K.S.Ratnam,IND,305396,,99650
2004,Andhra Pradesh,29,Mahabubnagar,GEN,Devarakonda Vittal Rao,INC,428764,,Yelkoti Yella Reddy,TDP,380857,,47907
2004,Andhra Pradesh,30,Hyderabad,GEN,Asaduddin Owaisi,AIMIM,378854,,G Subash Chanderji,BJP,278709,,100145
2004,Andhra Pradesh,31,Secunderabad,GEN,Anjan Kumar Yadav,INC,485710,,Bandaru Dattatreya,BJP,416952,,68758
2004,Andhra Pradesh,32,Siddipet,SC,Sarvey Satyanarayana,INC,593879,,K Lingaiah,TDP,454907,,138972
2004,Andhra Pradesh,33,Medak,GEN,A. Narendra,TRS,453738,,P Ramachandra Reddy,BJP,329972,,123766
2004,Andhra Pradesh,34,Nizamabad,GEN,Madhu Goud Yaskhi,INC,442142,,Syed Yousuf Ali,TDP,304271,,137871
2004,Andhra Pradesh,35,Adilabad,GEN,Madhusudhan Reddy Takkala,TRS,415429,,Samudrala Venugopal Chary,TDP,374455,,40974
2004,Andhra Pradesh,36,Peddapalli,SC,Gaddam Venkatswamy,INC,572207,,C Suguna Kumari,TDP,309072,,263135
2004,Andhra Pradesh,37,Karimnagar,GEN,K. Chandrashekar Rao,TRS,451199,,Chennamaneni Vidyasagar Rao,BJP,320031,,131168
2004,Andhra Pradesh,38,Hanamkonda,GEN,Boianapalli Vinod Kumar,TRS,496048,,Chada Suresh Reddy,TDP,278981,,217067
2004,Andhra Pradesh,39,Warangal,GEN,Dharavath Ravinder Naik,TRS,427601,,Bodakunti Venkateshwarlu,TDP,408339,,19262
2004,Andhra Pradesh,40,Khammam,GEN,Renuka Chowdhury,INC,518047,,Nama Nageswara Rao,TDP,409159,,108888
2004,Andhra Pradesh,41,Nalgonda,GEN,Suravaram Sudhakar Reddy,CPI,479511,,Nallu Indrasena Reddy,BJP,423360,,56151
2004,Andhra Pradesh,42,Miryalguda,GEN,Jaipal Reddy,INC,572169,,Vangala Swamy Goud,TDP,355262,,216907
2004,Arunachal Pradesh,1,Arunachal West,GEN,Kiren Rijiju,BJP,123951,,Kamen Ringu,Arunachal Congress,76527,,47424
2004,Arunachal Pradesh,2,Arunachal East,GEN,Tapir Gao,BJP,83335,,Wangcha Rajkumar,INC,38341,,44994
2004,Assam,1,Karimganj,SC,Lalit Mohan Suklabaidya,INC,321059,,Parimal Suklabaidya,BJP,229111,,91948
2004,Assam,2,Silchar,GEN,Santosh Mohan Dev,INC,246215,,Kabindra Purkayastha,BJP,224895,,21320
2004,Assam,3,Autonomous District,ST,Biren Sing Engti,INC,125937,,Elwin Teron,Autonomous State Demand Committee,101808,,24129
2004,Assam,4,Dhubri,GEN,Anwar Hussain,INC,376588,,Afzalur Rahman,AGP,259966,,116622
2004,Assam,5,Kokrajhar,ST,Sansuma Khunggur Bwiswmuthiary,IND,689620,,Sabda Ram Rabha,IND,205491,,484129
2004,Assam,6,Barpeta,GEN,A. F. Golam Osmani,INC,266972,,Kumar Deepak Das,AGP,198847,,68125
2004,Assam,7,Guwahati,GEN,Kirip Chaliha,INC,353250,,Bhupen Hazarika,BJP,292099,,61151
2004,Assam,8,Mangaldoi,GEN,Narayan Chandra Borkataky,BJP,345863,,Madhab Rajbangshi,INC,315997,,29866
2004,Assam,9,Tezpur,GEN,Moni Kumar Subba,INC,289847,,Padma Hazarika,AGP,219402,,70445
2004,Assam,10,Nagaon,GEN,Rajen Gohain,BJP,342704,,Bisnu Prasad,INC,311292,,31412
2004,Assam,11,Kaliabor,GEN,Dip Gogoi,INC,301893,,Keshab Mahanta,AGP,234695,,67198
2004,Assam,12,Jorhat,GEN,Bijoy Krishna Handique,INC,223624,,Drupad Borgohain,CPI,172332,,51292
2004,Assam,13,Dibrugarh,GEN,Sarbananda Sonowal,AGP,220944,,Kamakhya Prasad Tasa,BJP,202390,,18554
2004,Assam,14,Lakhimpur,GEN,Arun Kumar Sarmah,AGP,300865,,Ranee Narah,INC,272717,,28148
2004,Bihar,1,Bagaha,SC,Kailash Baitha,JD(U),237989,,Hiralal Ram,LJP,172614,,65375
2004,Bihar,2,Bettiah,GEN,Raghunath Jha,RJD,211590,,Madan Prasad Jaiswal,BJP,186919,,24671
2004,Bihar,3,Motihari,GEN,Akhilesh Prasad Singh,RJD,348596,,Radha Mohan Singh,BJP,251572,,97024
2004,Bihar,4,Gopalganj,GEN,Anirudh Prasad Yadav,RJD,336016,,Prabhu Dayal Singh,JD(U),143097,,192919
2004,Bihar,5,Siwan,GEN,Mohammad Shahabuddin,RJD,317511,,Om Prakash Yadav,JD(U),213933,,103578
2004,Bihar,6,Maharajganj,GEN,Prabhunath Singh,JD(U),283506,,Jitendra Swami,RJD,237041,,46465
2004,Bihar,7,Chapra,GEN,Lalu Prasad Yadav,RJD,228882,,Rajiv Pratap Rudy,BJP,168459,,60423
2004,Bihar,8,Hajipur,SC,Ram Vilas Paswan,LJP,477495,,Chhedi Paswan,JD(U),239694,,237801
2004,Bihar,9,Vaishali,GEN,Raghuvansh Prasad Singh,RJD,361503,,Vijay Kumar Shukla,IND,255568,,105935
2004,Bihar,10,Muzaffarpur,GEN,George Fernandes,JD(U),370127,,Bhagwan Lal Sahani,RJD,360434,,9693
2004,Bihar,11,Sitamarhi,GEN,Sitaram Yadav,RJD,326165,,Nawal Kishore Rai,JD(U),228160,,98005
2004,Bihar,12,Sheohar,GEN,Sitaram Singh,RJD,303243,,Mohammad Anwarul Haque,BJP,229360,,73883
2004,Bihar,13,Madhubani,GEN,Shakeel Ahmad,INC,328182,,Hukmdev Narayan Yadav,BJP,241103,,87079
2004,Bihar,14,Jhanjharpur,GEN,Devendra Prasad Yadav,RJD,323400,,Jagannath Mishra,JD(U),310565,,12835
2004,Bihar,15,Darbhanga,GEN,Ali Ashraf Fatmi,RJD,427672,,Kirti Azad,BJP,284209,,143463
2004,Bihar,16,Rosera,SC,Ram Chandra Paswan,LJP,394240,,Dasai Chowdhary,JD(U),255829,,138411
2004,Bihar,17,Samastipur,GEN,Alok Kumar Mehta,RJD,437457,,Ram Chandra Singh,JD(U),310674,,126783
2004,Bihar,18,Barh,GEN,Vijay Krishna,RJD,426856,,Nitish Kumar,JD(U),389168,,37688
2004,Bihar,19,Balia,GEN,Surajbhan Singh,LJP,233869,,Shatrughna Prasad Singh,CPI,157642,,76227
2004,Bihar,20,Saharsa,GEN,Ranjeet Ranjan,LJP,350426,,Dinesh Chandra Yadav,JD(U),319639,,30787
2004,Bihar,21,Madhepura,GEN,Lalu Prasad Yadav,RJD,344301,,Sharad Yadav,JD(U),274314,,69987
2004,Bihar,22,Araria,SC,Sukdeo Paswan,BJP,216677,,Ramji Das Rishideo,SP,188933,,27744
2004,Bihar,23,Kishanganj,GEN,Mohammed Taslimuddin,RJD,420331,,Syed Shahnawaz Hussain,BJP,259834,,160497
2004,Bihar,24,Purnea,GEN,Uday Singh,BJP,244426,,Rajesh Ranjan,LJP,231543,,12883
2004,Bihar,25,Katihar,GEN,Nikhil Kumar Choudhary,BJP,288922,,Tariq Anwar,NCP,286357,,2565
2004,Bihar,26,Banka,GEN,Giridhari Yadav,RJD,339880,,Digvijay Singh,JD(U),335211,,4669
2004,Bihar,27,Bhagalpur,GEN,Sushil Kumar Modi,BJP,345151,,Subodh Ray,CPI(M),227298,,117853
2004,Bihar,28,Khagaria,GEN,Rabindra Kumar Rana,RJD,322440,,Renu Kumari Singh,JD(U),255317,,67123
2004,Bihar,29,Monghyr,GEN,Jay Prakash Narayan Yadav,RJD,453286,,Monazir Hassan,JD(U),337359,,115927
2004,Bihar,30,Begusarai,GEN,Rajiv Ranjan Singh,JD(U),301562,,Krishna Sahi,INC,281071,,20491
2004,Bihar,31,Nalanda,GEN,Nitish Kumar,JD(U),471310,,Kumar Pushpanjay,LJP,368914,,102396
2004,Bihar,32,Patna,GEN,Ram Kripal Yadav,RJD,433853,,C. P. Thakur,BJP,395291,,38562
2004,Bihar,33,Arrah,GEN,Kanti Singh,RJD,299422,,Ram Naresh Ram,CPI(ML)L,149679,,149743
2004,Bihar,34,Buxar,GEN,Lalmuni Chaubey,BJP,205980,,Dadan Singh Yadav,IND,151114,,54866
2004,Bihar,35,Sasaram,SC,Meira Kumar,INC,416673,,Muni Lall,BJP,158411,,258262
2004,Bihar,36,Bikramganj,GEN,Ajit Kumar Singh,JD(U),305363,,Ram Prasad Singh,RJD,246575,,58788
2004,Bihar,37,Aurangabad,GEN,Nikhil Kumar,INC,290009,,Sushil Kumar Singh,JD(U),282549,,7460
2004,Bihar,38,Jahanabad,GEN,Ganesh Prasad Singh,RJD,400063,,Arun Kumar,JD(U),353625,,46438
2004,Bihar,39,Nawada,SC,Virchandra Paswan,RJD,489992,,Sanjay Paswan,BJP,433986,,56006
2004,Bihar,40,Gaya,SC,Rajesh Kumar Manjhi,RJD,464829,,Balbir Chand,BJP,361895,,102934
2004,Chandigarh,1,Chandigarh,GEN,Pawan Kumar Bansal,INC,139880,,Satya Pal Jain,BJP,94632,,45248
2004,Chhattisgarh,1,Surguja,ST,Nand Kumar Sai,BJP,357108,,Khelsai Singh,INC,253656,,103452
2004,Chhattisgarh,2,Raigarh,ST,Vishnu Deo Sai,BJP,329057,,Rampukar Singh,INC,292326,,36731
2004,Chhattisgarh,3,Janjgir,GEN,Karuna Shukla,BJP,303655,,Charan Das Mahant,INC,292326,,11329
2004,Chhattisgarh,4,Bilaspur,SC,Punnulal Mohle,BJP,324729,,Basant Pahre,INC,243176,,81553
2004,Chhattisgarh,5,Sarangarh,SC,Guharam Ajgalle,BJP,242575,,Parasram Bhardwaj,INC,183457,,59118
2004,Chhattisgarh,6,Raipur,GEN,Ramesh Bais,BJP,376029,,Shyama Charan Shukla,INC,246510,,129519
2004,Chhattisgarh,7,Mahasamund,GEN,Ajit Jogi,INC,414647,,Vidya Charan Shukla,BJP,296142,,118505
2004,Chhattisgarh,8,Kanker,ST,Sohan Potai,BJP,274294,,Ganga Potai Thakur,INC,200668,,73626
2004,Chhattisgarh,9,Bastar,ST,Baliram Kashyap,BJP,212893,,Mahendra Karma,INC,158520,,54373
2004,Chhattisgarh,10,Durg,GEN,Tarachand Sahu,BJP,382757,,Bhupesh Baghel,INC,321289,,61468
2004,Chhattisgarh,11,Rajnandgaon,GEN,Pradeep Gandhi,BJP,314520,,Devwrat Singh,INC,300197,,14323
2004,Dadra and Nagar Haveli,1,Dadra And Nagar Haveli,ST,Mohanbhai Sanjibhai Delkar,Bharatiya Navshakti Party,34665,,Sitaram Gavli,INC,21772,,12893
2004,Daman and Diu,1,Daman And Diu,GEN,Patel Dahyabhai Vallabhbhai,INC,27523,,Gopalbhai Tandel,BJP,26916,,607
2004,Delhi,1,New Delhi,GEN,Ajay Maken,INC,105415,,Jagmohan,BJP,92631,,12784
2004,Delhi,2,South Delhi,GEN,Vijay Kumar Malhotra,BJP,240654,,R. K. Anand,INC,224649,,16005
2004,Delhi,3,Outer Delhi,GEN,Sajjan Kumar,INC,855543,,Sahib Singh Verma,BJP,631753,,223790
2004,Delhi,4,East Delhi,GEN,Sandeep Dikshit,INC,669527,,Lal Bihari Tiwari,BJP,439748,,229779
2004,Delhi,5,Chandni Chowk,GEN,Kapil Sibal,INC,127396,,Smriti Irani,BJP,47981,,79415
2004,Delhi,6,Delhi Sadar,GEN,Jagdish Tytler,INC,140073,,Vijay Goel,BJP,124099,,15974
2004,Delhi,7,Karol Bagh,SC,Krishna Tirath,INC,138596,,Anita Arya,BJP,100967,,37629
2004,Goa,1,Panaji,GEN,Shripad Yesso Naik,BJP,144842,,Wilfred de Souza,NCP,88629,,56213
2004,Goa,2,Mormugao,GEN,Churchill Alemao,INC,164432,,Ramakant Angle,BJP,113908,,50524
2004,Gujarat,1,Kutch,GEN,Pushpdan Gadhavi,BJP,221057,,Shailendrasinh Jadeja,INC,192067,,28990
2004,Gujarat,2,Surendranagar,GEN,Somabhai Gandalal Koli Patel,BJP,219872,,Savshibhai Makwana,INC,185928,,33944
2004,Gujarat,3,Jamnagar,GEN,Vikrambhai Madam,INC,204468,,Chandresh Patel Kordia,BJP,198875,,5593
2004,Gujarat,4,Rajkot,GEN,Vallabhbhai Kathiria,BJP,320604,,Balvantbhai Bachubhai Manvar,NCP,176634,,143970
2004,Gujarat,5,Porbandar,GEN,Harilal Patel,BJP,229113,,Vitthal Radadiya,INC,223410,,5703
2004,Gujarat,6,Junagadh,GEN,Jashubhai Barad,INC,329712,,Bhavna Chikhalia,BJP,288791,,40921
2004,Gujarat,7,Amreli,GEN,Virjibhai Thummar,INC,220649,,Dileep Sanghani,BJP,218619,,2030
2004,Gujarat,8,Bhavnagar,GEN,Rajendrasinh Rana,BJP,247336,,Gigabhai Gohil,INC,166910,,80426
2004,Gujarat,9,Dhandhuka,SC,Ratilal Varma,BJP,249322,,Yogendra Makwana,INC,226528,,22794
2004,Gujarat,10,Ahmedabad,GEN,Harin Pathak,BJP,301853,,Rajkumar Gigraj Gupta,INC,224248,,77605
2004,Gujarat,11,Gandhinagar,GEN,L. K. Advani,BJP,516120,,Gabhaji Thakor,INC,298982,,217138
2004,Gujarat,12,Mehsana,GEN,Jivabhai Ambalal Patel,INC,339643,,Nitinbhai Patel,BJP,325132,,14511
2004,Gujarat,13,Patan,SC,Mahesh Kanodia,BJP,273970,,Praveen Rashtrapal,INC,250346,,23624
2004,Gujarat,14,Banaskantha,GEN,Harisinh Chavda,INC,301148,,Haribhai Parthibhai Chaudhary,BJP,294220,,6928
2004,Gujarat,15,Sabarkantha,GEN,Madhusudan Mistry,INC,316483,,Ramilaben Bara,BJP,276555,,39928
2004,Gujarat,16,Kapadvanj,GEN,Shankersinh Vaghela,INC,320338,,Liladhar Vaghela,BJP,240903,,79435
2004,Gujarat,17,Dohad,ST,Babubhai Khimabhai Katara,BJP,228154,,Prabha Kishor Taviad,INC,227793,,361
2004,Gujarat,18,Godhra,GEN,Bhupendrasinh Solanki,BJP,295550,,Rajendrasinh Balvantsinh Patel,INC,241831,,53719
2004,Gujarat,19,Kaira,GEN,Dinsha Patel,INC,244037,,Shubhanginiraje Ranjitsinh Gaekwad,BJP,187288,,56749
2004,Gujarat,20,Anand,GEN,Bharatsinh Solanki,INC,307762,,Jayprakash Vaghajibhai Patel,BJP,246677,,61085
2004,Gujarat,21,Chhota Udaipur,ST,Naranbhai Rathwa,INC,246855,,Ramsinh Rathwa,BJP,210616,,36239
2004,Gujarat,22,Baroda,GEN,Jayaben Thakkar,BJP,316089,,Satyajitsinh Gaekwad,INC,309486,,6603
2004,Gujarat,23,Broach,GEN,Mansukhbhai Vasava,BJP,299630,,Muhammad Patel,INC,227428,,72202
2004,Gujarat,24,Surat,GEN,Kashiram Rana,BJP,508076,,Chandravadanbhai Pithawala,INC,357513,,150563
2004,Gujarat,25,Mandvi,ST,Tushar Amarsinh Chaudhary,INC,386592,,Mansinh Patel,BJP,213210,,173382
2004,Gujarat,26,Bulsar,ST,Kishanbhai Vestabhai Patel,INC,321769,,Manibhai Chaudhary,BJP,277283,,44486
2004,Haryana,1,Ambala,SC,Kumari Selja,INC,415264,,Rattan Lal Kataria,BJP,180329,,234935
2004,Haryana,2,Kurukshetra,GEN,Naveen Jindal,INC,362054,,Abhay Singh Chautala,Indian National Lok Dal,201864,,160190
2004,Haryana,3,Karnal,GEN,Arvind Kumar Sharma,INC,318948,,Ishwar Dayal Swami,BJP,154186,,164762
2004,Haryana,4,Sonepat,GEN,Kishan Singh Sangwan,BJP,233477,,Dharam Pal Singh Malik,INC,225908,,7569
2004,Haryana,5,Rohtak,GEN,Bhupinder Singh Hooda,INC,324235,,Captain Abhimanyu,BJP,173800,,150435
2004,Haryana,6,Faridabad,GEN,Avtar Singh Bhadana,INC,357284,,Mohd Ilyas,Indian National Lok Dal,205355,,151929
2004,Haryana,7,Mahendragarh,GEN,Rao Inderjit Singh,INC,358714,,Sudha Yadav,BJP,148373,,210341
2004,Haryana,8,Bhiwani,GEN,Kuldeep Bishnoi,INC,290936,,Surender Singh,Haryana Vikas Party,266532,,24404
2004,Haryana,9,Hisar,GEN,Jai Parkash,INC,407210,,Surender Singh Barwala,Indian National Lok Dal,224442,,182768
2004,Haryana,10,Sirsa,SC,Atma Singh Gill,INC,349397,,Sushil Indora,Indian National Lok Dal,277922,,71475
2004,Himachal Pradesh,1,Simla,SC,Dhani Ram Shandil,INC,311182,,Hira Nand Kashyap,BJP,203002,,108180
2004,Himachal Pradesh,2,Mandi,GEN,Pratibha Singh,INC,357623,,Maheshwar Singh,BJP,291057,,66566
2004,Himachal Pradesh,3,Kangra,GEN,Chander Kumar,INC,314555,,Shanta Kumar,BJP,296764,,17791
2004,Himachal Pradesh,4,Hamirpur,GEN,Suresh Chandel,BJP,313243,,Ram Lal Thakur,INC,311628,,1615
2004,Jammu and Kashmir,1,Baramulla,GEN,Abdul Rashid Shaheen,JKNC,127653,,Nizamuddin Bhat,JKPDP,117758,,9895
2004,Jammu and Kashmir,2,Srinagar,GEN,Omar Abdullah,JKNC,98422,,Ghulam Nabi Lone,JKPDP,75263,,23159
2004,Jammu and Kashmir,3,Anantnag,GEN,Mehbooba Mufti,JKPDP,74436,,Mirza Mehboob Beg,JKNC,35498,,38938
2004,Jammu and Kashmir,4,Ladakh,GEN,Thupstan Chhewang,IND,66839,,Hassan Khan,JKNC,41126,,25713
2004,Jammu and Kashmir,5,Udhampur,GEN,Chaudhary Lal Singh,INC,240872,,Chaman Lal Gupta,BJP,193697,,47175
2004,Jammu and Kashmir,6,Jammu,GEN,Madan Lal Sharma,INC,319994,,Nirmal Kumar Singh,BJP,302426,,17568
2004,Jharkhand,1,Rajmahal,ST,Hemlal Murmu,JMM,226411,,Thomas Hansda,INC,223437,,2974
2004,Jharkhand,2,Dumka,ST,Shibu Soren,JMM,339542,,Sone Lal Hembrom,BJP,224527,,115015
2004,Jharkhand,3,Godda,GEN,Furkan Ansari,INC,373138,,Pradeep Yadav,BJP,346384,,26754
2004,Jharkhand,4,Chatra,GEN,Dhirendra Agarwal,RJD,121464,,Inder Singh Namdhari,JD(U),102609,,18855
2004,Jharkhand,5,Kodarma,GEN,Babulal Marandi,BJP,366656,,Champa Verma,JMM,211712,,154944
2004,Jharkhand,6,Giridih,GEN,Tek Lal Mahto,JMM,350255,,Ravindra Kumar Pandey,BJP,200461,,149794
2004,Jharkhand,7,Dhanbad,GEN,Chandra Shekhar Dubey,INC,355499,,Rita Verma,BJP,236121,,119378
2004,Jharkhand,8,Ranchi,GEN,Subodh Kant Sahay,INC,284035,,Ram Tahal Choudhary,BJP,268614,,15421
2004,Jharkhand,9,Jamshedpur,GEN,Sunil Kumar Mahato,JMM,396056,,Abha Mahato,BJP,290423,,105633
2004,Jharkhand,10,Singhbhum,ST,Bagun Sumbrai,INC,221343,,Laxman Giluwa,BJP,162147,,59196
2004,Jharkhand,11,Khunti,ST,Sushila Kerketta,INC,218158,,Kariya Munda,BJP,166932,,51226
2004,Jharkhand,12,Lohardaga,ST,Rameshwar Oraon,INC,223920,,Dukha Bhagat,BJP,133665,,90255
2004,Jharkhand,13,Palamau,SC,Manoj Kumar,RJD,206733,,Braj Mohan Ram,BJP,151589,,55144
2004,Jharkhand,14,Hazaribagh,GEN,Bhubneshwar Prasad Mehta,CPI,356058,,Yashwant Sinha,BJP,250730,,105328
2004,Karnataka,1,Bidar,SC,Ramchandra Veerappa,BJP,312838,,Narsingrao Suryawanshi,INC,289217,,23621
2004,Karnataka,2,Gulbarga,GEN,Iqbal Ahmed Saradgi,INC,312601,,Basavaraj Patil Sedam,BJP,255130,,57471
2004,Karnataka,3,Raichur,GEN,A. Venkatesh Naik,INC,289424,,Raja Madangopal Nayak,JD(S),288916,,508
2004,Karnataka,4,Koppal,GEN,K. Virupaxappa,INC,356158,,Nagappa Saloni,BJP,312535,,43623
2004,Karnataka,5,Bellary,GEN,G. Karunakara Reddy,BJP,318978,,K. C. Kondaiah,INC,287299,,31679
2004,Karnataka,6,Davanagere,GEN,G. M. Siddeshwara,BJP,370499,,S. S. Mallikarjun,INC,337823,,32676
2004,Karnataka,7,Chitradurga,GEN,N. Y. Hanumanthappa,INC,322609,,P Kodandaramaiah,JD(S),285149,,37460
2004,Karnataka,8,Tumkur,GEN,S. Mallikarjunaiah,BJP,303016,,Jagadeesh D L,JD(S),300665,,2351
2004,Karnataka,9,Chikballapur,GEN,R. L. Jalappa,INC,376204,,Shashi Kumar,JD(S),316182,,60022
2004,Karnataka,10,Kolar,SC,K. H. Muniyappa,INC,385582,,D S Veeraiah,BJP,373947,,11635
2004,Karnataka,11,Kanakapura,GEN,Tejashwini See Ramesh,INC,584238,,Ramachandra Gowda,BJP,467575,,116663
2004,Karnataka,12,Bangalore North,GEN,H. T. Sangliana,BJP,473502,,C. K. Jaffer Sharief,INC,443144,,30358
2004,Karnataka,13,Bangalore South,GEN,Ananth Kumar,BJP,386682,,M. Krishnappa,INC,324411,,62271
2004,Karnataka,14,Mandya,GEN,Ambareesh,INC,411116,,S Ramegowda,JD(S),286678,,124438
2004,Karnataka,15,Chamarajanagar,SC,Kagalvadi M. Shivanna,JD(S),316661,,A Siddaraju,INC,272672,,43989
2004,Karnataka,16,Mysore,GEN,C. H. Vijayashankar,BJP,316442,,A S Guruswamy,JD(S),306292,,10150
2004,Karnataka,17,Mangalore,GEN,D. V. Sadananda Gowda,BJP,384760,,Veerappa Moily,INC,351345,,33415
2004,Karnataka,18,Udupi,GEN,Manorama Madhwaraj,BJP,369627,,Vinay Kumar Sorake,INC,340624,,29003
2004,Karnataka,19,Hassan,GEN,H. D. Deve Gowda,JD(S),462625,,H. C. Srikantaiah,INC,272320,,190305
2004,Karnataka,20,Chikmagalur,GEN,D. C. Srikantappa,BJP,341391,,B L Shankar,INC,267719,,73672
2004,Karnataka,21,Shimoga,GEN,Sarekoppa Bangarappa,BJP,450097,,Ayanur Manjunath,INC,373952,,76145
2004,Karnataka,22,Kanara,GEN,Anant Kumar Hegde,BJP,433174,,Margaret Alva,INC,260948,,172226
2004,Karnataka,23,Dharwad South,GEN,Manjunath Kunnur,BJP,442759,,I G Sanadi,INC,297647,,145112
2004,Karnataka,24,Dharwad North,GEN,Pralhad Joshi,BJP,385084,,B S Patil,INC,302006,,83078
2004,Karnataka,25,Belgaum,GEN,Suresh Angadi,BJP,410843,,Amarsinh Vasantrao Patil,INC,326090,,84753
2004,Karnataka,26,Chikkodi,SC,Ramesh Jigajinagi,BJP,379580,,SB Ghatage,INC,336088,,43492
2004,Karnataka,27,Bagalkot,GEN,P. C. Gaddigoudar,BJP,459451,,RS Patil,INC,292068,,167383
2004,Karnataka,28,Bijapur,GEN,Basangouda Patil Yatnal,BJP,344905,,Somanagouda Patil,INC,307372,,37533
2004,Kerala,1,Kasaragod,GEN,P. Karunakaran,CPI(M),437284,,N A Mohammed,INC,329028,,108256
2004,Kerala,2,Cannanore,GEN,A. P. Abdullakutty,CPI(M),435058,,Mullappally Ramachandran,INC,351209,,83849
2004,Kerala,3,Badagara,GEN,P. Satheedevi,CPI(M),429294,,M. T. Padma,INC,298705,,130589
2004,Kerala,4,Calicut,GEN,M. P. Veerendra Kumar,JD(S),340111,,V. Balram,INC,274785,,65326
2004,Kerala,5,Manjeri,GEN,T. K. Hamza,CPI(M),426920,,K. P. A. Majeed,Muslim League Kerala State Committee,379177,,47743
2004,Kerala,6,Ponnani,GEN,E. Ahamed,Muslim League Kerala State Committee,354051,,P.P. Suneer,CPI,251293,,102758
2004,Kerala,7,Palghat,GEN,N. N. Krishnadas,CPI(M),375144,,V. S. Vijaya Raghavan,INC,276986,,98158
2004,Kerala,8,Ottapalam,SC,S. Ajaya Kumar,CPI(M),395928,,K. A. Thulasi,INC,325518,,70410
2004,Kerala,9,Trichur,GEN,C. K. Chandrappan,CPI,320960,,A. C. Jose,INC,274999,,45961
2004,Kerala,10,Mukundapuram,GEN,Lonappan Nambadan,CPI(M),375175,,Padmaja Venugopal,INC,258078,,117097
2004,Kerala,11,Ernakulam,GEN,Sebastian Paul,IND,323042,,Edward Edezhath,INC,252943,,70099
2004,Kerala,12,Muvattupuzha,GEN,P. C. Thomas,Indian Federal Democratic Party,256411,,P. M. Ismail,CPI(M),255882,,529
2004,Kerala,13,Kottayam,GEN,K. Suresh Kurup,CPI(M),341213,,Anto Antony,INC,298299,,42914
2004,Kerala,14,Idukki,GEN,Francis George,Kerala Congress,353905,,Benny Behanan,INC,284521,,69384
2004,Kerala,15,Alleppey,GEN,K. S. Manoj,CPI(M),335494,,V. M. Sudheeran,INC,334485,,1009
2004,Kerala,16,Mavelikara,GEN,C. S. Sujatha,CPI(M),278281,,Ramesh Chennithala,INC,270867,,7414
2004,Kerala,17,Adoor,SC,Chengara Surendran,CPI,332216,,Kodikunnil Suresh,INC,277682,,54534
2004,Kerala,18,Quilon,GEN,P. Rajendran,CPI(M),355279,,Sooranad Rajasekharan,INC,244208,,111071
2004,Kerala,19,Chirayinkil,GEN,Varkala Radhakrishnan,CPI(M),313615,,M. I. Shanavas,INC,262870,,50745
2004,Kerala,20,Trivandrum,GEN,P. K. Vasudevan Nair,CPI,286057,,V. S. Sivakumar,INC,231454,,54603
2004,Lakshadweep,1,Lakshadweep,ST,P. Pookunhi Koya,JD(U),15597,,P. M. Sayeed,INC,15526,,71
2004,Madhya Pradesh,1,Morena,SC,Ashok Argal,BJP,261337,,Barelal Jatav,INC,114017,,147320
2004,Madhya Pradesh,2,Bhind,GEN,Ram Lakhan Singh,BJP,234712,,Satyadev Katare,INC,227766,,6946
2004,Madhya Pradesh,3,Gwalior,GEN,Ramsevak Singh,INC,246467,,Jaibhan Singh Pawaiya,BJP,210603,,35864
2004,Madhya Pradesh,4,Guna,GEN,Jyotiraditya Scindia,INC,333954,,Harivallabh Shukla,BJP,247594,,86360
2004,Madhya Pradesh,5,Sagar,SC,Virendra Kumar,BJP,290974,,Uttam Khatik,INC,142983,,147991
2004,Madhya Pradesh,6,Khajuraho,GEN,Ramkrishna Kusmaria,BJP,332458,,Satyavrat Chaturvedi,INC,220677,,111781
2004,Madhya Pradesh,7,Damoh,GEN,Chandrabhan Bhaiya,BJP,271869,,Tilak Singh Lodhi,INC,177274,,94595
2004,Madhya Pradesh,8,Satna,GEN,Ganesh Singh,BJP,239706,,Rajendra Kumar Singh,INC,156116,,83590
2004,Madhya Pradesh,9,Rewa,GEN,Chandramani Tripathi,BJP,232021,,Pradeep Kumar Patel,BSP,187269,,44752
2004,Madhya Pradesh,10,Sidhi,ST,Chandrapratap Singh,BJP,210198,,Tilakraj Singh,INC,160633,,49565
2004,Madhya Pradesh,11,Shahdol,ST,Dalpat Singh Paraste,BJP,210034,,Rajesh Nandini Singh,INC,180685,,29349
2004,Madhya Pradesh,12,Balaghat,GEN,Gaurishankar Bisen,BJP,193982,,Kankar Munjare,Janata Party,105893,,88089
2004,Madhya Pradesh,13,Mandla,ST,Faggan Singh Kulaste,BJP,238073,,Heera Singh Markam,Gondwana Ganatantra Party,173176,,64897
2004,Madhya Pradesh,14,Jabalpur,GEN,Rakesh Singh,BJP,311646,,Vishwanath Dubey,INC,212115,,99531
2004,Madhya Pradesh,15,Seoni,GEN,Neeta Pateriya,BJP,268195,,Kalyani Pandey,INC,173394,,94801
2004,Madhya Pradesh,16,Chhindwara,GEN,Kamal Nath,INC,308563,,Prahlad Singh Patel,BJP,244855,,63708
2004,Madhya Pradesh,17,Betul,GEN,Vijay Kumar Khandelwal,BJP,288007,,Rajendra Jaiswal,INC,130467,,157540
2004,Madhya Pradesh,18,Hoshangabad,GEN,Sartaj Singh,BJP,354659,,Omprakash Raghuvanshi,INC,218250,,136409
2004,Madhya Pradesh,19,Bhopal,GEN,Kailash Joshi,BJP,561563,,Sajid Ali,INC,255558,,306005
2004,Madhya Pradesh,20,Vidisha,GEN,Shivraj Singh Chouhan,BJP,428030,,Narbada Prasad Sharma,INC,167304,,260726
2004,Madhya Pradesh,21,Rajgarh,GEN,Lakshman Singh,BJP,283135,,Shambhoo Singh,INC,246423,,36712
2004,Madhya Pradesh,22,Shajapur,SC,Thawar Chand Gehlot,BJP,424004,,Shyam Malviya,INC,255817,,168187
2004,Madhya Pradesh,23,Khandwa,GEN,Nandkumar Singh Chauhan,BJP,336724,,Amitabh Mandloi,INC,233987,,102737
2004,Madhya Pradesh,24,Khargone,GEN,Krishna Murari Moghe,BJP,321762,,Tarachand Shivaji Patel,INC,263145,,58617
2004,Madhya Pradesh,25,Dhar,ST,Chhatar Singh Darbar,BJP,345468,,Umang Singhar,INC,312857,,32611
2004,Madhya Pradesh,26,Indore,GEN,Sumitra Mahajan,BJP,508107,,Rameshwar Patel,INC,314171,,193936
2004,Madhya Pradesh,27,Ujjain,SC,Satyanarayan Jatiya,BJP,369744,,Premchand Guddu,INC,299341,,70403
2004,Madhya Pradesh,28,Jhabua,ST,Kantilal Bhuria,INC,322257,,Relam Chauhan,BJP,241975,,80282
2004,Madhya Pradesh,29,Mandsaur,GEN,Laxminarayan Pandey,BJP,423478,,Rajendra Singh Gautam,INC,283845,,139633
2004,Maharashtra,1,Rajapur,GEN,Suresh Prabhu,SS,264001,,Sudhir Sawant,INC,183102,,80899
2004,Maharashtra,2,Ratnagiri,GEN,Anant Geete,SS,334690,,Govindrao Nikam,NCP,185722,,148968
2004,Maharashtra,3,Kolaba,GEN,A. R. Antulay,INC,312225,,Vivek Patil,Peasants And Workers Party Of India,280355,,31870
2004,Maharashtra,4,Mumbai South,GEN,Milind Deora,INC,137956,,Jayawantiben Mehta,BJP,127710,,10246
2004,Maharashtra,5,Mumbai South Central,GEN,Mohan Rawale,SS,128536,,Sachin Ahir,NCP,106348,,22188
2004,Maharashtra,6,Mumbai North Central,GEN,Eknath Gaikwad,INC,256282,,Manohar Joshi,SS,242953,,13329
2004,Maharashtra,7,Mumbai North East,GEN,Gurudas Kamat,INC,493420,,Kirit Somaiya,BJP,394020,,99400
2004,Maharashtra,8,Mumbai North West,GEN,Sunil Dutt,INC,385755,,Sanjay Nirupam,SS,338397,,47358
2004,Maharashtra,9,Mumbai North,GEN,Govinda,INC,559763,,Ram Naik,BJP,511492,,48271
2004,Maharashtra,10,Thane,GEN,Prakash Paranjape,SS,631414,,Vasant Davkhare,NCP,609156,,22258
2004,Maharashtra,11,Dahanu,ST,Damodar Shingada,INC,286004,,Chintaman Vanaga,BJP,222641,,63363
2004,Maharashtra,12,Nashik,GEN,Devidas Pingale,NCP,307613,,Dashrath Patil,SS,292555,,15058
2004,Maharashtra,13,Malegaon,ST,Harischandra Chavan,BJP,218259,,Haribahu Shankar Mahale,JD(S),213731,,4528
2004,Maharashtra,14,Dhule,ST,Bapu Hari Chaure,INC,210714,,Ramdas Rupla Gavit,BJP,202949,,7765
2004,Maharashtra,15,Nandurbar,ST,Manikrao Gavit,INC,351911,,Natawadkar Suhas Jayant,BJP,244290,,107621
2004,Maharashtra,16,Erandol,GEN,Annasaheb M. K. Patil,BJP,289559,,Vasantrao More,NCP,281418,,8141
2004,Maharashtra,17,Jalgaon,GEN,Y. G. Mahajan,BJP,298865,,Ulhas Patil,INC,278219,,20646
2004,Maharashtra,18,Buldhana,SC,Anandrao Vithoba Adsul,SS,369975,,Mukul Wasnik,INC,310068,,59907
2004,Maharashtra,19,Akola,GEN,Sanjay Dhotre,BJP,313323,,Laxmanrao Tayade,INC,206952,,106371
2004,Maharashtra,20,Washim,GEN,Bhavana Gawali,SS,358682,,Manohar Naik,NCP,297784,,60898
2004,Maharashtra,21,Amravati,GEN,Anant Gudhe,SS,203216,,Omprakash Babarao Kadu,IND,188982,,14234
2004,Maharashtra,22,Ramtek,GEN,Subodh Mohite,SS,276720,,Shrikant Jichkar,INC,262618,,14102
2004,Maharashtra,23,Nagpur,GEN,Vilas Muttemwar,INC,373769,,Atal Bahadur Singh,BJP,274286,,99483
2004,Maharashtra,24,Bhandara,GEN,Shishupal Patle,BJP,277388,,Praful Patel,NCP,274379,,3009
2004,Maharashtra,25,Chimur,GEN,Mahadeo Shivankar,BJP,336711,,Jogendra Kawade,Peoples Republican Party,237937,,98774
2004,Maharashtra,26,Chandrapur,GEN,Hansraj Gangaram Ahir,BJP,366014,,Naresh Puglia,INC,306191,,59823
2004,Maharashtra,27,Wardha,GEN,Suresh Wagmare,BJP,269045,,Prabha Rau,INC,265857,,3188
2004,Maharashtra,28,Yavatmal,GEN,Harising Nasaru Rathod,BJP,298513,,Uttamrao Deorao Patil,INC,241709,,56804
2004,Maharashtra,29,Hingoli,GEN,Suryakanta Patil,NCP,327944,,Shivaji Mane,SS,315399,,12545
2004,Maharashtra,30,Nanded,GEN,Digamber Bapuji Patil,BJP,361282,,Bhaskarrao Khatgaonkar,INC,336947,,24335
2004,Maharashtra,31,Parbhani,GEN,Tukaram Renge Patil,SS,339318,,Suresh Warpudkar,NCP,283147,,56171
2004,Maharashtra,32,Jalna,GEN,Raosaheb Danve,BJP,369630,,Uttamsingh Pawar,INC,308298,,61332
2004,Maharashtra,33,Aurangabad,GEN,Chandrakant Khaire,SS,477900,,Ramkrishna Baba Patil,INC,355977,,121923
2004,Maharashtra,34,Beed,GEN,Jaisingrao Gaikwad Patil,NCP,425051,,Prakashdada Solanke,BJP,377639,,47412
2004,Maharashtra,35,Latur,GEN,Rupatai Patil,BJP,404500,,Shivraj Patil,INC,373609,,30891
2004,Maharashtra,36,Osmanabad,SC,Kalpana Narhire,SS,294436,,Kondiba Laxman Dhobale,NCP,292787,,1649
2004,Maharashtra,37,Sholapur,GEN,Subhash Sureshchandra Deshmukh,BJP,316188,,Ujwalatai Shinde,INC,310390,,5798
2004,Maharashtra,38,Pandharpur,SC,Ramdas Athawale,Republican Party Of India (A),347215,,Nagnath Dattatray Kshirsagar,BJP,247522,,99693
2004,Maharashtra,39,Ahmednagar,GEN,Tukaram Gadakh,NCP,362938,,N. S. Pharande,BJP,287861,,75077
2004,Maharashtra,40,Kopargaon,GEN,Balasaheb Vikhe Patil,INC,356688,,Murkute Bhanudas Kashinath,SS,269357,,87331
2004,Maharashtra,41,Khed,GEN,Shivajirao Adhalarao Patil,SS,360501,,Ashok Mohol,NCP,339691,,20810
2004,Maharashtra,42,Pune,GEN,Suresh Kalmadi,INC,373774,,Pradeep Rawat,BJP,300598,,73176
2004,Maharashtra,43,Baramati,GEN,Sharad Pawar,NCP,634555,,Prithviraj Sahebrao Jachak,BJP,211580,,422975
2004,Maharashtra,44,Satara,GEN,Laxmanrao Pandurang Jadhav (Patil),NCP,281577,,Hindurao Naik Nimbalkar,SS,277620,,3957
2004,Maharashtra,45,Karad,GEN,Shriniwas Patil,NCP,436732,,Mankumare Vasant Dnyandev,SS,240002,,196730
2004,Maharashtra,46,Sangli,GEN,Prakashbapu Vasantdada Patil,INC,305048,,Deepak Mhaisalkar,BJP,223425,,81623
2004,Maharashtra,47,Ichalkaranji,GEN,Nivedita Mane,NCP,422272,,Sanjay Shamrao Patil,SS,321223,,101049
2004,Maharashtra,48,Kolhapur,GEN,Sadashivrao Mandlik,NCP,401922,,Dhananjay Mahadik,SS,387169,,14753
2004,Manipur,1,Inner Manipur,GEN,Thokchom Meinya,INC,154055,,Moirangthem Nara,CPI,104722,,49333
2004,Manipur,2,Outer Manipur,ST,Mani Charenamei,IND,229634,,D. Loli Adanee,BJP,147441,,82193
2004,Meghalaya,1,Shillong,GEN,Paty Ripple Kyndiah,INC,190058,,S. Loniak Marbaniang,IND,119162,,70896
2004,Meghalaya,2,Tura,GEN,Purno Agitok Sangma,TMC,191938,,Mukul Sangma,INC,119175,,72763
2004,Mizoram,1,Mizoram,ST,Vanlalzawma,Mizo National Front,182864,,Laltluangliana Khiangte,IND,159170,,23694
2004,Nagaland,1,Nagaland,GEN,W. Wangyuh,Naga People'S Front,698128,,K. Asungba Sangtam,INC,246109,,452019
2004,Odisha,1,Mayurbhanj,ST,Sudam Marndi,JMM,260529,,Bhagirathi Majhi,BJP,252557,,7972
2004,Odisha,2,Balasore,GEN,Kharabela Swain,BJP,553087,,Niranjan Panda,INC,316132,,236955
2004,Odisha,3,Bhadrak,SC,Arjun Charan Sethi,BJD,489200,,Muralidhar Jena,INC,394431,,94769
2004,Odisha,4,Jajpur,SC,Mohan Jena,BJD,452177,,Amiya Kanta Mallik,INC,400711,,51466
2004,Odisha,5,Kendrapara,GEN,Archana Nayak,BJD,453276,,Srikant Kumar Jena,INC,366433,,86843
2004,Odisha,6,Cuttack,GEN,Bhartruhari Mahtab,BJD,496750,,Jayanti Patnaik,INC,323552,,173198
2004,Odisha,7,Jagatsinghpur,GEN,Brahmananda Panda,BJD,466383,,Ranjib Biswal,INC,409121,,57262
2004,Odisha,8,Puri,GEN,Braja Kishore Tripathy,BJD,462248,,Pinaki Misra,INC,401288,,60960
2004,Odisha,9,Bhubaneswar,GEN,Prasanna Kumar Patasani,BJD,437762,,Soumya Ranjan Patnaik,INC,325483,,112279
2004,Odisha,10,Aska,GEN,Hari Har Swain,BJD,381526,,Ramkrushana Patnaik,INC,248924,,132602
2004,Odisha,11,Berhampur,GEN,Chandra Sekhar Sahu,INC,355973,,Anadi Charan Sahu,BJP,304316,,51657
2004,Odisha,12,Koraput,ST,Giridhar Gamang,INC,334748,,Papanna Mutika,BJD,291481,,43267
2004,Odisha,13,Nowrangpur,ST,Parsuram Majhi,BJP,359989,,Chandra Sekhar Majhi,INC,322957,,37032
2004,Odisha,14,Kalahandi,GEN,Bikram Keshari Deo,BJP,357079,,Bhakta Charan Das,INC,322957,,34122
2004,Odisha,15,Phulbani,SC,Sugrib Singh,BJD,337951,,Abhimanyu Behera,INC,318679,,19272
2004,Odisha,16,Bolangir,GEN,Sangeeta Kumari Singh Deo,BJP,322912,,Sarat Pattanayak,INC,222230,,100682
2004,Odisha,17,Sambalpur,GEN,Prasanna Acharya,BJD,390556,,Sanjay Bhoi,INC,375786,,14770
2004,Odisha,18,Deogarh,GEN,Dharmendra Pradhan,BJP,426092,,Sriballav Panigrahi,INC,346996,,79096
2004,Odisha,19,Dhenkanal,GEN,Tathagata Satpathy,BJD,423539,,Kamakhya Prasad Singh Deo,INC,300657,,122882
2004,Odisha,20,Sundargarh,ST,Jual Oram,BJP,336562,,Frida Topno,INC,296886,,39676
2004,Odisha,21,Keonjhar,ST,Ananta Nayak,BJP,355702,,Nilakantha Nayak,INC,306493,,49209
2004,Puducherry,1,Puducherry,GEN,M. Ramadass,Pattali Makkal Katchi,241653,,Lalitha Kumaramangalam,BJP,172472,,69181
2004,Punjab,1,Gurdaspur,GEN,Vinod Khanna,BJP,387612,,Sukhbans Kaur Bhinder,INC,362629,,24983
2004,Punjab,2,Amritsar,GEN,Navjot Singh Sidhu,BJP,394223,,Raghunandan Lal Bhatia,INC,284691,,109532
2004,Punjab,3,Tarn Taran,GEN,Rattan Singh Ajnala,SAD,364646,,Sukhbinder Singh,INC,308252,,56394
2004,Punjab,4,Jullundur,GEN,Rana Gurjeet Singh,INC,344619,,Naresh Gujral,SAD,311156,,33463
2004,Punjab,5,Phillaur,SC,Charanjit Singh Atwal,SAD,324512,,Santosh Chowdhary,INC,225628,,98884
2004,Punjab,6,Hoshiarpur,GEN,Avinash Rai Khanna,BJP,289815,,Darshan Singh Mattu,CPI(M),185444,,104371
2004,Punjab,7,Ropar,SC,Sukhdev Singh Libra,SAD,347631,,Shamsher Singh Dullo,INC,313994,,33637
2004,Punjab,8,Patiala,GEN,Preneet Kaur,INC,409917,,Kanwaljit Singh,SAD,386250,,23667
2004,Punjab,9,Ludhiana,GEN,Sharanjit Singh Dhillon,SAD,329234,,Manish Tewari,INC,299694,,29540
2004,Punjab,10,Sangrur,GEN,Sukhdev Singh Dhindsa,SAD,286828,,Arvind Khanna,INC,259551,,27277
2004,Punjab,11,Bhatinda,SC,Paramjit Kaur Gulshan,SAD,323394,,Kaushalya Chaman Bhaura,CPI,260752,,62642
2004,Punjab,12,Faridkot,GEN,Sukhbir Singh Badal,SAD,475928,,Karan Kaur Brar,INC,340649,,135279
2004,Punjab,13,Ferozepur,GEN,Zora Singh Maan,SAD,357102,,Jagmeet Singh Brar,INC,345563,,11539
2004,Rajasthan,1,Ganganagar,SC,Nihalchand Meghwal,BJP,331475,,Bharat Ram Meghwal,INC,324082,,7393
2004,Rajasthan,2,Bikaner,GEN,Dharmendra,BJP,517802,,Rameshwar Lal Dudi,INC,460627,,57175
2004,Rajasthan,3,Churu,GEN,Ram Singh Kaswan,BJP,400718,,Balram Jakhar,INC,370864,,29854
2004,Rajasthan,4,Jhunjhunu,GEN,Sis Ram Ola,INC,274168,,Santosh Ahlawat,BJP,250813,,23355
2004,Rajasthan,5,Sikar,GEN,Subhash Maharia,BJP,367546,,Narayan Singh,INC,312863,,54683
2004,Rajasthan,6,Jaipur,GEN,Girdhari Lal Bhargava,BJP,480730,,Pratap Singh Khachariyawas,INC,373544,,107186
2004,Rajasthan,7,Dausa,GEN,Sachin Pilot,INC,369935,,Kartar Singh Bhadana,BJP,255070,,114865
2004,Rajasthan,8,Alwar,GEN,Karan Singh Yadav,INC,246833,,Mahant Chandnath,BJP,238462,,8371
2004,Rajasthan,9,Bharatpur,GEN,Vishvendra Singh,BJP,319904,,Ved Prakash,INC,208555,,111349
2004,Rajasthan,10,Bayana,SC,Ramswaroop Koli,BJP,265051,,Mahendra Singh,INC,205427,,59624
2004,Rajasthan,11,Sawai Madhopur,ST,Namo Narain Meena,INC,367553,,Jaskaur Meena,BJP,256390,,111163
2004,Rajasthan,12,Ajmer,GEN,Rasa Singh Rawat,BJP,314788,,Haji Habibur Rehman,INC,186812,,127976
2004,Rajasthan,13,Tonk,SC,Kailash Meghwal,BJP,315717,,Nand Kishore Bairwa,INC,257205,,58512
2004,Rajasthan,14,Kota,GEN,Raghuveer Singh Koshal,BJP,298314,,Hari Mohan Sharma,INC,226536,,71778
2004,Rajasthan,15,Jhalawar,GEN,Dushyant Singh,BJP,303845,,Sanjay Gurjar,INC,222266,,81579
2004,Rajasthan,16,Banswara,ST,Dhan Singh Rawat,BJP,269239,,Prabhulal Rawat,INC,247556,,21683
2004,Rajasthan,17,Salumber,ST,Mahaveer Bhagora,BJP,281659,,Bheru Lal Meena,INC,256885,,24774
2004,Rajasthan,18,Udaipur,GEN,Kiran Maheshwari,BJP,398059,,Girija Vyas,INC,323184,,74875
2004,Rajasthan,19,Chittorgarh,GEN,Shrichand Kriplani,BJP,375385,,Vishwa Vijay Singh,INC,239615,,135770
2004,Rajasthan,20,Bhilwara,GEN,V. P. Singh Badnore,BJP,317292,,Kailash Vyas,INC,256640,,60652
2004,Rajasthan,21,Pali,GEN,Pusp Jain,BJP,264114,,Surendra Kumar Surana,INC,200876,,63238
2004,Rajasthan,22,Jalore,SC,Bangaru Susheela,BJP,321255,,Buta Singh,INC,282063,,39192
2004,Rajasthan,23,Barmer,GEN,Manvendra Singh,BJP,631851,,Sonaram Choudhary,INC,359963,,271888
2004,Rajasthan,24,Jodhpur,GEN,Jaswant Singh Bishnoi,BJP,434352,,Badri Ram Jakhar,INC,391857,,42495
2004,Rajasthan,25,Nagaur,GEN,Bhanwar Singh Dangawas,BJP,284657,,Ram Raghunath Choudhary,INC,214030,,70627
2004,Sikkim,1,Sikkim,GEN,Nakul Das Rai,SDF,153409,,Biraj Adhikari,INC,60258,,93151
2004,Tamil Nadu,1,Madras North,GEN,C. Kuppusami,DMK,570122,,Sukumar Nambiar. M N,BJP,316583,,253539
2004,Tamil Nadu,2,Madras Central,GEN,Dayanidhi Maran,DMK,316329,,Balaganga N,AIADMK,182151,,134178
2004,Tamil Nadu,3,Madras South,GEN,T. R. Baalu,DMK,564578,,Bader Sayeed,AIADMK,343838,,220740
2004,Tamil Nadu,4,Sriperumbudur,SC,A. Krishnaswamy,DMK,517617,,P. Venugopal,AIADMK,282271,,235346
2004,Tamil Nadu,5,Chengalpattu,GEN,A. K. Moorthy,Pattali Makkal Katchi,431643,,K.N. Ramachandra,AIADMK,282919,,148724
2004,Tamil Nadu,6,Arakkonam,GEN,R. Velu,Pattali Makkal Katchi,386911,,Shanmugam N.,AIADMK,284715,,102196
2004,Tamil Nadu,7,Vellore,GEN,K. M. Kader Mohideen,DMK,436642,,Santhanam. A,AIADMK,258032,,178610
2004,Tamil Nadu,8,Tirupattur,GEN,D. Venugopal,DMK,453786,,Subramani. K. G,AIADMK,272884,,180902
2004,Tamil Nadu,9,Vandavasi,GEN,Gingee N. Ramachandran,Marumalarchi Dravida Munnetra Kazhagam,394903,,R Rajalakshmi,AIADMK,243470,,151433
2004,Tamil Nadu,10,Tindivanam,GEN,K. Dhanaraju,Pattali Makkal Katchi,367849,,Arunmozhithevan. A,AIADMK,276685,,91164
2004,Tamil Nadu,11,Cuddalore,GEN,K. Venkatapathy,DMK,400059,,Rajendran. R,AIADMK,268707,,131352
2004,Tamil Nadu,12,Chidambaram,SC,E. Ponnuswamy,Pattali Makkal Katchi,343424,,Thol. Thirumavalavan,JD(U),255773,,87651
2004,Tamil Nadu,13,Dharmapuri,GEN,R. Senthil,Pattali Makkal Katchi,397540,,P. D. Elangovan,BJP,181450,,216090
2004,Tamil Nadu,14,Krishnagiri,GEN,E. G. Sugavanam,DMK,403297,,Nanje Gowdu. K,AIADMK,284075,,119222
2004,Tamil Nadu,15,Rasipuram,SC,K. Rani,INC,384170,,Anbalagan. S,AIADMK,249637,,134533
2004,Tamil Nadu,16,Salem,GEN,K. V. Thangkabalu,INC,444591,,Rajasekaran. A,AIADMK,268964,,175627
2004,Tamil Nadu,17,Tiruchengode,GEN,Subbulakshmi Jagadeesan,DMK,501569,,Edappadi K. Palaniswami,AIADMK,322172,,179397
2004,Tamil Nadu,18,Nilgiris,GEN,R. Prabhu,INC,494121,,M Master Mathan,BJP,257619,,236502
2004,Tamil Nadu,19,Gobichettipalayam,GEN,E. V. K. S. Elangovan,INC,426826,,N. R Govindarajar,AIADMK,212349,,214477
2004,Tamil Nadu,20,Coimbatore,GEN,K. Subbarayan,CPI,504981,,C. P. Radhakrishnan,BJP,340476,,164505
2004,Tamil Nadu,21,Pollachi,SC,C. Krishnan,Marumalarchi Dravida Munnetra Kazhagam,364988,,Murugan. G,AIADMK,244067,,120921
2004,Tamil Nadu,22,Palani,GEN,S. K. Kharventhan,INC,448900,,Kishore Kumar. K,AIADMK,217407,,231493
2004,Tamil Nadu,23,Dindigul,GEN,N. S. V. Chitthan,INC,407116,,Jeyaraman. M,AIADMK,251945,,155171
2004,Tamil Nadu,24,Madurai,GEN,P. Mohan,CPI(M),414433,,A. K. Bose,AIADMK,281593,,132840
2004,Tamil Nadu,25,Periyakulam,GEN,J. M. Aaroon Rashid,INC,346851,,T. T. V. Dhinakaran,AIADMK,325696,,21155
2004,Tamil Nadu,26,Karur,GEN,K. C. Palanisamy,DMK,450407,,Palanichamy Raja. N,AIADMK,259531,,190876
2004,Tamil Nadu,27,Tiruchirappalli,GEN,L. Ganesan,Marumalarchi Dravida Munnetra Kazhagam,450907,,M. Paranjothi,AIADMK,234182,,216725
2004,Tamil Nadu,28,Perambalur,SC,A. Raja,DMK,389708,,M. Sundaram,AIADMK,236375,,153333
2004,Tamil Nadu,29,Mayiladuthurai,GEN,Mani Shankar Aiyar,INC,411160,,O. S. Manian,AIADMK,215469,,195691
2004,Tamil Nadu,30,Nagapattinam,SC,A. K. S. Vijayan,DMK,463389,,Archunan. P J,AIADMK,247166,,216223
2004,Tamil Nadu,31,Thanjavur,GEN,S. S. Palanimanickam,DMK,400986,,Thangamuthu. K,AIADMK,281838,,119148
2004,Tamil Nadu,32,Pudukkottai,GEN,S. Regupathy,DMK,466133,,Ravichandran. A,AIADMK,309637,,156496
2004,Tamil Nadu,33,Sivaganga,GEN,P. Chidambaram,INC,400393,,Karuppiah. S P,AIADMK,237668,,162725
2004,Tamil Nadu,34,Ramanathapuram,GEN,M. S. K. Bhavani Rajenthiran,DMK,335287,,Murugesan. C,AIADMK,225337,,109950
2004,Tamil Nadu,35,Sivakasi,GEN,A. Ravichandran,Marumalarchi Dravida Munnetra Kazhagam,469072,,Kannan. P,AIADMK,304555,,164517
2004,Tamil Nadu,36,Tirunelveli,GEN,R. Dhanuskodi Athithan,INC,370127,,Amirtha Ganesan R,AIADMK,203052,,167075
2004,Tamil Nadu,37,Tenkasi,SC,M. Appadurai,CPI,348000,,S. Murugesan,AIADMK,225824,,122176
2004,Tamil Nadu,38,Tiruchendur,GEN,V. Radhika Selvi,DMK,394484,,Thamodaran. T,AIADMK,212803,,181681
2004,Tamil Nadu,39,Nagercoil,GEN,A. V. Bellarmin,CPI(M),410091,,Pon Radhakrishnan,BJP,245797,,164294
2004,Tripura,1,Tripura West,GEN,Khagen Das,CPI(M),496843,,Nirmala Dasgupta,INC,112207,,384636
2004,Tripura,2,Tripura East,ST,Baju Ban Riyan,CPI(M),414230,,Pulin Bihari Dewan,BJP,103494,,310736
2004,Uttar Pradesh,1,Bijnor,SC,Munshiram Singh,RLD,301599,,Ghan Shyam Chandr Kharwar,BSP,221424,,80175
2004,Uttar Pradesh,2,Amroha,GEN,Harish Nagpal,IND,287522,,Mahmood Madani,RLD,269638,,17884
2004,Uttar Pradesh,3,Moradabad,GEN,Shafiqur Rahman Barq,SP,218079,,Chandra Vijay Singh,BJP,182239,,35840
2004,Uttar Pradesh,4,Rampur,GEN,Jaya Prada,SP,289390,,Begum Noor Bano,INC,203916,,85474
2004,Uttar Pradesh,5,Sambhal,GEN,Ram Gopal Yadav,SP,357049,,Tarannum Aqeel,BSP,158988,,198061
2004,Uttar Pradesh,6,Budaun,GEN,Saleem Iqbal Shervani,SP,265713,,Brijpal Singh Shakya,BJP,214391,,51322
2004,Uttar Pradesh,7,Aonla,GEN,Kunwar Sarvraj Singh,JD(U),153322,,Raj Veer Singh,SP,146451,,6871
2004,Uttar Pradesh,8,Bareilly,GEN,Santosh Gangwar,BJP,269651,,Akbar Ahmad Dumpy,BSP,210007,,59644
2004,Uttar Pradesh,9,Pilibhit,GEN,Maneka Gandhi,BJP,255615,,Satyapal Gangwar,SP,152895,,102720
2004,Uttar Pradesh,10,Shahjahanpur,GEN,Jitin Prasada,INC,220763,,Rammurti Singh Verma,SP,138931,,81832
2004,Uttar Pradesh,11,Kheri,GEN,Ravi Prakash Verma,SP,224602,,Daud Ahmad,BSP,212842,,11760
2004,Uttar Pradesh,12,Shahabad,GEN,Iliyas Azmi,SP,210171,,Satya Dev Singh,BJP,163802,,46369
2004,Uttar Pradesh,13,Sitapur,GEN,Rajesh Verma,BSP,171733,,Mukhtar Anees,SP,166499,,5234
2004,Uttar Pradesh,14,Misrikh,SC,Ashok Kumar Rawat,BSP,207062,,Sushila Saroj,SP,187659,,19403
2004,Uttar Pradesh,15,Hardoi,SC,Usha Verma,SP,203445,,Shiv Prasad Verma,BSP,164242,,39203
2004,Uttar Pradesh,16,Lucknow,GEN,Atal Bihari Vajpayee,BJP,324714,,Madhu Gupta,SP,106339,,218375
2004,Uttar Pradesh,17,Mohanlalganj,SC,Jai Prakash,SP,148578,,Radhe Lal,BSP,146010,,2568
2004,Uttar Pradesh,18,Unnao,GEN,Brajesh Pathak,BSP,178366,,Deepak Kumar,SP,160605,,17761
2004,Uttar Pradesh,19,Raebareli,GEN,Sonia Gandhi,INC,378107,,Ashok Kumar Singh,SP,128342,,249765
2004,Uttar Pradesh,20,Pratapgarh,GEN,Akshay Pratap Singh,SP,238137,,Rajkumari Ratna Singh,INC,168865,,69272
2004,Uttar Pradesh,21,Amethi,GEN,Rahul Gandhi,INC,390179,,Chandra Parkash Mishra,BSP,99326,,290853
2004,Uttar Pradesh,22,Sultanpur,GEN,Mohammad Tahir Khan,BSP,261564,,Shailendra Pratap Singh,SP,159754,,101810
2004,Uttar Pradesh,23,Akbarpur,SC,Mayawati,BSP,325019,,Shankh Lal Manjhi,SP,266750,,58269
2004,Uttar Pradesh,24,Faizabad,GEN,Mitrasen Yadav,BSP,207285,,Lallu Singh,BJP,173799,,33486
2004,Uttar Pradesh,25,Bara Banki,SC,Kamla Prasad,BSP,196370,,Ram Sagar Rawat,SP,175448,,20922
2004,Uttar Pradesh,26,Kaiserganj,GEN,Beni Prasad Verma,SP,219920,,Arif Mohammad Khan,BJP,207260,,12660
2004,Uttar Pradesh,27,Bahraich,GEN,Rubab Sayda,SP,188949,,Bhagat Ram Mishra,BSP,162615,,26334
2004,Uttar Pradesh,28,Balrampur,GEN,Brij Bhushan Sharan Singh,BJP,270941,,Rizwan Zaheer,BSP,218328,,52613
2004,Uttar Pradesh,29,Gonda,GEN,Kirti Vardhan Singh,SP,251947,,Ghan Shyam Shukla,BJP,214949,,36998
2004,Uttar Pradesh,30,Basti,SC,Lal Mani Prasad,BSP,155223,,Sriram Chauhan,BJP,129849,,25374
2004,Uttar Pradesh,31,Domariaganj,GEN,Mohammed Muqueem,BSP,202544,,Jagdambika Pal,INC,149642,,52902
2004,Uttar Pradesh,32,Khalilabad,GEN,Bhalchandra Yadava,BSP,234712,,Bhishma Shankar Tiwari,SP,207689,,27023
2004,Uttar Pradesh,33,Bansgaon,SC,Mahaveer Prasad,INC,180388,,Sadal Prasad,BSP,163947,,16441
2004,Uttar Pradesh,34,Gorakhpur,GEN,Yogi Adityanath,BJP,353647,,Jamuna Prasad Nishad,SP,211608,,142039
2004,Uttar Pradesh,35,Maharajganj,GEN,Pankaj Choudhary,BJP,228702,,Akhilesh Singh,SP,163903,,64799
2004,Uttar Pradesh,36,Padrauna,GEN,Baleshwar Yadav,National Loktantrik Party,206850,,R. P. N. Singh,INC,198428,,8422
2004,Uttar Pradesh,37,Deoria,GEN,Mohan Singh,SP,237664,,Prakash Mani Tripathi,BJP,185438,,52226
2004,Uttar Pradesh,38,Salempur,GEN,Harikeval Prasad,SP,195570,,Bhola Pandey,INC,179317,,16253
2004,Uttar Pradesh,39,Ballia,GEN,Chandra Shekhar,Samajwadi Janata Party (Rashtriya),270136,,Kapildeo Yadav,BSP,189082,,81054
2004,Uttar Pradesh,40,Ghosi,GEN,Chandradeo Prasad Rajbhar,SP,201468,,Bal Krishna,BSP,180456,,21012
2004,Uttar Pradesh,41,Azamgarh,GEN,Ramakant Yadav,BSP,258216,,Durga Prasad Yadav,SP,251248,,6968
2004,Uttar Pradesh,42,Lalganj,SC,Daroga Prasad Saroj,SP,283473,,Bali Ram,BSP,240742,,42731
2004,Uttar Pradesh,43,Machhlishahr,GEN,Umakant Yadav,BSP,237438,,Chandra Nath Singh,SP,182056,,55382
2004,Uttar Pradesh,44,Jaunpur,GEN,Parasnath Yadav,SP,219614,,Om Prakash Dubey,BSP,192489,,27125
2004,Uttar Pradesh,45,Saidpur,SC,Tufani Saroj,SP,231989,,R A Prasad,BSP,202179,,29810
2004,Uttar Pradesh,46,Ghazipur,GEN,Afzal Ansari,SP,415687,,Manoj Sinha,BJP,188910,,226777
2004,Uttar Pradesh,47,Chandauli,GEN,Kailash Nath Singh Yadav,BSP,204625,,Ananda Ratna Maurya,SP,202956,,1669
2004,Uttar Pradesh,48,Varanasi,GEN,Rajesh Kumar Mishra,INC,206904,,Shankar Prasad Jaiswal,BJP,149468,,57436
2004,Uttar Pradesh,49,Robertsganj,SC,Lal Chandra Kol,BSP,189521,,Pakaudi Lal Kol,SP,179159,,10362
2004,Uttar Pradesh,50,Mirzapur,GEN,Narendra Kumar Kushwaha,BSP,201942,,Virendra Singh,BJP,165530,,36412
2004,Uttar Pradesh,51,Phulpur,GEN,Atique Ahmed,SP,265432,,Keshari Devi Patel,BSP,201085,,64347
2004,Uttar Pradesh,52,Allahabad,GEN,Rewati Raman Singh,SP,234008,,Murli Manohar Joshi,BJP,205625,,28383
2004,Uttar Pradesh,53,Chail,SC,Shailendra Kumar,SP,196206,,Vachaspati,BSP,195576,,630
2004,Uttar Pradesh,54,Fatehpur,GEN,Mahendra Prasad Nishad,BSP,163568,,Achal Singh,SP,111000,,52568
2004,Uttar Pradesh,55,Banda,GEN,Shyama Charan Gupta,SP,185099,,Ram Sajeevan,BSP,128795,,56304
2004,Uttar Pradesh,56,Hamirpur,GEN,Rajnarayan Budholiya,SP,220917,,Ashok Kumar Singh Chandel,BSP,183763,,37154
2004,Uttar Pradesh,57,Jhansi,GEN,Chandrapal Singh Yadav,SP,238782,,Babu Lal Kushwaha,BSP,212483,,26299
2004,Uttar Pradesh,58,Jalaun,SC,Bhanu Pratap Singh Verma,BJP,195228,,Ghanshyam Anuragi,SP,168437,,26791
2004,Uttar Pradesh,59,Ghatampur,SC,Radhey Shyam Kori,SP,160117,,Pyare Lal Sankhwar,BSP,149805,,10312
2004,Uttar Pradesh,60,Bilhaur,GEN,Raja Ram Pal,BSP,223195,,Lal Singh Tomar,SP,198793,,24412
2004,Uttar Pradesh,61,Kanpur,GEN,Sriprakash Jaiswal,INC,211109,,Satyadev Pachauri,BJP,198793,,12316
2004,Uttar Pradesh,62,Etawah,GEN,Raghuraj Singh Shakya,SP,367807,,Sarita Bhadauria,BJP,177650,,190157
2004,Uttar Pradesh,63,Kannauj,GEN,Akhilesh Yadav,SP,464367,,Thakur Rajesh Singh,BSP,156994,,307373
2004,Uttar Pradesh,64,Farrukhabad,GEN,Chandra Bhushan Singh,SP,176129,,Louise Khurshid,INC,173384,,2745
2004,Uttar Pradesh,65,Mainpuri,GEN,Mulayam Singh Yadav,SP,460470,,Ashok Shakya,BSP,122600,,337870
2004,Uttar Pradesh,66,Jalesar,GEN,S. P. Singh Baghel,SP,287091,,Pratyendra Pal Singh,BJP,181023,,106068
2004,Uttar Pradesh,67,Etah,GEN,Devendra Singh Yadav,SP,276156,,Ashok Ratan Shakya,BJP,224821,,51335
2004,Uttar Pradesh,68,Firozabad,SC,Ram Ji Lal Suman,SP,212383,,Kishori Lal Mahaur,BJP,157595,,54788
2004,Uttar Pradesh,69,Agra,GEN,Raj Babbar,SP,243094,,Murari Lal Mittal,BJP,185752,,57342
2004,Uttar Pradesh,70,Mathura,GEN,Manvendra Singh,INC,187400,,Chaudhary Laxmi Narayan Singh,BSP,149268,,38132
2004,Uttar Pradesh,71,Hathras,SC,Kishan Lal Diler,BJP,175049,,Ram Vir Singh Bhaiyaji,BSP,152212,,22837
2004,Uttar Pradesh,72,Aligarh,GEN,Bijendra Singh,INC,167142,,Sheela Gautam,BJP,164351,,2791
2004,Uttar Pradesh,73,Khurja,SC,Ashok Kumar Pradhan,BJP,214701,,Ravi Gautam,BSP,173551,,41150
2004,Uttar Pradesh,74,Bulandshahr,GEN,Kalyan Singh,BJP,258284,,Badrul Islam,RLD,241633,,16651
2004,Uttar Pradesh,75,Hapur,GEN,Surendra Prakash Goel,INC,235114,,Ramesh Chand Tomar,BJP,192751,,42363
2004,Uttar Pradesh,76,Meerut,GEN,Mohammed Shahid Akhlaq,BSP,252518,,Malook Nagar,RLD,183182,,69336
2004,Uttar Pradesh,77,Baghpat,GEN,Ajit Singh,RLD,353181,,Aulad Ali,BSP,132543,,220638
2004,Uttar Pradesh,78,Muzaffarnagar,GEN,Chaudhary Munawwar Hasan,SP,306225,,Amar Pal Singh,BJP,237220,,69005
2004,Uttar Pradesh,79,Kairana,GEN,Anuradha Choudhary,RLD,523923,,Shahnawaz,BSP,181509,,342414
2004,Uttar Pradesh,80,Saharanpur,GEN,Rasheed Masood,SP,353272,,Mansoor Ali Khan,BSP,326444,,26828
2004,Uttarakhand,1,Tehri Garhwal,GEN,Manabendra Shah,BJP,267395,,Vijay Bahuguna,INC,249949,,17446
2004,Uttarakhand,2,Garhwal,GEN,B. C. Khanduri,BJP,257726,,Tejpal Singh Rawat,INC,206764,,50962
2004,Uttarakhand,3,Almora,GEN,Bachi Singh Rawat,BJP,225742,,Renuka Rawat,INC,215690,,10052
2004,Uttarakhand,4,Nainital,GEN,K. C. Singh Baba,INC,275658,,Vijay Bansal,BJP,226474,,49184
2004,Uttarakhand,5,Haridwar,SC,Rajendra Kumar Badi,SP,157331,,Bhagwan Das,BSP,119672,,37659
2004,West Bengal,1,Cooch Behar,SC,Hiten Barman,AIFB,490982,,Girindra Nath Barman,TMC,264413,,226569
2004,West Bengal,2,Alipurduars,ST,Joachim Baxla,RSP,384252,,Manoj Tigga,BJP,239128,,145124
2004,West Bengal,3,Jalpaiguri,GEN,Minati Sen,CPI(M),424163,,Parash Datta,TMC,243558,,180605
2004,West Bengal,4,Darjeeling,GEN,Dawa Narbula,INC,396973,,Moni Thapa,CPI(M),295557,,101416
2004,West Bengal,5,Raiganj,GEN,Priya Ranjan Dasmunsi,INC,421904,,Minati Ghosh,CPI(M),382757,,39147
2004,West Bengal,6,Balurghat,SC,Ranen Barman,RSP,415298,,Manomohan Ray,BJP,344152,,71146
2004,West Bengal,7,Malda,GEN,A. B. A. Ghani Khan Choudhury,INC,412913,,Pranab Das,CPI(M),301805,,111108
2004,West Bengal,8,Jangipur,GEN,Pranab Mukherjee,INC,431647,,Abul Hasnat Khan,CPI(M),394787,,36860
2004,West Bengal,9,Murshidabad,GEN,Abdul Mannan Hossain,INC,461895,,Moinul Hassan,CPI(M),446415,,15480
2004,West Bengal,10,Berhampore,GEN,Adhir Ranjan Chowdhury,INC,508095,,Promothes Mukherjee,RSP,409194,,98901
2004,West Bengal,11,Krishnagar,GEN,Jyotirmoyee Sikdar,CPI(M),397561,,Satyabrata Mookherjee,BJP,377174,,20387
2004,West Bengal,12,Nabadwip,SC,Alakesh Das,CPI(M),560176,,Nilima Nag,TMC,550185,,9991
2004,West Bengal,13,Barasat,GEN,Subrata Bose,AIFB,520384,,Ranjit Kumar Panja,TMC,508224,,12160
2004,West Bengal,14,Basirhat,GEN,Ajay Chakraborty,CPI,462605,,Sujit Bose,TMC,280521,,182084
2004,West Bengal,15,Joynagar,SC,Sanat Kumar Mandal,RSP,450043,,Asit Baran Thakur,BJP,219522,,230521
2004,West Bengal,16,Mathurapur,SC,Basudeb Barman,CPI(M),440862,,Radhika Ranjan Pramanick,TMC,358834,,82028
2004,West Bengal,17,Diamond Harbour,GEN,Samik Lahiri,CPI(M),430890,,Saugata Roy,TMC,277106,,153784
2004,West Bengal,18,Jadavpur,GEN,Sujan Chakraborty,CPI(M),505396,,Krishna Bose,TMC,415728,,89668
2004,West Bengal,19,Barrackpore,GEN,Tarit Baran Topdar,CPI(M),443048,,Arjun Singh,TMC,277977,,165071
2004,West Bengal,20,Dum Dum,GEN,Amitava Nandy,CPI(M),619325,,Tapan Sikdar,BJP,521073,,98252
2004,West Bengal,21,Calcutta North West,GEN,Sudhangshu Seal,CPI(M),151772,,Subrata Mukherjee,TMC,108768,,43004
2004,West Bengal,22,Calcutta North East,GEN,Mohammed Salim,CPI(M),284427,,Ajit Kumar Panja,TMC,210647,,73780
2004,West Bengal,23,Calcutta South,GEN,Mamata Banerjee,TMC,393561,,Rabin Deb,CPI(M),295132,,98429
2004,West Bengal,24,Howrah,GEN,Swadesh Chakraborty,CPI(M),489444,,Bikram Sarkar,TMC,242507,,246937
2004,West Bengal,25,Uluberia,GEN,Hannan Mollah,CPI(M),424749,,Rajib Banerjee,TMC,272634,,152115
2004,West Bengal,26,Serampore,GEN,Santasri Chatterjee,CPI(M),404082,,Akbar Ali Khandoker,TMC,272634,,131448
2004,West Bengal,27,Hooghly,GEN,Rupchand Pal,CPI(M),496890,,Indrani Mukherjee,TMC,329924,,166966
2004,West Bengal,28,Arambagh,GEN,Anil Basu,CPI(M),744464,,Swapan Kumar Nandi,BJP,151962,,592502
2004,West Bengal,29,Panskura,GEN,Gurudas Dasgupta,CPI,541513,,Hema Choubey,TMC,262035,,279478
2004,West Bengal,30,Tamluk,GEN,Lakshman Chandra Seth,CPI(M),507228,,Suvendu Adhikari,TMC,449848,,57380
2004,West Bengal,31,Contai,GEN,Prasanta Pradhan,CPI(M),464743,,Nitish Sengupta,TMC,405553,,59190
2004,West Bengal,32,Midnapore,GEN,Prabodh Panda,CPI,480034,,Rahul Sinha,BJP,319274,,160760
2004,West Bengal,33,Jhargram,ST,Rupchand Murmu,CPI(M),509045,,Nityananda Hembram,TMC,157702,,351343
2004,West Bengal,34,Purulia,GEN,Bir Singh Mahato,AIFB,341057,,Shantiram Mahato,INC,195339,,145718
2004,West Bengal,35,Bankura,GEN,Basudeb Acharia,CPI(M),417798,,Deb Prasad Kundu,TMC,187469,,230329
2004,West Bengal,36,Vishnupur,SC,Susmita Bauri,CPI(M),518507,,Janardan Saha,TMC,186678,,331829
2004,West Bengal,37,Durgapur,SC,Sunil Khan,CPI(M),505250,,Shib Narayan Saha,BJP,227742,,277508
2004,West Bengal,38,Asansol,GEN,Bikash Chowdhury,CPI(M),369832,,Moloy Ghatak,TMC,245514,,124318
2004,West Bengal,39,Burdwan,GEN,Nikhilananda Sar,CPI(M),673091,,Anindya Gopal Mitra,BJP,201740,,471351
2004,West Bengal,40,Katwa,GEN,Mahboob Zahedi,CPI(M),494716,,Sultan Ahmed,TMC,351367,,143349
2004,West Bengal,41,Bolpur,GEN,Somnath Chatterjee,CPI(M),504836,,Nirmal Kumar Maji,TMC,194531,,310305
2004,West Bengal,42,Birbhum,SC,Ram Chandra Dome,CPI(M),372294,,Gopal Chandra Das,INC,180682,,191612
2009,Andaman and Nicobar Islands,1,Andaman And Nicobar Islands,GEN,Bishnu Pada Ray,BJP,75211,,Kuldeep Rai Sharma,INC,72221,,2990
2009,Andhra Pradesh,1,Adilabad,ST,Ramesh Rathod,TDP,372268,,Kotnak Ramesh,INC,257181,,115087
2009,Andhra Pradesh,2,Peddapalli,SC,Gaddam Vivek Venkatswamy,INC,313748,,Gomasa Srinivas,TRS,264731,,49017
2009,Andhra Pradesh,3,Karimnagar,GEN,Ponnam Prabhakar,INC,317927,,Boianapalli Vinod Kumar,TRS,267684,,50243
2009,Andhra Pradesh,4,Nizamabad,GEN,Madhu Goud Yaskhi,INC,296504,,Bigala Ganesh Gupta,TRS,236114,,60390
2009,Andhra Pradesh,5,Zahirabad,GEN,Suresh Shetkar,INC,395767,,Syed Yousuf Ali,TRS,378360,,17407
2009,Andhra Pradesh,6,Medak,GEN,Vijayashanti,TRS,388839,,Chaganla Narendra Nath,INC,382762,,6077
2009,Andhra Pradesh,7,Malkajgiri,GEN,Sarvey Sathyanarayana,INC,388368,,Bheemsen T,TDP,295042,,93326
2009,Andhra Pradesh,8,Secunderabad,GEN,Anjan Kumar Yadav,INC,340549,,Bandaru Dattatreya,BJP,170382,,170167
2009,Andhra Pradesh,9,Hyderabad,GEN,Asaduddin Owaisi,AIMIM,308061,,Zahid Ali Khan,TDP,194196,,113865
2009,Andhra Pradesh,10,Chevella,GEN,Jaipal Reddy,INC,420807,,A. P. Jithender Reddy,TDP,402275,,18532
2009,Andhra Pradesh,11,Mahbubnagar,GEN,K. Chandrashekar Rao,TRS,366569,,Devarakonda Vittal Rao,INC,346385,,20184
2009,Andhra Pradesh,12,Nagarkurnool,SC,Manda Jagannath,INC,422745,,Guvvala Balaraju,TRS,374978,,47767
2009,Andhra Pradesh,13,Nalgonda,GEN,Gutha Sukender Reddy,INC,493849,,Suravaram Sudhakar Reddy,CPI,340867,,152982
2009,Andhra Pradesh,14,Bhongir,GEN,Komatireddy Raj Gopal Reddy,INC,504103,,Nomula Narsimhaiah,CPI(M),364215,,139888
2009,Andhra Pradesh,15,Warangal,SC,Siricilla Rajaiah,INC,396568,,Ramagalla Parameshwar,TRS,271907,,124661
2009,Andhra Pradesh,16,Mahabubabad,ST,Balram Naik,INC,394447,,Kunja Srinivasa Rao,CPI,325490,,68957
2009,Andhra Pradesh,17,Khammam,GEN,Nama Nageswara Rao,TDP,469368,,Renuka Chowdhury,INC,344920,,124448
2009,Andhra Pradesh,18,Araku,ST,Kishore Chandra Deo,INC,360458,,Midiyam Babu Rao,CPI(M),168014,,192444
2009,Andhra Pradesh,19,Srikakulam,GEN,Killi Krupa Rani,INC,387694,,Kinjarapu Yerran Naidu,TDP,304707,,82987
2009,Andhra Pradesh,20,Vizianagaram,GEN,Jhansi Laxmi Botcha,INC,411584,,Kondapalli Appalanaidu,TDP,351013,,60571
2009,Andhra Pradesh,21,Visakhapatnam,GEN,Daggubati Purandeswari,INC,368812,,Palla Srinivasa Rao,Praja Rajyam Party,302126,,66686
2009,Andhra Pradesh,22,Anakapalli,GEN,Sabbam Hari,INC,369968,,Nookarapu Surya Prakasa Rao,TDP,317056,,52912
2009,Andhra Pradesh,23,Kakinada,GEN,Mallipudi Mangapati Pallam Raju,INC,323607,,Chalamalasetti Sunil,Praja Rajyam Party,289563,,34044
2009,Andhra Pradesh,24,Amalapuram,SC,G. V. Harsha Kumar,INC,368501,,Pothula Prameela Devi,Praja Rajyam Party,328496,,40005
2009,Andhra Pradesh,25,Rajahmundry,GEN,Vundavalli Aruna Kumar,INC,357449,,Murali Mohan,TDP,355302,,2147
2009,Andhra Pradesh,26,Narasapuram,GEN,Kanumuru Bapi Raju,INC,389422,,Thota Seetharama Lakshmi,TDP,274732,,114690
2009,Andhra Pradesh,27,Eluru,GEN,Kavuri Samba Siva Rao,INC,423777,,Maganti Venkateswara Rao,TDP,380994,,42783
2009,Andhra Pradesh,28,Machilipatnam,GEN,Konakalla Narayana Rao,TDP,409936,,Badiga Ramakrishna,INC,397480,,12456
2009,Andhra Pradesh,29,Vijayawada,GEN,Lagadapati Rajagopal,INC,429394,,Vallabhaneni Vamsi Mohan,TDP,416682,,12712
2009,Andhra Pradesh,30,Guntur,GEN,Rayapati Sambasiva Rao,INC,403937,,Madala Rajendra,TDP,364582,,39355
2009,Andhra Pradesh,31,Narasaraopet,GEN,Modugula Venugopala Reddy,TDP,463358,,Vallabhaneni Balasouri,INC,461751,,1607
2009,Andhra Pradesh,32,Bapatla,SC,Panabaka Lakshmi,INC,460757,,Malyadri Sriram,TDP,391419,,69338
2009,Andhra Pradesh,33,Ongole,GEN,Magunta Sreenivasulu Reddy,INC,450442,,Madduluri Malakondaiah Yadav,TDP,371919,,78523
2009,Andhra Pradesh,34,Nandyal,GEN,S. P. Y. Reddy,INC,400023,,N. M. D. Farooq,TDP,309176,,90847
2009,Andhra Pradesh,35,Kurnool,GEN,Kotla Jayasurya Prakasha Reddy,INC,382668,,B.T.Naidu,TDP,308895,,73773
2009,Andhra Pradesh,36,Anantapur,GEN,Anantha Venkatarami Reddy,INC,457876,,Kalava Srinivasulu,TDP,379955,,77921
2009,Andhra Pradesh,37,Hindupur,GEN,Kristappa Nimmala,TDP,435753,,Khasim Khan,INC,412918,,22835
2009,Andhra Pradesh,38,Kadapa,GEN,Y. S. Jagan Mohan Reddy,INC,542611,,Palem Srikanth Reddy,TDP,363765,,178846
2009,Andhra Pradesh,39,Nellore,GEN,Mekapati Rajamohan Reddy,INC,430235,,Vanteru Venu Gopala Reddy,TDP,375242,,54993
2009,Andhra Pradesh,40,Tirupati,SC,Chinta Mohan,INC,428403,,Varla Ramaiah,TDP,409127,,19276
2009,Andhra Pradesh,41,Rajampet,GEN,Annayyagari Sai Prathap,INC,423910,,Ramesh Kumar Reddy Reddappagari,TDP,180537,,110377
2009,Andhra Pradesh,42,Chittoor,SC,Naramalli Sivaprasad,TDP,434376,,M. Thippeswamy,INC,423717,,10659
2009,Arunachal Pradesh,1,Arunachal West,ST,Takam Sanjoy,INC,140443,,Kiren Rijiju,BJP,139129,,1314
2009,Arunachal Pradesh,2,Arunachal East,ST,Ninong Ering,INC,115423,,Tapir Gao,BJP,46974,,68449
2009,Assam,1,Karimganj,SC,Lalit Mohan Suklabaidya,INC,259717,,Rajesh Mallah,AIUDF,251797,,7920
2009,Assam,2,Silchar,GEN,Kabindra Purkayastha,BJP,243532,,Badruddin Ajmal,AIUDF,202062,,41470
2009,Assam,3,Autonomous District,ST,Biren Sing Engti,INC,197835,,Elwin Teron,Autonomous State Demand Committee,123287,,74548
2009,Assam,4,Dhubri,GEN,Badruddin Ajmal,AIUDF,540820,,Anwar Hussain,INC,356401,,184419
2009,Assam,5,Kokrajhar,ST,Sansuma Khunggur Bwiswmuthiary,Bodoland People'S Front,495211,,Urkhao Gwra Brahma,IND,304889,,190322
2009,Assam,6,Barpeta,GEN,Ismail Hussain,INC,322137,,Bhupen Ray,AGP,291708,,30429
2009,Assam,7,Guwahati,GEN,Bijoya Chakravarty,BJP,496047,,Robin Bordoloi,INC,484192,,11855
2009,Assam,8,Mangaldoi,GEN,Ramen Deka,BJP,307881,,Madhab Rajbangshi,INC,252032,,55849
2009,Assam,9,Tezpur,GEN,Joseph Toppo,AGP,352246,,Moni Kumar Subba,INC,322093,,30153
2009,Assam,10,Nagaon,GEN,Rajen Gohain,BJP,380921,,Anil Raja,INC,335541,,45380
2009,Assam,11,Kaliabor,GEN,Dip Gogoi,INC,434676,,Gunin Hazarika,AGP,282687,,151989
2009,Assam,12,Jorhat,GEN,Bijoy Krishna Handique,INC,362320,,Kamakhya Prasad Tasa,BJP,290406,,71914
2009,Assam,13,Dibrugarh,GEN,Paban Singh Ghatowar,INC,359163,,Sarbananda Sonowal,AGP,324020,,35143
2009,Assam,14,Lakhimpur,GEN,Ranee Narah,INC,352330,,Arun Kumar Sarmah,AGP,307758,,44572
2009,Bihar,1,Valmiki Nagar,GEN,Baidyanath Prasad Mahto,JD(U),277696,,Fakhruddin,IND,94021,,183675
2009,Bihar,2,Paschim Champaran,GEN,Sanjay Jaiswal,BJP,198781,,Prakash Jha,LJP,151438,,47343
2009,Bihar,3,Purvi Champaran,GEN,Radha Mohan Singh,BJP,201114,,Akhilesh Prasad Singh,RJD,121824,,79290
2009,Bihar,4,Sheohar,GEN,Rama Devi,BJP,233499,,Md Anwarul Haque,BSP,107815,,125684
2009,Bihar,5,Sitamarhi,GEN,Arjun Rai,JD(U),232782,,Samir Kumar Mahaseth,INC,122216,,110566
2009,Bihar,6,Madhubani,GEN,Hukmdev Narayan Yadav,BJP,164094,,Abdul Bari Siddiqui,RJD,154167,,9927
2009,Bihar,7,Jhanjharpur,GEN,Mangani Lal Mandal,JD(U),265175,,Devendra Prasad Yadav,RJD,192466,,72709
2009,Bihar,8,Supaul,GEN,Vishwa Mohan Kumar,JD(U),313677,,Ranjeet Ranjan,INC,147602,,166075
2009,Bihar,9,Araria,GEN,Pradeep Kumar Singh,BJP,282742,,Zakir Hussain Khan,LJP,260240,,22502
2009,Bihar,10,Kishanganj,GEN,Mohammad Asrarul Haque,INC,239405,,Syed Mahmood Ashraf,JD(U),159136,,80269
2009,Bihar,11,Katihar,GEN,Nikhil Kumar Choudhary,BJP,269834,,Tariq Anwar,NCP,255819,,14015
2009,Bihar,12,Purnia,GEN,Uday Singh,BJP,362952,,Shanti Priya,IND,176725,,186227
2009,Bihar,13,Madhepura,GEN,Sharad Yadav,JD(U),370585,,Ravindra Charan Yadav,RJD,192964,,177621
2009,Bihar,14,Darbhanga,GEN,Kirti Azad,BJP,239268,,Ali Ashraf Fatmi,RJD,192815,,46453
2009,Bihar,15,Muzaffarpur,GEN,Jai Narain Prasad Nishad,JD(U),195091,,Bhagwanlal Sahni,LJP,147282,,47809
2009,Bihar,16,Vaishali,GEN,Raghuvansh Prasad Singh,RJD,284479,,Vijay Kumar Shukla,JD(U),262171,,22308
2009,Bihar,17,Gopalganj,SC,Purnmasi Ram,JD(U),200024,,Anil Kumar,RJD,157552,,42472
2009,Bihar,18,Siwan,GEN,Om Prakash Yadav,IND,236194,,Hena Shahab,RJD,172764,,63430
2009,Bihar,19,Maharajganj,GEN,Umashanker Singh,RJD,211610,,Prabhunath Singh,JD(U),208813,,2797
2009,Bihar,20,Saran,GEN,Lalu Prasad Yadav,RJD,274209,,Rajiv Pratap Rudy,BJP,222394,,51815
2009,Bihar,21,Hajipur,SC,Ram Sundar Das,JD(U),246715,,Ram Vilas Paswan,LJP,208761,,37954
2009,Bihar,22,Ujiarpur,GEN,Ashwamedh Devi,JD(U),180082,,Alok Kumar Mehta,RJD,154770,,25312
2009,Bihar,23,Samastipur,SC,Maheshwar Hazari,JD(U),259458,,Ram Chandra Paswan,LJP,155082,,104376
2009,Bihar,24,Begusarai,GEN,Monazir Hassan,JD(U),205680,,Shatrughna Prasad Singh,CPI,164843,,40837
2009,Bihar,25,Khagaria,GEN,Dinesh Chandra Yadav,JD(U),266964,,Ravindar Rana,RJD,128209,,138755
2009,Bihar,26,Bhagalpur,GEN,Syed Shahnawaz Hussain,BJP,228384,,Shakuni Choudhary,RJD,172573,,55811
2009,Bihar,27,Banka,GEN,Digvijay Singh,IND,185762,,Jay Prakash Narayan Yadav,RJD,157046,,28716
2009,Bihar,28,Munger,GEN,Rajiv Ranjan Singh,JD(U),374317,,Ram Badan Roy,RJD,184956,,189361
2009,Bihar,29,Nalanda,GEN,Kaushalendra Kumar,JD(U),299155,,Satish Kumar,LJP,146478,,152677
2009,Bihar,30,Patna Sahib,GEN,Shatrughan Sinha,BJP,316549,,Vijay Kumar,RJD,149779,,166770
2009,Bihar,31,Pataliputra,GEN,Ranjan Prasad Yadav,JD(U),269298,,Lalu Prasad Yadav,RJD,245757,,23541
2009,Bihar,32,Arrah,GEN,Meena Singh,JD(U),212726,,Rama Kishore Singh,LJP,138006,,74720
2009,Bihar,33,Buxar,GEN,Jagada Nand Singh,RJD,132614,,Lalmuni Chaubey,BJP,130376,,2238
2009,Bihar,34,Sasaram,SC,Meira Kumar,INC,192213,,Muni Lall,BJP,149259,,42954
2009,Bihar,35,Karakat,GEN,Mahabali Singh,JD(U),196946,,Kanti Singh,RJD,176463,,20483
2009,Bihar,36,Jahanabad,GEN,Jagdish Sharma,JD(U),234769,,Surendra Yadav,RJD,213442,,21327
2009,Bihar,37,Aurangabad,GEN,Sushil Kumar Singh,JD(U),260153,,Shakil Ahmad Khan,RJD,188095,,72058
2009,Bihar,38,Gaya,SC,Hari Manjhi,BJP,246255,,Ramji Manjhi,RJD,183802,,62453
2009,Bihar,39,Nawada,GEN,Bhola Singh,BJP,130608,,Veena Devi,LJP,95691,,34917
2009,Bihar,40,Jamui,SC,Bhudeo Choudhary,JD(U),178560,,Shyam Rajak,RJD,148763,,29797
2009,Chandigarh,1,Chandigarh,GEN,Pawan Kumar Bansal,INC,161042,,Satya Pal Jain,BJP,102075,,58967
2009,Chhattisgarh,1,Sarguja,ST,Murarilal Singh,BJP,416532,,Bhanu Pratap Singh,INC,256984,,159548
2009,Chhattisgarh,2,Raigarh,ST,Vishnu Deo Sai,BJP,443948,,Hridayaram Rathiya,INC,388100,,55848
2009,Chhattisgarh,3,Janjgir-Champa,SC,Kamla Devi Patle,BJP,302142,,Shiv Kumar Dahariya,INC,214931,,87211
2009,Chhattisgarh,4,Korba,GEN,Charan Das Mahant,INC,314616,,Karuna Shukla,BJP,293879,,20737
2009,Chhattisgarh,5,Bilaspur,GEN,Dilip Singh Judeo,BJP,347930,,Renu Jogi,INC,327791,,20139
2009,Chhattisgarh,6,Rajnandgaon,GEN,Madhusudan Yadav,BJP,437721,,Devwrat Singh,INC,318647,,119074
2009,Chhattisgarh,7,Durg,GEN,Saroj Pandey,BJP,283170,,Pradeep Choubey,INC,273216,,9954
2009,Chhattisgarh,8,Raipur,GEN,Ramesh Bais,BJP,364943,,Bhupesh Baghel,INC,307042,,57901
2009,Chhattisgarh,9,Mahasamund,GEN,Chandu Lal Sahu,BJP,371201,,Motilal Sahu,INC,319726,,51475
2009,Chhattisgarh,10,Bastar,ST,Baliram Kashyap,BJP,249373,,Shankar Sodi,INC,149111,,100262
2009,Chhattisgarh,11,Kanker,ST,Sohan Potai,BJP,341131,,Phulo Devi Netam,INC,321843,,19288
2009,Dadra and Nagar Haveli,1,Dadra And Nagar Haveli,ST,Natubhai Gomanbhai Patel,BJP,51242,,Mohanbhai Sanjibhai Delkar,INC,50624,,618
2009,Daman and Diu,1,Daman And Diu,GEN,Lalubhai Patel,BJP,44546,,Dahyabhai Vallabhbhai Patel,INC,19708,,24838
2009,Delhi,1,Chandni Chowk,GEN,Kapil Sibal,INC,465713,,Vijender Gupta,BJP,265003,,200710
2009,Delhi,2,North East Delhi,GEN,Jai Parkash Aggarwal,INC,518191,,B. L. Sharma,BJP,295948,,222243
2009,Delhi,3,East Delhi,GEN,Sandeep Dikshit,INC,518001,,Chetan Chauhan,BJP,276948,,241053
2009,Delhi,4,New Delhi,GEN,Ajay Maken,INC,455867,,Vijay Goel,BJP,268058,,187809
2009,Delhi,5,North West Delhi,SC,Krishna Tirath,INC,487404,,Meera Kanwaria,BJP,302971,,184433
2009,Delhi,6,West Delhi,GEN,Mahabal Mishra,INC,479899,,Jagdish Mukhi,BJP,350889,,129010
2009,Delhi,7,South Delhi,GEN,Ramesh Kumar,INC,360278,,Ramesh Bidhuri,BJP,267059,,93219
2009,Goa,1,North Goa,GEN,Shripad Yesso Naik,BJP,137716,,Jitendra Raghuraj Deshprabhu,NCP,131363,,6353
2009,Goa,2,South Goa,GEN,Francisco Sardinha,INC,127494,,Narendra Keshav Sawaikar,BJP,114978,,12516
2009,Gujarat,1,Kachchh,SC,Poonamben Jat,BJP,285300,,Valjibhai Danicha,INC,213957,,71343
2009,Gujarat,2,Banaskantha,GEN,Mukesh Gadhvi,INC,289409,,Haribhai Parthibhai Chaudhary,BJP,279108,,10301
2009,Gujarat,3,Patan,GEN,Jagdish Thakor,INC,283778,,Bhavsinh Rathod,BJP,265274,,18504
2009,Gujarat,4,Mahesana,GEN,Jayshreeben Patel,BJP,334631,,Jivabhai Ambalal Patel,INC,312766,,21865
2009,Gujarat,5,Sabarkantha,GEN,Mahendrasinh Chauhan,BJP,337432,,Madhusudan Mistry,INC,320272,,17160
2009,Gujarat,6,Gandhinagar,GEN,L. K. Advani,BJP,434044,,Sureshkumar Chaturdas Patel,INC,312297,,121747
2009,Gujarat,7,Ahmedabad East,GEN,Harin Pathak,BJP,318846,,Deepakbhai Babariya,INC,232790,,86056
2009,Gujarat,8,Ahmedabad West,SC,Kirit Solanki,BJP,376823,,Shailesh Parmar,INC,285696,,91127
2009,Gujarat,9,Surendranagar,GEN,Somabhai Patel,INC,247710,,Laljibhai Mer,BJP,242879,,4831
2009,Gujarat,10,Rajkot,GEN,Kunwarjibhai Bavaliya,INC,307553,,Kiran Kumar Patel,BJP,282818,,24735
2009,Gujarat,11,Porbandar,GEN,Vitthal Radadiya,INC,329436,,Mansukhbhai Shamjibhai Kachariya,BJP,289933,,39503
2009,Gujarat,12,Jamnagar,GEN,Vikrambhai Arjanbhai Madam,INC,281410,,Rameshbhai Mungra,BJP,254992,,26418
2009,Gujarat,13,Junagadh,GEN,Dinubhai Solanki,BJP,355335,,Jashubhai Barad,INC,341576,,13759
2009,Gujarat,14,Amreli,GEN,Naranbhai Kachhadia,BJP,247666,,Nilaben Thummar,INC,210349,,37317
2009,Gujarat,15,Bhavnagar,GEN,Rajendrasinh Rana,BJP,213376,,Mahavirsinh Gohil,INC,207483,,5893
2009,Gujarat,16,Anand,GEN,Bharatsinh Solanki,INC,348655,,Dipakbhai Patel,BJP,281337,,67318
2009,Gujarat,17,Kheda,GEN,Dinsha Patel,INC,284004,,Devusinh Chauhan,BJP,283158,,846
2009,Gujarat,18,Panchmahal,GEN,Prabhatsinh Pratapsinh Chauhan,BJP,282079,,Shankersinh Vaghela,INC,279998,,2081
2009,Gujarat,19,Dahod,ST,Prabha Kishor Taviad,INC,250586,,Somjibhai Damor,BJP,192050,,58536
2009,Gujarat,20,Vadodara,GEN,Balkrishna Khanderao Shukla,BJP,428833,,Satyajitsinh Gaekwad,INC,292805,,136028
2009,Gujarat,21,Chhota Udaipur,ST,Ramsinh Rathwa,BJP,353534,,Naranbhai Rathwa,INC,326536,,26998
2009,Gujarat,22,Bharuch,GEN,Mansukhbhai Vasava,BJP,311019,,Aziz Tankarvi,INC,283787,,27232
2009,Gujarat,23,Bardoli,ST,Tushar Amarsinh Chaudhary,INC,398430,,Riteshkumar Vasava,BJP,339445,,58985
2009,Gujarat,24,Surat,GEN,Darshana Jardosh,BJP,364947,,Dhirubhai Haribhai Gajera,INC,290149,,74798
2009,Gujarat,25,Navsari,GEN,C. R. Patil,BJP,423413,,Dhansukh Rajput,INC,290770,,132643
2009,Gujarat,26,Valsad,ST,Kishanbhai Vestabhai Patel,INC,357755,,DC Patel,BJP,350586,,7169
2009,Haryana,1,Ambala,SC,Kumari Selja,INC,322258,,Rattan Lal Kataria,BJP,307688,,14570
2009,Haryana,2,Kurukshetra,GEN,Naveen Jindal,INC,397204,,Ashok Kumar Arora,Indian National Lok Dal,278475,,118729
2009,Haryana,3,Sirsa,SC,Ashok Tanwar,INC,415584,,Sita Ram,Indian National Lok Dal,380085,,35499
2009,Haryana,4,Hisar,GEN,Bhajan Lal,Haryana Janhit Congress (Bl),248476,,Sampat Singh,Indian National Lok Dal,241493,,6983
2009,Haryana,5,Karnal,GEN,Arvind Kumar Sharma,INC,304698,,Maratha Virender Verma,BSP,228352,,76346
2009,Haryana,6,Sonipat,GEN,Jitender Singh Malik,INC,338795,,Kishan Singh Sangwan,BJP,177511,,161284
2009,Haryana,7,Rohtak,GEN,Deepender Singh Hooda,INC,585016,,Nafe Singh Rathee,Indian National Lok Dal,139280,,445736
2009,Haryana,8,Bhiwani-Mahendragarh,GEN,Shruti Choudhry,INC,302817,,Ajay Singh Chautala,Indian National Lok Dal,247240,,55577
2009,Haryana,9,Gurgaon,GEN,Rao Inderjit Singh,INC,278516,,Zakir Hussain,BSP,193652,,84864
2009,Haryana,10,Faridabad,GEN,Avtar Singh Bhadana,INC,257864,,Ram Chander Bainda,BJP,189663,,68201
2009,Himachal Pradesh,1,Kangra,GEN,Rajan Sushant,BJP,322254,,Chander Kumar,INC,301475,,20779
2009,Himachal Pradesh,2,Mandi,GEN,Virbhadra Singh,INC,340973,,Maheshwar Singh,BJP,326976,,13997
2009,Himachal Pradesh,3,Hamirpur,GEN,Anurag Thakur,BJP,373598,,Narinder Thakur,INC,300866,,72732
2009,Himachal Pradesh,4,Shimla,SC,Virender Kashyap,BJP,310946,,Dhani Ram Shandil,INC,283619,,27327
2009,Jammu and Kashmir,1,Baramulla,GEN,Sharifuddin Shariq,JKNC,203022,,Mohammad Dilawar Mir,JKPDP,138208,,64814
2009,Jammu and Kashmir,2,Srinagar,GEN,Farooq Abdullah,JKNC,147035,,Iftikhar Hussain Ansari,JKPDP,116793,,30242
2009,Jammu and Kashmir,3,Anantnag,GEN,Mirza Mehboob Beg,JKNC,148317,,Peer Mohd Hussain,JKPDP,143093,,5224
2009,Jammu and Kashmir,4,Ladakh,GEN,Hassan Khan,IND,32701,,Phuntsog Namgyal,INC,29017,,3684
2009,Jammu and Kashmir,5,Udhampur,GEN,Chaudhary Lal Singh,INC,231853,,Nirmal Singh,BJP,218459,,13394
2009,Jammu and Kashmir,6,Jammu,GEN,Madan Lal Sharma,INC,382305,,Lila Karan Sharma,BJP,260932,,121373
2009,Jharkhand,1,Rajmahal,ST,Devidhan Besra,BJP,168357,,Hemlal Murmu,JMM,159374,,8983
2009,Jharkhand,2,Dumka,ST,Shibu Soren,JMM,208518,,Sunil Soren,BJP,189706,,18812
2009,Jharkhand,3,Godda,GEN,Nishikant Dubey,BJP,189526,,Furkan Ansari,INC,183119,,6407
2009,Jharkhand,4,Chatra,GEN,Inder Singh Namdhari,IND,108336,,Dhiraj Prasad Sahu,INC,92158,,16178
2009,Jharkhand,5,Kodarma,GEN,Babulal Marandi,Jharkhand Vikas Morcha (Prajatantrik),199462,,Raj Kumar Yadav,CPI(ML)L,150942,,48520
2009,Jharkhand,6,Giridih,GEN,Ravindra Kumar Pandey,BJP,233435,,Tek Lal Mahto,JMM,138697,,94738
2009,Jharkhand,7,Dhanbad,GEN,Pashupati Nath Singh,BJP,260521,,Chandra Shekhar Dubey,INC,202474,,58047
2009,Jharkhand,8,Ranchi,GEN,Subodh Kant Sahay,INC,310499,,Ram Tahal Choudhary,BJP,297149,,13350
2009,Jharkhand,9,Jamshedpur,GEN,Arjun Munda,BJP,319620,,Suman Mahato,JMM,199957,,119663
2009,Jharkhand,10,Singhbhum,ST,Madhu Koda,IND,256827,,Barkuwar Gagrai,BJP,167154,,89673
2009,Jharkhand,11,Khunti,ST,Kariya Munda,BJP,210214,,Neil Tirkey,INC,130039,,80175
2009,Jharkhand,12,Lohardaga,ST,Sudarshan Bhagat,BJP,144628,,Chamra Linda,IND,136345,,8283
2009,Jharkhand,13,Palamau,SC,Kameshwar Baitha,JMM,167995,,Ghuran Ram,RJD,144457,,23538
2009,Jharkhand,14,Hazaribagh,GEN,Yashwant Sinha,BJP,219810,,Saurabh Narain Singh,INC,179646,,40164
2009,Karnataka,1,Chikkodi,GEN,Ramesh Katti,BJP,438081,,Prakash Hukkeri,INC,382794,,55287
2009,Karnataka,2,Belgaum,GEN,Suresh Angadi,BJP,384324,,Amarsinh Vasantrao Patil,INC,265637,,118687
2009,Karnataka,3,Bagalkot,GEN,P. C. Gaddigoudar,BJP,413272,,J. T. Patil,INC,377826,,35446
2009,Karnataka,4,Bijapur,SC,Ramesh Jigajinagi,BJP,308939,,Prakash Rathod,INC,266535,,42404
2009,Karnataka,5,Gulbarga,SC,Mallikarjun Kharge,INC,345241,,Revu Naik Belamgi,BJP,331837,,13404
2009,Karnataka,6,Raichur,ST,Sanna Pakirappa,BJP,316450,,Raja Venkatappa Naik,INC,285814,,30636
2009,Karnataka,7,Bidar,GEN,Dharam Singh,INC,337957,,Gurupadappa Nagamarapalli,BJP,298338,,39619
2009,Karnataka,8,Koppal,GEN,Shivaramagouda Shivanagouda,BJP,291693,,Basavaraj Rayareddy,INC,209904,,81789
2009,Karnataka,9,Bellary,ST,J. Shantha,BJP,402213,,N. Y. Hanumanthappa,INC,399970,,2243
2009,Karnataka,10,Haveri,GEN,Shivkumar Chanabasappa Udasi,BJP,430293,,Saleem Ahmed,INC,342373,,87920
2009,Karnataka,11,Dharwad,GEN,Pralhad Joshi,BJP,446786,,Manjunath Kunnur,INC,309123,,137663
2009,Karnataka,12,Uttara Kannada,GEN,Anant Kumar Hegde,BJP,339300,,Margaret Alva,INC,316531,,22769
2009,Karnataka,13,Davanagere,GEN,G. M. Siddeshwara,BJP,423447,,SS Mallikarjuna,INC,421423,,2024
2009,Karnataka,14,Shimoga,GEN,B. Y. Raghavendra,BJP,482783,,Sarekoppa Bangarappa,INC,429890,,52893
2009,Karnataka,15,Udupi Chikmagalur,GEN,D. V. Sadananda Gowda,BJP,401441,,K. Jayaprakash Hegde,INC,374423,,27018
2009,Karnataka,16,Hassan,GEN,H. D. Deve Gowda,JD(S),496429,,K H Hanume Gowda,BJP,205316,,291113
2009,Karnataka,17,Dakshina Kannada,GEN,Nalin Kumar Kateel,BJP,499385,,Janardhana Poojary,INC,458965,,40420
2009,Karnataka,18,Chitradurga,SC,Janardhana Swamy,BJP,370920,,B Thippeswamy,INC,235349,,135571
2009,Karnataka,19,Tumkur,GEN,G. S. Basavaraj,BJP,331064,,S. P. Muddahanumegowda,JD(S),309619,,21445
2009,Karnataka,20,Mandya,GEN,N Cheluvaraya Swamy,JD(S),384443,,Ambareesh,INC,360943,,23500
2009,Karnataka,21,Mysore,GEN,Adagur H. Vishwanath,INC,354810,,C. H. Vijayashankar,BJP,347119,,7691
2009,Karnataka,22,Chamarajanagar,SC,R. Dhruvanarayana,INC,369970,,A R Krishnamurthy,BJP,365968,,4002
2009,Karnataka,23,Bangalore Rural,GEN,H. D. Kumaraswamy,JD(S),493302,,C. P. Yogeeshwara,BJP,363027,,130275
2009,Karnataka,24,Bangalore North,GEN,D. B. Chandre Gowda,BJP,452920,,C. K. Jaffer Sharief,INC,393255,,59665
2009,Karnataka,25,Bangalore Central,GEN,P. C. Mohan,BJP,340162,,H. T. Sangliana,INC,304944,,35218
2009,Karnataka,26,Bangalore South,GEN,Ananth Kumar,BJP,437953,,Krishna Byre Gowda,INC,400341,,37612
2009,Karnataka,27,Chikballapur,GEN,Veerappa Moily,INC,390500,,C Aswathanarayana,BJP,339119,,51381
2009,Karnataka,28,Kolar,GEN,K. H. Muniyappa,INC,344771,,DS Veeraiah,BJP,321765,,23006
2009,Kerala,1,Kasaragod,GEN,P. Karunakaran,CPI(M),385522,,Shahida Kamal,INC,321095,,64427
2009,Kerala,2,Kannur,GEN,K. Sudhakaran,INC,432878,,K. K. Ragesh,CPI(M),389727,,43151
2009,Kerala,3,Vatakara,GEN,Mullappally Ramachandran,INC,421255,,P Satheedevi,CPI(M),365069,,56186
2009,Kerala,4,Wayanad,GEN,M. I. Shanavas,INC,410703,,M Rahmathulla,CPI,257264,,153439
2009,Kerala,5,Kozhikode,GEN,M. K. Raghavan,INC,342309,,P. A. Mohammed Riyas,CPI(M),341471,,838
2009,Kerala,6,Malappuram,GEN,E. Ahamed,Muslim League Kerala State Committee,427940,,T. K. Hamza,CPI(M),312343,,115597
2009,Kerala,7,Ponnani,GEN,E. T. Mohammed Basheer,Muslim League Kerala State Committee,385801,,Hussain Randathani,IND,303117,,82684
2009,Kerala,8,Palakkad,GEN,M. B. Rajesh,CPI(M),338070,,Satheeshan Pacheni,INC,336250,,1820
2009,Kerala,9,Alathur,SC,P. K. Biju,CPI(M),387352,,NK Sudheer,INC,366392,,20960
2009,Kerala,10,Thrissur,GEN,P. C. Chacko,INC,385297,,C. N. Jayadevan,CPI,360146,,25151
2009,Kerala,11,Chalakudy,GEN,K. P. Dhanapalan,INC,399035,,UP Joseph,CPI(M),327356,,71679
2009,Kerala,12,Ernakulam,GEN,K. V. Thomas,INC,342845,,Sindhu Joy,CPI(M),331055,,11790
2009,Kerala,13,Idukki,GEN,P. T. Thomas,INC,408484,,Francis George,Kerala Congress,333688,,74796
2009,Kerala,14,Kottayam,GEN,Jose K. Mani,Kerala Congress (M),404962,,K. Suresh Kurup,CPI(M),333392,,71570
2009,Kerala,15,Alappuzha,GEN,K. C. Venugopal,INC,468679,,K. S. Manoj,CPI(M),411044,,57635
2009,Kerala,16,Mavelikkara,SC,Kodikunnil Suresh,INC,397211,,RS Anil,CPI,349163,,48048
2009,Kerala,17,Pathanamthitta,GEN,Anto Antony,INC,408232,,K Anantha Gopan,CPI(M),297026,,111206
2009,Kerala,18,Kollam,GEN,N. Peethambara Kurup,INC,357401,,P. Rajendran,CPI(M),339870,,17531
2009,Kerala,19,Attingal,GEN,A Sampath,CPI(M),328036,,G Balachandran,INC,309695,,18341
2009,Kerala,20,Thiruvananthapuram,GEN,Shashi Tharoor,INC,326725,,P Ramachandran Nair,CPI(M),226727,,99998
2009,Lakshadweep,1,Lakshadweep,ST,Muhammed Hamdulla Sayeed,INC,20492,,P. Pookunhi Koya,NCP,18294,,2198
2009,Madhya Pradesh,1,Morena,GEN,Narendra Singh Tomar,BJP,300647,,Ramnivas Rawat,INC,199650,,100997
2009,Madhya Pradesh,2,Bhind,SC,Ashok Argal,BJP,227365,,Bhagirath Prasad,INC,208479,,18886
2009,Madhya Pradesh,3,Gwalior,GEN,Yashodhara Raje Scindia,BJP,252314,,Ashok Singh,INC,225723,,26591
2009,Madhya Pradesh,4,Guna,GEN,Jyotiraditya Scindia,INC,413297,,Narottam Mishra,BJP,163560,,249737
2009,Madhya Pradesh,5,Sagar,GEN,Bhupendra Singh,BJP,323954,,Aslam Sher Khan,INC,192786,,131168
2009,Madhya Pradesh,6,Tikamgarh,SC,Virendra Kumar,BJP,200109,,Ahirwar Vrindavan,INC,158247,,41862
2009,Madhya Pradesh,7,Damoh,GEN,Shivraj Singh Lodhi,BJP,302673,,Chandrabhan Bhaiya,INC,231796,,70877
2009,Madhya Pradesh,8,Khajuraho,GEN,Jeetendra Singh Bundela,BJP,229369,,Raja Pateria,INC,201037,,28332
2009,Madhya Pradesh,9,Satna,GEN,Ganesh Singh,BJP,194624,,Sukhlal Kushwaha,BSP,190206,,4418
2009,Madhya Pradesh,10,Rewa,GEN,Deoraj Singh Patel,BSP,172002,,Sundar Lal Tiwari,INC,167981,,4021
2009,Madhya Pradesh,11,Sidhi,GEN,Govind Prasad Mishra,BJP,270914,,Indrajeet Kumar,INC,225174,,45740
2009,Madhya Pradesh,12,Shahdol,ST,Rajesh Nandini Singh,INC,263434,,Narendra Singh Maravi,BJP,250019,,13415
2009,Madhya Pradesh,13,Jabalpur,GEN,Rakesh Singh,BJP,343922,,Rameshwar Neekhra,INC,237919,,106003
2009,Madhya Pradesh,14,Mandla,ST,Basori Singh Masram,INC,391133,,Faggan Singh Kulaste,BJP,326080,,65053
2009,Madhya Pradesh,15,Balaghat,GEN,K. D. Deshmukh,BJP,299959,,Vishveshwar Bhagat,INC,259140,,40819
2009,Madhya Pradesh,16,Chhindwara,GEN,Kamal Nath,INC,409736,,Marot Rao Khavase,BJP,288516,,121220
2009,Madhya Pradesh,17,Narmadapuram,GEN,Uday Pratap Singh,INC,339496,,Rampal Singh,BJP,320251,,19245
2009,Madhya Pradesh,18,Vidisha,GEN,Sushma Swaraj,BJP,438235,,Munvvar Saleem,SP,48391,,389844
2009,Madhya Pradesh,19,Bhopal,GEN,Kailash Joshi,BJP,335678,,Surendra Singh Thakur,INC,270521,,65157
2009,Madhya Pradesh,20,Rajgarh,GEN,Narayan Singh Amlabe,INC,319371,,Lakshman Singh,BJP,294983,,24388
2009,Madhya Pradesh,21,Dewas,SC,Sajjan Singh Verma,INC,376421,,Thawar Chand Gehlot,BJP,360964,,15457
2009,Madhya Pradesh,22,Ujjain,SC,Premchand Guddu,INC,326905,,Satyanarayan Jatiya,BJP,311064,,15841
2009,Madhya Pradesh,23,Mandsaur,GEN,Meenakshi Natarajan,INC,373532,,Laxminarayan Pandey,BJP,342713,,30819
2009,Madhya Pradesh,24,Ratlam,ST,Kantilal Bhuria,INC,308923,,Dileep Singh Bhuria,BJP,251255,,57668
2009,Madhya Pradesh,25,Dhar,ST,Gajendra Singh Rajukhedi,INC,302660,,Mukam Singh Kirade,BJP,299999,,2661
2009,Madhya Pradesh,26,Indore,GEN,Sumitra Mahajan,BJP,388662,,Satyanarayan Patel,INC,377182,,11480
2009,Madhya Pradesh,27,Khargone,ST,Makhansingh Solanki,BJP,351296,,Bala Bachchan,INC,317121,,34175
2009,Madhya Pradesh,28,Khandwa,GEN,Arun Subhash Chandra Yadav,INC,394241,,Nandkumar Singh Chauhan,BJP,345160,,49081
2009,Madhya Pradesh,29,Betul,ST,Jyoti Dhurve,BJP,334939,,Ojharam Evane,INC,237622,,97317
2009,Maharashtra,1,Nandurbar,ST,Manikrao Hodlya Gavit,INC,275936,,Sharad Gavit,SP,235093,,40843
2009,Maharashtra,2,Dhule,GEN,Pratap Narayanrao Sonawane,BJP,263260,,Amarishbhai Rasiklal Patel,INC,243841,,19419
2009,Maharashtra,3,Jalgaon,GEN,AT Nana Patil,BJP,343647,,Vasantrao More,NCP,247627,,96020
2009,Maharashtra,4,Raver,GEN,Haribhau Jawale,BJP,328843,,Ravindra Patil,NCP,300625,,28218
2009,Maharashtra,5,Buldhana,GEN,Prataprao Ganpatrao Jadhav,SS,353671,,Rajendra Shingne,NCP,325593,,28078
2009,Maharashtra,6,Akola,GEN,Sanjay Shamrao Dhotre,BJP,287526,,Prakash Yashwant Ambedkar,Bharipa Bahujan Mahasangh,222678,,64848
2009,Maharashtra,7,Amravati,SC,Anandrao Vithoba Adsul,SS,314286,,Rajendra Gavai,Republican Party Of India (G),252570,,61716
2009,Maharashtra,8,Wardha,GEN,Datta Meghe,INC,352853,,Suresh Wagmare,BJP,256935,,95918
2009,Maharashtra,9,Ramtek,SC,Mukul Wasnik,INC,311614,,Krupal Tumane,SS,294913,,16701
2009,Maharashtra,10,Nagpur,GEN,Vilas Muttemwar,INC,315148,,Banwarilal Purohit,BJP,290749,,24399
2009,Maharashtra,11,Bhandara-Gondiya,GEN,Praful Patel,NCP,489814,,Nana Patole,IND,237899,,251915
2009,Maharashtra,12,Gadchiroli-Chimur,ST,Marotrao Kowase,INC,321756,,Ashok Nete,BJP,293176,,28580
2009,Maharashtra,13,Chandrapur,GEN,Hansraj Gangaram Ahir,BJP,301467,,Naresh Puglia,INC,268972,,32495
2009,Maharashtra,14,Yavatmal-Washim,GEN,Bhavana Gawali,SS,384443,,Harising Rathod,INC,327492,,56951
2009,Maharashtra,15,Hingoli,GEN,Subhash Wankhede,SS,340148,,Suryakanta Patil,NCP,266514,,73634
2009,Maharashtra,16,Nanded,GEN,Bhaskarrao Khatgaonkar,INC,346400,,Sambhaji Pawar,BJP,271786,,74614
2009,Maharashtra,17,Parbhani,GEN,Ganeshrao Dudhgaonkar,SS,385387,,Suresh Warpudkar,NCP,319969,,65418
2009,Maharashtra,18,Jalna,GEN,Raosaheb Danve,BJP,350710,,Kalyan Vaijinath Kale,INC,342228,,8482
2009,Maharashtra,19,Aurangabad,GEN,Chandrakant Khaire,SS,255896,,Uttamsingh Pawar,INC,222882,,33014
2009,Maharashtra,20,Dindori,ST,Harischandra Devram Chavan,BJP,281254,,Zirwal Narhari Sitaram,NCP,243907,,37347
2009,Maharashtra,21,Nashik,GEN,Sameer Bhujbal,NCP,238706,,Hemant Godse,Maharashtra Navnirman Sena,216674,,22032
2009,Maharashtra,22,Palghar,ST,Baliram Jadhav,Bahujan Vikas Aaghadi,223234,,Chintaman Vanaga,BJP,210874,,12360
2009,Maharashtra,23,Bhiwandi,GEN,Suresh Kashinath Taware,INC,182789,,Jagannath Patil,BJP,141425,,41364
2009,Maharashtra,24,Kalyan,GEN,Anand Paranjpe,SS,212476,,Vasant Davkhare,NCP,188274,,24202
2009,Maharashtra,25,Thane,GEN,Sanjeev Naik,NCP,301000,,Vijay Chougule,SS,251980,,49020
2009,Maharashtra,26,Mumbai North,GEN,Sanjay Nirupam,INC,255157,,Ram Naik,BJP,249378,,5779
2009,Maharashtra,27,Mumbai North West,GEN,Gurudas Kamat,INC,253920,,Gajanan Kirtikar,SS,215533,,38387
2009,Maharashtra,28,Mumbai North East,GEN,Sanjay Dina Patil,NCP,213505,,Kirit Somaiya,BJP,210572,,2933
2009,Maharashtra,29,Mumbai North Central,GEN,Priya Dutt,INC,319352,,Mahesh Ram Jethmalani,BJP,144797,,174555
2009,Maharashtra,30,Mumbai South Central,GEN,Eknath Gaikwad,INC,257523,,Suresh Anant Gambhir,SS,181817,,75706
2009,Maharashtra,31,Mumbai South,GEN,Milind Deora,INC,272411,,Bala Nandgaonkar,Maharashtra Navnirman Sena,159729,,112682
2009,Maharashtra,32,Raigad,GEN,Anant Geete,SS,413546,,A. R. Antulay,INC,267025,,146521
2009,Maharashtra,33,Maval,GEN,Gajanan Babar,SS,364857,,Azam Pansare,NCP,284238,,80619
2009,Maharashtra,34,Pune,GEN,Suresh Kalmadi,INC,279973,,Anil Shirole,BJP,254272,,25701
2009,Maharashtra,35,Baramati,GEN,Supriya Sule,NCP,487827,,Kanta Nalawade,BJP,150996,,336831
2009,Maharashtra,36,Shirur,GEN,Shivajirao Adhalarao Patil,SS,482563,,Vilas Vithoba Lande,NCP,303952,,178611
2009,Maharashtra,37,Ahmednagar,GEN,Dilip Kumar Gandhi,BJP,312047,,Kardile Shivaji Bhanudas,NCP,265316,,46731
2009,Maharashtra,38,Shirdi,SC,Bhausaheb Wakchaure,SS,359921,,Ramdas Athawale,Republican Party Of India (A),227170,,132751
2009,Maharashtra,39,Beed,GEN,Gopinath Munde,BJP,553994,,Rameshrao Baburao Kokate,NCP,413042,,140952
2009,Maharashtra,40,Osmanabad,GEN,Padamsinha Patil,NCP,408840,,Ravindra Gaikwad,SS,402053,,6787
2009,Maharashtra,41,Latur,SC,Jaywantrao Awale,INC,372890,,Sunil Gaikwad,BJP,364915,,7975
2009,Maharashtra,42,Solapur,SC,Sushilkumar Shinde,INC,387591,,Sharad Bansode,BJP,287959,,99632
2009,Maharashtra,43,Madha,GEN,Sharad Pawar,NCP,530596,,Subhash Sureshchandra Deshmukh,BJP,216137,,314459
2009,Maharashtra,44,Sangli,GEN,Pratik Patil,INC,378620,,Ajitrao Shankarrao Ghorpade,IND,338837,,39783
2009,Maharashtra,45,Satara,GEN,Udayanraje Bhosale,NCP,532583,,Purushottam Bajirao Jadhav,SS,235068,,297515
2009,Maharashtra,46,Ratnagiri-Sindhudurg,GEN,Nilesh Narayan Rane,INC,353915,,Suresh Prabhu,SS,307165,,46750
2009,Maharashtra,47,Kolhapur,GEN,Sadashivrao Mandlik,IND,428082,,Sambhaji Raje,NCP,383282,,44800
2009,Maharashtra,48,Hatkanangle,GEN,Raju Shetti,Swabhimani Paksha,481025,,Nivedita Mane,NCP,385965,,95060
2009,Manipur,1,Inner Manipur,GEN,Thokchom Meinya,INC,230876,,Moirangthem Nara,CPI,199916,,30960
2009,Manipur,2,Outer Manipur,ST,Thangso Baite,INC,344517,,Mani Charenamei,People'S Democratic Alliance,224719,,119798
2009,Meghalaya,1,Shillong,ST,Vincent Pala,INC,232270,,John Filmore Kharshiing,United Democratic Party,124402,,107868
2009,Meghalaya,2,Tura,ST,Agatha Sangma,NCP,154476,,Debora C Marak,INC,136531,,17945
2009,Mizoram,1,Mizoram,ST,C. L. Ruala,INC,213779,,H. Lallungmuana,IND,104824,,108955
2009,Nagaland,1,Nagaland,ST,C. M. Chang,Naga People'S Front,832224,,K. Asungba Sangtam,INC,349203,,483021
2009,Odisha,1,Bargarh,GEN,Sanjay Bhoi,INC,397375,,Hamid Hussain,BJD,298931,,98444
2009,Odisha,2,Sundargarh,ST,Hemananda Biswal,INC,280054,,Jual Oram,BJP,268430,,11624
2009,Odisha,3,Sambalpur,GEN,Amarnath Pradhan,INC,304890,,Rohit Pujari,BJD,290016,,14874
2009,Odisha,4,Keonjhar,ST,Yashbant Narayan Singh Laguri,BJD,389104,,Dhanurjaya Sidu,INC,262620,,126484
2009,Odisha,5,Mayurbhanj,ST,Laxman Tudu,BJD,256648,,Sudam Marndi,JMM,190470,,66178
2009,Odisha,6,Balasore,GEN,Srikant Kumar Jena,INC,313888,,Arun Dey,NCP,274988,,38900
2009,Odisha,7,Bhadrak,SC,Arjun Charan Sethi,BJD,416808,,Ananta Prasad Sethi,INC,361870,,54938
2009,Odisha,8,Jajpur,SC,Mohan Jena,BJD,433350,,Amiya Kanta Mallik,INC,305603,,127747
2009,Odisha,9,Dhenkanal,GEN,Tathagata Satpathy,BJD,398568,,Chandra Sekhar Tripathi,INC,211981,,186587
2009,Odisha,10,Bolangir,GEN,Kalikesh Narayan Singh Deo,BJD,430150,,Narasingha Mishra,INC,339315,,90835
2009,Odisha,11,Kalahandi,GEN,Bhakta Charan Das,INC,401736,,Subash Chandra Nayak,BJD,247699,,154037
2009,Odisha,12,Nabarangpur,ST,Pradeep Kumar Majhi,INC,308307,,Domburu Majhi,BJD,278330,,29977
2009,Odisha,13,Kandhamal,GEN,Rudra Madhab Ray,BJD,315314,,Suzit Kumar Padhi,INC,164307,,151007
2009,Odisha,14,Cuttack,GEN,Bhartruhari Mahtab,BJD,465089,,Bibhuti Bhusan Mishra,INC,228797,,236292
2009,Odisha,15,Kendrapara,GEN,Baijayant Panda,BJD,502635,,Ranjib Biswal,INC,375528,,127107
2009,Odisha,16,Jagatsinghpur,SC,Bibhu Prasad Tarai,CPI,457234,,Rabindra Kumar Sethy,INC,380499,,76735
2009,Odisha,17,Puri,GEN,Pinaki Misra,BJD,436961,,Debendra Nath Mansingh,INC,225656,,211305
2009,Odisha,18,Bhubaneswar,GEN,Prasanna Kumar Patasani,BJD,400472,,Santosh Mohanty,INC,147712,,252760
2009,Odisha,19,Aska,GEN,Nityananda Pradhan,BJD,419862,,Ramchandra Rath,INC,187028,,232834
2009,Odisha,20,Berhampur,GEN,Siddhanta Mahapatra,BJD,319839,,Chandra Sekhar Sahu,INC,262552,,57287
2009,Odisha,21,Koraput,ST,Jayaram Pangi,BJD,312776,,Giridhar Gamang,INC,216416,,96360
2009,Puducherry,1,Puducherry,GEN,V. Narayanasamy,INC,300391,,M. Ramadass,Pattali Makkal Katchi,208619,,91772
2009,Punjab,1,Gurdaspur,GEN,Partap Singh Bajwa,INC,447994,,Vinod Khanna,BJP,439652,,8342
2009,Punjab,2,Amritsar,GEN,Navjot Singh Sidhu,BJP,392046,,Om Parkash Soni,INC,385188,,6858
2009,Punjab,3,Khadoor Sahib,GEN,Rattan Singh Ajnala,SAD,467980,,Rana Gurjeet Singh,INC,435720,,32260
2009,Punjab,4,Jalandhar,SC,Mohinder Singh Kaypee,INC,408103,,Hans Raj Hans,SAD,371658,,36445
2009,Punjab,5,Hoshiarpur,SC,Santosh Chowdhary,INC,358812,,Som Parkash,BJP,358446,,366
2009,Punjab,6,Anandpur Sahib,GEN,Ravneet Singh Bittu,INC,404836,,Daljit Singh Cheema,SAD,337632,,67204
2009,Punjab,7,Ludhiana,GEN,Manish Tewari,INC,449264,,Gurcharan Singh Galib,SAD,335558,,113706
2009,Punjab,8,Fatehgarh Sahib,SC,Sukhdev Singh Libra,INC,393557,,Charanjit Singh Atwal,SAD,359258,,34299
2009,Punjab,9,Faridkot,SC,Paramjit Kaur Gulshan,SAD,457734,,Sukhwinder Singh Danny,INC,395692,,62042
2009,Punjab,10,Ferozepur,GEN,Sher Singh Ghubaya,SAD,450900,,Jagmeet Singh Brar,INC,429829,,21071
2009,Punjab,11,Bathinda,GEN,Harsimrat Kaur Badal,SAD,529472,,Raninder Singh,INC,408524,,120948
2009,Punjab,12,Sangrur,GEN,Vijay Inder Singla,INC,358670,,Sukhdev Singh Dhindsa,SAD,317798,,40872
2009,Punjab,13,Patiala,GEN,Preneet Kaur,INC,474188,,Prem Singh Chandumajra,SAD,376799,,97389
2009,Rajasthan,1,Ganganagar,SC,Bharat Ram Meghwal,INC,476554,,Nihalchand,BJP,335886,,140668
2009,Rajasthan,2,Bikaner,SC,Arjun Ram Meghwal,BJP,244537,,Rewat Ram Panwar,INC,224962,,19575
2009,Rajasthan,3,Churu,GEN,Ram Singh Kaswan,BJP,376708,,Rafique Mandelia,INC,364268,,12440
2009,Rajasthan,4,Jhunjhunu,GEN,Sis Ram Ola,INC,306330,,Dasrath Singh Shekhawat,BJP,240998,,65332
2009,Rajasthan,5,Sikar,GEN,Mahadeo Singh Khandela,INC,324812,,Subhash Maharia,BJP,175386,,149426
2009,Rajasthan,6,Jaipur Rural,GEN,Lal Chand Kataria,INC,278266,,Rao Rajendra Singh,BJP,226029,,52237
2009,Rajasthan,7,Jaipur,GEN,Mahesh Joshi,INC,397438,,Ramcharan Bohra,BJP,381339,,16099
2009,Rajasthan,8,Alwar,GEN,Bhanwar Jitendra Singh,INC,450119,,Kiran Yadav,BJP,293500,,156619
2009,Rajasthan,9,Bharatpur,SC,Ratan Singh,INC,301434,,Khemchand,BJP,219980,,81454
2009,Rajasthan,10,Karauli-Dholpur,SC,Khiladi Lal Bairwa,INC,215810,,Manoj Rajoria,BJP,186087,,29723
2009,Rajasthan,11,Dausa,ST,Kirodi Lal Meena,IND,433666,,Qummer Rubbani,IND,295907,,137759
2009,Rajasthan,12,Tonk-Sawai Madhopur,GEN,Namo Narain Meena,INC,375572,,Kirori Singh Bainsla,BJP,375255,,317
2009,Rajasthan,13,Ajmer,GEN,Sachin Pilot,INC,405575,,Kiran Maheshwari,BJP,329440,,76135
2009,Rajasthan,14,Nagaur,GEN,Jyoti Mirdha,INC,333261,,Bindu Chaudhary,BJP,178124,,155137
2009,Rajasthan,15,Pali,GEN,Badri Ram Jakhar,INC,387604,,Pusp Jain,BJP,190887,,196717
2009,Rajasthan,16,Jodhpur,GEN,Chandresh Kumari Katoch,INC,361577,,Jaswant Singh Bishnoi,BJP,263248,,98329
2009,Rajasthan,17,Barmer,GEN,Harish Chaudhary,INC,416497,,Manvendra Singh,BJP,297391,,119106
2009,Rajasthan,18,Jalore,SC,Devji Patel,BJP,194503,,Buta Singh,IND,144698,,49805
2009,Rajasthan,19,Udaipur,ST,Raghuveer Meena,INC,411510,,Mahaveer Bhagora,BJP,246585,,164925
2009,Rajasthan,20,Banswara,ST,Tarachand Bhagora,INC,413169,,Hakaru Maida,BJP,213751,,199418
2009,Rajasthan,21,Chittorgarh,GEN,Girija Vyas,INC,399663,,Shrichand Kriplani,BJP,326885,,72778
2009,Rajasthan,22,Rajsamand,GEN,Gopal Singh Shekhawat,INC,294451,,Rasa Singh Rawat,BJP,248561,,45890
2009,Rajasthan,23,Bhilwara,GEN,C. P. Joshi,INC,413128,,V. P. Singh Badnore,BJP,277760,,135368
2009,Rajasthan,24,Kota,GEN,Ijyaraj Singh,INC,360486,,Shyam Sharma,BJP,277393,,83093
2009,Rajasthan,25,Jhalawar-Baran,GEN,Dushyant Singh,BJP,429096,,Urmila Jain,INC,376255,,52841
2009,Sikkim,1,Sikkim,GEN,Prem Das Rai,SDF,159351,,Kharananda Upreti,INC,74483,,84868
2009,Tamil Nadu,1,Thiruvallur,SC,P Venugopal,AIADMK,368294,,Gayathri S,DMK,336621,,31673
2009,Tamil Nadu,2,Chennai North,GEN,T. K. S. Elangovan,DMK,281055,,D. Pandian,CPI,261902,,19153
2009,Tamil Nadu,3,Chennai South,GEN,C. Rajendran,AIADMK,308567,,R. S. Bharathi,DMK,275632,,32935
2009,Tamil Nadu,4,Chennai Central,GEN,Dayanidhi Maran,DMK,285783,,S.M.K Mogamed Ali Jinnah,AIADMK,252329,,33454
2009,Tamil Nadu,5,Sriperumbudur,SC,T. R. Baalu,DMK,352641,,A. K. Moorthy,Pattali Makkal Katchi,327605,,25036
2009,Tamil Nadu,6,Kancheepuram,SC,P. Viswanathan,INC,330237,,Ramakrishnan E,AIADMK,317134,,13103
2009,Tamil Nadu,7,Arakkonam,SC,S. Jagathrakshakan,DMK,415041,,R. Velu,Pattali Makkal Katchi,305245,,109796
2009,Tamil Nadu,8,Vellore,SC,Abdul Rahman,DMK,360474,,L.K.M.B Vasu,AIADMK,253081,,107393
2009,Tamil Nadu,9,Krishnagiri,GEN,E. G. Sugavanam,DMK,335977,,Nanjegowdu K,AIADMK,259379,,76598
2009,Tamil Nadu,10,Dharmapuri,GEN,R. Thamaraiselvan,DMK,365812,,R. Senthil,Pattali Makkal Katchi,229870,,135942
2009,Tamil Nadu,11,Tiruvannamalai,GEN,D. Venugopal,DMK,436866,,Guru Gurunathan,Pattali Makkal Katchi,288566,,148300
2009,Tamil Nadu,12,Arani,GEN,M. Krishnasamy,INC,396728,,N. Subramanian,AIADMK,289898,,106830
2009,Tamil Nadu,13,Villupuram,GEN,Anandan M,AIADMK,306826,,Swamidurai K,VCK,304029,,2797
2009,Tamil Nadu,14,Kallakurichi,GEN,Adhi Sankar,DMK,363601,,K. Dhanaraju,Pattali Makkal Katchi,254993,,108608
2009,Tamil Nadu,15,Salem,GEN,S. Semmalai,AIADMK,380460,,K. V. Thangkabalu,INC,333969,,46491
2009,Tamil Nadu,16,Namakkal,GEN,S. Gandhiselvan,DMK,371476,,Vairam Tamilarasi,AIADMK,269045,,102431
2009,Tamil Nadu,17,Erode,GEN,A. Ganeshamurthi,Marumalarchi Dravida Munnetra Kazhagam,284148,,E. V. K. S. Elangovan,INC,234812,,49336
2009,Tamil Nadu,18,Tiruppur,GEN,C. Sivasamy,AIADMK,295731,,S. K. Kharventhan,INC,210385,,85346
2009,Tamil Nadu,19,Nilgiris,GEN,A. Raja,DMK,316802,,Krishnan C,Marumalarchi Dravida Munnetra Kazhagam,230781,,86021
2009,Tamil Nadu,20,Coimbatore,GEN,P. R. Natarajan,CPI(M),293165,,R. Prabhu,INC,254501,,38664
2009,Tamil Nadu,21,Pollachi,GEN,K. Sugumar,AIADMK,305935,,K. Shamugasundaram,DMK,259910,,46025
2009,Tamil Nadu,22,Dindigul,GEN,N. S. V. Chitthan,INC,361545,,Baalasubramani P,AIADMK,307198,,54347
2009,Tamil Nadu,23,Karur,GEN,M. Thambidurai,AIADMK,380542,,K. C. Palanisamy,DMK,333288,,47254
2009,Tamil Nadu,24,Tiruchirappalli,GEN,P Kumar,AIADMK,298710,,Sarubala R Thondaiman,INC,294375,,4335
2009,Tamil Nadu,25,Perambalur,GEN,Napoleon D,DMK,398742,,Balasubramanian KK,AIADMK,321138,,77604
2009,Tamil Nadu,26,Cuddalore,GEN,K. S. Alagiri,INC,320473,,M. C. Sampath,AIADMK,296941,,23532
2009,Tamil Nadu,27,Chidambaram,SC,Thol. Thirumavalavan,VCK,428804,,E. Ponnuswamy,Pattali Makkal Katchi,329721,,99083
2009,Tamil Nadu,28,Mayiladuthurai,GEN,O. S. Manian,AIADMK,364089,,Mani Shankar Aiyar,INC,327235,,36854
2009,Tamil Nadu,29,Nagapattinam,SC,A. K. S. Vijayan,DMK,369915,,Selvaraj M,CPI,321953,,47962
2009,Tamil Nadu,30,Thanjavur,SC,S. S. Palanimanickam,DMK,408343,,Durai Balakrishnan,Marumalarchi Dravida Munnetra Kazhagam,306556,,101787
2009,Tamil Nadu,31,Sivaganga,GEN,P. Chidambaram,INC,334348,,R. S. Raja Kannappan,AIADMK,330994,,3354
2009,Tamil Nadu,32,Madurai,GEN,M. K. Alagiri,DMK,431295,,P. Mohan,CPI(M),290310,,140985
2009,Tamil Nadu,33,Theni,GEN,J. M. Aaroon Rashid,INC,340575,,Thanga Tamil Selvan,AIADMK,334273,,6302
2009,Tamil Nadu,34,Virudhunagar,GEN,Manickam Tagore,INC,307187,,Vaiko,Marumalarchi Dravida Munnetra Kazhagam,291423,,15764
2009,Tamil Nadu,35,Ramanathapuram,GEN,J. K. Rithesh,DMK,294945,,Sathiamoorthy V,AIADMK,225030,,69915
2009,Tamil Nadu,36,Thoothukudi,GEN,S. R. Jeyadurai,DMK,311017,,Cynthia Pandian,AIADMK,234368,,76649
2009,Tamil Nadu,37,Tenkasi,GEN,P. Lingam,CPI,281174,,Vellaipandi G,INC,246497,,34677
2009,Tamil Nadu,38,Tirunelveli,GEN,S. S. Ramasubbu,INC,274932,,K Annamalai,AIADMK,253629,,21303
2009,Tamil Nadu,39,Kanyakumari,GEN,J. Helen Davidson,DMK,320161,,Pon Radhakrishnan,BJP,254474,,65687
2009,Tripura,1,Tripura West,GEN,Khagen Das,CPI(M),563799,,Sudip Roy Barman,INC,315250,,248549
2009,Tripura,2,Tripura East,ST,Baju Ban Riyan,CPI(M),521084,,Diba Chandra Hrangkhawl,INC,225503,,295581
2009,Uttar Pradesh,1,Saharanpur,GEN,Jagdish Singh Rana,BSP,354807,,Rasheed Masood,SP,269934,,84873
2009,Uttar Pradesh,2,Kairana,GEN,Begum Tabassum Hasan,BSP,283259,,Hukum Singh,BJP,260796,,22463
2009,Uttar Pradesh,3,Muzaffarnagar,GEN,Kadir Rana,BSP,275318,,Anuradha Choudhary,RLD,254720,,20598
2009,Uttar Pradesh,4,Bijnor,GEN,Sanjay Singh Chauhan,RLD,244587,,Shahid Siddiqui,BSP,216157,,28430
2009,Uttar Pradesh,5,Nagina,SC,Yashvir Singh,SP,234815,,Ram Kishan Singh,BSP,175127,,59688
2009,Uttar Pradesh,6,Moradabad,GEN,Mohammad Azharuddin,INC,301283,,Kunwar Sarvesh Kumar Singh,BJP,252176,,49107
2009,Uttar Pradesh,7,Rampur,GEN,Jaya Prada,SP,230724,,Begum Noor Bano,INC,199793,,30931
2009,Uttar Pradesh,8,Sambhal,GEN,Shafiqur Rahman Barq,BSP,207422,,Iqbal Mehmood,SP,193958,,13464
2009,Uttar Pradesh,9,Amroha,GEN,Devendra Nagpal,RLD,283182,,Mehboob Ali,SP,191099,,92083
2009,Uttar Pradesh,10,Meerut,GEN,Rajendra Agrawal,BJP,232137,,Malook Nagar,BSP,184991,,47146
2009,Uttar Pradesh,11,Baghpat,GEN,Ajit Singh,RLD,238638,,Mukesh Sharma,BSP,175611,,63027
2009,Uttar Pradesh,12,Ghaziabad,GEN,Rajnath Singh,BJP,359637,,Surendra Prakash Goel,INC,268956,,90681
2009,Uttar Pradesh,13,Gautam Buddh Nagar,GEN,Surendra Singh Nagar,BSP,245613,,Mahesh Sharma,BJP,229709,,15904
2009,Uttar Pradesh,14,Bulandshahr,SC,Kamlesh Balmiki,SP,236257,,Ashok Kumar Pradhan,BJP,170192,,66065
2009,Uttar Pradesh,15,Aligarh,GEN,Raj Kumari Chauhan,BSP,193444,,Zafar Alam,SP,176887,,16557
2009,Uttar Pradesh,16,Hathras,SC,Sarika Singh,RLD,247927,,Rajendra Kumar,BSP,211075,,36852
2009,Uttar Pradesh,17,Mathura,GEN,Jayant Chaudhary,RLD,379870,,Shyam Sunder Sharma,BSP,210257,,169613
2009,Uttar Pradesh,18,Agra,SC,Ram Shankar Katheria,BJP,203697,,Kunwar Chand,BSP,193982,,9715
2009,Uttar Pradesh,19,Fatehpur Sikri,GEN,Seema Upadhyay,BSP,209466,,Raj Babbar,INC,199530,,9936
2009,Uttar Pradesh,20,Firozabad,GEN,Akhilesh Yadav,SP,287011,,S. P. Singh Baghel,BSP,219710,,67301
2009,Uttar Pradesh,21,Mainpuri,GEN,Mulayam Singh Yadav,SP,392308,,Vinay Shakya,BSP,219239,,173069
2009,Uttar Pradesh,22,Etah,GEN,Kalyan Singh,IND,275717,,Devendra Singh Yadav,BSP,147449,,128268
2009,Uttar Pradesh,23,Badaun,GEN,Dharmendra Yadav,SP,233744,,Dharam Yadav,BSP,201202,,32542
2009,Uttar Pradesh,24,Aonla,GEN,Maneka Gandhi,BJP,216503,,Dharmendra Kashyap,SP,208822,,7681
2009,Uttar Pradesh,25,Bareilly,GEN,Praveen Singh Aron,INC,220976,,Santosh Kumar Gangwar,BJP,211638,,9338
2009,Uttar Pradesh,26,Pilibhit,GEN,Varun Gandhi,BJP,419539,,V M Singh,INC,138038,,281501
2009,Uttar Pradesh,27,Shahjahanpur,SC,Mithlesh Kumar,SP,257033,,Sunita Singh,BSP,186454,,70579
2009,Uttar Pradesh,28,Kheri,GEN,Zafar Ali Naqvi,INC,184982,,Iliyas Azmi,BSP,176205,,8777
2009,Uttar Pradesh,29,Dhaurahra,GEN,Jitin Prasada,INC,391391,,Rajesh Verma,BSP,206882,,184509
2009,Uttar Pradesh,30,Sitapur,GEN,Kaisar Jahan,BSP,241106,,Mahendra Singh Verma,SP,221474,,19632
2009,Uttar Pradesh,31,Hardoi,SC,Usha Verma,SP,294030,,Ram Kumar Kuril,BSP,201095,,92935
2009,Uttar Pradesh,32,Misrikh,SC,Ashok Kumar Rawat,BSP,207627,,Shyam Prakash,SP,184335,,23292
2009,Uttar Pradesh,33,Unnao,GEN,Annu Tandon,INC,475476,,Arun Shankar Shukla,BSP,173384,,302092
2009,Uttar Pradesh,34,Mohanlalganj,SC,Sushila Saroj,SP,256367,,Jai Prakash Rawat,BSP,179772,,76595
2009,Uttar Pradesh,35,Lucknow,GEN,Lalji Tandon,BJP,204028,,Rita Bahuguna Joshi,INC,163127,,40901
2009,Uttar Pradesh,36,Rae Bareli,GEN,Sonia Gandhi,INC,481490,,R. S. Kushwaha,BSP,109325,,372165
2009,Uttar Pradesh,37,Amethi,GEN,Rahul Gandhi,INC,464195,,Asheesh Shukla,BSP,93997,,370198
2009,Uttar Pradesh,38,Sultanpur,GEN,Sanjaya Sinh,INC,300411,,Mohammad Tahir,BSP,201632,,98779
2009,Uttar Pradesh,39,Pratapgarh,GEN,Ratna Singh,INC,169137,,Shivakant Ojha,BSP,139358,,29779
2009,Uttar Pradesh,40,Farrukhabad,GEN,Salman Khurshid,INC,169351,,Naresh Chandra Agrawal,BSP,142152,,27199
2009,Uttar Pradesh,41,Etawah,SC,Premdas Katheria,SP,278776,,Gaurishanker,BSP,232030,,46746
2009,Uttar Pradesh,42,Kannauj,GEN,Akhilesh Yadav,SP,337751,,Mahesh Chandra Verma,BSP,221887,,115864
2009,Uttar Pradesh,43,Kanpur Urban,GEN,Sriprakash Jaiswal,INC,214988,,Satish Mahana,BJP,196082,,18906
2009,Uttar Pradesh,44,Akbarpur,GEN,Raja Ram Pal,INC,192549,,Anil Shukla Warsi,BSP,160506,,32043
2009,Uttar Pradesh,45,Jalaun,SC,Ghanshyam Anuragi,SP,283023,,Tilak Chandra Ahirwar,BSP,271614,,11409
2009,Uttar Pradesh,46,Jhansi,GEN,Pradeep Jain Aditya,INC,252712,,Ramesh Kumar Sharma,BSP,205042,,47670
2009,Uttar Pradesh,47,Hamirpur,GEN,Vijay Bahadur Singh,BSP,199143,,Siddha Gopal Sahu,INC,173641,,25502
2009,Uttar Pradesh,48,Banda,GEN,R. K. Singh Patel,SP,240948,,Bhairon Prasad Mishra,BSP,206355,,34593
2009,Uttar Pradesh,49,Fatehpur,GEN,Rakesh Sachan,SP,218953,,Mahendra Prasad Nishad,BSP,166725,,52228
2009,Uttar Pradesh,50,Kaushambi,SC,Shailendra Kumar,SP,246501,,Girish Chandra Pasi,BSP,190712,,55789
2009,Uttar Pradesh,51,Phulpur,GEN,Kapil Muni Karwariya,BSP,167542,,Shyama Charan Gupta,SP,152964,,14578
2009,Uttar Pradesh,52,Allahabad,GEN,Rewati Raman Singh,SP,209431,,Ashok Kumar Bajpai,BSP,174511,,34920
2009,Uttar Pradesh,53,Barabanki,SC,P. L. Punia,INC,328418,,Ram Sagar Rawat,SP,160505,,167913
2009,Uttar Pradesh,54,Faizabad,GEN,Nirmal Khatri,INC,211543,,Mitrasen Yadav,SP,157315,,54228
2009,Uttar Pradesh,55,Ambedkar Nagar,GEN,Rakesh Pandey,BSP,259487,,Shankhlal Majhi,SP,236751,,22736
2009,Uttar Pradesh,56,Bahraich,SC,Kamal Kishor,INC,160005,,Lal Mani Prasad,BSP,121052,,38953
2009,Uttar Pradesh,57,Kaiserganj,GEN,Brij Bhushan Sharan Singh,SP,196063,,Surendra Nath Awasthi,BSP,123864,,72199
2009,Uttar Pradesh,58,Shrawasti,GEN,Vinay Kumar Pandey,INC,201556,,Rizwan Zaheer,BSP,159527,,42029
2009,Uttar Pradesh,59,Gonda,GEN,Beni Prasad Verma,INC,155675,,Kirti Vardhan Singh,BSP,132000,,23675
2009,Uttar Pradesh,60,Domariyaganj,GEN,Jagdambika Pal,INC,229872,,Jai Pratap Singh,BJP,153306,,76566
2009,Uttar Pradesh,61,Basti,GEN,Arvind Kumar Chaudhary,BSP,268666,,Raj Kishor Singh,SP,163456,,105210
2009,Uttar Pradesh,62,Sant Kabir Nagar,GEN,Bhishma Shankar Tiwari,BSP,211043,,Sharad Tripathi,BJP,181547,,29496
2009,Uttar Pradesh,63,Maharajganj,GEN,Harsh Vardhan,INC,305474,,Ganesh Shanker Pandey,BSP,181846,,123628
2009,Uttar Pradesh,64,Gorakhpur,GEN,Yogi Adityanath,BJP,403156,,Vinay Shankar Tiwari,BSP,182885,,220271
2009,Uttar Pradesh,65,Kushi Nagar,GEN,R. P. N. Singh,INC,223954,,Swami Prasad Maurya,BSP,202860,,21094
2009,Uttar Pradesh,66,Deoria,GEN,Gorakh Prasad Jaiswal,BSP,219889,,Prakash Mani Tripathi,BJP,178110,,41779
2009,Uttar Pradesh,67,Bansgaon,SC,Kamlesh Paswan,BJP,223011,,Shree Nath Ji,BSP,170224,,52787
2009,Uttar Pradesh,68,Lalganj,SC,Bali Ram,BSP,207998,,Neelam Sonkar,BJP,168050,,39948
2009,Uttar Pradesh,69,Azamgarh,GEN,Ramakant Yadav,BJP,247648,,Akbar Ahmad Dumpy,BSP,198609,,49039
2009,Uttar Pradesh,70,Ghosi,GEN,Dara Singh Chauhan,BSP,220695,,Arshad Jamal Ansari,SP,159750,,60945
2009,Uttar Pradesh,71,Salempur,GEN,Ramashankar Rajbhar,BSP,175088,,Bhola Pandey,INC,156783,,18305
2009,Uttar Pradesh,72,Ballia,GEN,Neeraj Shekhar,SP,276649,,Sangram Singh Yadav,BSP,204094,,72555
2009,Uttar Pradesh,73,Jaunpur,GEN,Dhananjay Singh,BSP,302618,,Parasnath Yadav,SP,222267,,80351
2009,Uttar Pradesh,74,Machhlishahr,SC,Tufani Saroj,SP,223152,,Kamla Kant Gautam,BSP,198846,,24306
2009,Uttar Pradesh,75,Ghazipur,GEN,Radhe Mohan Singh,SP,379233,,Afzal Ansari,BSP,309924,,69309
2009,Uttar Pradesh,76,Chandauli,GEN,Ramkishun,SP,180114,,Kailash Nath Singh Yadav,BSP,179655,,459
2009,Uttar Pradesh,77,Varanasi,GEN,Murli Manohar Joshi,BJP,203122,,Mukhtar Ansari,BSP,185911,,17211
2009,Uttar Pradesh,78,Bhadohi,GEN,Gorakh Nath Pandey,BSP,195808,,Chhotelal Bind,SP,182845,,12963
2009,Uttar Pradesh,79,Mirzapur,GEN,Bal Kumar Patel,SP,218898,,Anil Kumar Maurya,BSP,199216,,19682
2009,Uttar Pradesh,80,Robertsganj,SC,Pakaudi Lal Kol,SP,216478,,Ram Chandra Tyagi,BSP,166219,,50259
2009,Uttarakhand,1,Tehri Garhwal,GEN,Vijay Bahuguna,INC,263083,,Jaspal Rana,BJP,210144,,52939
2009,Uttarakhand,2,Garhwal,GEN,Satpal Maharaj,INC,236949,,Tejpal Singh Rawat,BJP,219552,,17397
2009,Uttarakhand,3,Almora,SC,Pradeep Tamta,INC,200824,,Ajay Tamta,BJP,193874,,6950
2009,Uttarakhand,4,Nainital-Udhamsingh Nagar,GEN,K. C. Singh Baba,INC,321377,,Bachi Singh Rawat,BJP,232965,,88412
2009,Uttarakhand,5,Haridwar,GEN,Harish Rawat,INC,332235,,Swami Yatindranand Giri,BJP,127412,,204823
2009,West Bengal,1,Cooch Behar,SC,Nripendra Nath Roy,AIFB,500677,,Arghya Roy Pradhan,TMC,466928,,33749
2009,West Bengal,2,Alipurduars,SC,Manohar Tirkey,RSP,384890,,Paban Kumar Lakra,TMC,272068,,112822
2009,West Bengal,3,Jalpaiguri,SC,Mahendra Kumar Roy,CPI(M),469613,,Sukhbilas Barma,INC,381242,,88371
2009,West Bengal,4,Darjeeling,GEN,Jaswant Singh,BJP,497649,,Jibesh Sarkar,CPI(M),244360,,253289
2009,West Bengal,5,Raiganj,GEN,Deepa Dasmunsi,INC,451776,,Bireswar Lahiri,CPI(M),346573,,105203
2009,West Bengal,6,Balurghat,GEN,Prasanta Kumar Majumdar,RSP,388444,,Biplab Mitra,TMC,383339,,5105
2009,West Bengal,7,Maldaha Uttar,GEN,Mausam Noor,INC,440264,,Sailen Sarkar,CPI(M),380123,,60141
2009,West Bengal,8,Maldaha Dakshin,GEN,Abu Hasem Khan Choudhury,INC,443377,,Abdur Razzaque,CPI(M),307097,,136280
2009,West Bengal,9,Jangipur,GEN,Pranab Mukherjee,INC,506749,,Mriganka Sekhar Bhattacharya,CPI(M),378600,,128149
2009,West Bengal,10,Baharampur,GEN,Adhir Ranjan Chowdhury,INC,541920,,Promothes Mukherjee,RSP,354943,,186977
2009,West Bengal,11,Murshidabad,GEN,Abdul Mannan Hossain,INC,496348,,Anisur Rahman Sarkar,CPI(M),460701,,35647
2009,West Bengal,12,Krishnanagar,GEN,Tapas Paul,TMC,443679,,Jyotirmoyee Sikdar,CPI(M),366293,,77386
2009,West Bengal,13,Ranaghat,SC,Sucharu Ranjan Haldar,TMC,575058,,Basudeb Barman,CPI(M),473235,,101823
2009,West Bengal,14,Bangaon,SC,Gobinda Chandra Naskar,TMC,546596,,Asim Bala,CPI(M),453770,,92826
2009,West Bengal,15,Barrackpur,GEN,Dinesh Trivedi,TMC,428699,,Tarit Baran Topdar,CPI(M),372675,,56024
2009,West Bengal,16,Dum Dum,GEN,Saugata Roy,TMC,458988,,Amitava Nandy,CPI(M),438510,,20478
2009,West Bengal,17,Barasat,GEN,Kakoli Ghosh Dastidar,TMC,522530,,Sudin Chattopadhyay,AIFB,399629,,122901
2009,West Bengal,18,Basirhat,GEN,Haji Nurul Islam,TMC,479650,,Ajay Chakraborty,CPI,419267,,60383
2009,West Bengal,19,Jaynagar,SC,Tarun Mandal,Socialist Unity Centre Of India (C),446200,,Nimai Barman,RSP,392495,,53705
2009,West Bengal,20,Mathurapur,SC,Choudhury Mohan Jatua,TMC,565505,,Animesh Naskar,CPI(M),435542,,129963
2009,West Bengal,21,Diamond Harbour,GEN,Somen Mitra,TMC,564612,,Samik Lahiri,CPI(M),412923,,151689
2009,West Bengal,22,Jadavpur,GEN,Kabir Suman,TMC,540667,,Sujan Chakraborty,CPI(M),484400,,56267
2009,West Bengal,23,Kolkata Dakshin,GEN,Mamata Banerjee,TMC,576045,,Rabin Deb,CPI(M),356474,,219571
2009,West Bengal,24,Kolkata Uttar,GEN,Sudip Bandyopadhyay,TMC,460646,,Mohammed Salim,CPI(M),351368,,109278
2009,West Bengal,25,Howrah,GEN,Ambica Banerjee,TMC,477449,,Swadesh Chakraborty,CPI(M),440057,,37392
2009,West Bengal,26,Uluberia,GEN,Sultan Ahmed,TMC,514193,,Hannan Mollah,CPI(M),415257,,98936
2009,West Bengal,27,Srerampur,GEN,Kalyan Banerjee,TMC,569725,,Santasri Chatterjee,CPI(M),432535,,137190
2009,West Bengal,28,Hooghly,GEN,Ratna De,TMC,574022,,Rupchand Pal,CPI(M),492499,,81523
2009,West Bengal,29,Arambagh,SC,Sakti Mohan Malik,CPI(M),630254,,Sambhu Nath Malik,INC,428696,,201558
2009,West Bengal,30,Tamluk,GEN,Suvendu Adhikari,TMC,637664,,Lakshman Chandra Seth,CPI(M),464706,,172958
2009,West Bengal,31,Kanthi,GEN,Sisir Adhikari,TMC,606712,,Prasanta Pradhan,CPI(M),477609,,129103
2009,West Bengal,32,Ghatal,GEN,Gurudas Dasgupta,CPI,625923,,Noor Alam Chowdhury,TMC,478739,,147184
2009,West Bengal,33,Jhargram,ST,Pulin Bihari Baske,CPI(M),545231,,Amrit Hansda,INC,252886,,292345
2009,West Bengal,34,Medinipur,GEN,Prabodh Panda,CPI,493021,,Dipak Kumar Ghosh,TMC,445004,,48017
2009,West Bengal,35,Purulia,GEN,Narahari Mahato,AIFB,399201,,Santiram Mahato,INC,379900,,19301
2009,West Bengal,36,Bankura,GEN,Basudeb Acharia,CPI(M),469223,,Subrata Mukherjee,INC,361421,,107802
2009,West Bengal,37,Bishnupur,SC,Susmita Bauri,CPI(M),541075,,Seuli Saha,TMC,411709,,129366
2009,West Bengal,38,Bardhaman Purba,SC,Anup Kumar Saha,CPI(M),531987,,Ashoke Biswas,TMC,472568,,59419
2009,West Bengal,39,Bardhaman-Durgapur,GEN,Sheikh Saidul Haque,CPI(M),573399,,Nargis Begum,INC,465162,,108237
2009,West Bengal,40,Asansol,GEN,Bansa Gopal Chowdhury,CPI(M),435161,,Moloy Ghatak,TMC,362205,,72956
2009,West Bengal,41,Bolpur,SC,Ram Chandra Dome,CPI(M),538383,,Asit Kumar Mal,INC,411501,,126882
2009,West Bengal,42,Birbhum,GEN,Satabdi Roy,TMC,486553,,Braja Mukherjee,CPI(M),425034,,61519
2014,Andaman and Nicobar Islands,1,Andaman And Nicobar Islands,GEN,Bishnu Pada Ray,BJP,90969,,Kuldeep Rai Sharma,INC,83157,,7812
2014,Andhra Pradesh,1,Adilabad,ST,Godam Nagesh,TRS,430847,,Naresh,INC,259557,,171290
2014,Andhra Pradesh,2,Peddapalle,SC,Balka Suman,TRS,565496,,G. Vivekanand,INC,274338,,291158
2014,Andhra Pradesh,3,Karimnagar,GEN,Vinod Kumar Boinapally,TRS,505783,,Ponnam Prabhakar,INC,300706,,205077
2014,Andhra Pradesh,4,Nizamabad,GEN,Kalvakuntla Kavitha,TRS,439307,,Madhu Yaskhi Goud,INC,272123,,167184
2014,Andhra Pradesh,5,Zahirabad,GEN,B.B. Patil,TRS,508661,,Suresh Kumar Shetkar,INC,364030,,144631
2014,Andhra Pradesh,6,Medak,GEN,K. Chandrashekar Rao,TRS,657492,,P Shravan Kumar Reddy,INC,260463,,397029
2014,Andhra Pradesh,7,Malkajgiri,GEN,Ch.Malla Reddy,TDP,523336,,Hanumanth Rao Mynampally,TRS,494965,,28371
2014,Andhra Pradesh,8,Secunderabad,GEN,Bandaru Dattatreya,BJP,438271,,M.Anjan Kumar Yadav,INC,183536,,254735
2014,Andhra Pradesh,9,Hyderabad,GEN,Asaduddin Owaisi,AIMIM,513868,,Dr.Bhagavanth Rao,BJP,311414,,202454
2014,Andhra Pradesh,10,Chevella,GEN,Konda Vishweshwar Reddy,TRS,435077,,Patlolla Kartik Reddy,INC,362054,,73023
2014,Andhra Pradesh,11,Mahabubnagar,GEN,Ap Jithender Reddy,TRS,334228,,Jaipal Reddy Sudini,INC,331638,,2590
2014,Andhra Pradesh,12,Nagarkurnool,SC,Yellaiah Nandi,INC,420075,,Dr. Manda Jagannath,TRS,403399,,16676
2014,Andhra Pradesh,13,Nalgonda,GEN,Gutha Sukhender Reddy,INC,472093,,Tera Chinnapa Reddy,TDP,278937,,193156
2014,Andhra Pradesh,14,Bhongir,GEN,Dr. Boora Narsaiah Goud,TRS,448245,,Komatireddy Rajgopal Reddy,INC,417751,,30494
2014,Andhra Pradesh,15,Warangal,SC,Kadiyam Srihari,TRS,661639,,Rajaiah Siricilla,INC,269065,,392574
2014,Andhra Pradesh,16,Mahabubabad,ST,Prof. Azmeera Seetaram Naik,TRS,320569,,P. Balram,INC,285577,,34992
2014,Andhra Pradesh,17,Khammam,GEN,Ponguleti Srinivasa Reddy,YSRCP,421957,,Nama Nageswara Rao,TDP,409983,,11974
2014,Andhra Pradesh,18,Araku,ST,Kothapalli Geetha,YSRCP,413191,,Gummidi Sandhyarani,TDP,321793,,91398
2014,Andhra Pradesh,19,Srikakulam,GEN,Ram Mohan Naidu Kinjarapu,TDP,556163,,Reddy Shanthi,YSRCP,428591,,127572
2014,Andhra Pradesh,20,Vizianagaram,GEN,Pusapati Ashok Gajapathi Raju,TDP,536549,,V.S.K Rangarao Ravu,YSRCP,429638,,106911
2014,Andhra Pradesh,21,Visakhapatnam,GEN,Kambhampati Hari Babu,BJP,566832,,Y. S. Vijayamma,YSRCP,476344,,90488
2014,Andhra Pradesh,22,Anakapalli,GEN,Muttamsetti Srinivasa Rao,TDP,568463,,Gudivada Amarnadh,YSRCP,520531,,47932
2014,Andhra Pradesh,23,Kakinada,GEN,Thota Narasimham,TDP,514402,,Chalamalasetty Sunil,YSRCP,510971,,3431
2014,Andhra Pradesh,24,Amalapuram,SC,Pandula Ravindra Babu,TDP,594547,,Pinipe Viswarup,YSRCP,473971,,120576
2014,Andhra Pradesh,25,Rajahmundry,GEN,Maganti Murali Mohan,TDP,630573,,Boddu Venkata Ramana Chowdary,YSRCP,463139,,167434
2014,Andhra Pradesh,26,Narasapuram,GEN,Gokaraju Ganga Raju,BJP,540306,,Vanka Ravindranath,YSRCP,454955,,85351
2014,Andhra Pradesh,27,Eluru,GEN,Maganti Venkateswara Rao,TDP,623471,,Thota Chandra Sekhar,YSRCP,521545,,101926
2014,Andhra Pradesh,28,Machilipatnam,GEN,Konakalla Narayana Rao,TDP,587280,,Kolusu Parthasarathy,YSRCP,506223,,81057
2014,Andhra Pradesh,29,Vijayawada,GEN,Kesineni Srinivas,TDP,592696,,Koneru Rajendra Prasad,YSRCP,517834,,74862
2014,Andhra Pradesh,30,Guntur,GEN,Galla Jayadev,TDP,618417,,Vallabhaneni Balasouri,YSRCP,549306,,69111
2014,Andhra Pradesh,31,Narasaraopet,GEN,Rayapati Sambasiva Rao,TDP,632464,,Alla Ayodhya Rami Reddy,YSRCP,597184,,35280
2014,Andhra Pradesh,32,Bapatla,SC,Malyadri Sriram,TDP,578145,,Varikuti Amruthapani,YSRCP,545391,,32754
2014,Andhra Pradesh,33,Ongole,GEN,Y. V. Subba Reddy,YSRCP,589960,,Magunta Sreenivasulu Reddy,TDP,574302,,15658
2014,Andhra Pradesh,34,Nandyal,GEN,S. P. Y. Reddy,YSRCP,622411,,N. M. D. Farooq,TDP,516645,,105766
2014,Andhra Pradesh,35,Kurnool,GEN,Butta Renuka,YSRCP,472782,,B. T. Naidu,TDP,428651,,44131
2014,Andhra Pradesh,36,Anantapur,GEN,J. C. Diwakar Reddy,TDP,606509,,Anantha Venkatarami Reddy,YSRCP,545240,,61269
2014,Andhra Pradesh,37,Hindupur,GEN,Kristappa Nimmala,TDP,604291,,Duddukunta Sreedhar Reddy,YSRCP,506966,,97325
2014,Andhra Pradesh,38,Kadapa,GEN,Y. S. Avinash Reddy,YSRCP,671983,,Srinivasa Reddy Reddeppagari,TDP,481660,,190323
2014,Andhra Pradesh,39,Nellore,GEN,Mekapati Rajamohan Reddy,YSRCP,576396,,Adala Prabhakara Reddy,TDP,562918,,13478
2014,Andhra Pradesh,40,Tirupati,SC,Varaprasad Rao Velagapalli,YSRCP,580376,,Karumanchi Jayaram,BJP,542951,,37425
2014,Andhra Pradesh,41,Rajampet,GEN,P. V. Midhun Reddy,YSRCP,601752,,Daggubati Purandeswari,BJP,426990,,174762
2014,Andhra Pradesh,42,Chittoor,SC,Naramalli Sivaprasad,TDP,594862,,G Samanya Kiran,YSRCP,550724,,44138
2014,Arunachal Pradesh,1,Arunachal West,ST,Kiren Rijiju,BJP,169367,,Takam Sanjoy,INC,127629,,41738
2014,Arunachal Pradesh,2,Arunachal East,ST,Ninong Ering,INC,118455,,Tapir Gao,BJP,105977,,12478
2014,Assam,1,Karimganj,SC,Radheshyam Biswas,AIUDF,362866,,Krishna Das,BJP,260772,,102094
2014,Assam,2,Silchar,GEN,Sushmita Dev,INC,336451,,Kabindra Purkayastha,BJP,301210,,35241
2014,Assam,3,Autonomous District,ST,Biren Singh Engti,INC,213152,,Joyram Engleng,BJP,189057,,24095
2014,Assam,4,Dhubri,GEN,Badruddin Ajmal,AIUDF,592569,,Wazed Ali Choudhury,INC,362839,,229730
2014,Assam,5,Kokrajhar,ST,Naba Kumar Sarania,IND,634428,,Urkhao Gwra Brahma,IND,278649,,355779
2014,Assam,6,Barpeta,GEN,Sirajuddin Ajmal,AIUDF,394702,,Chandra Mohan Patowary,BJP,352361,,42341
2014,Assam,7,Guwahati,GEN,Bijoya Chakravarty,BJP,764985,,Manash Borah,INC,449201,,315784
2014,Assam,8,Mangaldoi,GEN,Ramen Deka,BJP,486357,,Kirip Chaliha,INC,463473,,22884
2014,Assam,9,Tezpur,GEN,Ram Prasad Sharma,BJP,446511,,Bhupen Kumar Borah,INC,360491,,86020
2014,Assam,10,Nagaon,GEN,Rajen Gohain,BJP,494146,,Jonjonali Baruah,INC,350587,,143559
2014,Assam,11,Kaliabor,GEN,Gourav Gogoi,INC,443315,,Mrinal Saikia,BJP,349441,,93874
2014,Assam,12,Jorhat,GEN,Kamakhya Prasad Tasa,BJP,456420,,Bijoy Krishna Handique,INC,354000,,102420
2014,Assam,13,Dibrugarh,ST,Rameswar Teli,BJP,494364,,Paban Singh Ghatowar,INC,309017,,185347
2014,Assam,14,Lakhimpur,GEN,Sarbananda Sonowal,BJP,612543,,Ranee Narah,INC,320405,,292138
2014,Bihar,1,Valmiki Nagar,GEN,Satish Chandra Dubey,BJP,364013,,Purnmasi Ram,INC,246218,,117795
2014,Bihar,2,Paschim Champaran,GEN,Sanjay Jaiswal,BJP,371232,,Prakash Jha,JD(U),260978,,110254
2014,Bihar,3,Purvi Champaran,GEN,Radha Mohan Singh,BJP,400452,,Binod Kumar Srivastava,RJD,208289,,192163
2014,Bihar,4,Sheohar,GEN,Rama Devi,BJP,372506,,Md Anwarul Haque,RJD,236267,,136239
2014,Bihar,5,Sitamarhi,GEN,Ram Kumar Sharma,Rashtriya Lok Samta Party,411265,,Sitaram Yadav,RJD,263300,,147965
2014,Bihar,6,Madhubani,GEN,Hukm Deo Narayan Yadav,BJP,358040,,Abdul Bari Siddiqui,RJD,337505,,20535
2014,Bihar,7,Jhanjharpur,GEN,Birendra Kumar Chaudhary,BJP,335481,,Mangani Lal Mandal,RJD,280073,,55408
2014,Bihar,8,Supaul,GEN,Ranjeet Ranjan,INC,332927,,Dileshwar Kamait,JD(U),273255,,59672
2014,Bihar,9,Araria,GEN,Tasleem Uddin,RJD,407978,,Pradeep Kumar Singh,BJP,261474,,146504
2014,Bihar,10,Kishanganj,GEN,Mohammad Asrarul Haque,INC,493461,,Dilip Kumar Jaiswal,BJP,298849,,194612
2014,Bihar,11,Katihar,GEN,Tariq Anwar,NCP,431292,,Nikhil Kumar Choudhary,BJP,316552,,114740
2014,Bihar,12,Purnia,GEN,Santosh Kumar,JD(U),418826,,Uday Singh,BJP,302157,,116669
2014,Bihar,13,Madhepura,GEN,Rajesh Ranjan,RJD,368937,,Sharad Yadav,JD(U),312728,,56209
2014,Bihar,14,Darbhanga,GEN,Kirti Azad,BJP,314949,,Mohammad Ali Ashraf Fatmi,RJD,279906,,35043
2014,Bihar,15,Muzaffarpur,GEN,Ajay Nishad,BJP,469295,,Akhilesh Prasad Singh,INC,246873,,222422
2014,Bihar,16,Vaishali,GEN,Rama Kishore Singh,LJP,305450,,Raghuvansh Prasad Singh,RJD,206183,,99267
2014,Bihar,17,Gopalganj,SC,Janak Ram,BJP,478773,,Jyoti Bharti,INC,191837,,286936
2014,Bihar,18,Siwan,GEN,Om Prakash Yadav,BJP,372670,,Hena Shahab,RJD,258823,,113847
2014,Bihar,19,Maharajganj,GEN,Janardan Singh Sigriwal,BJP,320753,,Prabhunath Singh,RJD,282338,,38415
2014,Bihar,20,Saran,GEN,Rajiv Pratap Rudy,BJP,355120,,Rabri Devi,RJD,314172,,40948
2014,Bihar,21,Hajipur,SC,Ram Vilas Paswan,LJP,455652,,Sanjeev Prasad Toni,INC,230152,,225500
2014,Bihar,22,Ujiarpur,GEN,Nityanand Rai,BJP,317352,,Alok Kumar Mehta,RJD,256883,,60469
2014,Bihar,23,Samastipur,SC,Ram Chandra Paswan,LJP,270401,,Ashok Kumar,INC,263529,,6872
2014,Bihar,24,Begusarai,GEN,Bhola Singh,BJP,428227,,Md. Tanveer Hassan,RJD,369892,,58335
2014,Bihar,25,Khagaria,GEN,Mehboob Ali Kaiser,LJP,313806,,Krishna Kumari Yadav,RJD,237803,,76003
2014,Bihar,26,Bhagalpur,GEN,Shailesh Kumar Mandal,RJD,367623,,Syed Shahnawaz Hussain,BJP,358138,,9485
2014,Bihar,27,Banka,GEN,Jay Prakash Narayan Yadav,RJD,285150,,Putul Kumari,BJP,275006,,10144
2014,Bihar,28,Munger,GEN,Veena Devi,LJP,352911,,Rajiv Ranjan Singh,JD(U),243827,,109084
2014,Bihar,29,Nalanda,GEN,Kaushalendra Kumar,JD(U),321982,,Satya Nand Sharma,LJP,312355,,9627
2014,Bihar,30,Patna Sahib,GEN,Shatrughan Sinha,BJP,485905,,Kunal Singh,INC,220100,,265805
2014,Bihar,31,Pataliputra,GEN,Ram Kripal Yadav,BJP,383262,,Misa Bharti,RJD,342940,,40322
2014,Bihar,32,Arrah,GEN,R. K. Singh,BJP,391074,,Sribhagwan Singh Kushwaha,RJD,255204,,135870
2014,Bihar,33,Buxar,GEN,Ashwini Kumar Choubey,BJP,319012,,Jagada Nand Singh,RJD,186674,,132338
2014,Bihar,34,Sasaram,SC,Chhedi Paswan,BJP,366087,,Meira Kumar,INC,302760,,63327
2014,Bihar,35,Karakat,GEN,Upendra Kushwaha,Rashtriya Lok Samta Party,338892,,Kanti Singh,RJD,233651,,105241
2014,Bihar,36,Jahanabad,GEN,Arun Kumar,Rashtriya Lok Samta Party,322647,,Surendra Prasad Yadav,RJD,280307,,42340
2014,Bihar,37,Aurangabad,GEN,Sushil Kumar Singh,BJP,307941,,Nikhil Kumar,INC,241594,,66347
2014,Bihar,38,Gaya,SC,Hari Manjhi,BJP,326230,,Ramji Manjhi,RJD,210726,,115504
2014,Bihar,39,Nawada,GEN,Giriraj Singh,BJP,390248,,Raj Ballabh Prasad,RJD,250091,,140157
2014,Bihar,40,Jamui,SC,Chirag Paswan,LJP,285354,,Sudhansu Shekhar Bhaskar,RJD,199407,,85947
2014,Chandigarh,1,Chandigarh,GEN,Kirron Kher,BJP,191362,,Pawan Kumar Bansal,INC,121720,,69642
2014,Chhattisgarh,1,Sarguja,ST,Kamalbhan Singh Marabi,BJP,585336,,Ram Dev Ram,INC,438100,,147236
2014,Chhattisgarh,2,Raigarh,ST,Vishnu Deo Sai,BJP,662478,,Arti Singh,INC,445728,,216750
2014,Chhattisgarh,3,Janjgir-Champa,SC,Kamla Patle,BJP,518909,,Prem Chand Jayasi,INC,343948,,174961
2014,Chhattisgarh,4,Korba,GEN,Banshilal Mahto,BJP,439002,,Charan Das Mahant,INC,434737,,4265
2014,Chhattisgarh,5,Bilaspur,GEN,Lakhan Lal Sahu,BJP,561387,,Karuna Shukla,INC,384951,,176436
2014,Chhattisgarh,6,Rajnandgaon,GEN,Abhishek Singh,BJP,643473,,Kamleshwar Verma,INC,407562,,235911
2014,Chhattisgarh,7,Durg,GEN,Tamradhwaj Sahu,INC,570687,,Saroj Pandey,BJP,553839,,16848
2014,Chhattisgarh,8,Raipur,GEN,Ramesh Bais,BJP,654922,,Satya Narayan Sharma,INC,483276,,171646
2014,Chhattisgarh,9,Mahasamund,GEN,Chandu Lal Sahu,BJP,503514,,Ajit Jogi,INC,502297,,1217
2014,Chhattisgarh,10,Bastar,ST,Dinesh Kashyap,BJP,385829,,Deepak Karma,INC,261470,,124359
2014,Chhattisgarh,11,Kanker,ST,Vikram Usendi,BJP,465215,,Foolodevi Netam,INC,430057,,35158
2014,Dadra and Nagar Haveli,1,Dadra And Nagar Haveli,ST,Natubhai Gomanbhai Patel,BJP,80790,,Mohanbhai Sanjibhai Delkar,INC,74576,,6214
2014,Daman and Diu,1,Daman And Diu,GEN,Lalubhai Patel,BJP,46960,,Ketan Patel,INC,37738,,9222
2014,Delhi,1,Chandni Chowk,GEN,Harsh Vardhan,BJP,437938,,Ashutosh,AAP,301618,,136320
2014,Delhi,2,North East Delhi,GEN,Manoj Tiwari,BJP,596125,,Anand Kumar,AAP,452041,,144084
2014,Delhi,3,East Delhi,GEN,Maheish Girri,BJP,572202,,Rajmohan Gandhi,AAP,381739,,190463
2014,Delhi,4,New Delhi,GEN,Meenakshi Lekhi,BJP,453350,,Ashish Khetan,AAP,290642,,162708
2014,Delhi,5,North West Delhi,SC,Udit Raj,BJP,629860,,Rakhi Birla,AAP,523058,,106802
2014,Delhi,6,West Delhi,GEN,Parvesh Verma,BJP,651395,,Jarnail Singh,AAP,382809,,268586
2014,Delhi,7,South Delhi,GEN,Ramesh Bidhuri,BJP,497980,,Devinder Sehrawat,AAP,390980,,107000
2014,Goa,1,North Goa,GEN,Shripad Yesso Naik,BJP,237903,,Ravi Naik,INC,132304,,105599
2014,Goa,2,South Goa,GEN,Narendra Keshav Sawaikar,BJP,198776,,Aleixo Lourenco,INC,166446,,32330
2014,Gujarat,1,Kachchh,SC,Vinodbhai Chavda,BJP,562855,,Dinesh Parmar,INC,308373,,254482
2014,Gujarat,2,Banaskantha,GEN,Haribhai Parthibhai Chaudhary,BJP,507856,,Patel Joitabhai Kasnabhai,INC,305522,,202334
2014,Gujarat,3,Patan,GEN,Liladhar Vaghela,BJP,518538,,Bhavsinh Rathod,INC,379819,,138719
2014,Gujarat,4,Mahesana,GEN,Jayshreeben Patel,BJP,580250,,Jivabhai Ambalal Patel,INC,371359,,208891
2014,Gujarat,5,Sabarkantha,GEN,Dipsinh Rathod,BJP,552205,,Shankersinh Vaghela,INC,467750,,84455
2014,Gujarat,6,Gandhinagar,GEN,L. K. Advani,BJP,773539,,Kiritbhai Patel,INC,290418,,483121
2014,Gujarat,7,Ahmedabad East,GEN,Paresh Rawal,BJP,633582,,Himmatsingh Prahladsingh Patel,INC,306949,,326633
2014,Gujarat,8,Ahmedabad West,SC,Kirit Solanki,BJP,617104,,Ishwarbahi Makwana,INC,296793,,320311
2014,Gujarat,9,Surendranagar,GEN,Devjibhai Fatepara,BJP,529003,,Somabhai Patel,INC,326096,,202907
2014,Gujarat,10,Rajkot,GEN,Mohan Kundariya,BJP,621524,,Kunwarjibhai Bavaliya,INC,375096,,246428
2014,Gujarat,11,Porbandar,GEN,Vitthal Radadiya,BJP,508437,,Kandhal Jadeja,NCP,240466,,267971
2014,Gujarat,12,Jamnagar,GEN,Poonamben Maadam,BJP,484412,,Vikram Madam,INC,309123,,175289
2014,Gujarat,13,Junagadh,GEN,Rajesh Chudasama,BJP,513179,,Punjabhai Vansh,INC,377347,,135832
2014,Gujarat,14,Amreli,GEN,Naranbhai Kachhadia,BJP,436715,,Virjibhai Thummar,INC,280483,,156232
2014,Gujarat,15,Bhavnagar,GEN,Bharti Shiyal,BJP,549529,,Pravinbhai Rathod,INC,254041,,295488
2014,Gujarat,16,Anand,GEN,Dilip Patel,BJP,490829,,Bharatsinh Solanki,INC,427403,,63426
2014,Gujarat,17,Kheda,GEN,Devusinh Chauhan,BJP,568235,,Dinsha Patel,INC,335334,,232901
2014,Gujarat,18,Panchmahal,GEN,Prabhatsinh Chauhan,BJP,508274,,Ramsinh Parmar,INC,337678,,170596
2014,Gujarat,19,Dahod,ST,Jasvantsinh Bhabhor,BJP,511111,,Prabha Kishor Taviad,INC,280757,,230354
2014,Gujarat,20,Vadodara,GEN,Narendra Modi,BJP,845464,,Madhusudan Mistry,INC,275336,,570128
2014,Gujarat,21,Chhota Udaipur,ST,Ramsinh Rathwa,BJP,607916,,Naranbhai Rathwa,INC,428187,,179729
2014,Gujarat,22,Bharuch,GEN,Mansukhbhai Vasava,BJP,548902,,Jayeshbhai Patel,INC,395629,,153273
2014,Gujarat,23,Bardoli,ST,Parbhubhai Vasava,BJP,622769,,Tusharbhai Chaudhari,INC,498885,,123884
2014,Gujarat,24,Surat,GEN,Darshana Jardosh,BJP,718412,,Naishadh Desai,INC,185222,,533190
2014,Gujarat,25,Navsari,GEN,C. R. Patil,BJP,820831,,Maksud Mirza,INC,262715,,558116
2014,Gujarat,26,Valsad,ST,K C Patel,BJP,617772,,Kishanbhai Patel,INC,409768,,208004
2014,Haryana,1,Ambala,SC,Rattan Lal Kataria,BJP,612121,,Raj Kumar Balmiki,INC,272047,,340074
2014,Haryana,2,Kurukshetra,GEN,Raj Kumar Saini,BJP,418112,,Balbir Singh Saini,Indian National Lok Dal,288376,,129736
2014,Haryana,3,Sirsa,SC,Charanjeet Singh Rori,Indian National Lok Dal,506370,,Ashok Tanwar,INC,390634,,115736
2014,Haryana,4,Hisar,GEN,Dushyant Chautala,Indian National Lok Dal,494478,,Kuldeep Bishnoi,Haryana Janhit Congress (Bl),462631,,31847
2014,Haryana,5,Karnal,GEN,Ashwini Kumar Chopra,BJP,594817,,Arvind Kumar Sharma,INC,234670,,360147
2014,Haryana,6,Sonipat,GEN,Ramesh Chander Kaushik,BJP,347203,,Jagbir Singh Malik,INC,269789,,77414
2014,Haryana,7,Rohtak,GEN,Deepender Singh Hooda,INC,490063,,Om Parkash Dhankar,BJP,319436,,170627
2014,Haryana,8,Bhiwani-Mahendragarh,GEN,Dharambir Singh,BJP,404542,,Bahadur Singh,Indian National Lok Dal,275148,,129394
2014,Haryana,9,Gurgaon,GEN,Rao Inderjit Singh,BJP,644780,,Zakir Hussain,Indian National Lok Dal,370058,,274722
2014,Haryana,10,Faridabad,GEN,Krishan Pal Gurjar,BJP,652516,,Avtar Singh Bhadana,INC,185643,,466873
2014,Himachal Pradesh,1,Kangra,GEN,Shanta Kumar,BJP,456163,,Chander Kumar,INC,286091,,170072
2014,Himachal Pradesh,2,Mandi,GEN,Ram Swaroop Sharma,BJP,362824,,Pratibha Singh,INC,322968,,39856
2014,Himachal Pradesh,3,Hamirpur,GEN,Anurag Thakur,BJP,448035,,Rajinder Singh Rana,INC,349632,,98403
2014,Himachal Pradesh,4,Shimla,SC,Virender Kashyap,BJP,385973,,Mohal Lal Brakta,INC,301786,,84187
2014,Jammu and Kashmir,1,Baramulla,GEN,Muzaffar Hussain Baig,JKPDP,175277,,Sharifuddin Shariq,JKNC,146058,,29219
2014,Jammu and Kashmir,2,Srinagar,GEN,Tariq Hameed Karra,JKPDP,157923,,Farooq Abdullah,JKNC,115643,,42280
2014,Jammu and Kashmir,3,Anantnag,GEN,Mehbooba Mufti,JKPDP,200429,,Mirza Mehboob Beg,JKNC,135012,,65417
2014,Jammu and Kashmir,4,Ladakh,ST,Thupstan Chhewang,BJP,31111,,Ghulam Raza,IND,31075,,36
2014,Jammu and Kashmir,5,Udhampur,GEN,Jitendra Singh,BJP,487369,,Ghulam Nabi Azad,INC,426393,,60976
2014,Jammu and Kashmir,6,Jammu,GEN,Jugal Kishore Sharma,BJP,619995,,Madan Lal Sharma,INC,362715,,257280
2014,Jharkhand,1,Rajmahal,ST,Vijay Hansdak,JMM,379507,,Hemlal Murmu,BJP,338170,,41337
2014,Jharkhand,2,Dumka,ST,Shibu Soren,JMM,335815,,Sunil Soren,BJP,296785,,39030
2014,Jharkhand,3,Godda,GEN,Nishikant Dubey,BJP,380500,,Furkan Ansari,INC,319818,,60682
2014,Jharkhand,4,Chatra,GEN,Sunil Kumar Singh,BJP,295862,,Dhiraj Prasad Sahu,INC,117836,,178026
2014,Jharkhand,5,Kodarma,GEN,Ravindra Kumar Ray,BJP,365410,,Raj Kumar Yadav,CPI(ML)L,266756,,98654
2014,Jharkhand,6,Giridih,GEN,Ravindra Kumar Pandey,BJP,391913,,Jagarnath Mahto,JMM,351600,,40313
2014,Jharkhand,7,Dhanbad,GEN,Pashupati Nath Singh,BJP,543491,,Ajay Kumar Dubey,INC,250537,,292954
2014,Jharkhand,8,Ranchi,GEN,Ram Tahal Choudhary,BJP,448729,,Subodh Kant Sahay,INC,249426,,199303
2014,Jharkhand,9,Jamshedpur,GEN,Bidyut Baran Mahato,BJP,464153,,Ajoy Kumar,Jharkhand Vikas Morcha (Prajatantrik),364277,,99876
2014,Jharkhand,10,Singhbhum,SC,Laxman Giluwa,BJP,303131,,Geeta Koda,Jai Bharat Samanta Party,215607,,87524
2014,Jharkhand,11,Khunti,ST,Karia Munda,BJP,269185,,Anosh Ekka,Jharkhand Party,176937,,92248
2014,Jharkhand,12,Lohardaga,ST,Sudarshan Bhagat,BJP,226666,,Rameshwar Oraon,INC,220177,,6489
2014,Jharkhand,13,Palamu,SC,Vishnu Dayal Ram,BJP,476513,,Manoj Kumar,RJD,212571,,263942
2014,Jharkhand,14,Hazaribagh,GEN,Jayant Sinha,BJP,406931,,Saurabh Narain Singh,INC,247803,,159128
2014,Karnataka,1,Chikkodi,GEN,Prakash Hukkeri,INC,474373,,Ramesh Katti,BJP,471370,,3003
2014,Karnataka,2,Belgaum,GEN,Suresh Angadi,BJP,554417,,Lakshmi Hebbalkar,INC,478557,,75860
2014,Karnataka,3,Bagalkot,GEN,P. C. Gaddigoudar,BJP,571548,,Ajay Kumar Sarnaik,INC,454988,,116560
2014,Karnataka,4,Bijapur,SC,Ramesh Jigajinagi,BJP,471757,,Prakash Rathod,INC,401938,,69819
2014,Karnataka,5,Gulbarga,SC,Mallikarjun Kharge,INC,507193,,Revunaik Belamagi,BJP,432460,,74733
2014,Karnataka,6,Raichur,ST,B.V.Nayak,INC,443659,,Arakera Shivanagouda Nayak,BJP,442160,,1499
2014,Karnataka,7,Bidar,GEN,Bhagwanth Khuba,BJP,459290,,N. Dharam Singh,INC,367068,,92222
2014,Karnataka,8,Koppal,GEN,Karadi Sanganna,BJP,486383,,Basavaraj Hitnal,INC,453969,,32414
2014,Karnataka,9,Bellary,ST,B. Sreeramulu,BJP,534406,,N.Y. Hanumantappa,INC,449262,,85144
2014,Karnataka,10,Haveri,GEN,Udasi Shivakumar Channabasappa,BJP,566790,,Saleem Ahmed,INC,479219,,87571
2014,Karnataka,11,Dharwad,GEN,Pralhad Joshi,BJP,545395,,Vinay Kulkarni,INC,431738,,113657
2014,Karnataka,12,Uttara Kannada,GEN,Anantkumar Hegde,BJP,546939,,Prashant R Deshpande,INC,406239,,140700
2014,Karnataka,13,Davanagere,GEN,G M Siddeshwara,BJP,518894,,S.S. Mallikarjun,INC,501287,,17607
2014,Karnataka,14,Shimoga,GEN,B. S. Yeddyurappa,BJP,606216,,Manjunath Bhandary,INC,242911,,363305
2014,Karnataka,15,Udupi Chikmagalur,GEN,Shobha Karandlaje,BJP,581168,,K Jayaprakash Hegde,INC,399525,,181643
2014,Karnataka,16,Hassan,GEN,H.D. Devegowda,JD(S),509841,,Manju. A.,INC,409379,,100462
2014,Karnataka,17,Dakshina Kannada,GEN,Nalin Kumar Kateel,BJP,642739,,Janardhana Poojary,INC,499030,,143709
2014,Karnataka,18,Chitradurga,SC,B.N.Chandrappa,INC,467511,,Janardhana Swamy,BJP,366220,,101291
2014,Karnataka,19,Tumkur,GEN,Muddahanumegowda.S.P.,INC,429868,,G.S.Basavaraj,BJP,355827,,74041
2014,Karnataka,20,Mandya,GEN,C.S.Puttaraju,JD(S),524370,,Ramya,INC,518852,,5518
2014,Karnataka,21,Mysore,GEN,Prathap Simha,BJP,503908,,Adagooru H Vishwanath,INC,472300,,31608
2014,Karnataka,22,Chamarajanagar,SC,R. Dhruvanarayana,INC,567782,,A. R. Krishna Murthy,BJP,426600,,141182
2014,Karnataka,23,Bangalore Rural,GEN,D K Suresh,INC,652723,,Muniraju Gowda . P,BJP,421243,,231480
2014,Karnataka,24,Bangalore North,GEN,D.V Sadananda Gowda,BJP,718326,,C.Narayana Swamy,INC,488562,,229764
2014,Karnataka,25,Bangalore Central,GEN,P.C. Mohan,BJP,557130,,Rizwan Arshad,INC,419630,,137500
2014,Karnataka,26,Bangalore South,GEN,Ananth Kumar,BJP,633816,,Nandan Nilekani,INC,405241,,228575
2014,Karnataka,27,Chikkaballapur,GEN,M Veerappa Moily,INC,424800,,B N Bache Gowda,BJP,415280,,9520
2014,Karnataka,28,Kolar,GEN,K.H.Muniyappa,INC,418926,,Kolar Kesava,JD(S),371076,,47850
2014,Kerala,1,Kasaragod,GEN,P Karunakaran,CPI(M),384964,,Adv. T Siddique,INC,378043,,6921
2014,Kerala,2,Kannur,GEN,P K Sreemathi Teacher,CPI(M),427622,,K Sudhakaran,INC,421056,,6566
2014,Kerala,3,Vatakara,GEN,Mullappally Ramachandran,INC,416479,,Adv.A.N.Shamseer,CPI(M),413173,,3306
2014,Kerala,4,Wayanad,GEN,M I Shanavas,INC,377035,,Sathyan Mokeri,CPI,356165,,20870
2014,Kerala,5,Kozhikode,GEN,M .K Raghavan,INC,397615,,A.Vijayaraghavan,CPI(M),380732,,16883
2014,Kerala,6,Malappuram,GEN,E. Ahamed,Indian Union Muslim League,437723,,P.K.Sainaba,CPI(M),242984,,194739
2014,Kerala,7,Ponnani,GEN,E. T. Mohammed Basheer,Indian Union Muslim League,378503,,V.Abdurahman,IND,353093,,25410
2014,Kerala,8,Palakkad,GEN,M B Rajesh,CPI(M),412897,,M. P. Veerendra Kumar,Socialist Janata (Democratic),307597,,105300
2014,Kerala,9,Alathur,SC,P.K.Biju,CPI(M),411808,,Sheeba K.A,INC,374496,,37312
2014,Kerala,10,Thrissur,GEN,C. N. Jayadevan,CPI,389209,,K. P. Dhanapalan,INC,350982,,38227
2014,Kerala,11,Chalakudy,GEN,Innocent,IND,358440,,P C Chacko,INC,344556,,13884
2014,Kerala,12,Ernakulam,GEN,Prof. K.V. Thomas,INC,353841,,Christy Fernandez,IND,266794,,87047
2014,Kerala,13,Idukki,GEN,Adv.Joice George,IND,382019,,Adv.Dean Kuriakose,INC,331477,,50542
2014,Kerala,14,Kottayam,GEN,Jose K. Mani,Kerala Congress (M),424194,,Adv.Mathew T. Thomas,JD(S),303595,,120599
2014,Kerala,15,Alappuzha,GEN,K C Venugopal,INC,462525,,C B Chandrababu,CPI(M),443118,,19407
2014,Kerala,16,Mavelikkara,SC,Kodikunnil Suresh,INC,402432,,Chengara Surendran,CPI,369695,,32737
2014,Kerala,17,Pathanamthitta,GEN,Anto Antony,INC,358842,,Adv. Peelipose Thomas,IND,302651,,56191
2014,Kerala,18,Kollam,GEN,N.K.Premachandran,RSP,408528,,M.A. Baby,CPI(M),370879,,37649
2014,Kerala,19,Attingal,GEN,Dr.A .Sampath,CPI(M),392478,,Adv.Bindhu Krishna,INC,323100,,69378
2014,Kerala,20,Thiruvananthapuram,GEN,Dr. Shashi Tharoor,INC,297806,,Sri. O Rajagopal,BJP,282336,,15470
2014,Lakshadweep,1,Lakshadweep,ST,Mohammed Faizal P.P.,NCP,21665,,Hamdullah Sayeed,INC,20130,,1535
2014,Madhya Pradesh,1,Morena,GEN,Anoop Mishra,BJP,375567,,Brindawan Singh Sikarwar,BSP,242586,,132981
2014,Madhya Pradesh,2,Bhind,SC,Dr. Bhagirath Prasad,BJP,404474,,Imarti Devi,INC,244513,,159961
2014,Madhya Pradesh,3,Gwalior,GEN,Narendra Singh Tomar,BJP,442796,,Ashok Singh,INC,413097,,29699
2014,Madhya Pradesh,4,Guna,GEN,Jyotiraditya M Scindia,INC,517036,,Jaibhansingh Pawaiya,BJP,396244,,120792
2014,Madhya Pradesh,5,Sagar,GEN,Laxmi Narayan Yadav,BJP,482580,,Govind Singh Rajput,INC,361843,,120737
2014,Madhya Pradesh,6,Tikamgarh,SC,Dr. Virendra Kumar,BJP,422979,,Ahirwar Dr. Kamlesh Verma,INC,214248,,208731
2014,Madhya Pradesh,7,Damoh,GEN,Prahalad Singh Patel,BJP,513079,,Choudhary Mahendra Pratap Singh,INC,299780,,213299
2014,Madhya Pradesh,8,Khajuraho,GEN,Nagendra Singh,BJP,474966,,Raja Pateria,INC,227476,,247490
2014,Madhya Pradesh,9,Satna,GEN,Ganesh Singh,BJP,375288,,Ajay Singh Rahul Bhaiya,INC,366600,,8688
2014,Madhya Pradesh,10,Rewa,GEN,Janardan Mishra,BJP,383320,,Sunderlal Tiwari,INC,214594,,168726
2014,Madhya Pradesh,11,Sidhi,GEN,Riti Pathak,BJP,475678,,Indrajeet Kumar,INC,367632,,108046
2014,Madhya Pradesh,12,Shahdol,ST,Dalpat Singh Paraste,BJP,525419,,Rajesh Nandini Singh,INC,284118,,241301
2014,Madhya Pradesh,13,Jabalpur,GEN,Rakesh Singh,BJP,564609,,Vivek Krishna Tankha,INC,355970,,208639
2014,Madhya Pradesh,14,Mandla,ST,Faggan Singh Kulaste,BJP,585720,,Omkar Singh Markam,INC,475251,,110469
2014,Madhya Pradesh,15,Balaghat,GEN,Bodhsingh Bhagat,BJP,480594,,Hina Likhiram Kawre,INC,384553,,96041
2014,Madhya Pradesh,16,Chhindwara,GEN,Kamal Nath,INC,559755,,Choudhary Chandrabhan Kuber Singh,BJP,443218,,116537
2014,Madhya Pradesh,17,Hoshangabad,GEN,Uday Pratap Singh,BJP,669128,,Devendra Patel,INC,279168,,389960
2014,Madhya Pradesh,18,Vidisha,GEN,Sushma Swaraj,BJP,714348,,Lakshman Singh,INC,303650,,410698
2014,Madhya Pradesh,19,Bhopal,GEN,Alok Sanjar,BJP,714178,,P C Sharma,INC,343482,,370696
2014,Madhya Pradesh,20,Rajgarh,GEN,Rodmal Nagar,BJP,596727,,Amlabe Narayan Singh,INC,367990,,228737
2014,Madhya Pradesh,21,Dewas,SC,Manohar Untwal,BJP,665646,,Sajjan Singh Verma,INC,405333,,260313
2014,Madhya Pradesh,22,Ujjain,SC,Chintamani Malviya,BJP,641101,,Premchand Guddu,INC,331438,,309663
2014,Madhya Pradesh,23,Mandsaur,GEN,Sudhir Gupta,BJP,698335,,Meenakshi Natarajan,INC,394686,,303649
2014,Madhya Pradesh,24,Ratlam,ST,Dileepsingh Bhuria,BJP,545970,,Kantilal Bhuria,INC,437523,,108447
2014,Madhya Pradesh,25,Dhar,ST,Savitri Thakur,BJP,558387,,Umang Singhar,INC,454059,,104328
2014,Madhya Pradesh,26,Indore,GEN,Sumitra Mahajan,BJP,854972,,Satyanarayan Patel,INC,388071,,466901
2014,Madhya Pradesh,27,Khargone,ST,Subhash Patel,BJP,649354,,Ramesh Patel,INC,391475,,257879
2014,Madhya Pradesh,28,Khandwa,GEN,Nandkumar Singh Chouhan (Nandu Bhaiya,BJP,717357,,Arun Subhash Chandra Yadav,INC,457643,,259714
2014,Madhya Pradesh,29,Betul,ST,Jyoti Dhurve,BJP,643651,,Ajay Shah (Makrai),INC,315037,,328614
2014,Maharashtra,1,Nandurbar,ST,Dr.Gavit Heena Vaijaykumar,BJP,579486,,Gavit Manikrao Hodlya,INC,472581,,106905
2014,Maharashtra,2,Dhule,GEN,Dr. Bhamre Subhash Ramrao,BJP,529450,,Amrishbhai Rasiklal Patel,INC,398727,,130723
2014,Maharashtra,3,Jalgaon,GEN,A.T. Nana Patil,BJP,647773,,Annasaheb Dr.Satish Bhaskarrao Patil,NCP,264248,,383525
2014,Maharashtra,4,Raver,GEN,Khadase Raksha Nikhil,BJP,605452,,Manishdada Jain,NCP,287384,,318068
2014,Maharashtra,5,Buldhana,GEN,Jadhav Prataprao Ganpatrao,SS,509145,,Ingle Krushanarao Ganpatrao,NCP,349566,,159579
2014,Maharashtra,6,Akola,GEN,Dhotre Sanjay Shamrao,BJP,456472,,Patel Hidayat Ulla Barkat Ulla,INC,253356,,203116
2014,Maharashtra,7,Amravati,SC,Adsul Anandrao Vithoba,SS,467212,,Navneet Ravi Rana,NCP,329280,,137932
2014,Maharashtra,8,Wardha,GEN,Ramdas Chandrabhanji Tadas,BJP,537518,,Meghe Sagar Dattatraya,INC,321735,,215783
2014,Maharashtra,9,Ramtek,SC,Krupal Balaji Tumane,SS,519892,,Mukul Wasnik,INC,344101,,175791
2014,Maharashtra,10,Nagpur,GEN,Gadkari Nitin Jairam,BJP,587767,,Vilas Muttemwar,INC,302939,,284828
2014,Maharashtra,11,Bhandara-Gondiya,GEN,Nanabhau Falgunrao Patole,BJP,606129,,Praful Patel,NCP,456875,,149254
2014,Maharashtra,12,Gadchiroli-Chimur,ST,Ashok Mahadeorao Nete,BJP,535982,,Dr. Namdeo Dalluji Usendi,INC,299112,,236870
2014,Maharashtra,13,Chandrapur,GEN,Ahir Hansraj Gangaram,BJP,508049,,Deotale Sanjay Wamanrao,INC,271780,,236269
2014,Maharashtra,14,Yavatmal-Washim,GEN,Gawali Bhavana Pundlikra,SS,477905,,Adv.Shivajirao Shivaramji Moghe,INC,384089,,93816
2014,Maharashtra,15,Hingoli,GEN,Rajeev Satav,INC,467397,,Wankhede Subhash Bapurao,SS,465765,,1632
2014,Maharashtra,16,Nanded,GEN,Ashok Chavan,INC,493075,,D. B. Patil,BJP,411620,,81455
2014,Maharashtra,17,Parbhani,GEN,Jadhav Sanjay (Bandu) Haribhau,SS,578455,,Bhambale Vijay Manikrao,NCP,451300,,127155
2014,Maharashtra,18,Jalna,GEN,Danve Raosaheb,BJP,591428,,Autade Vilas Keshavrao,INC,384630,,206798
2014,Maharashtra,19,Aurangabad,GEN,Chandrakant Bhaurao Khaire,SS,520902,,Patil Nitin Suresh,INC,358902,,162000
2014,Maharashtra,20,Dindori,ST,Chavan Harishchandra Deoram,BJP,542784,,Dr. Bharati Pravin Pawar,NCP,295165,,247619
2014,Maharashtra,21,Nashik,GEN,Godse Hemant Tukaram,SS,494735,,Chhagan Bhujbal,NCP,307399,,187336
2014,Maharashtra,22,Palghar,ST,Adv. Chintaman Navasha Wanga,BJP,533201,,Baliram Sukur Jadhav,Bahujan Vikas Aaghadi,293681,,239520
2014,Maharashtra,23,Bhiwandi,GEN,Kapil Moreshwar Patil,BJP,411070,,Patil Vishwanath Ramchandra,INC,301620,,109450
2014,Maharashtra,24,Kalyan,GEN,Dr.Shrikant Eknath Shinde,SS,440892,,Anand Prakash Paranjpe,NCP,190143,,250749
2014,Maharashtra,25,Thane,GEN,Vichare Rajan Baburao,SS,595364,,Sanjeev Ganesh Naik,NCP,314065,,281299
2014,Maharashtra,26,Mumbai-North,GEN,Gopal Chinayya Shetty,BJP,664004,,Sanjay Brijkishorlal Nirupam,INC,217422,,446582
2014,Maharashtra,27,Mumbai-North-West,GEN,Gajanan Chandrakant Kirtikar,SS,464820,,Kamat Gurudas Vasant,INC,281792,,183028
2014,Maharashtra,28,Mumbai-North-East,GEN,Kirit Somaiya,BJP,525285,,Sanjay Dina Patil,NCP,208163,,317122
2014,Maharashtra,29,Mumbai-North-Central,GEN,Poonam Mahajan,BJP,478535,,Dutt Priya Sunil,INC,291764,,186771
2014,Maharashtra,30,Mumbai-South-Central,GEN,Rahul Ramesh Shewale,SS,381275,,Eknath M. Gaikwad,INC,242933,,138342
2014,Maharashtra,31,Mumbai-South,GEN,Arvind Sawant,SS,374780,,Deora Milind Murli,INC,246632,,128148
2014,Maharashtra,32,Raigad,GEN,Anant Geete,SS,396178,,Tatkare Sunil Dattatrey,NCP,394068,,2110
2014,Maharashtra,33,Maval,GEN,Shrirang Barne,SS,512226,,Laxman Jagtap,Peasants And Workers Party Of India,354829,,157397
2014,Maharashtra,34,Pune,GEN,Anil Shirole,BJP,569825,,Dr.Vishwajeet Patangrao Kadam,INC,254056,,315769
2014,Maharashtra,35,Baramati,GEN,Supriya Sule,NCP,521562,,Mahadev Jankar,Rashtriya Samaj Paksha,451843,,69719
2014,Maharashtra,36,Shirur,GEN,Adhalrao Shivaji Dattatrey,SS,643415,,Nikam Devdatta Jaywant,NCP,341601,,301814
2014,Maharashtra,37,Ahmednagar,GEN,Gandhi Dilipkumar Mansukhlal,BJP,605185,,Rajeev Appasaheb Rajale,NCP,396063,,209122
2014,Maharashtra,38,Shirdi,SC,Sadashiv Lokhande,SS,532936,,Bhausaheb Rajaram Wakchaure,INC,333014,,199922
2014,Maharashtra,39,Beed,GEN,Gopinath Munde,BJP,635995,,Suresh Dhas,NCP,499541,,136454
2014,Maharashtra,40,Osmanabad,GEN,Gaikwad Ravindra Vishwanath,SS,607699,,Patil Padmasinha Bajirao,NCP,373374,,234325
2014,Maharashtra,41,Latur,SC,Dr. Sunil Baliram Gaikwad,BJP,616509,,Bansode Dattatray Gunderao,INC,363114,,253395
2014,Maharashtra,42,Solapur,SC,Sharad Bansode,BJP,517879,,Shinde Sushilkumar Sambhajirao,INC,368205,,149674
2014,Maharashtra,43,Madha,GEN,Mohite Patil Vijaysinh Shankarrao,NCP,489989,,Sadabhau Khot,Swabhimani Paksha,464645,,25344
2014,Maharashtra,44,Sangli,GEN,Sanjaykaka Patil,BJP,611563,,Patil Pratik Prakashbapu,INC,372271,,239292
2014,Maharashtra,45,Satara,GEN,Udayanraje Bhosale,NCP,522531,,Purushottam Jadhav,IND,155937,,366594
2014,Maharashtra,46,Ratnagiri-Sindhudurg,GEN,Vinayak Bhaurao Raut,SS,493088,,Nilesh Narayan Rane,INC,343037,,150051
2014,Maharashtra,47,Kolhapur,GEN,Dhananjay Mahadik,NCP,607665,,Sanjay Sadashiv Mandalik,SS,574406,,33259
2014,Maharashtra,48,Hatkanangle,GEN,Raju Shetty,Swabhimani Paksha,640428,,Awade Kallappa Baburao,INC,462618,,177810
2014,Manipur,1,Inner Manipur,GEN,Dr. Thokchom Meinya,INC,292102,,Moirangthem Nara,CPI,197428,,94674
2014,Manipur,2,Outer Manipur,ST,Thangso Baite,INC,296770,,Soso Lorho,Naga People'S Front,281133,,15637
2014,Meghalaya,1,Shillong,ST,Vincent H. Pala,INC,209340,,Prechard B. M. Basaiawmoit,IND,168961,,40379
2014,Meghalaya,2,Tura,ST,Purno Agitok Sangma,National People'S Party,239301,,Daryl William Ch Momil,INC,199585,,39716
2014,Mizoram,1,Mizoram,ST,C. L. Ruala,INC,210485,,Robert Romawia Royte,IND,204331,,6154
2014,Nagaland,1,Nagaland,ST,Neiphiu Rio,Naga People'S Front,713372,,K. V. Pusa,INC,313147,,400225
2014,Odisha,1,Bargarh,GEN,Prabhas Kumar Singh,BJD,383230,,Subash Chouhan,BJP,372052,,11178
2014,Odisha,2,Sundargarh,ST,Jual Oram,BJP,340508,,Dilip Kumar Tirkey,BJD,321679,,18829
2014,Odisha,3,Sambalpur,GEN,Nagendra Kumar Pradhan,BJD,358618,,Suresh Pujari,BJP,328042,,30576
2014,Odisha,4,Keonjhar,ST,Sakuntala Laguri,BJD,434471,,Ananta Nayak,BJP,277154,,157317
2014,Odisha,5,Mayurbhanj,ST,Rama Chandra Hansdah,BJD,393779,,Nepole Raghu Murmu,BJP,270913,,122866
2014,Odisha,6,Balasore,GEN,Rabindra Kumar Jena,BJD,433768,,Pratap Chandra Sarangi,BJP,291943,,141825
2014,Odisha,7,Bhadrak,SC,Arjun Charan Sethi,BJD,502338,,Sangram Keshari Jena,INC,322979,,179359
2014,Odisha,8,Jajpur,SC,Rita Tarai,BJD,541349,,Asok Das,INC,221078,,320271
2014,Odisha,9,Dhenkanal,GEN,Tathagata Satpathy,BJD,453277,,Rudra Narayan Pany,BJP,315937,,137340
2014,Odisha,10,Bolangir,GEN,Kalikesh Narayan Singh Deo,BJD,453519,,Sangeeta Kumari Singh Deo,BJP,349220,,104299
2014,Odisha,11,Kalahandi,GEN,Arka Keshari Deo,BJD,370871,,Pradipta Kumar Naik,BJP,314524,,56347
2014,Odisha,12,Nabarangpur,ST,Balabhadra Majhi,BJD,373887,,Pradeep Kumar Majhi,INC,371845,,2042
2014,Odisha,13,Kandhamal,GEN,Hemendra Chandra Singh,BJD,421458,,Harihara Karana,INC,240441,,181017
2014,Odisha,14,Cuttack,GEN,Bhartruhari Mahatab,BJD,526085,,Aparajita Mohanty,INC,219323,,306762
2014,Odisha,15,Kendrapara,GEN,Baijayant Panda,BJD,601574,,Dharanidhar Nayak,INC,392466,,209108
2014,Odisha,16,Jagatsinghpur,SC,Kulamani Samal,BJD,624492,,Bibhu Prasad Tarai,INC,348098,,276394
2014,Odisha,17,Puri,GEN,Pinaki Misra,BJD,523161,,Sucharita Mohanty,INC,259800,,263361
2014,Odisha,18,Bhubaneswar,GEN,Prasanna Kumar Patasani,BJD,439252,,Prithiviraj Harichandan,BJP,249775,,189477
2014,Odisha,19,Aska,GEN,Ladu Kishore Swain,BJD,541473,,Srilokanath Ratha,INC,229476,,311997
2014,Odisha,20,Berhampur,GEN,Sidhant Mohapatra,BJD,398107,,Chandra Sekhar Sahu,INC,270387,,127720
2014,Odisha,21,Koraput,ST,Jhina Hikaka,BJD,395109,,Giridhar Gamang,INC,375781,,19328
2014,Puducherry,1,Puducherry,GEN,R. Radhakrishnan,All India N.R. Congress,255826,,V. Narayanasamy,INC,194972,,60854
2014,Punjab,1,Gurdaspur,GEN,Vinod Khanna,BJP,482255,,Partap Singh Bajwa,INC,346190,,136065
2014,Punjab,2,Amritsar,GEN,Captain Amarinder Singh,INC,482876,,Arun Jaitley,BJP,380106,,102770
2014,Punjab,3,Khadoor Sahib,GEN,Ranjit Singh Brahmpura,SAD,467332,,Harminder Singh Gill,INC,366763,,100569
2014,Punjab,4,Jalandhar,SC,Santokh Singh Chaudhary,INC,380479,,Pawan Kumar Tinu,SAD,309498,,70981
2014,Punjab,5,Hoshiarpur,SC,Vijay Sampla,BJP,346643,,Mohinder Singh Kaypee,INC,333061,,13582
2014,Punjab,6,Anandpur Sahib,GEN,Prem Singh Chandumajra,SAD,347394,,Ambika Soni,INC,323697,,23697
2014,Punjab,7,Ludhiana,GEN,Ravneet Singh Bittu,INC,300459,,Harvinder Singh Phoolka,AAP,280750,,19709
2014,Punjab,8,Fatehgarh Sahib,SC,Harinder Singh Khalsa,AAP,367293,,Sadhu Singh,INC,313149,,54144
2014,Punjab,9,Faridkot,SC,Prof. Sadhu Singh,AAP,450751,,Paramjit Kaur Gulshan,SAD,278235,,172516
2014,Punjab,10,Ferozpur,GEN,Sher Singh Ghubaya,SAD,487932,,Sunil Jakhar,INC,456512,,31420
2014,Punjab,11,Bathinda,GEN,Harsimrat Kaur Badal,SAD,514727,,Manpreet Singh Badal,INC,495332,,19395
2014,Punjab,12,Sangrur,GEN,Bhagwant Mann,AAP,533237,,Sukhdev Singh Dhindsa,SAD,321516,,211721
2014,Punjab,13,Patiala,GEN,Dharam Vira Gandhi,AAP,365671,,Preneet Kaur,INC,344729,,20942
2014,Rajasthan,1,Ganganagar,SC,Nihalchand,BJP,658130,,Master Bhanwarlal Meghwal,INC,366389,,291741
2014,Rajasthan,2,Bikaner,SC,Arjun Ram Meghwal,BJP,584932,,Er. Shankar Pannu,INC,276853,,308079
2014,Rajasthan,3,Churu,GEN,Rahul Kaswan,BJP,595756,,Abhinesh Maharshi,BSP,301017,,294739
2014,Rajasthan,4,Jhunjhunu,GEN,Santosh Ahlawat,BJP,488182,,Raj Bala Ola,INC,254347,,233835
2014,Rajasthan,5,Sikar,GEN,Sumedhanand Saraswati,BJP,499428,,Pratap Singh Jat,INC,260232,,239196
2014,Rajasthan,6,Jaipur Rural,GEN,Rajyavardhan Singh Rathore,BJP,632930,,C.P. Joshi,INC,300034,,332896
2014,Rajasthan,7,Jaipur,GEN,Ramcharan Bohara,BJP,863358,,Dr. Mahesh Joshi,INC,324013,,539345
2014,Rajasthan,8,Alwar,GEN,Chand Nath,BJP,642278,,Bhanwar Jitendra Singh,INC,358383,,283895
2014,Rajasthan,9,Bharatpur,SC,Bahadur Singh,BJP,579825,,Dr.Suresh Jatav,INC,334357,,245468
2014,Rajasthan,10,Karauli-Dholpur,SC,Manoj Rajoria,BJP,402407,,Lakkhiram,INC,375191,,27216
2014,Rajasthan,11,Dausa,ST,Harish Chandra Meena,BJP,315059,,Kirodi Lal,National People'S Party,269655,,45404
2014,Rajasthan,12,Tonk-Sawai Madhopur,GEN,Sukhbir Singh Jaunapuria,BJP,548179,,Mohammed Azharuddin,INC,412868,,135311
2014,Rajasthan,13,Ajmer,GEN,Sanwar Lal Jat,BJP,637874,,Sachin Pilot,INC,465891,,171983
2014,Rajasthan,14,Nagaur,GEN,C R Choudhary,BJP,414791,,Jyoti Mirdha,INC,339573,,75218
2014,Rajasthan,15,Pali,GEN,P P Choudhary,BJP,711772,,Munni Devi Godara,INC,312733,,399039
2014,Rajasthan,16,Jodhpur,GEN,Gajendrasingh Shekhawat,BJP,713515,,Chandresh Kumari,INC,303464,,410051
2014,Rajasthan,17,Barmer,GEN,Col. Sona Ram,BJP,488747,,Jaswant Singh,IND,401286,,87461
2014,Rajasthan,18,Jalore,SC,Devji Patel,BJP,580508,,Anjana Udai Lal,INC,199363,,381145
2014,Rajasthan,19,Udaipur,ST,Arjunlal Meena,BJP,660373,,Raghuvir Singh,INC,423611,,236762
2014,Rajasthan,20,Banswara,ST,Manshankar Ninama,BJP,577433,,Resham Malviya,INC,485517,,91916
2014,Rajasthan,21,Chittorgarh,GEN,Chandra Prakash Joshi,BJP,703236,,Girija Vyas,INC,386379,,316857
2014,Rajasthan,22,Rajsamand,GEN,Hariom Singh Rathore,BJP,644794,,Gopal Singh Shekhawat,INC,249089,,395705
2014,Rajasthan,23,Bhilwara,GEN,Subhash Baheria,BJP,630317,,Ashok Chandna,INC,384053,,246264
2014,Rajasthan,24,Kota,GEN,Om Birla,BJP,644822,,Ijyaraj Singh,INC,444040,,200782
2014,Rajasthan,25,Jhalawar-Baran,GEN,Dushyant Singh,BJP,676102,,Pramod Bhaya,INC,394556,,281546
2014,Sikkim,1,Sikkim,GEN,Prem Das Rai,SDF,163698,,Tek Nath Dhakal,SKM,121956,,41742
2014,Tamil Nadu,1,Tiruvallur,SC,Venugopal.P.(Dr),AIADMK,628499,,Ravikumar.D,VCK,305069,,323430
2014,Tamil Nadu,2,Chennai North,GEN,Venkatesh Babu .T.G,AIADMK,406704,,Girirajan .R,DMK,307000,,99704
2014,Tamil Nadu,3,Chennai South,GEN,Dr. J. Jayavardhan,AIADMK,438404,,T.K.S.Elangovan,DMK,301779,,136625
2014,Tamil Nadu,4,Chennai Central,GEN,S.R. Vijayakumar,AIADMK,333296,,Dayanidhi Maran,DMK,287455,,45841
2014,Tamil Nadu,5,Sriperumbudur,GEN,"Ramachandran, K.N.",AIADMK,545820,,Jagathrakshakan,DMK,443174,,102646
2014,Tamil Nadu,6,Kancheepuram,SC,Maragatham K,AIADMK,499395,,Selvam G,DMK,352529,,146866
2014,Tamil Nadu,7,Arakkonam,GEN,"Hari, G.",AIADMK,493534,,N.R Elango,DMK,252768,,240766
2014,Tamil Nadu,8,Vellore,GEN,"Senguttuvan, B.",AIADMK,383719,,"Shanmugam, A.C.",BJP,324326,,59393
2014,Tamil Nadu,9,Krishnagiri,GEN,Ashok Kumar.K,AIADMK,480491,,Chinna Pillappa.P,DMK,273900,,206591
2014,Tamil Nadu,10,Dharmapuri,GEN,Anbumani Ramadoss,Pattali Makkal Katchi,468194,,Mohan.P.S,AIADMK,391048,,77146
2014,Tamil Nadu,11,Tiruvannamalai,GEN,Vanaroja R,AIADMK,500751,,Annadurai C N,DMK,332145,,168606
2014,Tamil Nadu,12,Arani,GEN,V.Elumalai,AIADMK,502721,,R.Sivanandam,DMK,258877,,243844
2014,Tamil Nadu,13,Villupuram,SC,Rajendran S,AIADMK,482704,,Muthaiyan K,DMK,289337,,193367
2014,Tamil Nadu,14,Kallakurichi,GEN,Kamaraj. K,AIADMK,533383,,Manimaran. R,DMK,309876,,223507
2014,Tamil Nadu,15,Salem,GEN,Pannerselvam.V,AIADMK,556546,,Umarani. S,DMK,288936,,267610
2014,Tamil Nadu,16,Namakkal,GEN,Sundaram P.R,AIADMK,563272,,Gandhiselvan.S,DMK,268898,,294374
2014,Tamil Nadu,17,Erode,GEN,Selvakumara Chinnayan S,AIADMK,466995,,A. Ganeshamurthi,Marumalarchi Dravida Munnetra Kazhagam,255432,,211563
2014,Tamil Nadu,18,Tiruppur,GEN,V.Sathyabama,AIADMK,442778,,N.Dineshkumar,Desiya Murpokku Dravida Kazhagam,263463,,179315
2014,Tamil Nadu,19,Nilgiris,SC,"Gopalakrishnan, C.",AIADMK,463700,,"Raja, A.",DMK,358760,,104940
2014,Tamil Nadu,20,Coimbatore,GEN,"Nagarajan, P.",AIADMK,431717,,"Radhakrishnan, C.P",BJP,389701,,42016
2014,Tamil Nadu,21,Pollachi,GEN,Mahendran.C,AIADMK,417092,,Eswaran.E.R.,BJP,276118,,140974
2014,Tamil Nadu,22,Dindigul,GEN,Udhaya Kumar .M,AIADMK,510462,,Gandhirajan S,DMK,382617,,127845
2014,Tamil Nadu,23,Karur,GEN,"Thambidurai, M.",AIADMK,540722,,"Chinnasamy, M",DMK,345475,,195247
2014,Tamil Nadu,24,Tiruchirappalli,GEN,Kumar.P,AIADMK,458478,,Anbhalagan.Mu,DMK,308002,,150476
2014,Tamil Nadu,25,Perambalur,GEN,"Marutharajaa, R.P.",AIADMK,462693,,"Seemanur Prabu, S",DMK,249645,,213048
2014,Tamil Nadu,26,Cuddalore,GEN,Arunmozhithevan.A,AIADMK,481429,,Nandagopalakrishnan.K,DMK,278304,,203125
2014,Tamil Nadu,27,Chidambaram,SC,"Chandrakasi, M",AIADMK,429536,,"Thirumaavalavan, Thol",VCK,301041,,128495
2014,Tamil Nadu,28,Mayiladuthurai,GEN,Bharathi Mohan R.K,AIADMK,513729,,Hyder Ali.S,Manithaneya Makkal Katchi,236679,,277050
2014,Tamil Nadu,29,Nagapattinam,SC,Gopal. Dr. K,AIADMK,434174,,Vijayan. A.K.S,DMK,328095,,106079
2014,Tamil Nadu,30,Thanjavur,GEN,Parasuraman.K,AIADMK,510307,,Baalu.T.R,DMK,366188,,144119
2014,Tamil Nadu,31,Sivaganga,GEN,Senthilnathan Pr,AIADMK,475993,,Dhurai Raaj Subha,DMK,246608,,229385
2014,Tamil Nadu,32,Madurai,GEN,R.Gopalakrishnan,AIADMK,454167,,V Velusamy,DMK,256731,,197436
2014,Tamil Nadu,33,Theni,GEN,"Parthipan, R.",AIADMK,571254,,Pon. Muthuramalingam,DMK,256722,,314532
2014,Tamil Nadu,34,Virudhunagar,GEN,Radhakrishnan T,AIADMK,406694,,Vaiko,Marumalarchi Dravida Munnetra Kazhagam,261143,,145551
2014,Tamil Nadu,35,Ramanathapuram,GEN,Anwhar Raajhaa.A,AIADMK,405945,,Mohamed Jaleel .S,DMK,286621,,119324
2014,Tamil Nadu,36,Thoothukudi,GEN,Jeyasingh Thiyagaraj Natterjee.J,AIADMK,366052,,Jegan. P,DMK,242050,,124002
2014,Tamil Nadu,37,Tenkasi,SC,Vasanthi.M,AIADMK,424586,,Dr.Krishnasamy.K.,Puthiya Tamilagam,262812,,161774
2014,Tamil Nadu,38,Tirunelveli,GEN,Prabakaran.K.R.P,AIADMK,398139,,Devadasa Sundaram,DMK,272040,,126099
2014,Tamil Nadu,39,Kanniyakumari,GEN,Radhakrishnan P.,BJP,372906,,Vasantha Kumar H.,INC,244244,,128662
2014,Tripura,1,Tripura West,GEN,Sankar Prasad Datta,CPI(M),671665,,Arunoday Saha,INC,168179,,503486
2014,Tripura,2,Tripura East,ST,Jitendera Choudhury,CPI(M),623771,,Sachitra Debbarma,INC,139413,,484358
2014,Uttar Pradesh,1,Saharanpur,GEN,Raghav Lakhanpal,BJP,472999,,Imran Masood,INC,407909,,65090
2014,Uttar Pradesh,2,Kairana,GEN,Hukum Singh,BJP,565909,,Nahid Hasan,SP,329081,,236828
2014,Uttar Pradesh,3,Muzaffarnagar,GEN,Sanjeev Kumar Balyan,BJP,653391,,Kadir Rana,BSP,252241,,401150
2014,Uttar Pradesh,4,Bijnor,GEN,Kunwar Bhartendra,BJP,486913,,Shahnawaz Rana,SP,281139,,205774
2014,Uttar Pradesh,5,Nagina,SC,Yashwant Singh,BJP,367825,,Yashvir Singh,SP,275435,,92390
2014,Uttar Pradesh,6,Moradabad,GEN,Kunwer Sarvesh Kumar,BJP,485224,,Dr S T Hasan,SP,397720,,87504
2014,Uttar Pradesh,7,Rampur,GEN,Dr. Nepal Singh,BJP,358616,,Naseer Ahmad Khan,SP,335181,,23435
2014,Uttar Pradesh,8,Sambhal,GEN,Satyapal Singh,BJP,360242,,Dr Shafiq Ur Rahman Barq,SP,355068,,5174
2014,Uttar Pradesh,9,Amroha,GEN,Kanwar Singh Tanwar,BJP,528880,,Humera Akhtar,SP,370666,,158214
2014,Uttar Pradesh,10,Meerut,GEN,Rajendra Agarwal,BJP,532981,,Mohd.Shahid Akhlak,BSP,300655,,232326
2014,Uttar Pradesh,11,Baghpat,GEN,Dr. Satya Pal Singh,BJP,423475,,Ghulam Mohammed,SP,213609,,209866
2014,Uttar Pradesh,12,Ghaziabad,GEN,Vijay Kumar Singh,BJP,758482,,Raj Babbar,INC,191222,,567260
2014,Uttar Pradesh,13,Gautam Buddha Nagar,GEN,Dr.Mahesh Sharma,BJP,599702,,Narendra Bhati,SP,319490,,280212
2014,Uttar Pradesh,14,Bulandshahr,SC,Bhola Singh,BJP,604449,,Pradeep Kumar Jatav,BSP,182476,,421973
2014,Uttar Pradesh,15,Aligarh,GEN,Satish Kumar,BJP,514622,,Dr. Arvind Kumar Singh,BSP,227886,,286736
2014,Uttar Pradesh,16,Hathras,SC,Rajesh Kumar Diwaker,BJP,544277,,Manoj Kumar Soni,BSP,217891,,326386
2014,Uttar Pradesh,17,Mathura,GEN,Hema Malini Dharmendra,BJP,574633,,Jayant Chaudhary,RLD,243890,,330743
2014,Uttar Pradesh,18,Agra,SC,Dr. Ram Shankar Katheria,BJP,583716,,Narayan Singh Suman,BSP,283453,,300263
2014,Uttar Pradesh,19,Fatehpur Sikri,GEN,Babulal,BJP,426589,,Seema Upadhyay,BSP,253483,,173106
2014,Uttar Pradesh,20,Firozabad,GEN,Akshay Yadav,SP,534583,,Prof. S.P. Singh Baghel,BJP,420524,,114059
2014,Uttar Pradesh,21,Mainpuri,GEN,Mulayam Singh Yadav,SP,595918,,Shatrughan Singh Chauhan,BJP,231252,,364666
2014,Uttar Pradesh,22,Etah,GEN,Rajveer Singh,BJP,474978,,Ku. Devendra Singh Yadav,SP,273977,,201001
2014,Uttar Pradesh,23,Badaun,GEN,Dharmendra Yadav,SP,498378,,Vagish Pathak,BJP,332031,,166347
2014,Uttar Pradesh,24,Aonla,GEN,Dharmendra Kumar,BJP,409907,,Kunwar Sarvraj Singh,SP,271478,,138429
2014,Uttar Pradesh,25,Bareilly,GEN,Santosh Kumar Gangwar,BJP,518258,,Ayesha Islam,SP,277573,,240685
2014,Uttar Pradesh,26,Pilibhit,GEN,Maneka Sanjay Gandhi,BJP,546934,,Budhsen Verma,SP,239882,,307052
2014,Uttar Pradesh,27,Shahjahanpur,SC,Krishna Raj,BJP,525132,,Umed Singh Kashyap,BSP,289603,,235529
2014,Uttar Pradesh,28,Kheri,GEN,Ajay Kumar,BJP,398578,,Arvind Giri,BSP,288304,,110274
2014,Uttar Pradesh,29,Dhaurahra,GEN,Rekha,BJP,360357,,Daud Ahmad,BSP,234682,,125675
2014,Uttar Pradesh,30,Sitapur,GEN,Rajesh Verma,BJP,417546,,Kaiser Jahan,BSP,366519,,51027
2014,Uttar Pradesh,31,Hardoi,SC,Anshul Verma,BJP,360501,,Shive Prasad Verma,BSP,279158,,81343
2014,Uttar Pradesh,32,Misrikh,SC,Anju Bala,BJP,412575,,Ashok Kumar Rawat,BSP,325212,,87363
2014,Uttar Pradesh,33,Unnao,GEN,Swami Sachchidanand Hari Sakshi,BJP,518834,,Arun Shankar Shukla,SP,208661,,310173
2014,Uttar Pradesh,34,Mohanlalganj,SC,Kaushal Kishore,BJP,455274,,R.K Chaudhary,BSP,309858,,145416
2014,Uttar Pradesh,35,Lucknow,GEN,Raj Nath Singh,BJP,561106,,Prof. Rita Bahuguna Joshi,INC,288357,,272749
2014,Uttar Pradesh,36,Rae Bareli,GEN,Sonia Gandhi,INC,526434,,Ajay Agrawal,BJP,173721,,352713
2014,Uttar Pradesh,37,Amethi,GEN,Rahul Gandhi,INC,408651,,Smriti Irani,BJP,300748,,107903
2014,Uttar Pradesh,38,Sultanpur,GEN,Varun Gandhi,BJP,410348,,Pawan Pandey,BSP,231446,,178902
2014,Uttar Pradesh,39,Pratapgarh,GEN,Kuwar Harivansh Singh,Apna Dal,375789,,Asif Nizamuddin Siddique,BSP,207567,,168222
2014,Uttar Pradesh,40,Farrukhabad,GEN,Mukesh Rajput,BJP,406195,,Rameshwar Singh Yadav,SP,255693,,150502
2014,Uttar Pradesh,41,Etawah,SC,Ashok Kumar Doharey,BJP,439646,,Premdas Kateriya,SP,266700,,172946
2014,Uttar Pradesh,42,Kannauj,GEN,Dimple Yadav,SP,489164,,Subrat Pathak,BJP,469257,,19907
2014,Uttar Pradesh,43,Kanpur,GEN,Dr.Murli Manohar Joshi,BJP,474712,,Sriprakash Jaiswal,INC,251766,,222946
2014,Uttar Pradesh,44,Akbarpur,GEN,Devendra Singh,BJP,481584,,Anil Shukla Warsi,BSP,202587,,278997
2014,Uttar Pradesh,45,Jalaun,SC,Bhanu Pratap Singh Verma,BJP,548631,,Brijlal Khabri,BSP,261429,,287202
2014,Uttar Pradesh,46,Jhansi,GEN,Uma Bharti,BJP,575889,,Chandrapal Singh Yadav,SP,385422,,190467
2014,Uttar Pradesh,47,Hamirpur,GEN,Kunwar Pushpendra Singh Chandel,BJP,453884,,Bishambhar Prasad Nishad,SP,187096,,266788
2014,Uttar Pradesh,48,Banda,GEN,Bhairon Prasad Mishra,BJP,342066,,R. K. Singh Patel,BSP,226278,,115788
2014,Uttar Pradesh,49,Fatehpur,GEN,Sadhavi Niranjan Jyoti,BJP,485994,,Afzal Siddiqui,BSP,298788,,187206
2014,Uttar Pradesh,50,Kaushambi,SC,Vinod Kumar Sonkar,BJP,331593,,Shailendra Kumar,SP,288746,,42847
2014,Uttar Pradesh,51,Phulpur,GEN,Keshav Prasad Maurya,BJP,503564,,Dharam Raj Singh Patel,SP,195256,,308308
2014,Uttar Pradesh,52,Allahabad,GEN,Shyama Charan Gupta,BJP,313772,,Kunwar Rewati Raman Singh,SP,251763,,62009
2014,Uttar Pradesh,53,Barabanki,SC,Priyanka Singh Rawat,BJP,454214,,P. L. Punia,INC,242336,,211878
2014,Uttar Pradesh,54,Faizabad,GEN,Lallu Singh,BJP,491761,,Mitrasen Yadav,SP,208986,,282775
2014,Uttar Pradesh,55,Ambedkar Nagar,GEN,Hari Om Pandey,BJP,432104,,Rakesh Pandey,BSP,292675,,139429
2014,Uttar Pradesh,56,Bahraich,SC,Sadhvi Savitri Bai Foole,BJP,432392,,Shabbir Ahmad,SP,336747,,95645
2014,Uttar Pradesh,57,Kaiserganj,GEN,Brij Bhusan Sharan Singh,BJP,381500,,Vinod Kumar Alias Pandit Singh,SP,303282,,78218
2014,Uttar Pradesh,58,Shravasti,GEN,Daddan Mishra,BJP,345964,,Atiq Ahmad,SP,260051,,85913
2014,Uttar Pradesh,59,Gonda,GEN,Kirti Vardhan Singh,BJP,359643,,Nandita Shukla,SP,199227,,160416
2014,Uttar Pradesh,60,Domariyaganj,GEN,Jagdambika Pal,BJP,298845,,Muhammad Muqeem,BSP,195257,,103588
2014,Uttar Pradesh,61,Basti,GEN,Harish Chandra Alias Harish Dwivedi,BJP,357680,,Brij Kishor Singh (Dimpal),SP,324118,,33562
2014,Uttar Pradesh,62,Sant Kabir Nagar,GEN,Sharad Tripathi,BJP,348892,,Bhism Shankar Alias Kushal Tiwari,BSP,250914,,97978
2014,Uttar Pradesh,63,Maharajganj,GEN,Pankaj,BJP,471542,,Kashi Nath Shukla,BSP,231084,,240458
2014,Uttar Pradesh,64,Gorakhpur,GEN,Yogi Adityanath,BJP,539127,,Rajmati Nishad,SP,226344,,312783
2014,Uttar Pradesh,65,Kushi Nagar,GEN,Rajesh Pandey Urf Guddu,BJP,370051,,Ratanjit Pratap Narain Singh,INC,284511,,85540
2014,Uttar Pradesh,66,Deoria,GEN,Kalraj Mishra,BJP,496500,,Niyaj Ahmad,BSP,231114,,265386
2014,Uttar Pradesh,67,Bansgaon,SC,Kamlesh Paswan,BJP,417959,,Sadal Prasad,BSP,228443,,189516
2014,Uttar Pradesh,68,Lalganj,SC,Neelam Sonkar,BJP,324016,,Bechai Saroj,SP,260930,,63086
2014,Uttar Pradesh,69,Azamgarh,GEN,Mulayam Singh Yadav,SP,340306,,Ramakant Yadav,BJP,277102,,63204
2014,Uttar Pradesh,70,Ghosi,GEN,Harinarayan Rajbhar,BJP,379797,,Dara Singh Chauhan,BSP,233782,,146015
2014,Uttar Pradesh,71,Salempur,GEN,Ravindra Kushawaha,BJP,392213,,Ravi Shanker Singh,BSP,159871,,232342
2014,Uttar Pradesh,72,Ballia,GEN,Bharat Singh,BJP,359758,,Neeraj Shekhar,SP,220324,,139434
2014,Uttar Pradesh,73,Jaunpur,GEN,Krishna Pratap,BJP,367149,,Subhash Pandey,BSP,220839,,146310
2014,Uttar Pradesh,74,Machhlishahr,SC,Ram Charitra Nishad,BJP,438210,,B. P. Saroj,BSP,266055,,172155
2014,Uttar Pradesh,75,Ghazipur,GEN,Manoj Sinha,BJP,306929,,Shivkanya Kushwaha,SP,274477,,32452
2014,Uttar Pradesh,76,Chandauli,GEN,Mahendra Nath Pandey,BJP,414135,,Anil Kumar Maurya,BSP,257379,,156756
2014,Uttar Pradesh,77,Varanasi,GEN,Narendra Modi,BJP,581022,,Arvind Kejriwal,AAP,209238,,371784
2014,Uttar Pradesh,78,Bhadohi,GEN,Virendra Singh,BJP,403544,,Rakesh Dhar Tripathi,BSP,245505,,158039
2014,Uttar Pradesh,79,Mirzapur,GEN,Anupriya Singh Patel,Apna Dal,436536,,Samudra Bind,BSP,217457,,219079
2014,Uttar Pradesh,80,Robertsganj,SC,Chhotelal,BJP,378211,,Sharada Prasad,BSP,187725,,190486
2014,Uttarakhand,1,Tehri Garhwal,GEN,Mala Rajya Laxmi Shah,BJP,446733,,Saket Bahuguna,INC,254230,,192503
2014,Uttarakhand,2,Garhwal,GEN,B. C. Khanduri,BJP,405690,,Harak Singh Rawat,INC,221164,,184526
2014,Uttarakhand,3,Almora,SC,Ajay Tamta,BJP,348186,,Pradeep Tamta,INC,252496,,95690
2014,Uttarakhand,4,Nainital-Udhamsingh Nagar,GEN,Bhagat Singh Koshyari,BJP,636769,,K. C. Singh Baba,INC,352052,,284717
2014,Uttarakhand,5,Haridwar,GEN,Ramesh Pokhriyal,BJP,592320,,Renuka Rawat,INC,414498,,177822
2014,West Bengal,1,Cooch Behar,SC,Renuka Sinha,TMC,526499,,Dipak Kumar Roy,AIFB,439392,,87107
2014,West Bengal,2,Alipurduars,SC,Dasrath Tirkey,TMC,362453,,Manohar Tirkey,RSP,341056,,21397
2014,West Bengal,3,Jalpaiguri,SC,Bijoy Chandra Barman,TMC,494773,,Mahendra Kumar Roy,CPI(M),425167,,69606
2014,West Bengal,4,Darjeeling,GEN,S.S.Ahluwalia,BJP,488257,,Bhai Chung Bhutia,TMC,291018,,197239
2014,West Bengal,5,Raiganj,GEN,Md. Salim,CPI(M),317515,,Deepa Dasmunsi,INC,315881,,1634
2014,West Bengal,6,Balurghat,GEN,Arpita Ghosh,TMC,409641,,Bimalendu Sarkar,RSP,302677,,106964
2014,West Bengal,7,Maldaha Uttar,GEN,Mausam Noor,INC,388609,,Khagen Murmu,CPI(M),322904,,65705
2014,West Bengal,8,Maldaha Dakshin,GEN,Abu Hasem Khan Chowdhury,INC,380291,,Bisnu Pada Roy,BJP,216180,,164111
2014,West Bengal,9,Jangipur,GEN,Abhijit Mukherjee,INC,378201,,Muzaffar Hossain,CPI(M),370040,,8161
2014,West Bengal,10,Baharampur,GEN,Adhir Ranjan Chowdhury,INC,583549,,Indranil Sen,TMC,226982,,356567
2014,West Bengal,11,Murshidabad,GEN,Badaruddoza Khan,CPI(M),426947,,Abdul Mannan Hossain,INC,408494,,18453
2014,West Bengal,12,Krishnanagar,GEN,Tapas Paul,TMC,438789,,Jha Shantanu,CPI(M),367534,,71255
2014,West Bengal,13,Ranaghat,SC,Tapas Mandal,TMC,590451,,Archana Biswas,CPI(M),388684,,201767
2014,West Bengal,14,Bangaon,SC,Mamata Thakur,TMC,539999,,Debesh Das,CPI(M),328214,,211785
2014,West Bengal,15,Barrackpore,GEN,Dinesh Trivedi,TMC,479206,,Subhashini Ali,CPI(M),272433,,206773
2014,West Bengal,16,Dum Dum,GEN,Saugata Roy,TMC,483244,,Asim Kumar Dasgupta,CPI(M),328310,,154934
2014,West Bengal,17,Barasat,GEN,Dr. Kakali Ghoshdostidar,TMC,525387,,Dr. Mortoza Hossain,AIFB,352246,,173141
2014,West Bengal,18,Basirhat,GEN,Idris Ali,TMC,492326,,Nurul Huda,CPI,382667,,109659
2014,West Bengal,19,Jaynagar,SC,Pratima Mondal,TMC,494746,,Subhas Naskar,RSP,386362,,108384
2014,West Bengal,20,Mathurapur,SC,Choudhury Mohan Jatua,TMC,627761,,Rinku Naskar,CPI(M),489325,,138436
2014,West Bengal,21,Diamond Harbour,GEN,Abhishek Banerjee,TMC,508481,,Dr. Abul Hasnat,CPI(M),437183,,71298
2014,West Bengal,22,Jadavpur,GEN,Sugata Bose,TMC,584244,,Sujan Chakraborty,CPI(M),459041,,125203
2014,West Bengal,23,Kolkata Dakshin,GEN,Subrata Bakshi,TMC,431715,,Tathagata Roy,BJP,295376,,136339
2014,West Bengal,24,Kolkata Uttar,GEN,Sudip Bandyopadhyay,TMC,343687,,Rahul Sinha,BJP,247461,,96226
2014,West Bengal,25,Howrah,GEN,Prasun Banerjee,TMC,488461,,Sridip Bhattacharya,CPI(M),291505,,196956
2014,West Bengal,26,Uluberia,GEN,Sultan Ahmed,TMC,570785,,Sabir Uddin Molla,CPI(M),369563,,201222
2014,West Bengal,27,Serampore,GEN,Kalyan Banerjee,TMC,514933,,Tirthankar Ray,CPI(M),362407,,152526
2014,West Bengal,28,Hooghly,GEN,Dr. Ratna De (Nag),TMC,614312,,Pradip Saha,CPI(M),425228,,189084
2014,West Bengal,29,Arambagh,SC,Aparupa Poddar,TMC,748764,,Saktimohan Malik,CPI(M),401919,,346845
2014,West Bengal,30,Tamluk,GEN,Adhikari Suvendu,TMC,716928,,Sekh Ibrahim Ali,CPI(M),470447,,246481
2014,West Bengal,31,Kanthi,GEN,Adhikari Sisir Kumar,TMC,676749,,Sinha Tapas,CPI(M),447259,,229490
2014,West Bengal,32,Ghatal,GEN,Adhikari Deepak (Dev),TMC,685696,,Santosh Rana,CPI,424805,,260891
2014,West Bengal,33,Jhargram,ST,Uma Saren,TMC,674504,,Pulin Bihari Baske,CPI(M),326621,,347883
2014,West Bengal,34,Medinipur,GEN,Sandhya Roy,TMC,579860,,Prabodh Panda,CPI,395194,,184666
2014,West Bengal,35,Purulia,GEN,Dr. Mriganka Mahato,TMC,468277,,Narahari Mahato,AIFB,314400,,153877
2014,West Bengal,36,Bankura,GEN,Sreemati Dev Varma (Moon Moon Sen),TMC,483455,,Acharia Basudeb,CPI(M),384949,,98506
2014,West Bengal,37,Bishnupur,SC,Khan Saumitra,TMC,578870,,Susmita Bauri,CPI(M),429185,,149685
2014,West Bengal,38,Bardhaman Purba,SC,Sunil Kumar Mondal,TMC,574660,,Iswar Chandra Das,CPI(M),460181,,114479
2014,West Bengal,39,Bardhaman-Durgapur,GEN,Mamtaz Sanghamita,TMC,554521,,Sk. Saidul Haque,CPI(M),447190,,107331
2014,West Bengal,40,Asansol,GEN,Babul Supriyo,BJP,419983,,Dola Sen,TMC,349503,,70480
2014,West Bengal,41,Bolpur,SC,Anupam Hazra,TMC,630693,,Dome Ramchandra,CPI(M),394581,,236112
2014,West Bengal,42,Birbhum,GEN,Satabdi Roy (Banerjee),TMC,460568,,Dr. Elahi Kamre Muhammad,CPI(M),393305,,6726
2019,Andaman and Nicobar Islands,1,Andaman And Nicobar Islands,GEN,Kuldeep Rai Sharma,INC,95308,45.95,Vishal Jolly,BJP,93901,45.28,1407
2019,Andhra Pradesh,1,Araku,ST,Goddeti Madhavi,YSRCP,562190,52.14,Kishore Chandra Deo,TDP,338101,31.36,224089
2019,Andhra Pradesh,2,Srikakulam,GEN,Ram Mohan Naidu Kinjarapu,TDP,534544,45.91,Duvvada Srinivas,YSRCP,527891,45.34,6653
2019,Andhra Pradesh,3,Vizianagaram,GEN,Bellana Chandra Sekhar,YSRCP,578418,47.32,Ashok Gajapathi Raju,TDP,530382,43.39,48036
2019,Andhra Pradesh,4,Visakhapatnam,GEN,M. V. V. Satyanarayana,YSRCP,436906,35.24,Bharat Mathukumilli,TDP,432492,34.88,4414
2019,Andhra Pradesh,5,Anakapalli,GEN,Beesetti Venkata Satyavathi,YSRCP,586226,47.26,Aadari Anand,TDP,497034,40.07,89192
2019,Andhra Pradesh,6,Kakinada,GEN,Vanga Geetha,YSRCP,537630,43.47,Chalamalasetti Sunil,TDP,511892,41.39,25738
2019,Andhra Pradesh,7,Amalapuram,SC,Chinta Anuradha,YSRCP,485958,39.34,Ganti Harish,TDP,446163,36.12,39966
2019,Andhra Pradesh,8,Rajahmundry,GEN,Margani Bharat,YSRCP,582024,46.54,Maganti Rupa,TDP,460390,36.82,121634
2019,Andhra Pradesh,9,Narasapuram,GEN,Raghu Rama Krishna Raju,YSRCP,449234,38.1,Vetukuri Venkata Siva Rama Raju,TDP,416558,35.33,31909
2019,Andhra Pradesh,10,Eluru,GEN,Kotagiri Sridhar,YSRCP,676809,50.8,Maganti Venkateswara Rao,TDP,510884,38.35,165925
2019,Andhra Pradesh,11,Machilipatnam,GEN,Vallabhaneni Balasouri,YSRCP,572850,45.99,Konakalla Narayana Rao,TDP,512612,41.16,60141
2019,Andhra Pradesh,12,Vijayawada,GEN,Kesineni Srinivas,TDP,575498,45.04,Prasad V. Potluri,YSRCP,566772,44.36,8726
2019,Andhra Pradesh,13,Guntur,GEN,Galla Jayadev,TDP,587918,43.5,Modugula Venugopala Reddy,YSRCP,583713,43.19,4205
2019,Andhra Pradesh,14,Narasaraopet,GEN,Lavu Sri Krishna Devarayalu,YSRCP,745557,51.75,Rayapati Sambasiva Rao,TDP,591555,41.06,153978
2019,Andhra Pradesh,15,Bapatla,SC,Nandigam Suresh,YSRCP,598257,47.11,Malyadri Sriram,TDP,582192,45.84,16065
2019,Andhra Pradesh,16,Ongole,GEN,Magunta Sreenivasulu Reddy,YSRCP,739202,55,Sidda Raghava Rao,TDP,524351,39.01,214851
2019,Andhra Pradesh,17,Nandyal,GEN,Pocha Brahmananda Reddy,YSRCP,720888,55.46,Mandra Sivananda Reddy,TDP,470769,36.22,250119
2019,Andhra Pradesh,18,Kurnool,GEN,Sanjeev Kumar,YSRCP,605462,50.85,Kotla Jayasurya Prakasha Reddy,TDP,456395,38.33,148889
2019,Andhra Pradesh,19,Anantapur,GEN,Tallari Rangaiah,YSRCP,695208,51.57,JC Pavan Reddy,TDP,553780,41.08,141428
2019,Andhra Pradesh,20,Hindupur,GEN,Kuruva Gorantla Madhav,YSRCP,706602,52.73,Kristappa Nimmala,TDP,565854,42.33,140748
2019,Andhra Pradesh,21,Kadapa,GEN,Y. S. Avinash Reddy,YSRCP,783499,63.41,Adi Narayana Reddy,TDP,402773,32.6,380976
2019,Andhra Pradesh,22,Nellore,GEN,Adala Prabhakara Reddy,YSRCP,683830,53.04,Beeda Masthan Rao,TDP,535259,41.52,148571
2019,Andhra Pradesh,23,Tirupati,SC,Balli Durga Prasad Rao,YSRCP,722877,54.91,Panabaka Lakshmi,TDP,494501,37.56,228376
2019,Andhra Pradesh,24,Rajampet,GEN,P. V. Midhun Reddy,YSRCP,702211,57.27,D K Satyaprabha,TDP,433927,35.39,268284
2019,Andhra Pradesh,25,Chittoor,SC,N. Reddeppa,YSRCP,686792,52.04,Naramalli Sivaprasad,TDP,549521,41.64,137271
2019,Arunachal Pradesh,1,Arunachal West,ST,Kiren Rijiju,BJP,225796,62.02,Nabam Tuki,INC,50953,14,174843
2019,Arunachal Pradesh,2,Arunachal East,ST,Tapir Gao,BJP,153883,52.04,Lowangcha Wanglat,INC,83935,28.38,69948
2019,Assam,1,Karimganj,SC,Kripanath Mallah,BJP,473046,,Radheshyam Biswas,AIUDF,434657,,38389
2019,Assam,2,Silchar,GEN,Rajdeep Roy,BJP,499414,,Sushmita Dev,INC,417818,,81596
2019,Assam,3,Autonomous District,ST,Horen Sing Bey,BJP,381316,,Biren Singh Engti,INC,141690,,239626
2019,Assam,4,Dhubri,GEN,Badruddin Ajmal,AIUDF,718764,,Abu Taher Bepari,INC,492506,,226258
2019,Assam,5,Kokrajhar,ST,Naba Kumar Sarania,IND,484560,,Pramila Rani Brahma,Bodoland People'S Front,446774,,37786
2019,Assam,6,Barpeta,GEN,Abdul Khaleque,INC,645173,,Kumar Deepak Das,AGP,504866,,140307
2019,Assam,7,Guwahati,GEN,Queen Oja,BJP,1008936,,Bobita Sharma,INC,663330,,345606
2019,Assam,8,Mangaldoi,GEN,Dilip Saikia,BJP,735469,,Bhubaneswar Kalita,INC,596924,,138545
2019,Assam,9,Tezpur,GEN,Pallab Lochan Das,BJP,684166,,M.G.V.K. Bhanu,INC,441325,,242841
2019,Assam,10,Nagaon,GEN,Pradyut Bordoloi,INC,739724,,Rupak Sharma,BJP,722972,,16752
2019,Assam,11,Kaliabor,GEN,Gourav Gogoi,INC,786092,,Moni Madhab Mahanta,AGP,576098,,209994
2019,Assam,12,Jorhat,GEN,Topon Kumar Gogoi,BJP,543288,,Sushanta Borgohain,INC,460635,,82653
2019,Assam,13,Dibrugarh,GEN,Rameswar Teli,BJP,659583,,Paban Singh Ghatowar,INC,295017,,364566
2019,Assam,14,Lakhimpur,GEN,Pradan Baruah,BJP,776406,,Anil Borgohain,INC,425855,,350551
2019,Bihar,1,Valmiki Nagar,GEN,Baidyanath Prasad Mahto,JD(U),602660,,Shashwat Kedar,INC,248044,,354616
2019,Bihar,2,Paschim Champaran,GEN,Sanjay Jaiswal,BJP,603706,,Brijesh Kumar Kushwaha,Rashtriya Lok Samta Party,309800,,293906
2019,Bihar,3,Purvi Champaran,GEN,Radha Mohan Singh,BJP,577787,,Akash Kumar Singh,Rashtriya Lok Samta Party,284139,,293648
2019,Bihar,4,Sheohar,GEN,Rama Devi,BJP,608678,,Syed Faisal Ali,RJD,268318,,340360
2019,Bihar,5,Sitamarhi,GEN,Sunil Kumar Pintu,JD(U),567745,,Arjun Rai,RJD,317206,,250539
2019,Bihar,6,Madhubani,GEN,Ashok Kumar Yadav,BJP,595843,,Badri Kumar Purbey,Vikassheel Insaan Party,140903,,454940
2019,Bihar,7,Jhanjharpur,GEN,Ramprit Mandal,JD(U),602391,,Gulab Yadav,RJD,279440,,322951
2019,Bihar,8,Supaul,GEN,Dileshwar Kamait,JD(U),597377,,Ranjeet Ranjan,INC,330524,,266853
2019,Bihar,9,Araria,GEN,Pradeep Kumar Singh,BJP,618434,,Sarfaraz Alam,RJD,481193,,137241
2019,Bihar,10,Kishanganj,GEN,Mohammad Jawed,INC,367017,,Syed Mahmood Ashraf,JD(U),332551,,34466
2019,Bihar,11,Katihar,GEN,Dulal Chandra Goswami,JD(U),559423,,Tariq Anwar,INC,502220,,57203
2019,Bihar,12,Purnia,GEN,Santosh Kumar,JD(U),632924,,Uday Singh,INC,369463,,263461
2019,Bihar,13,Madhepura,GEN,Dinesh Chandra Yadav,JD(U),624334,,Sharad Yadav,RJD,322807,,301527
2019,Bihar,14,Darbhanga,GEN,Gopal Jee Thakur,BJP,586668,,Abdul Bari Siddiqui,RJD,318689,,267979
2019,Bihar,15,Muzaffarpur,GEN,Ajay Nishad,BJP,666878,,Raj Bhushan Singh,Vikassheel Insaan Party,256890,,409988
2019,Bihar,16,Vaishali,GEN,Veena Devi,LJP,568215,,Raghuvansh Prasad Singh,RJD,333631,,234584
2019,Bihar,17,Gopalganj,SC,Alok Kumar Suman,JD(U),568150,,Surendra Ram,RJD,281716,,286434
2019,Bihar,18,Siwan,GEN,Kavita Singh,JD(U),448473,,Hena Shahab,RJD,331515,,116958
2019,Bihar,19,Maharajganj,GEN,Janardan Singh Sigriwal,BJP,546352,,Randhir Kumar Singh,RJD,315580,,230772
2019,Bihar,20,Saran,GEN,Rajiv Pratap Rudy,BJP,499342,,Chandrika Roy,RJD,360913,,138429
2019,Bihar,21,Hajipur,SC,Pashupati Kumar Paras,LJP,541310,,Shiv Chandra Ram,RJD,335861,,205449
2019,Bihar,22,Ujiarpur,GEN,Nityanand Rai,BJP,543906,,Upendra Kushwaha,Rashtriya Lok Samta Party,266628,,277278
2019,Bihar,23,Samastipur,SC,Ram Chandra Paswan,LJP,562443,,Ashok Kumar,INC,310800,,251643
2019,Bihar,24,Begusarai,GEN,Giriraj Singh,BJP,692193,,Kanhaiya Kumar,CPI,269976,,422217
2019,Bihar,25,Khagaria,GEN,Mehboob Ali Kaiser,LJP,510193,,Mukesh Sahani,Vikassheel Insaan Party,261623,,248570
2019,Bihar,26,Bhagalpur,GEN,Ajay Kumar Mandal,JD(U),618254,,Shailesh Kumar Mandal,RJD,340624,,277630
2019,Bihar,27,Banka,GEN,Giridhari Yadav,JD(U),477788,,Jay Prakash Narayan Yadav,RJD,277256,,200532
2019,Bihar,28,Munger,GEN,Rajiv Ranjan Singh,JD(U),528762,,Nilam Devi,INC,360825,,167937
2019,Bihar,29,Nalanda,GEN,Kaushalendra Kumar,JD(U),540888,,Ashok Kumar Azad,Hindustani Awam Morcha,284751,,256137
2019,Bihar,30,Patna Sahib,GEN,Ravi Shankar Prasad,BJP,607506,,Shatrughan Sinha,INC,322849,,284657
2019,Bihar,31,Pataliputra,GEN,Ram Kripal Yadav,BJP,509557,,Misa Bharti,RJD,470236,,39321
2019,Bihar,32,Arrah,GEN,R. K. Singh,BJP,566480,,Raju Yadav,CPI(ML)L,419195,,147285
2019,Bihar,33,Buxar,GEN,Ashwini Kumar Choubey,BJP,473053,,Jagadanand Singh,RJD,355444,,117609
2019,Bihar,34,Sasaram,SC,Chhedi Paswan,BJP,494800,,Meira Kumar,INC,329055,,165745
2019,Bihar,35,Karakat,GEN,Mahabali Singh,JD(U),398408,,Upendra Kushwaha,Rashtriya Lok Samta Party,313866,,84542
2019,Bihar,36,Jahanabad,GEN,Chandeshwar Prasad,JD(U),335584,,Surendra Prasad Yadav,RJD,333833,,1751
2019,Bihar,37,Aurangabad,GEN,Sushil Kumar Singh,BJP,431541,,Upendra Prasad,Hindustani Awam Morcha,358934,,72607
2019,Bihar,38,Gaya,SC,Vijay Kumar Manjhi,JD(U),467007,,Jitan Ram Manjhi,Hindustani Awam Morcha,314581,,152426
2019,Bihar,39,Nawada,GEN,Chandan Singh,LJP,495684,,Vibha Devi,RJD,347612,,148072
2019,Bihar,40,Jamui,SC,Chirag Paswan,LJP,529134,,Bhudeo Choudhary,Rashtriya Lok Samta Party,288085,,241049
2019,Chandigarh,1,Chandigarh,GEN,Kirron Kher,BJP,231188,,Pawan Kumar Bansal,INC,184218,,46970
2019,Chhattisgarh,1,Sarguja,ST,Renuka Singh,BJP,663711,,Khel Sai Singh,INC,505838,,157873
2019,Chhattisgarh,2,Raigarh,ST,Gomati Sai,BJP,658335,,Laljeet Singh Rathia,INC,592308,,66027
2019,Chhattisgarh,3,Janjgir-Champa,SC,Guharam Ajgalley,BJP,572790,,Ravi Parasram Bhardwaj,INC,489535,,83255
2019,Chhattisgarh,4,Korba,GEN,Jyotsna Mahant,INC,523410,,Jyoti Nand Dubey,BJP,497061,,26349
2019,Chhattisgarh,5,Bilaspur,GEN,Arun Sao,BJP,634559,,Atal Srivastav,INC,492796,,141763
2019,Chhattisgarh,6,Rajnandgaon,GEN,Santosh Pandey,BJP,662387,,Bhola Ram Sahu,INC,550421,,111966
2019,Chhattisgarh,7,Durg,GEN,Vijay Baghel,BJP,849374,,Pratima Chandrakar,INC,457396,,391978
2019,Chhattisgarh,8,Raipur,GEN,Sunil Kumar Soni,BJP,837902,,Pramod Dubey,INC,489664,,348238
2019,Chhattisgarh,9,Mahasamund,GEN,Chunni Lal Sahu,BJP,616580,,Dhanendra Sahu,INC,526069,,90511
2019,Chhattisgarh,10,Bastar,ST,Deepak Baij,INC,402527,,Baiduram Kashyap,BJP,363545,,38982
2019,Chhattisgarh,11,Kanker,ST,Mohan Mandavi,BJP,546233,,Biresh Thakur,INC,539319,,6914
2019,Dadra and Nagar Haveli,1,Dadra And Nagar Haveli,ST,Mohanbhai Delkar,IND,90421,,Natubhai Patel,BJP,81420,,9001
2019,Daman and Diu,1,Daman And Diu,GEN,Lalubhai Patel,BJP,37597,,Dahyabhai Patel,INC,27655,,9942
2019,Delhi,1,Chandni Chowk,GEN,Harsh Vardhan,BJP,519055,,Jai Parkash Aggarwal,INC,290910,,228145
2019,Delhi,2,North East Delhi,GEN,Manoj Tiwari,BJP,787799,,Sheila Dikshit,INC,421697,,366102
2019,Delhi,3,East Delhi,GEN,Gautam Gambhir,BJP,696156,,Arvinder Singh Lovely,INC,304934,,391222
2019,Delhi,4,New Delhi,GEN,Meenakshi Lekhi,BJP,504206,,Ajay Maken,INC,247702,,256504
2019,Delhi,5,North West Delhi,SC,Hans Raj Hans,BJP,848663,,Gugan Singh Ranga,AAP,294766,,553897
2019,Delhi,6,West Delhi,GEN,Parvesh Verma,BJP,865648,,Mahabal Mishra,INC,287162,,578486
2019,Delhi,7,South Delhi,GEN,Ramesh Bidhuri,BJP,687014,,Raghav Chadha,AAP,319971,,367043
2019,Goa,1,North Goa,GEN,Shripad Yesso Naik,BJP,244844,,Giri Raya Chodankar,INC,164597,,80247
2019,Goa,2,South Goa,GEN,Francisco Sardinha,INC,201561,,Narendra Keshav Sawaikar,BJP,191806,,9755
2019,Gujarat,1,Kachchh,SC,Vinodbhai Chavda,BJP,637034,,Naresh Maheshwari,INC,331521,,305513
2019,Gujarat,2,Banaskantha,GEN,Parbatbhai Patel,BJP,679108,,Parthibhai Bhatol,INC,310812,,368296
2019,Gujarat,3,Patan,GEN,Bharatsinhji Dabhi Thakor,BJP,633368,,Jagdish Thakor,INC,439489,,193879
2019,Gujarat,4,Mahesana,GEN,Shardaben Patel,BJP,659525,,A. J. Patel,INC,378006,,281519
2019,Gujarat,5,Sabarkantha,GEN,Dipsinh Rathod,BJP,701984,,Rajendra Thakor,INC,432997,,268987
2019,Gujarat,6,Gandhinagar,GEN,Amit Shah,BJP,894624,,C. J. Chavada,INC,337610,,557014
2019,Gujarat,7,Ahmedabad East,GEN,Hasmukhbhai Patel,BJP,749834,,Gitaben Patel,INC,315504,,434330
2019,Gujarat,8,Ahmedabad West,SC,Kirit Solanki,BJP,641622,,Raju Parmar,INC,320076,,321546
2019,Gujarat,9,Surendranagar,GEN,Mahendra Munjapara,BJP,631844,,Somabhai Patel,INC,354407,,277437
2019,Gujarat,10,Rajkot,GEN,Mohan Kundariya,BJP,758645,,Lalit Kagathara,INC,390238,,368407
2019,Gujarat,11,Porbandar,GEN,Rameshbhai Dhaduk,BJP,563881,,Lalit Vasoya,INC,334058,,229823
2019,Gujarat,12,Jamnagar,GEN,Poonamben Maadam,BJP,591588,,Murubhai Kandoriya,INC,354784,,236804
2019,Gujarat,13,Junagadh,GEN,Rajesh Chudasama,BJP,547952,,Punjabhai Vansh,INC,397767,,150185
2019,Gujarat,14,Amreli,GEN,Naranbhai Kachhadiya,BJP,529035,,Paresh Dhanani,INC,327604,,201431
2019,Gujarat,15,Bhavnagar,GEN,Bharti Shiyal,BJP,661273,,Manhar Patel,INC,331754,,329519
2019,Gujarat,16,Anand,GEN,Mitesh Patel,BJP,633097,,Bharatbhai Solanki,INC,435379,,197718
2019,Gujarat,17,Kheda,GEN,Devusinh Chauhan,BJP,714572,,Bimal Shah,INC,347427,,367145
2019,Gujarat,18,Panchmahal,GEN,Ratansinh Rathod,BJP,732136,,V. K. Khant,INC,303595,,428541
2019,Gujarat,19,Dahod,ST,Jasvantsinh Bhabhor,BJP,561760,,Babubhai Katara,INC,434164,,127596
2019,Gujarat,20,Vadodara,GEN,Ranjanben Bhatt,BJP,883719,,Prashant Patel,INC,294542,,589177
2019,Gujarat,21,Chhota Udaipur,ST,Gitaben Rathva,BJP,764445,,Ranjit Mohansinh Rathwa,INC,386502,,377943
2019,Gujarat,22,Bharuch,GEN,Mansukhbhai Vasava,BJP,637795,,Sherkhan Abdulsakur Pathan,INC,303581,,334214
2019,Gujarat,23,Bardoli,ST,Parbhubhai Vasava,BJP,742273,,Tusharbhai Chaudhari,INC,526826,,215447
2019,Gujarat,24,Surat,GEN,Darshana Jardosh,BJP,795651,,Ashok Adhevada,INC,247421,,548230
2019,Gujarat,25,Navsari,GEN,C. R. Patil,BJP,972739,,Dharmesh Bhimbhai Patel,INC,283071,,689668
2019,Gujarat,26,Valsad,ST,K C Patel,BJP,771980,,Jitu Chaudhary,INC,418183,,353797
2019,Haryana,1,Ambala,SC,Rattan Lal Kataria,BJP,746508,,Selja Kumari,INC,404163,,342345
2019,Haryana,2,Kurukshetra,GEN,Nayab Singh,BJP,688629,,Nirmal Singh,INC,304038,,384591
2019,Haryana,3,Sirsa,SC,Sunita Duggal,BJP,714351,,Ashok Tanwar,INC,404433,,309918
2019,Haryana,4,Hisar,GEN,Bijendra Singh,BJP,603289,,Dushyant Chautala,Jannayak Janta Party,289221,,314068
2019,Haryana,5,Karnal,GEN,Sanjay Bhatia,BJP,911594,,Kuldeep Sharma,INC,255452,,656142
2019,Haryana,6,Sonipat,GEN,Ramesh Chander Kaushik,BJP,587664,,Bhupinder Singh Hooda,INC,422800,,164864
2019,Haryana,7,Rohtak,GEN,Arvind Kumar Sharma,BJP,573845,,Deepender Singh Hooda,INC,566342,,7503
2019,Haryana,8,Bhiwani-Mahendragarh,GEN,Dharambir Singh,BJP,736699,,Shruti Choudhry,INC,292236,,444463
2019,Haryana,9,Gurgaon,GEN,Inderjit Singh Rao,BJP,881546,,Ajay Singh Yadav,INC,495290,,386256
2019,Haryana,10,Faridabad,GEN,Krishan Pal Gurjar,BJP,913222,,Avtar Singh Bhadana,INC,274983,,638239
2019,Himachal Pradesh,1,Kangra,GEN,Kishan Kapoor,BJP,725218,,Pawan Kajal,INC,247595,,477623
2019,Himachal Pradesh,2,Mandi,GEN,Ram Swaroop Sharma,BJP,647189,,Aashray Sharma,INC,241730,,405459
2019,Himachal Pradesh,3,Hamirpur,GEN,Anurag Thakur,BJP,682692,,Ram Lal Thakur,INC,283120,,399572
2019,Himachal Pradesh,4,Shimla,SC,Suresh Kumar Kashyap,BJP,606183,,Dhani Ram Shandil,INC,278668,,327515
2019,Jammu and Kashmir,1,Baramulla,GEN,Mohammad Akbar Lone,JKNC,133376,,Raja Aijaz Ali,Jammu And Kashmir People'S Conference,102618,,30758
2019,Jammu and Kashmir,2,Srinagar,GEN,Farooq Abdullah,JKNC,106750,,Aga Syed Mohsin,JKPDP,36700,,70050
2019,Jammu and Kashmir,3,Anantnag,GEN,Hasnain Masoodi,JKNC,40180,,Ghulam Ahmad Mir,INC,33504,,6676
2019,Jammu and Kashmir,4,Ladakh,GEN,Jamyang Tsering Namgyal,BJP,42914,,Sajjad Hussain,IND,31984,,10930
2019,Jammu and Kashmir,5,Udhampur,GEN,Jitendra Singh,BJP,724311,,Vikramaditya Singh,INC,367059,,357252
2019,Jammu and Kashmir,6,Jammu,GEN,Jugal Kishore Sharma,BJP,858066,,Raman Bhalla,INC,555191,,302875
2019,Jharkhand,1,Rajmahal,ST,Vijay Hansdak,JMM,507830,,Hemlal Murmu,BJP,408635,,99195
2019,Jharkhand,2,Dumka,ST,Sunil Soren,BJP,484923,,Shibu Soren,JMM,437333,,47590
2019,Jharkhand,3,Godda,GEN,Nishikant Dubey,BJP,637610,,Pradeep Yadav,Jharkhand Vikas Morcha (Prajatantrik),453383,,184227
2019,Jharkhand,4,Chatra,GEN,Sunil Kumar Singh,BJP,528077,,Manoj Kumar Yadav,INC,150206,,377871
2019,Jharkhand,5,Kodarma,GEN,Annapurna Devi Yadav,BJP,753016,,Babulal Marandi,Jharkhand Vikas Morcha (Prajatantrik),297416,,455600
2019,Jharkhand,6,Giridih,GEN,Chandra Prakash Chaudhary,All Jharkhand Students Union,648277,,Jagarnath Mahto,JMM,399930,,248347
2019,Jharkhand,7,Dhanbad,GEN,Pashupati Nath Singh,BJP,827234,,Kirti Azad,INC,341040,,486194
2019,Jharkhand,8,Ranchi,GEN,Sanjay Seth,BJP,706828,,Subodh Kant Sahay,INC,423802,,283026
2019,Jharkhand,9,Jamshedpur,GEN,Vidyut Mahato,BJP,679632,,Champai Soren,JMM,377542,,302090
2019,Jharkhand,10,Singhbhum,SC,Geeta Koda,INC,431815,,Laxman Giluwa,BJP,359660,,72155
2019,Jharkhand,11,Khunti,ST,Arjun Munda,BJP,382638,,Kali Charan Munda,INC,381193,,1445
2019,Jharkhand,12,Lohardaga,ST,Sudarshan Bhagat,BJP,371595,,Sukhdeo Bhagat,INC,361232,,10363
2019,Jharkhand,13,Palamau,SC,Vishnu Dayal Ram,BJP,755659,,Ghuran Ram,RJD,278053,,477606
2019,Jharkhand,14,Hazaribagh,GEN,Jayant Sinha,BJP,728798,,Gopal Sahu,INC,249250,,479548
2019,Karnataka,1,Chikkodi,GEN,Annasaheb Jolle,BJP,645017,,Prakash Hukkeri,INC,526140,,118877
2019,Karnataka,2,Belgaum,GEN,Suresh Angadi,BJP,761991,,Sadhunavar,INC,370687,,391304
2019,Karnataka,3,Bagalkot,GEN,P. C. Gaddigoudar,BJP,664638,,Veena Kashappanavar,INC,496451,,168187
2019,Karnataka,4,Bijapur,SC,Ramesh Jigajinagi,BJP,635867,,Sunita Devanand Chavan,JD(S),377829,,258038
2019,Karnataka,5,Gulbarga,SC,Umesh. G. Jadhav,BJP,620192,,Mallikarjun Kharge,INC,524740,,95452
2019,Karnataka,6,Raichur,ST,Raja Amareswara Naik,BJP,598337,,B. V. Nayak,INC,480621,,117716
2019,Karnataka,7,Bidar,GEN,Bhagwanth Khuba,BJP,585471,,Eshwara Khandre,INC,468637,,116834
2019,Karnataka,8,Koppal,GEN,Karadi Sanganna,BJP,586783,,Rajashekar Hitnal,INC,548386,,38397
2019,Karnataka,9,Bellary,ST,Y. Devendrappa,BJP,616388,,V. S. Ugrappa,INC,560681,,55707
2019,Karnataka,10,Haveri,GEN,Shivkumar Udasi,BJP,683660,,D. R. Patil,INC,542778,,140882
2019,Karnataka,11,Dharwad,GEN,Pralhad Joshi,BJP,684837,,Vinay Kulkarni,INC,479765,,205072
2019,Karnataka,12,Uttara Kannada,GEN,Anantkumar Hegde,BJP,786042,,Anand Asnotikar,JD(S),306393,,479649
2019,Karnataka,13,Davanagere,GEN,G. M. Siddeshwara,BJP,652996,,H. B. Manjappa,INC,483294,,169702
2019,Karnataka,14,Shimoga,GEN,B. Y. Raghavendra,BJP,729872,,Madhu Bangarappa,JD(S),506512,,223360
2019,Karnataka,15,Udupi Chikmagalur,GEN,Shobha Karandlaje,BJP,718916,,Pramod Madhwaraj,JD(S),369317,,349599
2019,Karnataka,16,Hassan,GEN,Prajwal Revanna,JD(S),676606,,A. Manju,BJP,535282,,141324
2019,Karnataka,17,Dakshina Kannada,GEN,Nalin Kumar Kateel,BJP,774285,,Mithun M. Rai,INC,499664,,274621
2019,Karnataka,18,Chitradurga,SC,A Narayanaswamy,BJP,626195,,B. N. Chandrappa,INC,546017,,80178
2019,Karnataka,19,Tumkur,GEN,G. S. Basavaraj,BJP,596127,,H. D. Devegowda,JD(S),582788,,13339
2019,Karnataka,20,Mandya,GEN,Sumalatha Ambareesh,IND,703660,,Nikhil Kumaraswamy,JD(S),577784,,125876
2019,Karnataka,21,Mysore,GEN,Pratap Simha,BJP,688974,,C. H. Vijayashankar,INC,550327,,138647
2019,Karnataka,22,Chamarajanagar,SC,Srinivas Prasad,BJP,568537,,R. Dhruvanarayana,INC,566720,,1817
2019,Karnataka,23,Bangalore Rural,GEN,D. K. Suresh,INC,878258,,Ashwathnarayan Gowda,BJP,671388,,206870
2019,Karnataka,24,Bangalore North,GEN,Sadananda Gowda,BJP,824500,,Krishna Byre Gowda,INC,676982,,147518
2019,Karnataka,25,Bangalore Central,GEN,P. C. Mohan,BJP,602853,,Rizwan Arshad,INC,531885,,70968
2019,Karnataka,26,Bangalore South,GEN,Tejasvi Surya,BJP,739229,,B. K. Hariprasad,INC,408037,,331192
2019,Karnataka,27,Chikballapur,GEN,B. N. Bache Gowda,BJP,745912,,M. Veerappa Moily,INC,563802,,182110
2019,Karnataka,28,Kolar,GEN,S. Muniswamy,BJP,709165,,K. H. Muniyappa,INC,499144,,210021
2019,Kerala,1,Kasaragod,GEN,Rajmohan Unnithan,INC,474961,,K. P. Satheesh Chandran,CPI(M),434523,,40438
2019,Kerala,2,Kannur,GEN,K. Sudhakaran,INC,529741,,P.K. Sreemathy,CPI(M),435182,,94559
2019,Kerala,3,Vatakara,GEN,K. Muraleedharan,INC,526755,,P. Jayarajan,CPI(M),442092,,84663
2019,Kerala,4,Wayanad,GEN,Rahul Gandhi,INC,706367,,P. P. Suneer,CPI,274597,,431770
2019,Kerala,5,Kozhikode,GEN,M. K. Raghavan,INC,493444,,A. Pradeepkumar,CPI(M),408219,,85225
2019,Kerala,6,Malappuram,GEN,P. K. Kunhalikutty,Indian Union Muslim League,589873,,V.P. Sanu,CPI(M),329720,,260153
2019,Kerala,7,Ponnani,GEN,E. T. Muhammed Basheer,Indian Union Muslim League,521824,,P. V. Anvar,IND,328551,,193273
2019,Kerala,8,Palakkad,GEN,V. K. Sreekandan,INC,399274,,M.B. Rajesh,CPI(M),387637,,11637
2019,Kerala,9,Alathur,SC,Ramya Haridas,INC,533815,,P.K. Biju,CPI(M),374847,,158968
2019,Kerala,10,Thrissur,GEN,T. N. Prathapan,INC,415089,,Rajaji Mathew Thomas,CPI,321456,,93633
2019,Kerala,11,Chalakudy,GEN,Benny Behanan,INC,473444,,Innocent Vareed Thekkethala,CPI(M),341170,,132274
2019,Kerala,12,Ernakulam,GEN,Hibi Eden,INC,491263,,P. Rajeev,CPI(M),322110,,169153
2019,Kerala,13,Idukki,GEN,Dean Kuriakose,INC,498493,,Joice George,IND,327440,,171053
2019,Kerala,14,Kottayam,GEN,Thomas Chazhikadan,Kerala Congress (M),421046,,V. N. Vasavan,CPI(M),314787,,106259
2019,Kerala,15,Alappuzha,GEN,A. M. Ariff,CPI(M),445970,,Shanimol Usman,INC,435496,,10474
2019,Kerala,16,Mavelikkara,SC,Kodikkunnil Suresh,INC,440415,,Chittayam Gopakumar,CPI,379277,,61138
2019,Kerala,17,Pathanamthitta,GEN,Anto Antony,INC,380927,,Veena George,CPI(M),336684,,44243
2019,Kerala,18,Kollam,GEN,N. K. Premachandran,RSP,499677,,K. N. Balagopal,CPI(M),350821,,148856
2019,Kerala,19,Attingal,GEN,Adoor Prakash,INC,380995,,A. Sampath,CPI(M),342748,,38247
2019,Kerala,20,Thiruvananthapuram,GEN,Shashi Tharoor,INC,416131,,Kummanam Rajasekharan,BJP,316142,,99989
2019,Lakshadweep,1,Lakshadweep,ST,Mohammed Faizal P. P.,NCP,22851,,Muhammed Hamdulla Sayeed,INC,22028,,823
2019,Madhya Pradesh,1,Morena,GEN,Narendra Singh Tomar,BJP,541689,,Ramnivas Rawat,INC,428348,,113341
2019,Madhya Pradesh,2,Bhind,SC,Sandhya Ray,BJP,527694,,Devashish Jharariya,INC,327809,,199885
2019,Madhya Pradesh,3,Gwalior,GEN,Vivek Sejwalker,BJP,627250,,Ashok Singh,INC,480408,,146842
2019,Madhya Pradesh,4,Guna,GEN,Krishna Pal Singh Yadav,BJP,614049,,Jyotiraditya Scindia,INC,488500,,125549
2019,Madhya Pradesh,5,Sagar,GEN,Raj Bahadur Singh,BJP,646231,,Prabhu Singh Thakur,INC,340689,,305542
2019,Madhya Pradesh,6,Tikamgarh,SC,Virendra Kumar,BJP,672248,,Ahirwar Kiran,INC,324189,,348059
2019,Madhya Pradesh,7,Damoh,GEN,Prahlad Singh Patel,BJP,704524,,Pratap Singh,INC,351113,,353411
2019,Madhya Pradesh,8,Khajuraho,GEN,Vishnu Datt Sharma,BJP,811135,,Kavita Singh,INC,318753,,492382
2019,Madhya Pradesh,9,Satna,GEN,Ganesh Singh,BJP,588753,,Rajaram Tripathi,INC,357280,,231473
2019,Madhya Pradesh,10,Rewa,GEN,Janardan Mishra,BJP,583745,,Siddhartha Tiwari,INC,270938,,312807
2019,Madhya Pradesh,11,Sidhi,GEN,Riti Pathak,BJP,698342,,Ajay Arjun Singh,INC,411818,,286524
2019,Madhya Pradesh,12,Shahdol,ST,Himadri Singh,BJP,747977,,Pramila Singh,INC,344644,,403333
2019,Madhya Pradesh,13,Jabalpur,GEN,Rakesh Singh,BJP,826454,,Vivek Tankha,INC,371710,,454744
2019,Madhya Pradesh,14,Mandla,ST,Faggan Singh Kulaste,BJP,737266,,Kamal Singh Maravi,INC,639592,,97674
2019,Madhya Pradesh,15,Balaghat,GEN,Dhal Singh Bisen,BJP,696102,,Madhu Bhagat,INC,454036,,242066
2019,Madhya Pradesh,16,Chhindwara,GEN,Nakul Nath,INC,587305,,Nathansaha Kawreti,BJP,549769,,37536
2019,Madhya Pradesh,17,Hoshangabad,GEN,Uday Pratap Singh,BJP,877927,,Shailendra Diwan,INC,324245,,553682
2019,Madhya Pradesh,18,Vidisha,GEN,Ramakant Bhargava,BJP,853022,,Shailendra Patel,INC,349938,,503084
2019,Madhya Pradesh,19,Bhopal,GEN,Pragya Thakur,BJP,866482,,Digvijaya Singh,INC,501660,,364822
2019,Madhya Pradesh,20,Rajgarh,GEN,Rodmal Nagar,BJP,823824,,Mona Sustani,INC,392805,,431019
2019,Madhya Pradesh,21,Dewas,SC,Mahendra Singh Solanki,BJP,862429,,Prahlad Singh Tipanya,INC,490180,,372249
2019,Madhya Pradesh,22,Ujjain,SC,Anil Firojiya,BJP,791663,,Babulal Malviya,INC,426026,,365637
2019,Madhya Pradesh,23,Mandsaur,GEN,Sudheer Gupta,BJP,847786,,Meenakshi Natarajan,INC,471052,,376734
2019,Madhya Pradesh,24,Ratlam,ST,Guman Singh Damor,BJP,696103,,Kantilal Bhuria,INC,605467,,90636
2019,Madhya Pradesh,25,Dhar,ST,Chattar Singh Darbar,BJP,722147,,Girwal Dinesh,INC,566118,,156029
2019,Madhya Pradesh,26,Indore,GEN,Shankar Lalwani,BJP,1068569,,Pankaj Sanghvi,INC,520815,,547754
2019,Madhya Pradesh,27,Khargone,ST,Gajendra Patel,BJP,773550,,Govind Subhan Mujalda,INC,571040,,202510
2019,Madhya Pradesh,28,Khandwa,GEN,Nandkumar Singh Chauhan,BJP,838909,,Arun Subhash Chandra Yadav,INC,565566,,273343
2019,Madhya Pradesh,29,Betul,ST,Durga Das Uikey,BJP,811248,,Ramu Tekam,INC,451007,,360241
2019,Maharashtra,1,Nandurbar,ST,Heena Gavit,BJP,639136,,K. C. Padavi,INC,543507,,95629
2019,Maharashtra,2,Dhule,GEN,Subhash Bhamre,BJP,613533,,Kunal Rohidas Patil,INC,384290,,229243
2019,Maharashtra,3,Jalgaon,GEN,Unmesh Patil,BJP,713874,,Gulabrao Deokar,NCP,302257,,411617
2019,Maharashtra,4,Raver,GEN,Raksha Khadase,BJP,655386,,Ulhas Vasudeo Patil,INC,319504,,335882
2019,Maharashtra,5,Buldhana,GEN,Prataprao Jadhav,SS,521977,,Rajendra Shingne,NCP,388690,,133287
2019,Maharashtra,6,Akola,GEN,Sanjay Dhotre,BJP,554444,,Prakash Ambedkar,Vanchit Bahujan Aghadi,278848,,275596
2019,Maharashtra,7,Amravati,SC,Navaneet Rana,IND,510947,,Anandrao Adsul,SS,473996,,36951
2019,Maharashtra,8,Wardha,GEN,Ramdas Tadas,BJP,578364,,Charulata Tokas,INC,391173,,187191
2019,Maharashtra,9,Ramtek,SC,Krupal Tumane,SS,597126,,Kishore Uttamrao Gajbhiye,INC,470343,,126783
2019,Maharashtra,10,Nagpur,GEN,Nitin Gadkari,BJP,660221,,Nanabhau Patole,INC,444212,,216009
2019,Maharashtra,11,Bhandara-Gondiya,GEN,Sunil Baburao Mendhe,BJP,650243,,Panchabudhe Nana Jairam,NCP,452849,,197394
2019,Maharashtra,12,Gadchiroli-Chimur,ST,Ashok Nete,BJP,519968,,Namdeo Usendi,INC,442442,,77526
2019,Maharashtra,13,Chandrapur,GEN,Suresh Dhanorkar,INC,559507,,Hansraj Ahir,BJP,514744,,44763
2019,Maharashtra,14,Yavatmal-Washim,GEN,Bhavana Gawali,SS,542098,,Manikrao Thakre,INC,424159,,117939
2019,Maharashtra,15,Hingoli,GEN,Hemant Patil,SS,586312,,Subhashrao Wankhede,INC,308456,,277856
2019,Maharashtra,16,Nanded,GEN,Prataprao Chikhalikar,BJP,486806,,Ashok Chavan,INC,446658,,40148
2019,Maharashtra,17,Parbhani,GEN,Sanjay Jadhav,SS,538941,,Rajesh Uttamrao Vitekar,NCP,496742,,42199
2019,Maharashtra,18,Jalna,GEN,Raosaheb Danve,BJP,698019,,Autade Vilas Keshavrao,INC,365204,,332815
2019,Maharashtra,19,Aurangabad,GEN,Imtiyaz Jaleel,AIMIM,389042,,Chandrakant Khaire,SS,384550,,4492
2019,Maharashtra,20,Dindori,ST,Bharati Pawar,BJP,567470,,Dhanraj Mahale,NCP,368691,,198779
2019,Maharashtra,21,Nashik,GEN,Hemant Godse,SS,563599,,Sameer Bhujbal,NCP,271395,,292204
2019,Maharashtra,22,Palghar,ST,Rajendra Gavit,SS,580479,,Baliram Jadhav,Bahujan Vikas Aaghadi,491596,,88883
2019,Maharashtra,23,Bhiwandi,GEN,Kapil Patil,BJP,523583,,Suresh Taware,INC,367254,,156329
2019,Maharashtra,24,Kalyan,GEN,Shrikant Shinde,SS,559723,,Babaji Balram Patil,NCP,215380,,344343
2019,Maharashtra,25,Thane,GEN,Rajan Vichare,SS,740969,,Anand Paranjape,NCP,328824,,412145
2019,Maharashtra,26,Mumbai North,GEN,Gopal Shetty,BJP,706678,,Urmila Matondkar,INC,241431,,465247
2019,Maharashtra,27,Mumbai North West,GEN,Gajanan Kirtikar,SS,570063,,Sanjay Nirupam,INC,309735,,260328
2019,Maharashtra,28,Mumbai North East,GEN,Manoj Kotak,BJP,514599,,Sanjay Dina Patil,NCP,288113,,226486
2019,Maharashtra,29,Mumbai North Central,GEN,Poonam Mahajan,BJP,486672,,Priya Sunil Dutt,INC,356667,,130005
2019,Maharashtra,30,Mumbai South Central,GEN,Rahul Shewale,SS,424913,,Eknath Gaikwad,INC,272774,,152139
2019,Maharashtra,31,Mumbai South,GEN,Arvind Sawant,SS,421937,,Milind Deora,INC,321870,,100067
2019,Maharashtra,32,Raigad,GEN,Sunil Tatkare,NCP,486968,,Anant Geete,SS,455530,,31438
2019,Maharashtra,33,Maval,GEN,Shrirang Barne,SS,720663,,Parth Pawar,NCP,504750,,215913
2019,Maharashtra,34,Pune,GEN,Girish Bapat,BJP,632835,,Mohan Joshi,INC,308207,,324628
2019,Maharashtra,35,Baramati,GEN,Supriya Sule,NCP,686714,,Kanchan Kul,BJP,530940,,155774
2019,Maharashtra,36,Shirur,GEN,Amol Kolhe,NCP,635830,,Shivajirao Adhalarao Patil,SS,577347,,58483
2019,Maharashtra,37,Ahmednagar,GEN,Sujay Vikhe Patil,BJP,704660,,Sangram Jagtap,NCP,423186,,281474
2019,Maharashtra,38,Shirdi,SC,Sadashiv Lokhande,SS,486820,,Kamble Bhausaheb Malhari,INC,366625,,120195
2019,Maharashtra,39,Beed,GEN,Pritam Munde,BJP,678175,,Bajrang Manohar Sonwane,NCP,509807,,168368
2019,Maharashtra,40,Osmanabad,GEN,Omraje Nimbalkar,SS,596640,,Rana Jagjitsinha Padmasinha Patil,NCP,469074,,127566
2019,Maharashtra,41,Latur,SC,Sudhakar Shrungare,BJP,661495,,Kamant Machhindra Gunwantrao,INC,372384,,289111
2019,Maharashtra,42,Solapur,SC,Jaisidhesvar Swami,BJP,524985,,Sushilkumar Shinde,INC,366377,,158608
2019,Maharashtra,43,Madha,GEN,Ranjit Naik-Nimbalkar,BJP,586314,,Sanjay Vitthalrao Shinde,NCP,500550,,85764
2019,Maharashtra,44,Sangli,GEN,Sanjaykaka Patil,BJP,508995,,Vishal Prakashbapu Patil,Swabhimani Paksha,344643,,164352
2019,Maharashtra,45,Satara,GEN,Udayanraje Bhosale,NCP,579026,,Narendra Annasaheb Patil,SS,452498,,126528
2019,Maharashtra,46,Ratnagiri-Sindhudurg,GEN,Vinayak Raut,SS,458022,,Nilesh Narayan Rane,Maharashtra Swabhiman Paksha,279700,,178322
2019,Maharashtra,47,Kolhapur,GEN,Sanjay Mandlik,SS,749085,,Dhananjay Mahadik,NCP,478517,,270568
2019,Maharashtra,48,Hatkanangle,GEN,Dhairyashil Mane,SS,585776,,Raju Shetti,Swabhimani Paksha,489737,,96039
2019,Manipur,1,Inner Manipur,GEN,Rajkumar Ranjan Singh,BJP,263632,,Oinam Nabakishore Singh,INC,245877,,17755
2019,Manipur,2,Outer Manipur,ST,Lorho S. Pfoze,Naga People'S Front,363527,,Houlim Shokhopao Mate,BJP,289745,,73782
2019,Meghalaya,1,Shillong,ST,Vincent Pala,INC,419689,,Jemino Mawthoh,United Democratic Party,267256,,152433
2019,Meghalaya,2,Tura,ST,Agatha Sangma,National People'S Party,304455,,Mukul Sangma,INC,240425,,64030
2019,Mizoram,1,Mizoram,ST,C. Lalrosanga,Mizo National Front,224286,,Lalnghinglova Hmar,IND,216146,,8140
2019,Nagaland,1,Nagaland,ST,Tokheho Yepthomi,Nationalist Democratic Progressive Party,500510,,K L Chishi,INC,484166,,16344
2019,Odisha,1,Bargarh,GEN,Suresh Pujari,BJP,581245,,Prasanna Acharya,BJD,517306,,63939
2019,Odisha,2,Sundargarh,ST,Jual Oram,BJP,500056,,Sunita Biswal,BJD,276991,,223065
2019,Odisha,3,Sambalpur,GEN,Nitesh Gangadev,BJP,473770,,Nalini Kant Pradhan,BJD,464608,,9162
2019,Odisha,4,Keonjhar,ST,Chandrani Murmu,BJD,526359,,Ananta Nayak,BJP,460156,,66203
2019,Odisha,5,Mayurbhanj,ST,Bishweswar Tudu,BJP,483812,,Debashish Marndi,BJD,458556,,25256
2019,Odisha,6,Balasore,GEN,Pratap Chandra Sarangi,BJP,483858,,Rabindra Kumar Jena,BJD,470902,,12956
2019,Odisha,7,Bhadrak,SC,Manjulata Mandal,BJD,512305,,Avimanyu Sethi,BJP,483502,,28803
2019,Odisha,8,Jajpur,SC,Sarmistha Sethi,BJD,544020,,Amiya Kanta Mallick,BJP,442327,,101693
2019,Odisha,9,Dhenkanal,GEN,Mahesh Sahoo,BJD,522884,,Rudra Narayan Pany,BJP,487472,,35412
2019,Odisha,10,Bolangir,GEN,Sangeeta Kumari Singh Deo,BJP,498086,,Kalikesh Narayan Singh Deo,BJD,478570,,19516
2019,Odisha,11,Kalahandi,GEN,Basanta Kumar Panda,BJP,433074,,Pushpendra Singh Deo,BJD,406260,,26814
2019,Odisha,12,Nabarangpur,ST,Ramesh Chandra Majhi,BJD,392504,,Pradeep Kumar Majhi,INC,350870,,41634
2019,Odisha,13,Kandhamal,GEN,Achyutananda Samanta,BJD,461679,,Mahamegha Bahan Aira Kharabela Swain,BJP,312463,,149216
2019,Odisha,14,Cuttack,GEN,Bhartruhari Mahtab,BJD,524592,,Prakash Mishra,BJP,403391,,121201
2019,Odisha,15,Kendrapara,GEN,Anubhav Mohanty,BJD,628939,,Baijayant Panda,BJP,476355,,152584
2019,Odisha,16,Jagatsinghpur,SC,Rajashree Mallick,BJD,619985,,Bibhu Prasad Tarai,BJP,348330,,271655
2019,Odisha,17,Puri,GEN,Pinaki Mishra,BJD,538321,,Sambit Patra,BJP,526607,,11714
2019,Odisha,18,Bhubaneswar,GEN,Aparajita Sarangi,BJP,486991,,Arup Patnaik,BJD,463152,,23839
2019,Odisha,19,Aska,GEN,Pramila Bisoyi,BJD,552749,,Anita Subhadarshini,BJP,348042,,204707
2019,Odisha,20,Berhampur,GEN,Chandra Sekhar Sahu,BJD,443843,,Bhrugu Baxipatra,BJP,348999,,94844
2019,Odisha,21,Koraput,ST,Saptagiri Ulaka,INC,371129,,Kaushalya Hikaka,BJD,367516,,3613
2019,Puducherry,1,Puducherry,GEN,V. Vaithilingam,INC,444981,,Narayanaswamy Kesavan,All India N.R. Congress,247956,,197025
2019,Punjab,1,Gurdaspur,GEN,Sunny Deol,BJP,558719,,Sunil Kumar Jakhar,INC,476260,,82459
2019,Punjab,2,Amritsar,GEN,Gurjeet Singh Aujla,INC,445032,,Hardeep Singh Puri,BJP,345406,,99626
2019,Punjab,3,Khadoor Sahib,GEN,Jasbir Singh Gill,INC,459710,,Bibi Jagir Kaur,SAD,319137,,140573
2019,Punjab,4,Jalandhar,SC,Santokh Singh Chaudhary,INC,385712,,Charanjit Singh Atwal,SAD,366221,,19491
2019,Punjab,5,Hoshiarpur,SC,Som Prakash,BJP,421320,,Raj Kumar Chhabbewal,INC,372790,,48530
2019,Punjab,6,Anandpur Sahib,GEN,Manish Tiwari,INC,428045,,Prem Singh Chandumajra,SAD,381161,,46884
2019,Punjab,7,Ludhiana,GEN,Ravneet Singh Bittu,INC,383795,,Simarjit Singh Bains,Lok Insaaf Party,307423,,76372
2019,Punjab,8,Fatehgarh Sahib,SC,Amar Singh,INC,411651,,Darbara Singh Guru,SAD,317753,,93898
2019,Punjab,9,Faridkot,SC,Muhammad Sadiq,INC,419065,,Gulzar Singh Ranike,SAD,335809,,83256
2019,Punjab,10,Ferozpur,GEN,Sukhbir Singh Badal,SAD,633427,,Sher Singh Ghubaya,INC,434577,,198850
2019,Punjab,11,Bathinda,GEN,Harsimrat Kaur Badal,SAD,492824,,Amrinder Singh Raja Warring,INC,471052,,21772
2019,Punjab,12,Sangrur,GEN,Bhagwant Mann,AAP,413561,,Kewal Singh Dhillon,INC,303350,,110211
2019,Punjab,13,Patiala,GEN,Preneet Kaur,INC,532027,,Surjit Singh Rakhra,SAD,369309,,162718
2019,Rajasthan,1,Ganganagar,SC,Nihalchand,BJP,897177,,Bharat Ram Meghwal,INC,490199,,406978
2019,Rajasthan,2,Bikaner,SC,Arjun Ram Meghwal,BJP,657743,,Madan Gopal Meghwal,INC,393662,,264081
2019,Rajasthan,3,Churu,GEN,Rahul Kaswan,BJP,792999,,Rafique Mandelia,INC,458597,,334402
2019,Rajasthan,4,Jhunjhunu,GEN,Narendra Kumar,BJP,738163,,Sharwan Kumar,INC,435616,,302547
2019,Rajasthan,5,Sikar,GEN,Sumedhanand Saraswati,BJP,772104,,Subhash Maharia,INC,474948,,297156
2019,Rajasthan,6,Jaipur Rural,GEN,Rajyavardhan Singh Rathore,BJP,820132,,Krishna Poonia,INC,426961,,393171
2019,Rajasthan,7,Jaipur,GEN,Ramcharan Bohara,BJP,924065,,Jyoti Khandelwal,INC,493439,,430626
2019,Rajasthan,8,Alwar,GEN,Balak Nath,BJP,760201,,Bhanwar Jitendra Singh,INC,430230,,329971
2019,Rajasthan,9,Bharatpur,SC,Ranjeeta Koli,BJP,707992,,Abhijeet Kumar Jatav,INC,389593,,318399
2019,Rajasthan,10,Karauli-Dholpur,SC,Manoj Rajoria,BJP,526443,,Sanjay Kumar,INC,428761,,97682
2019,Rajasthan,11,Dausa,ST,Jaskaur Meena,BJP,548733,,Savita Meena,INC,470289,,78444
2019,Rajasthan,12,Tonk-Sawai Madhopur,GEN,Sukhbir Singh Jaunapuria,BJP,644319,,Namo Narain Meena,INC,533028,,111291
2019,Rajasthan,13,Ajmer,GEN,Bhagirath Choudhary,BJP,815076,,Riju Jhunjhunwala,INC,398652,,416424
2019,Rajasthan,14,Nagaur,GEN,Hanuman Beniwal,Rashtriya Loktantrik Party,660051,,Jyoti Mirdha,INC,478791,,181260
2019,Rajasthan,15,Pali,GEN,P P Chaudhary,BJP,900149,,Badri Ram Jakhar,INC,418552,,481597
2019,Rajasthan,16,Jodhpur,GEN,Gajendra Singh Shekhawat,BJP,788888,,Vaibhav Gehlot,INC,514448,,274440
2019,Rajasthan,17,Barmer,GEN,Kailash Choudhary,BJP,846526,,Manvendra Singh,INC,522718,,323808
2019,Rajasthan,18,Jalore,SC,Devaji Patel,BJP,772833,,Ratan Dewasi,INC,511723,,261110
2019,Rajasthan,19,Udaipur,ST,Arjunlal Meena,BJP,871548,,Raghuvir Singh Meena,INC,433634,,437914
2019,Rajasthan,20,Banswara,ST,Kanak Mal Katara,BJP,711709,,Tarachand Bhagora,INC,406245,,305464
2019,Rajasthan,21,Chittorgarh,GEN,Chandra Prakash Joshi,BJP,982942,,Gopal Singh Shekhawat,INC,406695,,576247
2019,Rajasthan,22,Rajsamand,GEN,Diya Kumari,BJP,863039,,Devkinandan Kaka,INC,311123,,551916
2019,Rajasthan,23,Bhilwara,GEN,Subhash Chandra Baheria,BJP,938160,,Ram Pal Sharma,INC,326160,,612000
2019,Rajasthan,24,Kota,GEN,Om Birla,BJP,800051,,Ram Narain Meena,INC,520374,,279677
2019,Rajasthan,25,Jhalawar-Baran,GEN,Dushyant Singh,BJP,887400,,Pramod Sharma,INC,433472,,453928
2019,Sikkim,1,Sikkim,GEN,Indra Hang Subba,SKM,166922,,Dek Bahadur Katwal,SDF,154489,,12433
2019,Tamil Nadu,1,Thiruvallur,GEN,K. Jayakumar,INC,767292,,Ponnusamy Venugopal,AIADMK,410337,,356955
2019,Tamil Nadu,2,Chennai North,GEN,Kalanidhi Veeraswamy,DMK,590986,,R. Mohanraj,Desiya Murpokku Dravida Kazhagam,129468,,461518
2019,Tamil Nadu,3,Chennai South,GEN,Thamizhachi Thangapandian,DMK,564872,,J. Jayavardhan,AIADMK,302649,,262223
2019,Tamil Nadu,4,Chennai Central,GEN,Dayanidhi Maran,DMK,448911,,Sam Paul S. R.,Pattali Makkal Katchi,147391,,301520
2019,Tamil Nadu,5,Sriperumbudur,SC,T R Baalu,DMK,793281,,Vaithilingam A,Pattali Makkal Katchi,285326,,507955
2019,Tamil Nadu,6,Kancheepuram,SC,G. Selvam,DMK,684004,,K. Maragatham,AIADMK,397372,,286632
2019,Tamil Nadu,7,Arakkonam,SC,S. Jagathrakshakan,DMK,672190,,A. K. Moorthy,Pattali Makkal Katchi,343234,,328956
2019,Tamil Nadu,8,Vellore,SC,D. M. Kathir Anand,DMK,485340,,A. C. Shanmugam,AIADMK,477199,,8141
2019,Tamil Nadu,9,Krishnagiri,GEN,A. Chellakumar,INC,611298,,K. P. Munusamy,AIADMK,454533,,156765
2019,Tamil Nadu,10,Dharmapuri,GEN,Dr S Senthil Kumar,DMK,574988,,Anbumani Ramadoss,Pattali Makkal Katchi,504235,,70753
2019,Tamil Nadu,11,Tiruvannamalai,GEN,C. N. Annadurai,DMK,666272,,Agri Krishnamurthy S S,AIADMK,362085,,304187
2019,Tamil Nadu,12,Arani,GEN,M. K. Vishnu Prasad,INC,617760,,V. Elumalai,AIADMK,386954,,230806
2019,Tamil Nadu,13,Villupuram,GEN,D. Ravikumar,DMK,559585,,Vadivel Ravanan,Pattali Makkal Katchi,431517,,128068
2019,Tamil Nadu,14,Kallakurichi,GEN,Gautham Sigamani Pon,DMK,721713,,Sudhish L K,Desiya Murpokku Dravida Kazhagam,321794,,399919
2019,Tamil Nadu,15,Salem,GEN,S. R. Parthiban,DMK,606302,,K. R. S. Saravanan,AIADMK,459376,,146926
2019,Tamil Nadu,16,Namakkal,GEN,A.K.P. Chinraj,DMK,626293,,Kaliappan,AIADMK,361142,,265151
2019,Tamil Nadu,17,Erode,GEN,A. Ganeshamurthi,DMK,563591,,G. Manimaran,AIADMK,352973,,210618
2019,Tamil Nadu,18,Tiruppur,GEN,K. Subbarayan,CPI,508725,,M. S. M. Anandan,AIADMK,415357,,93368
2019,Tamil Nadu,19,Nilgiris,GEN,A. Raja,DMK,547832,,Thiyagarajan M.,AIADMK,342009,,205823
2019,Tamil Nadu,20,Coimbatore,GEN,P.R. Natarajan,CPI(M),571150,,C. P. Radhakrishnan,BJP,392007,,179143
2019,Tamil Nadu,21,Pollachi,GEN,K. Shamugasundaram,DMK,554230,,C. Mahendran,AIADMK,378347,,175883
2019,Tamil Nadu,22,Dindigul,GEN,P. Veluchamy,DMK,746523,,K. Jothimuthu,Pattali Makkal Katchi,207551,,538972
2019,Tamil Nadu,23,Karur,GEN,S.Jothimani,INC,695697,,M. Thambidurai,AIADMK,275151,,420546
2019,Tamil Nadu,24,Tiruchirappalli,GEN,Su. Thirunavukkarasar,INC,621285,,V. Elangovan,Desiya Murpokku Dravida Kazhagam,161999,,459286
2019,Tamil Nadu,25,Perambalur,GEN,T. R. Paarivendhar,DMK,683697,,N. R. Sivapathi,AIADMK,280179,,403518
2019,Tamil Nadu,26,Cuddalore,GEN,T.R.V.S. Ramesh,DMK,522160,,R. Govindasamy,Pattali Makkal Katchi,378177,,143983
2019,Tamil Nadu,27,Chidambaram,SC,Thol. Thirumavalavan,VCK,500229,,Chandrasekar P.,AIADMK,497010,,3219
2019,Tamil Nadu,28,Mayiladuthurai,GEN,S. Ramalingam,DMK,599292,,Asaimani S,AIADMK,337978,,261314
2019,Tamil Nadu,29,Nagapattinam,SC,M. Selvaraj,CPI,522892,,M. Saravanan,AIADMK,311539,,211353
2019,Tamil Nadu,30,Thanjavur,SC,S S Palanimanickam,DMK,588978,,N. V. Natarajan,Tamil Maanila Congress (M),220849,,368129
2019,Tamil Nadu,31,Sivaganga,GEN,Karti P Chidambaram,INC,566104,,H. Raja,BJP,233860,,332244
2019,Tamil Nadu,32,Madurai,GEN,S. Venkatesan,CPI(M),447075,,Raj Satyen V. V. R.,AIADMK,307680,,139395
2019,Tamil Nadu,33,Theni,GEN,P. Raveendranath Kumar,AIADMK,504813,,E. V. K. S. Elangovan,INC,428120,,76693
2019,Tamil Nadu,34,Virudhunagar,GEN,Manickam Tagore,INC,470883,,Alagarsamy,Desiya Murpokku Dravida Kazhagam,316329,,154554
2019,Tamil Nadu,35,Ramanathapuram,GEN,Navaskani,Indian Union Muslim League,469943,,Nainar Nagendran,BJP,342821,,127122
2019,Tamil Nadu,36,Thoothukudi,GEN,Kanimozhi,DMK,563143,,Tamilisai Soundararajan,BJP,215934,,347209
2019,Tamil Nadu,37,Tenkasi,GEN,Dhanush M. Kumar,DMK,476156,,K. Krishnasamy,AIADMK,355870,,120286
2019,Tamil Nadu,38,Tirunelveli,GEN,S. Gnanathiraviam,DMK,522623,,P. H. Paul Manoj Pandian,AIADMK,337166,,185457
2019,Tamil Nadu,39,Kanyakumari,GEN,H. Vasanthakumar,INC,627235,,Pon Radhakrishnan,BJP,367302,,259933
2019,Telangana,1,Adilabad,ST,Soyam Bapu Rao,BJP,377374,,Godam Nagesh,TRS,318814,,58560
2019,Telangana,2,Peddapalli,SC,Venkatesh Netha Borlakunta,TRS,441321,,Agam Chandrasekhar,INC,346141,,95180
2019,Telangana,3,Karimnagar,GEN,Bandi Sanjay Kumar,BJP,498276,,Boianapalli Vinod Kumar,TRS,408768,,89508
2019,Telangana,4,Nizamabad,GEN,Arvind Dharmapuri,BJP,480584,,Kalvakuntla Kavitha,TRS,409709,,70875
2019,Telangana,5,Zahirabad,GEN,B. B. Patil,TRS,434244,,Madan Mohan Rao,INC,428015,,6229
2019,Telangana,6,Medak,GEN,Kotha Prabhakar Reddy,TRS,596048,,Anil Kumar Gali,INC,279621,,316427
2019,Telangana,7,Malkajgiri,GEN,Anumula Revanth Reddy,INC,603748,,Marri Rajasekhar Reddy,TRS,592829,,10919
2019,Telangana,8,Secunderabad,GEN,G. Kishan Reddy,BJP,384780,,Talasani Sai Kiran Yadav,TRS,322666,,62114
2019,Telangana,9,Hyderabad,GEN,Asaduddin Owaisi,AIMIM,517471,,Bhagavanth Rao,BJP,235285,,282186
2019,Telangana,10,Chevella,GEN,G. Ranjith Reddy,TRS,528148,,Konda Vishweshwar Reddy,INC,513831,,14317
2019,Telangana,11,Mahbubnagar,GEN,Manne Srinivas Reddy,TRS,411402,,D. K. Aruna,BJP,333573,,77829
2019,Telangana,12,Nagarkurnool,SC,Pothuganti Ramulu,TRS,499672,,Mallu Ravi,INC,309924,,189748
2019,Telangana,13,Nalgonda,GEN,Nalamada Uttam Kumar Reddy,INC,526028,,Vemireddy Narasimha Reddy,TRS,500346,,25682
2019,Telangana,14,Bhongir,GEN,Komatireddy Venkat Reddy,INC,532795,,Boora Narsaiah Goud,TRS,527576,,5219
2019,Telangana,15,Warangal,SC,Dayakar Pasunoori,TRS,612498,,Dommati Sambaiah,INC,262200,,350298
2019,Telangana,16,Mahabubabad,ST,Kavitha Maloth,TRS,462109,,Balaram Naik Porika,INC,315446,,146663
2019,Telangana,17,Khammam,GEN,Nama Nageswara Rao,TRS,567459,,Renuka Chowdhury,INC,399397,,168062
2019,Tripura,1,Tripura West,GEN,Pratima Bhowmik,BJP,573532,,Subal Bhowmick,INC,267843,,305689
2019,Tripura,2,Tripura East,ST,Rebati Tripura,BJP,482126,,Pragya Deb Burman,INC,277836,,204290
2019,Uttar Pradesh,1,Saharanpur,GEN,Haji Fazlur Rehman,BSP,514139,,Raghav Lakhanpal,BJP,491722,,22417
2019,Uttar Pradesh,2,Kairana,GEN,Pradeep Kumar Choudhary,BJP,566961,,Begum Tabassum Hasan,SP,474801,,92160
2019,Uttar Pradesh,3,Muzaffarnagar,GEN,Sanjeev Kumar Balyan,BJP,573780,,Ajit Singh,RLD,567254,,6526
2019,Uttar Pradesh,4,Bijnor,GEN,Malook Nagar,BSP,561045,,Bharatendra Singh,BJP,491104,,69941
2019,Uttar Pradesh,5,Nagina,SC,Girish Chandra,BSP,568378,,Yashwant Singh,BJP,401546,,166832
2019,Uttar Pradesh,6,Moradabad,GEN,S. T. Hasan,SP,649416,,Kunwar Sarvesh Kumar Singh,BJP,551538,,97878
2019,Uttar Pradesh,7,Rampur,GEN,Azam Khan,SP,559177,,Jaya Prada,BJP,449180,,109997
2019,Uttar Pradesh,8,Sambhal,GEN,Shafiqur Rehman Barq,SP,658006,,Parameshwar Lal Saini,BJP,483180,,174826
2019,Uttar Pradesh,9,Amroha,GEN,Kunwar Danish Ali,BSP,601082,,Kanwar Singh Tanwar,BJP,537834,,63248
2019,Uttar Pradesh,10,Meerut,GEN,Rajendra Agrawal,BJP,586184,,Hazi Mohammad Yakoob,BSP,581455,,4729
2019,Uttar Pradesh,11,Baghpat,GEN,Satya Pal Singh,BJP,525789,,Jayant Chaudhary,RLD,502287,,23502
2019,Uttar Pradesh,12,Ghaziabad,GEN,General Vijay Kumar Singh,BJP,944503,,Suresh Bansal,SP,443003,,501500
2019,Uttar Pradesh,13,Gautam Buddh Nagar,GEN,Mahesh Sharma,BJP,830812,,Satveer Singh Gurjar,BSP,493890,,336922
2019,Uttar Pradesh,14,Bulandshahr,SC,Bhola Singh,BJP,681321,,Yogesh Verma,BSP,391264,,290057
2019,Uttar Pradesh,15,Aligarh,GEN,Satish Kumar Gautam,BJP,656215,,Ajeet Baliyan,BSP,426954,,229261
2019,Uttar Pradesh,16,Hathras,SC,Rajvir Singh Diler,BJP,684299,,Ram Ji Lal Suman,SP,424091,,260208
2019,Uttar Pradesh,17,Mathura,GEN,Hema Malini,BJP,671293,,Kunwar Narendra Singh,RLD,377822,,293471
2019,Uttar Pradesh,18,Agra,SC,Satya Pal Singh Baghel,BJP,646875,,Manoj Kumar Soni,BSP,435329,,211546
2019,Uttar Pradesh,19,Fatehpur Sikri,GEN,Rajkumar Chahar,BJP,667147,,Raj Babbar,INC,172082,,495065
2019,Uttar Pradesh,20,Firozabad,GEN,Chandra Sen Jadon,BJP,495819,,Akshay Yadav,SP,467038,,28781
2019,Uttar Pradesh,21,Mainpuri,GEN,Mulayam Singh Yadav,SP,524926,,Prem Singh Shakya,BJP,430537,,94389
2019,Uttar Pradesh,22,Etah,GEN,Rajveer Singh,BJP,545348,,Devendra Singh Yadav,SP,422678,,122670
2019,Uttar Pradesh,23,Badaun,GEN,Sanghmitra Maurya,BJP,511352,,Dharmendra Yadav,SP,492898,,18454
2019,Uttar Pradesh,24,Aonla,GEN,Dharmendra Kashyap,BJP,537675,,Ruchi Veera,BSP,423932,,113743
2019,Uttar Pradesh,25,Bareilly,GEN,Santosh Kumar Gangwar,BJP,565270,,Bhagwat Saran Gangwar,SP,397988,,167282
2019,Uttar Pradesh,26,Pilibhit,GEN,Varun Gandhi,BJP,704549,,Hemraj Verma,SP,448922,,255627
2019,Uttar Pradesh,27,Shahjahanpur,SC,Arun Kumar Sagar,BJP,688990,,Amar Chandra Jauhar,BSP,420572,,268418
2019,Uttar Pradesh,28,Kheri,GEN,Ajay Kumar Mishra,BJP,609589,,Purvi Verma,SP,390782,,218807
2019,Uttar Pradesh,29,Dhaurahra,GEN,Rekha Verma,BJP,512905,,Arshad Iliyas Siddiqui,BSP,352294,,160611
2019,Uttar Pradesh,30,Sitapur,GEN,Rajesh Verma,BJP,514528,,Nakul Dubey,BSP,413695,,100833
2019,Uttar Pradesh,31,Hardoi,SC,Jai Prakash Rawat,BJP,568143,,Usha Verma,SP,435669,,132474
2019,Uttar Pradesh,32,Misrikh,SC,Ashok Kumar Rawat,BJP,534429,,Neelu Satyarthi,BSP,433757,,100672
2019,Uttar Pradesh,33,Unnao,GEN,Sakshi Maharaj,BJP,703507,,Arun Shankar Shukla,SP,302551,,400956
2019,Uttar Pradesh,34,Mohanlalganj,SC,Kaushal Kishore,BJP,629748,,C. L. Verma,BSP,539519,,90229
2019,Uttar Pradesh,35,Lucknow,GEN,Rajnath Singh,BJP,633026,,Poonam Sinha,SP,285724,,347302
2019,Uttar Pradesh,36,Rae Bareli,GEN,Sonia Gandhi,INC,534918,,Dinesh Pratap Singh,BJP,367740,,167178
2019,Uttar Pradesh,37,Amethi,GEN,Smriti Irani,BJP,468514,,Rahul Gandhi,INC,413394,,55120
2019,Uttar Pradesh,38,Sultanpur,GEN,Maneka Gandhi,BJP,459196,,Chandrabhadra Singh,BSP,444670,,14526
2019,Uttar Pradesh,39,Pratapgarh,GEN,Sangam Lal Gupta,BJP,436291,,Ashok Tripathi,BSP,318539,,117752
2019,Uttar Pradesh,40,Farrukhabad,GEN,Mukesh Rajput,BJP,569880,,Manoj Agarwal,BSP,348178,,221702
2019,Uttar Pradesh,41,Etawah,SC,Ram Shankar Katheria,BJP,522119,,Kamlesh Kumar Katheria,SP,457682,,64437
2019,Uttar Pradesh,42,Kannauj,GEN,Subrat Pathak,BJP,563087,,Dimple Yadav,SP,550734,,12353
2019,Uttar Pradesh,43,Kanpur Urban,GEN,Satyadev Pachauri,BJP,468937,,Sriprakash Jaiswal,INC,313003,,155934
2019,Uttar Pradesh,44,Akbarpur,GEN,Devendra Singh Bhole,BJP,581282,,Nisha Sachan,BSP,306140,,275142
2019,Uttar Pradesh,45,Jalaun,SC,Bhanu Pratap Singh Verma,BJP,581763,,Ajay Singh 'Pankaj',BSP,423386,,158377
2019,Uttar Pradesh,46,Jhansi,GEN,Anurag Sharma,BJP,809272,,Shyam Sundar Singh Yadav,SP,443589,,365683
2019,Uttar Pradesh,47,Hamirpur,GEN,Pushpendra Singh Chandel,BJP,575122,,Dilip Kumar Singh,BSP,326470,,248652
2019,Uttar Pradesh,48,Banda,GEN,R. K. Singh Patel,BJP,477926,,Shyama Charan Gupta,SP,418988,,58938
2019,Uttar Pradesh,49,Fatehpur,GEN,Niranjan Jyoti,BJP,566040,,Sukhdev Prasad Verma,BSP,367835,,198205
2019,Uttar Pradesh,50,Kaushambi,SC,Vinod Kumar Sonkar,BJP,383009,,Indrajit Saroj,SP,344287,,38722
2019,Uttar Pradesh,51,Phulpur,GEN,Keshari Devi Patel,BJP,544701,,Pandhari Yadav,SP,372733,,171968
2019,Uttar Pradesh,52,Allahabad,GEN,Rita Bahuguna Joshi,BJP,494454,,Rajendra Patel,SP,310179,,184275
2019,Uttar Pradesh,53,Barabanki,SC,Upendra Singh Rawat,BJP,535917,,Ram Sagar Rawat,SP,425777,,110140
2019,Uttar Pradesh,54,Faizabad,GEN,Lallu Singh,BJP,529021,,Anand Sen Yadav,SP,463544,,65477
2019,Uttar Pradesh,55,Ambedkar Nagar,GEN,Ritesh Pandey,BSP,564118,,Mukut Bihari Verma,BJP,468238,,95880
2019,Uttar Pradesh,56,Bahraich,SC,Akshaybara Lal Gaud,BJP,525982,,Shabbir Balmiki,SP,397230,,128752
2019,Uttar Pradesh,57,Kaiserganj,GEN,Brij Bhushan Sharan Singh,BJP,581358,,Chandradev Ram Yadav,BSP,319757,,261601
2019,Uttar Pradesh,58,Shrawasti,GEN,Ram Shiromani Verma,BSP,441771,,Daddan Mishra,BJP,436451,,5320
2019,Uttar Pradesh,59,Gonda,GEN,Kirti Vardhan Singh,BJP,508190,,Pandit Singh,SP,341830,,166360
2019,Uttar Pradesh,60,Domariyaganj,GEN,Jagdambika Pal,BJP,492253,,Aftab Alam,BSP,386932,,105321
2019,Uttar Pradesh,61,Basti,GEN,Harish Dwivedi,BJP,471162,,Ram Prasad Chaudhary,BSP,440808,,30354
2019,Uttar Pradesh,62,Sant Kabir Nagar,GEN,Praveen Kumar Nishad,BJP,467543,,Bhishma Shankar Tiwari,BSP,431794,,35749
2019,Uttar Pradesh,63,Maharajganj,GEN,Pankaj Choudhary,BJP,726349,,Akhilesh Kumar Singh,SP,385925,,340424
2019,Uttar Pradesh,64,Gorakhpur,GEN,Ravi Kishan,BJP,717122,,Rambhual Nishad,SP,415458,,301664
2019,Uttar Pradesh,65,Kushi Nagar,GEN,Vijay Kumar Dubey,BJP,597039,,Nathuni Prasad Kushwaha,SP,259479,,337560
2019,Uttar Pradesh,66,Deoria,GEN,Ramapati Ram Tripathi,BJP,580644,,Binod Kumar Jaiswal,BSP,330713,,249931
2019,Uttar Pradesh,67,Bansgaon,SC,Kamlesh Paswan,BJP,546673,,Sadal Prasad,BSP,393205,,153468
2019,Uttar Pradesh,68,Lalganj,SC,Sangeeta Azad,BSP,518820,,Neelam Sonkar,BJP,357223,,161597
2019,Uttar Pradesh,69,Azamgarh,GEN,Akhilesh Yadav,SP,621578,,Dinesh Lal Yadav 'Nirahua',BJP,361704,,259874
2019,Uttar Pradesh,70,Ghosi,GEN,Atul Rai,BSP,573829,,Harinarayan Rajbhar,BJP,451261,,122568
2019,Uttar Pradesh,71,Salempur,GEN,Ravindra Kushawaha,BJP,467241,,R. S. Kushwaha,BSP,354764,,112477
2019,Uttar Pradesh,72,Ballia,GEN,Virendra Singh Mast,BJP,469114,,Sanatan Pandey,SP,453595,,15519
2019,Uttar Pradesh,73,Jaunpur,GEN,Shyam Singh Yadav,BSP,521128,,Krishna Pratap,BJP,440192,,80936
2019,Uttar Pradesh,74,Machhlishahr,SC,B. P. Saroj,BJP,488397,,Tribhuvan Ram,BSP,488216,,181
2019,Uttar Pradesh,75,Ghazipur,GEN,Afzal Ansari,BSP,566082,,Manoj Sinha,BJP,446690,,119392
2019,Uttar Pradesh,76,Chandauli,GEN,Mahendra Nath Pandey,BJP,510733,,Sanjay Singh Chauhan,SP,496774,,13959
2019,Uttar Pradesh,77,Varanasi,GEN,Narendra Modi,BJP,674664,,Shalini Yadav,SP,195159,,479505
2019,Uttar Pradesh,78,Bhadohi,GEN,Ramesh Chand Bind,BJP,510029,,Rangnath Mishra,BSP,466414,,43615
2019,Uttar Pradesh,79,Mirzapur,GEN,Anupriya Patel,Apna Dal (Sonelal),591564,,Ram Charitra Nishad,SP,359556,,232008
2019,Uttar Pradesh,80,Robertsganj,SC,Pakauri Lal,Apna Dal (Sonelal),447914,,Bhai Lal,SP,393578,,54336
2019,Uttarakhand,1,Tehri Garhwal,GEN,Mala Rajya Laxmi Shah,BJP,565333,,Pritam Singh,INC,264747,,300586
2019,Uttarakhand,2,Garhwal,GEN,Tirath Singh Rawat,BJP,506980,,Manish Khanduri,INC,204311,,302669
2019,Uttarakhand,3,Almora,SC,Ajay Tamta,BJP,444651,,Pradeep Tamta,INC,211665,,232986
2019,Uttarakhand,4,Nainital-Udhamsingh Nagar,GEN,Ajay Bhatt,BJP,772195,,Harish Rawat,INC,433099,,339096
2019,Uttarakhand,5,Haridwar,GEN,Ramesh Pokhriyal,BJP,665674,,Ambrish Kumar,INC,406945,,258729
2019,West Bengal,1,Cooch Behar,SC,Nisith Pramanik,BJP,731594,,Adhikari Paresh Chandra,TMC,677363,,54231
2019,West Bengal,2,Alipurduars,SC,John Barla,BJP,750804,,Dasrath Tirkey,TMC,506815,,243989
2019,West Bengal,3,Jalpaiguri,SC,Jayanta Kumar Roy,BJP,760145,,Bijoy Chandra Barman,TMC,576141,,184004
2019,West Bengal,4,Darjeeling,GEN,Raju Singh Bisht,BJP,750067,,Amar Singh Rai,TMC,336624,,413443
2019,West Bengal,5,Raiganj,GEN,Debasree Chaudhuri,BJP,511652,,Kanaiyalal Agarwal,TMC,451078,,60574
2019,West Bengal,6,Balurghat,GEN,Sukanta Majumder,BJP,539317,,Arpita Ghosh,TMC,506024,,33293
2019,West Bengal,7,Maldaha Uttar,GEN,Khagen Murmu,BJP,509524,,Mausam Noor,TMC,425236,,84288
2019,West Bengal,8,Maldaha Dakshin,GEN,Abu Hasem Khan Choudhury,INC,444270,,Sreerupa Mitra Chaudhury,BJP,436048,,8222
2019,West Bengal,9,Jangipur,GEN,Khalilur Rahman,TMC,562838,,Mafuja Khatun,BJP,317056,,245782
2019,West Bengal,10,Baharampur,GEN,Adhir Ranjan Chowdhury,INC,591106,,Apurba Sarkar,TMC,510410,,80696
2019,West Bengal,11,Murshidabad,GEN,Abu Taher Khan,TMC,604346,,Abu Hena,INC,377929,,226417
2019,West Bengal,12,Krishnanagar,GEN,Mahua Moitra,TMC,614872,,Kalyan Chaubey,BJP,551654,,63218
2019,West Bengal,13,Ranaghat,SC,Jagannath Sarkar,BJP,783253,,Rupali Biswas,TMC,549825,,233428
2019,West Bengal,14,Bangaon,SC,Shantanu Thakur,BJP,687622,,Mamata Bala Thakur,TMC,576028,,111594
2019,West Bengal,15,Barrackpore,GEN,Arjun Singh,BJP,472994,,Dinesh Trivedi,TMC,458137,,14857
2019,West Bengal,16,Dum Dum,GEN,Saugata Roy,TMC,512062,,Samik Bhattacharya,BJP,459060,,53002
2019,West Bengal,17,Barasat,GEN,Kakali Ghosh Dastidar,TMC,648084,,Mrinal Kanti Debnath,BJP,538101,,109983
2019,West Bengal,18,Basirhat,GEN,Nusrat Jahan,TMC,782078,,Sayantan Basu,BJP,431709,,350369
2019,West Bengal,19,Jaynagar,SC,Pratima Mondal,TMC,761202,,Ashok Kandary,BJP,444427,,316775
2019,West Bengal,20,Mathurapur,SC,Choudhury Mohan Jatua,TMC,726828,,Shyama Prasad Halder,BJP,522854,,203974
2019,West Bengal,21,Diamond Harbour,GEN,Abhishek Banerjee,TMC,791127,,Nilanjan Roy,BJP,470533,,320594
2019,West Bengal,22,Jadavpur,GEN,Mimi Chakraborty,TMC,688472,,Anupam Hazra,BJP,393233,,295239
2019,West Bengal,23,Kolkata Dakshin,GEN,Mala Roy,TMC,573119,,Chandra Kumar Bose,BJP,417927,,155192
2019,West Bengal,24,Kolkata Uttar,GEN,Sudip Bandyopadhyay,TMC,474891,,Rahul Sinha,BJP,347796,,127095
2019,West Bengal,25,Howrah,GEN,Prasun Banerjee,TMC,576711,,Rantidev Sen Gupta,BJP,473016,,103695
2019,West Bengal,26,Uluberia,GEN,Sajda Ahmed,TMC,694945,,Joy Banerjee,BJP,479586,,215359
2019,West Bengal,27,Serampore,GEN,Kalyan Banerjee,TMC,637707,,Debjit Sarkar,BJP,539171,,98536
2019,West Bengal,28,Hooghly,GEN,Locket Chatterjee,BJP,671448,,Ratna De,TMC,598086,,73362
2019,West Bengal,29,Arambagh,SC,Aparupa Poddar,TMC,649929,,Tapan Kumar Ray,BJP,648787,,1142
2019,West Bengal,30,Tamluk,GEN,Dibyendu Adhikari,TMC,724433,,Sidhartha Shankar Naskar,BJP,534268,,190165
2019,West Bengal,31,Kanthi,GEN,Sisir Adhikari,TMC,711872,,Debasish Samanta,BJP,600204,,111668
2019,West Bengal,32,Ghatal,GEN,Deepak Adhikari (Dev),TMC,717959,,Bharati Ghosh,BJP,609986,,107973
2019,West Bengal,33,Jhargram,ST,Kumar Hembram,BJP,626583,,Birbaha Saren,TMC,614816,,11767
2019,West Bengal,34,Medinipur,GEN,Dilip Ghosh,BJP,685433,,Manas Bhunia,TMC,596481,,88952
2019,West Bengal,35,Purulia,GEN,Jyotirmoy Singh Mahato,BJP,668107,,Mriganko Mahato,TMC,463375,,204732
2019,West Bengal,36,Bankura,GEN,Subhash Sarkar,BJP,675319,,Subrata Mukherjee,TMC,500986,,174333
2019,West Bengal,37,Bishnupur,SC,Saumitra Khan,BJP,657019,,Shyamal Santra,TMC,578972,,78047
2019,West Bengal,38,Bardhaman Purba,SC,Sunil Kumar Mondal,TMC,640834,,Paresh Chandra Das,BJP,551523,,89311
2019,West Bengal,39,Bardhaman-Durgapur,GEN,S. S. Ahluwalia,BJP,598376,,Mamtaz Sanghamita,TMC,595937,,2439
2019,West Bengal,40,Asansol,GEN,Babul Supriyo,BJP,633378,,Moon Moon Sen,TMC,435741,,197637
2019,West Bengal,41,Bolpur,SC,Asit Kumar Mal,TMC,699171,,Ramprasad Das,BJP,592769,,106402
2019,West Bengal,42,Birbhum,GEN,Shatabdi Roy,TMC,654077,,Dudh Kumar Mondal,BJP,565153,,88924
2024,Andaman and Nicobar Islands,1,Andaman And Nicobar Islands,GEN,Bishnu Pada Ray,BJP,102436,50.6,Kuldeep Rai Sharma,INC,78040,38.5,24396
2024,Andhra Pradesh,1,Araku,ST,Gumma Thanuja Rani,YSRCP,477005,40.96,Kothapalli Geetha,BJP,426425,36.62,50580
2024,Andhra Pradesh,2,Srikakulam,GEN,Kinjarapu Ram Mohan Naidu,TDP,754328,61.05,Perada Tilak,YSRCP,426427,34.51,327901
2024,Andhra Pradesh,3,Vizianagaram,GEN,Appalanaidu Kalisetti,TDP,743113,57.2,Bellana Chandra Sekhar,YSRCP,493762,38,249351
2024,Andhra Pradesh,4,Visakhapatnam,GEN,Mathukumilli Bharat,TDP,907467,65.42,Botsa Jhansi Lakshmi,YSRCP,403220,29.07,504247
2024,Andhra Pradesh,5,Anakapalli,GEN,C. M. Ramesh,BJP,762069,57.5,Budi Mutyala Naidu,YSRCP,465539,35.13,296530
2024,Andhra Pradesh,6,Kakinada,GEN,Tangella Uday Srinivas,JSP,729699,54.87,Chalamalasetti Sunil,YSRCP,500208,37.62,229491
2024,Andhra Pradesh,7,Amalapuram,SC,Ganti Harish Madhur,TDP,796981,61.25,Rapaka Vara Prasada Rao,YSRCP,454785,34.95,342196
2024,Andhra Pradesh,8,Rajahmundry,GEN,Daggubati Purandeswari,BJP,726515,54.82,Guduri Srinivas,YSRCP,487376,36.77,239139
2024,Andhra Pradesh,9,Narasapuram,GEN,Bhupathi Raju Srinivasa Varma,BJP,707343,57.46,Guduri Umabala,YSRCP,430541,34.98,276802
2024,Andhra Pradesh,10,Eluru,GEN,Putta Mahesh Yadav,TDP,746351,54,Karumuri Sunilkumar Yadav,YSRCP,564494,40.84,181857
2024,Andhra Pradesh,11,Machilipatnam,GEN,Vallabhaneni Balashowry,JSP,724439,55.22,Simhadri Chandrasekhar Rao,YSRCP,501260,38.21,223179
2024,Andhra Pradesh,12,Vijayawada,GEN,Kesineni Sivanath,TDP,794154,58.21,Kesineni Srinivas,YSRCP,512069,37.53,282085
2024,Andhra Pradesh,13,Guntur,GEN,Chandra Sekhar Pemmasani,TDP,864948,60.68,Kilari Venkata Rosaiah,YSRCP,520253,36.5,344695
2024,Andhra Pradesh,14,Narasaraopet,GEN,Lavu Sri Krishna Devarayalu,TDP,807996,53.88,Poluboina Anilkumar Yadav,YSRCP,648267,43.23,159729
2024,Andhra Pradesh,15,Bapatla,SC,Krishna Prasad Tenneti,TDP,717493,55.16,Nandigam Suresh,YSRCP,509462,39.17,208031
2024,Andhra Pradesh,16,Ongole,GEN,Magunta Sreenivasulu Reddy,TDP,701894,49.35,Chevireddy Bhaskar Reddy,YSRCP,651695,45.82,50199
2024,Andhra Pradesh,17,Nandyal,GEN,Byreddy Shabari,TDP,701131,49.92,Pocha Brahmananda Reddy,YSRCP,589156,41.95,111975
2024,Andhra Pradesh,18,Kurnool,GEN,Bastipati Nagaraju Panchalingala,TDP,658914,49.51,B. Y. Ramaiah,YSRCP,547616,41.15,111298
2024,Andhra Pradesh,19,Anantapur,GEN,Ambica G Lakshminarayana Valmiki,TDP,768245,53.33,Malagundla Sankaranarayana,YSRCP,579690,40.24,188555
2024,Andhra Pradesh,20,Hindupur,GEN,B. K. Parthasarathi,TDP,725534,51.23,J. Shantha,YSRCP,593107,41.88,132427
2024,Andhra Pradesh,21,Kadapa,GEN,Y. S. Avinash Reddy,YSRCP,605143,45.78,Chadipiralla Bhupesh Reddy,TDP,542448,41.03,62995
2024,Andhra Pradesh,22,Nellore,GEN,Vemireddy Prabhakar Reddy,TDP,766202,55.7,V. Vijaysai Reddy,YSRCP,520300,37.82,245902
2024,Andhra Pradesh,23,Tirupati,SC,Maddila Gurumoorthy,YSRCP,632228,46,Velagapalli Varaprasad Rao,BJP,617659,44.67,14569
2024,Andhra Pradesh,24,Rajampet,GEN,P. V. Midhun Reddy,YSRCP,644844,48.38,Kiran Kumar Reddy,BJP,568773,42.67,76071
2024,Andhra Pradesh,25,Chittoor,SC,Daggumalla Prasada Rao,TDP,778071,54.84,N. Reddeppa,YSRCP,557592,39.3,220479
2024,Arunachal Pradesh,1,Arunachal West,ST,Kiren Rijiju,BJP,205417,51.4,Nabam Tuki,INC,104679,26.2,100738
2024,Arunachal Pradesh,2,Arunachal East,ST,Tapir Gao,BJP,145581,45,Bosiram Siram,INC,115160,35.6,30421
2024,Assam,1,Kokrajhar,ST,Joyanta Basumatary,UPPL,488995,39.4,Kampa Borgoyari,BPF,437412,35.2,51583
2024,Assam,2,Dhubri,GEN,Rakibul Hussain,INC,1471885,60,Mohammed Badruddin Ajmal,AIUDF,459409,18.7,1012476
2024,Assam,3,Barpeta,GEN,Phani Bhusan Choudhury,AGP,860113,51,Deep Bayan,INC,637762,37.8,222351
2024,Assam,4,Darrang-Udalguri,GEN,Dilip Saikia,BJP,868387,47.9,Madhab Rajbangshi,INC,539375,29.8,329012
2024,Assam,5,Guwahati,GEN,Bijuli Kalita Medhi,BJP,894887,56,Mira Borthakur Goswami,INC,643797,40.3,251090
2024,Assam,6,Diphu,ST,Amarsing Tisso,BJP,334620,49,J.I. Kathar,IND,187017,27,147603
2024,Assam,7,Karimganj,SC,Kripanath Mallah,BJP,545093,47.5,Hafiz Rashid Ahmed Choudhury,INC,526733,45.9,18360
2024,Assam,8,Silchar,GEN,Parimal Suklabaidya,BJP,652405,59.9,Surya Kanta Sarkar,INC,388094,35.6,264311
2024,Assam,9,Nagaon,GEN,Pradyut Bordoloi,INC,788850,50.9,Suresh Borah,BJP,576619,37.2,212231
2024,Assam,10,Kaziranga,GEN,Kamakhya Prasad Tasa,BJP,897043,55,Roselina Tirkey,INC,648096,39.8,248947
2024,Assam,11,Sonitpur,GEN,Ranjit Dutta,BJP,775788,60.2,Premlal Ganju,INC,414380,32.2,361408
2024,Assam,12,Lakhimpur,GEN,Pradan Baruah,BJP,663122,54.7,Uday Shankar Hazarika,INC,461865,38.1,201257
2024,Assam,13,Dibrugarh,GEN,Sarbananda Sonowal,BJP,693762,54.3,Lurinjyoti Gogoi,AJP,414441,32.4,279321
2024,Assam,14,Jorhat,GEN,Gaurav Gogoi,INC,751771,54,Topon Kumar Gogoi,BJP,607378,43.7,144393
2024,Bihar,1,Valmiki Nagar,GEN,Sunil Kumar,JD(U),523422,47.5,Deepak Yadav,RJD,424747,38.5,98675
2024,Bihar,2,Paschim Champaran,GEN,Sanjay Jaiswal,BJP,580421,53.43,Madan Mohan Tiwari,INC,443853,40.86,136568
2024,Bihar,3,Purvi Champaran,GEN,Radha Mohan Singh,BJP,542193,50.5,Dr. Rajesh Kumar,VIP,453906,42.28,88287
2024,Bihar,4,Sheohar,GEN,Lovely Anand,JD(U),476612,45.15,Ritu Jaiswal,RJD,447469,42.39,29143
2024,Bihar,5,Sitamarhi,GEN,Devesh Chandra Thakur,JD(U),515719,47.14,Arjun Ray,RJD,464363,42.45,51356
2024,Bihar,6,Madhubani,GEN,Ashok Kumar Yadav,BJP,553428,53.85,Mohammad Ali Ashraf Fatmi,RJD,401483,39.07,151945
2024,Bihar,7,Jhanjharpur,GEN,Ramprit Mandal,JD(U),533032,48.73,Suman Kumar Mahaseth,VIP,348863,31.9,184169
2024,Bihar,8,Supaul,GEN,Dileshwar Kamait,JD(U),595038,48.33,Chandrahas Chaupal,RJD,425235,34.54,169803
2024,Bihar,9,Araria,GEN,Pradeep Kumar Singh,BJP,600146,47.91,Mohammed Shahnawaz Alam,RJD,580052,46.31,20094
2024,Bihar,10,Kishanganj,GEN,Mohammad Jawed,INC,402850,35,Mujahid Alam,JD(U),343158,29.81,59692
2024,Bihar,11,Katihar,GEN,Tariq Anwar,INC,567092,48.41,Dulal Chandra Goswami,JD(U),517229,44.15,49863
2024,Bihar,12,Purnia,GEN,Pappu Yadav,IND,567556,47.46,Santosh Kumar,JD(U),543709,45.47,23847
2024,Bihar,13,Madhepura,GEN,Dinesh Chandra Yadav,JD(U),640649,52.96,Da Kumar Chandradeep,RJD,466115,38.53,174534
2024,Bihar,14,Darbhanga,GEN,Gopal Jee Thakur,BJP,566630,55.33,Lalit Kumar Yadav,RJD,388474,37.93,178156
2024,Bihar,15,Muzaffarpur,GEN,Raj Bhushan Choudhary,BJP,619749,55.71,Ajay Nishad,INC,384822,34.59,234927
2024,Bihar,16,Vaishali,GEN,Veena Devi,Ljp(Rv),567043,48.38,Vijay Kumar Shukla,RJD,477409,40.73,89634
2024,Bihar,17,Gopalganj,SC,Alok Kumar Suman,JD(U),511866,48.15,Prem Nath Chanchal Alias Chanchal Paswan,VIP,384686,36.19,127180
2024,Bihar,18,Siwan,GEN,Vijay Lakshmi Devi,JD(U),386508,38.73,Hena Shahab,IND,293651,29.42,92857
2024,Bihar,19,Maharajganj,GEN,Janardan Singh Sigriwal,BJP,529533,52.22,Aakash Kumar Singh,INC,426882,42.09,102651
2024,Bihar,20,Saran,GEN,Rajiv Pratap Rudy,BJP,471752,46.18,Rohini Acharya,RJD,458091,44.84,13661
2024,Bihar,21,Hajipur,SC,Chirag Paswan,Ljp(Rv),615718,53.29,Shiv Chandra Ram,RJD,445613,38.57,170105
2024,Bihar,22,Ujiarpur,GEN,Nityanand Rai,BJP,515965,49.51,Alok Kumar Mehta,RJD,455863,43.75,60102
2024,Bihar,23,Samastipur,SC,Shambhavi,Ljp(Rv),579786,52.97,Sunny Hazari,INC,392535,35.86,187251
2024,Bihar,24,Begusarai,GEN,Giriraj Singh,BJP,649331,50.15,Abdhesh Kumar Roy,CPI,567851,43.86,81480
2024,Bihar,25,Khagaria,GEN,Rajesh Verma,Ljp(Rv),538657,50.73,Sanjay Kumar,CPI(M),377526,35.55,161131
2024,Bihar,26,Bhagalpur,GEN,Ajay Kumar Mandal,JD(U),536031,50.38,Ajeet Sharma,INC,431163,40.52,104868
2024,Bihar,27,Banka,GEN,Giridhari Yadav,JD(U),506678,49.96,Jai Prakash Narayan Yadav,RJD,402834,39.72,103834
2024,Bihar,28,Munger,GEN,Rajeev Ranjan Singh Alias Lalan Singh,JD(U),550146,48.3,Kumari Anita,RJD,469276,41.2,80870
2024,Bihar,29,Nalanda,GEN,Kaushalendra Kumar,JD(U),559422,48.88,Sandeep Saurav,CPI(ML)L,390308,34.11,169114
2024,Bihar,30,Patna Sahib,GEN,Ravi Shankar Prasad,BJP,588270,54.7,Anshul Avijit,INC,434424,40.39,153846
2024,Bihar,31,Pataliputra,GEN,Misha Bharti,RJD,613283,49.86,Ram Kripal Yadav,BJP,528109,42.93,85174
2024,Bihar,32,Arrah,GEN,Sudama Prasad,CPI(ML)L,529382,48.28,R. K. Singh,BJP,469574,42.82,59808
2024,Bihar,33,Buxar,GEN,Sudhakar Singh,RJD,438345,40.82,Mithlesh Tiwari,BJP,408254,38.02,30091
2024,Bihar,34,Sasaram,SC,Manoj Kumar,INC,513004,46.76,Shivesh Kumar,BJP,493847,45.01,19157
2024,Bihar,35,Karakat,GEN,Raja Ram Singh Kushwaha,CPI(ML)L,380581,36.89,Pawan Singh,IND,274723,26.63,105858
2024,Bihar,36,Jahanabad,GEN,Surendra Prasad Yadav,RJD,443035,47.88,Chandeshwar Prasad,JD(U),300444,32.47,142591
2024,Bihar,37,Aurangabad,GEN,Abhay Kumar Sinha,RJD,465567,49.22,Sushil Kumar Singh,BJP,386456,40.86,79111
2024,Bihar,38,Gaya,SC,Jitan Ram Manjhi,HAM(S),494960,51.36,Kumar Sarvjeet,RJD,393148,40.8,101812
2024,Bihar,39,Nawada,GEN,Vivek Thakur,BJP,410608,47.2,Shrawan Kumar,RJD,342938,39.42,67670
2024,Bihar,40,Jamui,SC,Arun Bharti,Ljp(Rv),509046,51.98,Archana Kumari,RJD,396564,40.5,112482
2024,Chandigarh,1,Chandigarh,GEN,Manish Tewari,INC,216657,48.23,Sanjay Tandon,BJP,214153,47.66,2504
2024,Chhattisgarh,1,Sarguja,ST,Chintamani Maharaj,BJP,713200,49.01,Shashi Singh,INC,648328,44.55,64822
2024,Chhattisgarh,2,Raigarh,ST,Radheshyam Rathiya,BJP,808275,55.63,Menka Devi Singh,INC,567884,39.08,240391
2024,Chhattisgarh,3,Janjgir-Champa,SC,Kamlesh Jangre,BJP,678199,48.71,Shivkumar Dahariya,INC,618199,44.4,60000
2024,Chhattisgarh,4,Korba,GEN,Jyotsna Mahant,INC,570182,46.53,Saroj Pandey,BJP,526899,43,43283
2024,Chhattisgarh,5,Bilaspur,GEN,Tokhan Sahu,BJP,724937,53.25,Devender Singh Yadav,INC,560379,41.16,164558
2024,Chhattisgarh,6,Rajnandgaon,GEN,Santosh Pandey,BJP,712057,49.25,Bhupesh Baghel,INC,667646,46.18,44411
2024,Chhattisgarh,7,Durg,GEN,Vijay Baghel,BJP,956497,62,Rajendra Sahu,INC,518271,33.59,438226
2024,Chhattisgarh,8,Raipur,GEN,Brijmohan Agrawal,BJP,1050351,66.19,Vikas Upadhyay,INC,475066,29.94,575285
2024,Chhattisgarh,9,Mahasamund,GEN,Roop Kumari Choudhary,BJP,703659,53.06,Tamradhwaj Sahu,INC,558203,42.09,145456
2024,Chhattisgarh,10,Bastar,ST,Mahesh Kashyap,BJP,458398,45.5,Kawasi Lakhma,INC,403153,40.02,55245
2024,Chhattisgarh,11,Kanker,ST,Bhojraj Nag,BJP,597624,47.23,Biresh Thakur,INC,595740,47.08,1884
2024,Dadra and Nagar Haveli and Daman and Diu,1,Daman And Diu,GEN,Patel Umeshbhai Babubhai,IND,42523,46.02,Lalubhai Babubhai Patel,BJP,36298,39.28,6225
2024,Dadra and Nagar Haveli and Daman and Diu,2,Dadra And Nagar Haveli,ST,Delkar Kalaben Mohanbhai,BJP,121074,58.89,Ajit Ramjibhai Mahala,INC,63490,30.88,57584
2024,Delhi,1,Chandni Chowk,GEN,Praveen Khandelwal,BJP,516496,53.46,Jai Prakash Agarwal,INC,427171,44.22,89325
2024,Delhi,2,North East Delhi,GEN,Manoj Tiwari,BJP,824451,53.1,Kanhaiya Kumar,INC,685673,44.16,138778
2024,Delhi,3,East Delhi,GEN,Harsh Malhotra,BJP,664819,52.59,Kuldeep Kumar (Monu),AAP,571156,45.18,93663
2024,Delhi,4,New Delhi,GEN,Bansuri Swaraj,BJP,453185,53.48,Somnath Bharti,AAP,374815,44.23,78370
2024,Delhi,5,North West Delhi,SC,Yogender Chandoliya,BJP,866483,58.26,Udit Raj,INC,575634,38.71,290849
2024,Delhi,6,West Delhi,GEN,Kamaljeet Sehrawat,BJP,842658,55.27,Mahabal Mishra,AAP,643645,42.22,199013
2024,Delhi,7,South Delhi,GEN,Ramvir Singh Bidhuri,BJP,692832,53.46,Sahi Ram,AAP,568499,43.87,124333
2024,Goa,1,North Goa,GEN,Shripad Yesso Naik,BJP,257326,56.43,Ramakant Khalap,INC,141311,30.99,116015
2024,Goa,2,South Goa,GEN,Captain Viriato Fernandes,INC,217836,48.35,Pallavi Shrinivas Dempo,BJP,204301,45.35,13535
2024,Gujarat,1,Kachchh,SC,Vinodbhai Chavda,BJP,659574,60.23,Nitishbhai Lalan,INC,390792,35.68,268782
2024,Gujarat,2,Banaskantha,GEN,Geniben Thakor,INC,671883,48.83,Rekhaben Hiteshbhai Chaudhary,BJP,641477,46.62,30406
2024,Gujarat,3,Patan,GEN,Bharatsinhji Dabhi,BJP,591947,49.61,Chandanji Thakor,INC,560071,46.94,31876
2024,Gujarat,4,Mahesana,GEN,Haribhai Patel,BJP,686406,63.74,Ramji Thakor (Palvi),INC,358360,33.28,328046
2024,Gujarat,5,Sabarkantha,GEN,Shobhnaben Mahendrasinh Baraiya,BJP,677318,53.36,Tushar Chaudhary,INC,521636,40.85,155682
2024,Gujarat,6,Gandhinagar,GEN,Amit Shah,BJP,1010972,76.48,Sonal Patel,INC,266256,20.13,744716
2024,Gujarat,7,Ahmedabad East,GEN,Hasmukh Patel,BJP,770459,68.28,Himmatsinh Patel,INC,308704,27.36,461755
2024,Gujarat,8,Ahmedabad West,SC,Dineshbhai Kodarbhai Makwana,BJP,611704,63.28,Bharat Makwana,INC,325267,33.65,286437
2024,Gujarat,9,Surendranagar,GEN,Chandubhai Chhaganbhai Shihora,BJP,669749,59.2,Rutvik Makwana,INC,408132,36.07,261617
2024,Gujarat,10,Rajkot,GEN,Parshottam Rupala,BJP,857984,67.37,Paresh Dhanani,INC,373724,29.35,484260
2024,Gujarat,11,Porbandar,GEN,Mansukh Mandaviya,BJP,633118,68.15,Lalitbhai Vasoya,INC,249758,26.88,383360
2024,Gujarat,12,Jamnagar,GEN,Poonamben Maadam,BJP,620049,58.98,J.P Marvia,INC,382041,36.34,238008
2024,Gujarat,13,Junagadh,GEN,Rajesh Chudasama,BJP,584049,54.67,Hirabhai Jotva,INC,448555,41.99,135494
2024,Gujarat,14,Amreli,GEN,Bharatbhai Manubhai Sutariya,BJP,580872,66.28,Jennyben Thummar,INC,259804,29.64,321068
2024,Gujarat,15,Bhavnagar,GEN,Nimuben Jayantibhai Bambhania,BJP,716883,68.46,Umesh Makwana,AAP,261594,24.98,455289
2024,Gujarat,16,Anand,GEN,Mitesh Rameshbhai Patel,BJP,612484,52.44,Amitbhai Chavda,INC,522545,44.74,89939
2024,Gujarat,17,Kheda,GEN,Devusinh Jesingbhai Chauhan,BJP,744435,63.31,Kalusinh Dabhi,INC,386677,32.88,357758
2024,Gujarat,18,Panchmahal,GEN,Rajpalsinh Mahendrasinh Jadhav,BJP,794579,70.22,Gulabsinh Chaudhan,INC,285237,25.21,509342
2024,Gujarat,19,Dahod,ST,Jasvantsinh Sumanbhai Bhabhor,BJP,688715,61.59,Prabhaben Taviyad,INC,355038,31.75,333677
2024,Gujarat,20,Vadodara,GEN,Hemang Yogeshchandra Joshi,BJP,873189,72.04,Jashpalsinh Padhiyar,INC,291063,24.01,582126
2024,Gujarat,21,Chhota Udaipur,ST,Jashubhai Bhilubhai Rathva,BJP,796589,62.84,Sukhrambhai Rathwa,INC,397812,31.38,398777
2024,Gujarat,22,Bharuch,GEN,Mansukhbhai Vasava,BJP,608157,50.72,Chaitar Vasava,AAP,522461,43.58,85696
2024,Gujarat,23,Bardoli,ST,Parbhubhai Vasava,BJP,763950,57.04,Siddharth Chaudhary,INC,533697,39.85,230253
2024,Gujarat,24,Surat,GEN,Mukesh Dalal,BJP,,,,,,,
2024,Gujarat,25,Navsari,GEN,C. R. Patil,BJP,1031065,77.05,Naishadh Desai,INC,257514,19.24,773551
2024,Gujarat,26,Valsad,ST,Dhaval Laxmanbhai Patel,BJP,764226,56.13,Anantbhai Patel,INC,553522,40.66,210704
2024,Haryana,1,Ambala,SC,Varun Chaudhary,INC,663657,49.28,Banto Kataria,BJP,614621,45.64,49036
2024,Haryana,2,Kurukshetra,GEN,Naveen Jindal,BJP,542175,44.96,Dr. Sushil Gupta,AAP,513154,42.55,29021
2024,Haryana,3,Sirsa,SC,Selja Kumari,INC,733823,54.17,Ashok Tanwar,BJP,465326,34.35,268497
2024,Haryana,4,Hisar,GEN,Jai Parkash,INC,570424,48.58,Ranjit Singh Chautala,BJP,507043,43.19,63381
2024,Haryana,5,Karnal,GEN,Manohar Lal Khattar,BJP,739285,54.93,Divyanshu Budhiraja,INC,506708,37.65,232577
2024,Haryana,6,Sonipat,GEN,Satpal Brahamchari,INC,548682,48.82,Mohan Lal Badoli,BJP,526866,46.88,21816
2024,Haryana,7,Rohtak,GEN,Deepender Singh Hooda,INC,783578,62.76,Dr. Arvind Kumar Sharma,BJP,438280,35.11,345298
2024,Haryana,8,Bhiwani-Mahendragarh,GEN,Dharambir Singh Chaudhary,BJP,588664,49.74,Rao Dan Singh,INC,547154,46.24,41510
2024,Haryana,9,Gurgaon,GEN,Rao Inderjit Singh,BJP,808336,50.48,Raj Babbar,INC,733257,45.79,75079
2024,Haryana,10,Faridabad,GEN,Krishan Pal Gurjar,BJP,788569,53.6,Mahender Pratap Singh,INC,615655,41.84,172914
2024,Himachal Pradesh,1,Kangra,GEN,Rajeev Bhardwaj,BJP,632793,61.03,Anand Sharma,INC,380898,36.74,251895
2024,Himachal Pradesh,2,Mandi,GEN,Kangana Ranaut,BJP,537022,52.87,Vikramaditya Singh,INC,462267,45.51,74755
2024,Himachal Pradesh,3,Hamirpur,GEN,Anurag Thakur,BJP,607068,57.97,Satpal Raizada,INC,424711,40.55,182357
2024,Himachal Pradesh,4,Shimla,SC,Suresh Kumar Kashyap,BJP,519748,53.58,Vinod Sultanpuri,INC,428297,44.16,91451
2024,Jammu and Kashmir,1,Baramulla,GEN,Abdul Rashid Sheikh,IND,472481,45.7,Omar Abdullah,JKNC,268339,25.95,204142
2024,Jammu and Kashmir,2,Srinagar,GEN,Aga Syed Ruhullah Mehdi,JKNC,356866,52.85,Waheed Ur Rehman Para,JKPDP,168450,24.95,188416
2024,Jammu and Kashmir,3,Anantnag-Rajouri,GEN,Mian Altaf Ahmed Larvi,JKNC,521836,50.85,Mehbooba Mufti,JKPDP,240042,23.39,281794
2024,Jammu and Kashmir,4,Udhampur,GEN,Dr. Jitendra Singh,BJP,571076,51.28,Chaudhary Lal Singh,INC,446703,40.11,124373
2024,Jammu and Kashmir,5,Jammu,GEN,Jugal Kishore Sharma,BJP,687588,52.8,Raman Bhalla,INC,552090,42.4,135498
2024,Jharkhand,1,Rajmahal,ST,Vijay Kumar Hansdak,JMM,613371,50.35,Tala Marandi,BJP,435107,35.72,178264
2024,Jharkhand,2,Dumka,ST,Nalin Soren,JMM,547370,46.23,Sita Murmu,BJP,524843,44.32,22527
2024,Jharkhand,3,Godda,GEN,Nishikant Dubey,BJP,693140,49.57,Pradeep Yadav,INC,591327,42.29,101813
2024,Jharkhand,4,Chatra,GEN,Kali Charan Singh,BJP,574556,52.89,Krishna Nand Tripathy,INC,353597,32.55,220959
2024,Jharkhand,5,Kodarma,GEN,Annpurna Devi,BJP,791657,57.79,Vinod Kumar Singh,CPI(ML)L,414643,30.27,377014
2024,Jharkhand,6,Giridih,GEN,Chandra Prakash Choudhary,AJSU,451139,35.67,Mathura Prasad Mahato,JMM,370259,29.27,80880
2024,Jharkhand,7,Dhanbad,GEN,Dulu Mahato,BJP,789172,55.26,Anupama Singh,INC,457589,32.04,331583
2024,Jharkhand,8,Ranchi,GEN,Sanjay Seth,BJP,664732,45.91,Yashaswini Sahay,INC,544220,37.59,120512
2024,Jharkhand,9,Jamshedpur,GEN,Bidyut Baran Mahato,BJP,726174,56.84,Samir Kumar Mohanty,JMM,466392,36.5,259782
2024,Jharkhand,10,Singhbhum,SC,Joba Majhi,JMM,520164,51.62,Geeta Kora,BJP,351762,34.91,168402
2024,Jharkhand,11,Khunti,ST,Kali Charan Munda,INC,511647,54.62,Arjun Munda,BJP,361972,38.64,149675
2024,Jharkhand,12,Lohardaga,ST,Sukhdeo Bhagat,INC,483038,49.95,Samir Oraon,BJP,343900,35.56,139138
2024,Jharkhand,13,Palamau,SC,Vishnu Dayal Ram,BJP,770362,55.39,Mamata Bhuiyan,RJD,481555,34.63,288807
2024,Jharkhand,14,Hazaribagh,GEN,Manish Jaiswal,BJP,654613,51.76,Jai Prakash Bhai Patel,INC,377927,29.88,276686
2024,Karnataka,1,Chikkodi,GEN,Priyanka Jarkiholi,INC,713461,51.21,Annasaheb Shankar Jolle,BJP,622627,44.69,90834
2024,Karnataka,2,Belgaum,GEN,Jagadish Shettar,BJP,762029,55.06,Mrinal Hebbalkar,INC,583592,42.17,178437
2024,Karnataka,3,Bagalkot,GEN,Gaddigoudar Parvatagouda Chandanagouda,BJP,671039,50.93,Samyukta Shivanand Patil,INC,602640,45.74,68399
2024,Karnataka,4,Bijapur,SC,Ramesh Jigajinagi,BJP,672781,51.91,Raju Alagur,INC,595552,45.95,77229
2024,Karnataka,5,Gulbarga,SC,Radhakrishna Doddamani,INC,652321,49.78,Umesh. G. Jadhav,BJP,625116,47.7,27205
2024,Karnataka,6,Raichur,ST,G. Kumar Naik,INC,670966,51.63,Raja Amareshwara Naik,BJP,591185,45.49,79781
2024,Karnataka,7,Bidar,GEN,Sagar Eshwar Khandre,INC,666317,53.63,Bhagwant Khuba,BJP,537442,43.26,128875
2024,Karnataka,8,Koppal,GEN,K. Rajashekhar Basavaraj Hitnal,INC,663511,49.93,Basavaraj K. Sharanappa,BJP,617154,46.44,46357
2024,Karnataka,9,Bellary,ST,E. Tukaram,INC,730845,52.58,B. Sreeramulu,BJP,631853,45.46,98992
2024,Karnataka,10,Haveri,GEN,Basavaraj Bommai,BJP,705538,50.55,Anandswamy Gaddadevarmath,INC,662025,47.43,43513
2024,Karnataka,11,Dharwad,GEN,Prahlad Joshi,BJP,716231,52.41,Vinod Asooti,INC,618907,45.29,97324
2024,Karnataka,12,Uttara Kannada,GEN,Vishweshwar Hegde Kageri,BJP,782495,61.97,Anjali Nimbalkar,INC,445067,35.25,337428
2024,Karnataka,13,Davanagere,GEN,Prabha Mallikarjun,INC,633059,47.95,Gayithri Siddeshwara,BJP,606965,45.97,26094
2024,Karnataka,14,Shimoga,GEN,B. Y. Raghavendra,BJP,778721,56.54,Geetha Shivarajkumar,INC,535006,38.85,243715
2024,Karnataka,15,Udupi Chikmagalur,GEN,Kota Srinivas Poojary,BJP,732234,59.56,K. Jayaprakash Hegde,INC,473059,38.48,259175
2024,Karnataka,16,Hassan,GEN,Shreyas M. Patel,INC,672988,49.67,Prajwal Revanna,JD(S),630339,46.52,42649
2024,Karnataka,17,Dakshina Kannada,GEN,Brijesh Chowta,BJP,764132,53.97,Padmaraj R. Poojary,INC,614924,43.43,149208
2024,Karnataka,18,Chitradurga,SC,Govind Makthappa Karjol,BJP,684890,50.11,B. N. Chandrappa,INC,636769,46.58,48121
2024,Karnataka,19,Tumkur,GEN,V. Somanna,BJP,720946,55.31,S. P. Muddahanumegowda,INC,545352,41.84,175594
2024,Karnataka,20,Mandya,GEN,H. D. Kumaraswamy,JD(S),851881,58.34,Venkataramane Gowda,INC,567261,38.85,284620
2024,Karnataka,21,Mysore,GEN,Yaduveer Krishnadatta Chamaraja Wadiyar,BJP,795503,53.59,M. Lakshmana,INC,656241,44.21,139262
2024,Karnataka,22,Chamarajanagar,SC,Sunil Bose,INC,751671,54.87,Balaraj S.,BJP,562965,41.1,188706
2024,Karnataka,23,Bangalore Rural,GEN,C. N. Manjunath,BJP,1079002,56.21,D. K. Suresh,INC,809355,42.16,269647
2024,Karnataka,24,Bangalore North,GEN,Shobha Karandlaje,BJP,986049,56.27,M. V. Rajeev Gowda,INC,726573,41.46,259476
2024,Karnataka,25,Bangalore Central,GEN,P. C. Mohan,BJP,658915,50.05,Mansoor Ali Khan,INC,626208,47.57,32707
2024,Karnataka,26,Bangalore South,GEN,Tejaswi Surya,BJP,750830,60.1,Sowmya Reddy,INC,473747,37.92,277083
2024,Karnataka,27,Chikballapur,GEN,K. Sudhakar,BJP,822619,53.74,M. S. Raksha Ramaiah,INC,659159,43.06,163460
2024,Karnataka,28,Kolar,GEN,M. Mallesh Babu,JD(S),691481,51.02,K. V. Gowtham,INC,620093,45.76,71388
2024,Kerala,1,Kasaragod,GEN,Rajmohan Unnithan,INC,490659,44.1,M. V. Balakrishnan,CPI(M),390010,35.06,100649
2024,Kerala,2,Kannur,GEN,K. Sudhakaran,INC,518524,48.74,M. V. Jayarajan,CPI(M),409542,38.5,108982
2024,Kerala,3,Vatakara,GEN,Shafi Parambil,INC,557528,49.65,K. K. Shailaja,CPI(M),443022,39.45,114506
2024,Kerala,4,Wayanad,GEN,Rahul Gandhi,INC,647445,59.69,Annie Raja,CPI,283023,26.09,364422
2024,Kerala,5,Kozhikode,GEN,M. K. Raghavan,INC,520421,47.74,Elamaram Kareem,CPI(M),374245,34.33,146176
2024,Kerala,6,Malappuram,GEN,E. T. Mohammed Basheer,IUML,644006,59.35,V Vaseef,CPI(M),343888,31.69,300118
2024,Kerala,7,Ponnani,GEN,M. P. Abdussamad Samadani,IUML,562516,54.81,K.S. Hamza,CPI(M),326756,31.84,235760
2024,Kerala,8,Palakkad,GEN,V. K. Sreekandan,INC,421169,40.66,A. Vijayaraghavan,CPI(M),345886,33.39,75283
2024,Kerala,9,Alathur,SC,K. Radhakrishnan,CPI(M),403447,40.66,Ramya Haridas,INC,383336,38.63,20111
2024,Kerala,10,Thrissur,GEN,Suresh Gopi,BJP,412338,37.8,V. S. Sunilkumar,CPI,337652,30.95,74686
2024,Kerala,11,Chalakudy,GEN,Benny Behanan,INC,394171,41.44,C. Raveendranath,CPI(M),330417,34.73,63754
2024,Kerala,12,Ernakulam,GEN,Hibi Eden,INC,482317,52.97,K. J. Shine,CPI(M),231932,25.47,250385
2024,Kerala,13,Idukki,GEN,Dean Kuriakose,INC,432372,51.43,Joice George,CPI(M),298645,35.53,133727
2024,Kerala,14,Kottayam,GEN,K. Francis George,KEC,364631,43.6,Thomas Chazhikadan,KC(M),277365,33.17,87266
2024,Kerala,15,Alappuzha,GEN,K. C. Venugopal,INC,404560,38.21,A. M. Ariff,CPI(M),341047,32.21,63513
2024,Kerala,16,Mavelikkara,SC,Kodikunnil Suresh,INC,369516,41.29,Arun Kumar C. A.,CPI,358648,40.07,10868
2024,Kerala,17,Pathanamthitta,GEN,Anto Antony,INC,367623,39.98,T. M. Thomas Issac,CPI(M),301504,32.79,66119
2024,Kerala,18,Kollam,GEN,N. K. Premachandran,RSP,443628,48.45,M. Mukesh,CPI(M),293326,32.03,150302
2024,Kerala,19,Attingal,GEN,Adoor Prakash,INC,328051,33.29,V. Joy,CPI(M),327367,33.22,684
2024,Kerala,20,Thiruvananthapuram,GEN,Shashi Tharoor,INC,358155,37.19,Rajeev Chandrasekhar,BJP,342078,35.52,16077
2024,Ladakh,1,Ladakh,GEN,Tsering Namgyal,IND,37397,48.15,Mohmad Haneefa,INC,65259,27.59,27862
2024,Lakshadweep,1,Lakshadweep,ST,Muhammed Hamdulla Sayeed,INC,25726,52.29,Mohammed Faizal Padippura,NCP-SP,23079,46.91,2647
2024,Madhya Pradesh,1,Morena,GEN,Shivmangal Singh Tomar,BJP,515477,43.41,Neetu Satyapal Singh Sikarwar,INC,462947,38.99,52530
2024,Madhya Pradesh,2,Bhind,SC,Sandhya Ray,BJP,537065,51.2,Phool Singh Baraiya,INC,472225,45.02,64840
2024,Madhya Pradesh,3,Gwalior,GEN,Bharat Singh Kushwah,BJP,671535,49.99,Praveen Pathak,INC,601325,44.77,70210
2024,Madhya Pradesh,4,Guna,GEN,Jyotiraditya Scindia,BJP,923302,67.21,Yadvendra Rao Deshraj Singh,INC,382373,27.83,540929
2024,Madhya Pradesh,5,Sagar,GEN,Lata Wankhede,BJP,787979,68.49,Chandra Bhushan Singh Bundela,INC,316757,27.53,471222
2024,Madhya Pradesh,6,Tikamgarh,SC,Virendra Kumar Khatik,BJP,715050,65.1,Pankaj Ahirwar,INC,311738,28.38,403312
2024,Madhya Pradesh,7,Damoh,GEN,Rahul Singh Lodhi,BJP,709768,65.18,Tarbar Singh Lodhi,INC,303342,27.86,406426
2024,Madhya Pradesh,8,Khajuraho,GEN,V. D. Sharma,BJP,772774,67.75,Kamlesh Kumar,BSP,231545,20.3,541229
2024,Madhya Pradesh,9,Satna,GEN,Ganesh Singh,BJP,459728,43.41,Siddharth Sukhlal Kushwaha,INC,374779,35.39,84949
2024,Madhya Pradesh,10,Rewa,GEN,Janardan Mishra,BJP,477459,52,Neelam Abhay Mishra,INC,284085,30.94,193374
2024,Madhya Pradesh,11,Sidhi,GEN,Rajesh Mishra,BJP,583559,50.87,Kamleshwar Indrajit Kumar,INC,377143,32.87,206416
2024,Madhya Pradesh,12,Shahdol,ST,Himadri Singh,BJP,711143,61.73,Phunde Lal Singh Marko,INC,313803,27.24,397340
2024,Madhya Pradesh,13,Jabalpur,GEN,Ashish Dubey,BJP,790133,68.2,Dinesh Yadav,INC,303459,26.19,486674
2024,Madhya Pradesh,14,Mandla,ST,Faggan Singh Kulaste,BJP,751375,48.93,Omkar Singh Markam,INC,647529,42.17,103846
2024,Madhya Pradesh,15,Balaghat,GEN,Bharti Pardhi,BJP,712660,51.56,Samrat Ashok Singh Saraswar,INC,538148,38.93,174512
2024,Madhya Pradesh,16,Chhindwara,GEN,Bunty Vivek Sahu,BJP,644738,49.41,Nakul Nath,INC,531120,40.7,113618
2024,Madhya Pradesh,17,Hoshangabad,GEN,Darshan Singh Choudhary,BJP,812147,64.99,Sanjay Sharma,INC,380451,30.44,431696
2024,Madhya Pradesh,18,Vidisha,GEN,Shivraj Singh Chouhan,BJP,1116460,76.7,Pratapbhanu Sharma,INC,295052,20.27,821408
2024,Madhya Pradesh,19,Bhopal,GEN,Alok Sharma,BJP,981109,65.48,Arun Shrivastava,INC,479610,32.01,501499
2024,Madhya Pradesh,20,Rajgarh,GEN,Rodmal Nagar,BJP,758743,53.1,Digvijaya Singh,INC,612654,42.87,146089
2024,Madhya Pradesh,21,Dewas,SC,Mahendra Singh Solanky,BJP,928941,63.23,Rajendra Radhakishan Malviya,INC,503716,34.29,425225
2024,Madhya Pradesh,22,Ujjain,SC,Anil Firojiya,BJP,836104,62.93,Mahesh Parmar,INC,460244,34.64,375860
2024,Madhya Pradesh,23,Mandsaur,GEN,Sudheer Gupta,BJP,945761,65.98,Dilip Singh Gurjar,INC,445106,31.05,500655
2024,Madhya Pradesh,24,Ratlam,ST,Anita Nagarsingh Chouhan,BJP,795863,51.93,Kantilal Bhuria,INC,588631,38.41,207232
2024,Madhya Pradesh,25,Dhar,ST,Savitri Thakur,BJP,794449,55.75,Radheshyam Muvel,INC,575784,40.4,218665
2024,Madhya Pradesh,26,Indore,GEN,Shankar Lalwani,BJP,1226751,78.54,Sanjay Laxman Solanki,BSP,51659,3.31,1175092
2024,Madhya Pradesh,27,Khargone,ST,Gajendra Singh Patel,BJP,819863,52.6,Porlal Batha Kharte,INC,684845,43.93,135018
2024,Madhya Pradesh,28,Khandwa,GEN,Gyaneswar Patil,BJP,862679,57.04,Narendra Patel,INC,592708,39.19,269971
2024,Madhya Pradesh,29,Betul,ST,Durga Das Uikey,BJP,848236,60.76,Ramu Tekam,INC,468475,33.56,379761
2024,Maharashtra,1,Nandurbar,ST,Gowaal Kagada Padavi,INC,745998,53.53,Dr Heena Vijaykumar Gavit,BJP,586878,42.11,159120
2024,Maharashtra,2,Dhule,GEN,Bachhav Shobha Dinesh,INC,583866,47.89,Subhash Bhamre,BJP,580035,47.57,3831
2024,Maharashtra,3,Jalgaon,GEN,Smita Wagh,BJP,674428,57.67,Karan Pawar,Ss(Ubt),422834,36.15,251594
2024,Maharashtra,4,Raver,GEN,Raksha Khadse,BJP,630879,53.84,Shriram Dayaram Patil,NCP-SP,358696,30.61,272183
2024,Maharashtra,5,Buldhana,GEN,Prataprao Ganpatrao Jadhav,SS,349867,31.53,Narendra Khedekar,Ss(Ubt),320388,28.88,29479
2024,Maharashtra,6,Akola,GEN,Anup Dhotre,BJP,457030,38.96,Abhay Kashinath Patil,INC,416404,35.5,40626
2024,Maharashtra,7,Amravati,SC,Balwant Baswant Wankhade,INC,526271,44.84,Navneet Kaur Rana,BJP,506540,43.16,19731
2024,Maharashtra,8,Wardha,GEN,Amar Sharadrao Kale,NCP-SP,533106,48.68,Ramdas Tadas,BJP,451458,41.23,81648
2024,Maharashtra,9,Ramtek,SC,Shyamkumar Barve,INC,613025,48.94,Raju Deonath Parve,SS,536257,42.81,76768
2024,Maharashtra,10,Nagpur,GEN,Nitin Gadkari,BJP,655027,54.08,Vikas Thakre,INC,517424,42.72,137603
2024,Maharashtra,11,Bhandara-Gondiya,GEN,Prashant Yadaorao Padole,INC,587413,47.56,Sunil Baburao Mendhe,BJP,550033,44.53,37380
2024,Maharashtra,12,Gadchiroli-Chimur,ST,Kirsan Namdeo,INC,617792,52.97,Ashok Mahadeorao Nete,BJP,476096,40.82,141696
2024,Maharashtra,13,Chandrapur,GEN,Pratibha Dhanorkar,INC,718410,57.88,Sudhir Mungantiwar,BJP,458004,36.9,260406
2024,Maharashtra,14,Yavatmal-Washim,GEN,Sanjay Uttamrao Deshmukh,Ss(Ubt),594807,48.53,Rajshritai Hemant Patil,SS,500334,40.83,94473
2024,Maharashtra,15,Hingoli,GEN,Nagesh Bapurao Patil Ashtikar,Ss(Ubt),492535,42.49,Baburao Kadam Kohalikar,SS,383933,33.12,108602
2024,Maharashtra,16,Nanded,GEN,Vasantrao Balwantrao Chavan,INC,528894,46.88,Prataprao Govindrao Chikhalikar,BJP,469452,41.61,59442
2024,Maharashtra,17,Parbhani,GEN,Sanjay Jadhav,Ss(Ubt),601343,45.17,Mahadev Jankar,RSPS,467282,35.1,134061
2024,Maharashtra,18,Jalna,GEN,Kalyan Vaijinathrao Kale,INC,607897,44.59,Raosaheb Dadarao Danve,BJP,497939,36.52,109958
2024,Maharashtra,19,Aurangabad,GEN,Sandipanrao Bhumre,SS,476130,36.56,Imtiyaz Jaleel,AIMIM,341480,26.22,134650
2024,Maharashtra,20,Dindori,ST,Bhaskar Murlidhar Bhagare,NCP-SP,577339,46.53,Bharati Pawar,BJP,464140,37.4,113199
2024,Maharashtra,21,Nashik,GEN,Rajabhau Waje,Ss(Ubt),616729,49.85,Hemant Tukaram Godse,SS,454728,36.75,162001
2024,Maharashtra,22,Palghar,ST,Hemant Vishnu Savara,BJP,601244,43.69,Bharti Bharat Kamdi,Ss(Ubt),417938,30.37,183306
2024,Maharashtra,23,Bhiwandi,GEN,Suresh Mhatre,NCP-SP,499464,39.85,Kapil Moreshwar Patil,BJP,433343,34.57,66121
2024,Maharashtra,24,Kalyan,GEN,Shrikant Shinde,SS,589636,56.38,Vaishali Darekar,Ss(Ubt),380492,36.39,209144
2024,Maharashtra,25,Thane,GEN,Naresh Mhaske,SS,734231,56.09,Rajan Vichare,Ss(Ubt),517220,39.51,217011
2024,Maharashtra,26,Mumbai North,GEN,Piyush Goyal,BJP,680146,65.68,Bhushan Patil,INC,322538,31.15,357608
2024,Maharashtra,27,Mumbai North West,GEN,Ravindra Waikar,SS,452644,47.4,Amol Kirtikar,Ss(Ubt),452596,47.395,48
2024,Maharashtra,28,Mumbai North East,GEN,Sanjay Dina Patil,Ss(Ubt),450937,48.67,Mihir Kotecha,BJP,421076,45.45,29861
2024,Maharashtra,29,Mumbai North Central,GEN,Varsha Gaikwad,INC,445545,48.93,Ujjwal Nikam,BJP,429031,47.12,16514
2024,Maharashtra,30,Mumbai South Central,GEN,Anil Desai,Ss(Ubt),395138,49.73,Rahul Ramesh Shewale,SS,341754,43.01,53384
2024,Maharashtra,31,Mumbai South,GEN,Arvind Sawant,Ss(Ubt),395655,51.18,Yamini Jadhav,SS,342982,44.36,52673
2024,Maharashtra,32,Raigad,GEN,Sunil Tatkare,NCP,508352,50.17,Anant Geete,Ss(Ubt),425568,42,82784
2024,Maharashtra,33,Maval,GEN,Shrirang Barne,SS,692832,48.81,Sanjog Bhiku Waghere Patil,Ss(Ubt),596217,42,96615
2024,Maharashtra,34,Pune,GEN,Murlidhar Mohol,BJP,584728,52.94,Ravindra Hemraj Dhangekar,INC,461690,41.8,123038
2024,Maharashtra,35,Baramati,GEN,Supriya Sule,NCP-SP,732312,51.85,Sunetra Pawar,NCP,573979,40.64,158333
2024,Maharashtra,36,Shirur,GEN,Amol Kolhe,NCP-SP,698692,50.83,Shivajirao Adhalarao Patil,NCP,557741,40.58,140951
2024,Maharashtra,37,Ahmednagar,GEN,Nilesh Dnyandev Lanke,NCP-SP,624797,47.14,Sujay Vikhe Patil,BJP,595868,44.95,28929
2024,Maharashtra,38,Shirdi,SC,Bhausaheb Rajaram Wakchaure,Ss(Ubt),476900,45,Sadashiv Lokhande,SS,426371,40.23,50529
2024,Maharashtra,39,Beed,GEN,Bajrang Manohar Sonwane,NCP-SP,683950,44.5,Pankaja Munde,BJP,677397,44.93,6553
2024,Maharashtra,40,Osmanabad,GEN,Omprakash Rajenimbalkar,Ss(Ubt),748752,58.45,Archana Patil,NCP,418906,32.7,329846
2024,Maharashtra,41,Latur,SC,Kalge Shivaji Bandappa,INC,609021,49.15,Sudhakar Tukaram Shrangare,BJP,547140,44.16,61881
2024,Maharashtra,42,Solapur,SC,Praniti Shinde,INC,620225,51.49,Ram Satpute,BJP,546028,45.33,74197
2024,Maharashtra,43,Madha,GEN,Dhairyasheel Patil,NCP-SP,622213,48.86,Ranjit Naik-Nimbalkar,BJP,501376,39.37,120837
2024,Maharashtra,44,Sangli,GEN,Vishal Prakashbapu Patil,IND,571666,48.91,Sanjay Patil,BJP,471613,40.35,100053
2024,Maharashtra,45,Satara,GEN,Shrimant Chhatrapati Udayanraje Pratapsinhmaharaj Bhonsle,BJP,571134,47.67,Shashikant Shinde,NCP-SP,538363,44.94,32771
2024,Maharashtra,46,Ratnagiri-Sindhudurg,GEN,Narayan Rane,BJP,448514,49.07,Vinayak Raut,Ss(Ubt),400656,43.83,47858
2024,Maharashtra,47,Kolhapur,GEN,Chhatrapati Shahuji Maharaj,INC,754522,54.15,Sanjay Mandlik,SS,599558,43.03,154964
2024,Maharashtra,48,Hatkanangle,GEN,Dhairyasheel Sambhajirao Mane,SS,520190,40.14,Satyajeet Patil,Ss(Ubt),506764,39.1,13426
2024,Manipur,1,Inner Manipur,GEN,Angomcha Bimol Akoijam,INC,374017,46.93,Thounaojam Basanta Kumar Singh,BJP,264216,33.16,109801
2024,Manipur,2,Outer Manipur,ST,Alfred Kan-Ngam Arthur,INC,384954,48.32,Kachui Timothy Zimik,NPF,299536,37.6,85418
2024,Meghalaya,1,Shillong,ST,Ricky AJ Syngkon,VPP,571078,55.02,Vincent H. Pala,INC,199168,19.19,371910
2024,Meghalaya,2,Tura,ST,Saleng A. Sangma,INC,383919,56.96,Agatha Sangma,NPP,228678,33.93,155241
2024,Mizoram,1,Mizoram,ST,Richard Vanlalhmangaiha,ZPM,208552,42.45,K. Vanlalvena,MNF,140264,28.55,68288
2024,Nagaland,1,Nagaland,ST,S. Supongmeren Jamir,INC,401951,52.83,Chumben Murry,NDPP,350967,46.13,50984
2024,Odisha,1,Bargarh,GEN,Pradeep Purohit,BJP,716359,54.69,Parinita Mishra,BJD,464692,35.48,251667
2024,Odisha,2,Sundargarh,ST,Jual Oram,BJP,494282,42.77,Dilip Kumar Tirkey,BJD,355474,30.76,138808
2024,Odisha,3,Sambalpur,GEN,Dharmendra Pradhan,BJP,592162,49.48,Pranab Prakash Das,BJD,472326,39.47,119836
2024,Odisha,4,Keonjhar,ST,Ananta Nayak,BJP,573923,45.67,Dhanurjaya Sidu,BJD,476881,37.95,97042
2024,Odisha,5,Mayurbhanj,ST,Naba Charan Majhi,BJP,585971,49.91,Sudam Marndi,BJD,366637,31.23,219334
2024,Odisha,6,Balasore,GEN,Pratap Chandra Sarangi,BJP,563865,45.49,Lekhasri Samantsinghar,BJD,416709,33.62,147156
2024,Odisha,7,Bhadrak,SC,Avimanyu Sethi,BJP,573319,44.19,Manjulata Mandal,BJD,481775,37.13,91544
2024,Odisha,8,Jajpur,SC,Rabindra Narayan Behera,BJP,534239,46.01,Sarmistha Sethi,BJD,532652,45.87,1587
2024,Odisha,9,Dhenkanal,GEN,Rudra Narayan Pany,BJP,598721,50.24,Abinash Samal,BJD,522154,43.82,76567
2024,Odisha,10,Bolangir,GEN,Sangeeta Kumari Singh Deo,BJP,617744,44.12,Surendra Singh Bhoi,BJD,485080,34.64,132664
2024,Odisha,11,Kalahandi,GEN,Malvika Devi,BJP,544303,40.79,Lambodar Nial,BJD,410490,30.77,133813
2024,Odisha,12,Nabarangpur,ST,Balabhadra Majhi,BJP,481396,38.74,Pradeep Kumar Majhi,BJD,393860,31.7,87536
2024,Odisha,13,Kandhamal,GEN,Sukanta Kumar Panigrahi,BJP,416415,41.8,Achyutananda Samanta,BJD,395044,39.66,21371
2024,Odisha,14,Cuttack,GEN,Bhartruhari Mahtab,BJP,531601,47.43,Santrupt Misra,BJD,474524,42.34,57077
2024,Odisha,15,Kendrapara,GEN,Baijayant Panda,BJP,615705,48.21,Anshuman Mohanty,BJD,549169,43,66536
2024,Odisha,16,Jagatsinghpur,SC,Bibhu Prasad Tarai,BJP,589093,45.8,Rajashree Mallick,BJD,548397,42.63,40696
2024,Odisha,17,Puri,GEN,Sambit Patra,BJP,629330,52.58,Arup Patnaik,BJD,524621,43.83,104709
2024,Odisha,18,Bhubaneswar,GEN,Aparajita Sarangi,BJP,512519,47.36,Manmath Kumar Routray,BJD,477367,44.11,35152
2024,Odisha,19,Aska,GEN,Anita Subhadarshini,BJP,494226,48.55,Ranjita Sahu,BJD,394252,38.73,99974
2024,Odisha,20,Berhampur,GEN,Pradeep Kumar Panigrahy,BJP,513102,49.2,Bhrugu Baxipatra,BJD,347626,33.33,165476
2024,Odisha,21,Koraput,ST,Saptagiri Sankar Ulaka,INC,471393,41.03,Kausalya Hikaka,BJD,323649,28.17,147744
2024,Puducherry,1,Puducherry,GEN,V. Vaithilingam,INC,426005,52.73,A. Namassivayam,BJP,289489,35.83,136516
2024,Punjab,1,Gurdaspur,GEN,Sukhjinder Singh Randhawa,INC,364043,33.78,Dinesh Singh,BJP,281182,26.09,82861
2024,Punjab,2,Amritsar,GEN,Gurjeet Singh Aujla,INC,255181,28.18,Kuldeep Singh Dhaliwal,AAP,214880,23.73,40301
2024,Punjab,3,Khadoor Sahib,GEN,Amritpal Singh,IND,404430,38.62,Kulbir Singh Zira,INC,207310,19.8,197120
2024,Punjab,4,Jalandhar,SC,Charanjit Singh Channi,INC,390053,39.43,Sushil Kumar Rinku,BJP,214060,21.64,175993
2024,Punjab,5,Hoshiarpur,SC,Raj Kumar Chabbewal,AAP,303859,32.04,Yamini Gomar,INC,259748,27.39,44111
2024,Punjab,6,Anandpur Sahib,GEN,Malvinder Singh Kang,AAP,313217,29.08,Vijay Inder Singla,INC,302371,28.07,10846
2024,Punjab,7,Ludhiana,GEN,Amrinder Singh Raja Warring,INC,322224,30.42,Ravneet Singh Bittu,BJP,301282,28.45,20942
2024,Punjab,8,Fatehgarh Sahib,SC,Amar Singh,INC,332591,34.14,Gurpreet Singh GP,AAP,298389,30.63,34202
2024,Punjab,9,Faridkot,SC,Sarabjeet Singh Khalsa,IND,298062,29.38,Karamjit Anmol,AAP,228009,22.48,70053
2024,Punjab,10,Ferozpur,GEN,Sher Singh Ghubaya,INC,266626,23.7,Jagdeep Singh Kaka Brar,AAP,263384,23.41,3242
2024,Punjab,11,Bathinda,GEN,Harsimrat Kaur Badal,SAD,376558,32.71,Gurmeet Singh Khuddian,AAP,326902,28.4,49656
2024,Punjab,12,Sangrur,GEN,Gurmeet Singh Meet Hayer,AAP,364085,36.06,Sukhpal Singh Khaira,INC,191525,18.97,172560
2024,Punjab,13,Patiala,GEN,Dharamvira Gandhi,INC,305616,26.54,Balbir Singh,AAP,290785,25.25,14831
2024,Rajasthan,1,Ganganagar,SC,Kuldeep Indora,INC,726492,51.4,Priyanka Balan Meghwal,BJP,638339,45.16,88153
2024,Rajasthan,2,Bikaner,SC,Arjun Ram Meghwal,BJP,566737,50.68,Govind Ram Meghwal,INC,511026,45.67,55711
2024,Rajasthan,3,Churu,GEN,Rahul Kaswan,INC,728211,51.12,Devendra Jhajharia,BJP,655474,46.01,72737
2024,Rajasthan,4,Jhunjhunu,GEN,Brijendra Singh Ola,INC,553168,49.44,Shubhkaran Choudhary,BJP,534933,47.81,18235
2024,Rajasthan,5,Sikar,GEN,Amra Ram,CPI(M),659300,50.68,Sumedhanand Saraswati,BJP,586404,45.08,72896
2024,Rajasthan,6,Jaipur Rural,GEN,Rao Rajendra Singh,BJP,617877,48.96,Anil Chopra,INC,616262,48.83,1615
2024,Rajasthan,7,Jaipur,GEN,Manju Sharma,BJP,886850,60.61,Pratap Singh Khachariyawas,INC,555083,37.93,331767
2024,Rajasthan,8,Alwar,GEN,Bhupender Yadav,BJP,631992,50.42,Lalit Yadav,INC,583710,46.57,48282
2024,Rajasthan,9,Bharatpur,SC,Sanjana Jatav,INC,579890,51.18,Ramswaroop Koli,BJP,527907,46.59,51983
2024,Rajasthan,10,Karauli-Dholpur,SC,Bhajan Lal Jatav,INC,530011,53.64,Indu Devi,BJP,431066,43.62,98945
2024,Rajasthan,11,Dausa,ST,Murari Lal Meena,INC,646266,60.24,Kanhaiya Lal Meena,BJP,408926,38.12,237340
2024,Rajasthan,12,Tonk-Sawai Madhopur,GEN,Harish Chandra Meena,INC,623763,50.85,Sukhbir Singh Jaunapuria,BJP,558814,45.56,64949
2024,Rajasthan,13,Ajmer,GEN,Bhagirath Choudhary,BJP,747462,62.23,Ramchandra Choudhary,INC,417471,34.76,329991
2024,Rajasthan,14,Nagaur,GEN,Hanuman Beniwal,RLP,596955,48.2,Jyoti Mirdha,BJP,554730,44.79,42225
2024,Rajasthan,15,Pali,GEN,P. P. Chaudhary,BJP,757389,55.94,Sangeeta Beniwal,INC,512038,37.82,245351
2024,Rajasthan,16,Jodhpur,GEN,Gajendra Singh Shekhawat,BJP,730056,52.76,Karan Singh Unchiyarda,INC,614379,44.4,115677
2024,Rajasthan,17,Barmer,GEN,Ummeda Ram Beniwal,INC,704676,41.74,Ravindra Singh Bhati,IND,586500,34.74,118176
2024,Rajasthan,18,Jalore,SC,Lumbaram Choudhary,BJP,796783,54.91,Vaibhav Gehlot,INC,595240,41.02,201543
2024,Rajasthan,19,Udaipur,ST,Manna Lal Rawat,BJP,738286,49.27,Tarachand Meena,INC,476678,31.81,261608
2024,Rajasthan,20,Banswara,ST,Rajkumar Roat,BAP,820831,50.15,Mahendrajeet Singh Malviya,BJP,573777,35.05,247054
2024,Rajasthan,21,Chittorgarh,GEN,Chandra Prakash Joshi,BJP,888202,59.26,Udailal Anjana,INC,498325,33.25,389877
2024,Rajasthan,22,Rajsamand,GEN,Mahima Kumari Mewar,BJP,781203,64.4,Damodar Gurjar,INC,388980,32.06,392223
2024,Rajasthan,23,Bhilwara,GEN,Damodar Agarwal,BJP,807640,61.92,C. P. Joshi,INC,453034,34.73,354606
2024,Rajasthan,24,Kota,GEN,Om Birla,BJP,750496,50.03,Prahlad Gunjal,INC,708522,47.23,41974
2024,Rajasthan,25,Jhalawar-Baran,GEN,Dushyant Singh,BJP,865376,60.88,Urmila Jain,INC,494387,34.78,370989
2024,Sikkim,1,Sikkim,GEN,Indra Hang Subba,SKM,164396,42.71,Bharat Basnett,CAP,83566,21.71,164396
2024,Tamil Nadu,1,Thiruvallur,GEN,Sasikanth Senthil,INC,796956,56.21,V. Pon Balaganapathy,BJP,224801,15.86,572155
2024,Tamil Nadu,2,Chennai North,GEN,Kalanidhi Veeraswamy,DMK,497333,55.11,R. Manohar,AIADMK,158111,17.52,339222
2024,Tamil Nadu,3,Chennai South,GEN,Thamizhachi Thangapandian,DMK,516628,47,Tamilisai Soundararajan,BJP,290683,26.44,225945
2024,Tamil Nadu,4,Chennai Central,GEN,Dayanidhi Maran,DMK,413848,56.65,Vinoj,BJP,169159,23.16,244689
2024,Tamil Nadu,5,Sriperumbudur,SC,T. R. Baalu,DMK,758611,52.65,G. Premkumar,AIADMK,271582,18.85,487029
2024,Tamil Nadu,6,Kancheepuram,SC,G. Selvam,DMK,586044,46.53,Rajasekar E.,AIADMK,364571,28.94,221473
2024,Tamil Nadu,7,Arakkonam,SC,S. Jagathrakshakan,DMK,563216,48.39,L. Vijayan,AIADMK,256657,22.05,306559
2024,Tamil Nadu,8,Vellore,SC,Kathir Anand,DMK,568692,50.35,A. C. Shanmugam,BJP,352990,31.25,215702
2024,Tamil Nadu,9,Krishnagiri,GEN,K. Gopinath,INC,492883,42.27,V. Jayaprakash,AIADMK,300397,25.76,192486
2024,Tamil Nadu,10,Dharmapuri,GEN,A. Mani,DMK,432667,34.67,Sowmiya Anbumani,PMK,411367,32.97,21300
2024,Tamil Nadu,11,Tiruvannamalai,GEN,C. N. Annadurai,DMK,547379,47.75,M. Kaliyaperumal,AIADMK,313448,27.34,233931
2024,Tamil Nadu,12,Arani,GEN,M.S. Tharanivendhan,DMK,500099,43.86,G. V. Gajendran,AIADMK,291333,25.55,208766
2024,Tamil Nadu,13,Villupuram,GEN,D. Ravikumar,VCK,477033,41.39,J. Bhagyaraj,AIADMK,406330,35.25,70703
2024,Tamil Nadu,14,Kallakurichi,GEN,Malaiyarasan D,DMK,561589,44.94,R. Kumaraguru,AIADMK,507805,40.64,53784
2024,Tamil Nadu,15,Salem,GEN,T. M. Selvaganapathi,DMK,566085,43.38,P. Vignesh,AIADMK,495728,37.99,70357
2024,Tamil Nadu,16,Namakkal,GEN,V. S. Matheswaran,DMK,462036,40.31,S. Tamilmani,AIADMK,432924,37.77,29112
2024,Tamil Nadu,17,Erode,GEN,K. E. Prakash,DMK,562339,51.43,Ashok Kumar,AIADMK,325773,29.79,236566
2024,Tamil Nadu,18,Tiruppur,GEN,K. Subbarayan,CPI,472739,41.38,P. Arunachalam,AIADMK,346811,30.35,125928
2024,Tamil Nadu,19,Nilgiris,GEN,A. Raja,DMK,473212,46.44,L. Murugan,BJP,232627,22.83,240585
2024,Tamil Nadu,20,Coimbatore,GEN,Ganapathi P. Rajkumar,DMK,568200,41.39,K. Annamalai [ta,BJP,450132,32.79,118068
2024,Tamil Nadu,21,Pollachi,GEN,Eswarasamy,DMK,533377,47.37,A. Karthikeyan,AIADMK,281335,24.98,252042
2024,Tamil Nadu,22,Dindigul,GEN,R. Sachidanandam,CPI(M),670149,58.29,M. A. Mohamed Mubarak,AIADMK,226328,19.69,443821
2024,Tamil Nadu,23,Karur,GEN,Jothimani,INC,534906,47.25,L. Thangavel,AIADMK,368090,32.52,166816
2024,Tamil Nadu,24,Tiruchirappalli,GEN,Durai Vaiko,MDMK,542213,51.35,P. Karuppaiah,AIADMK,229119,21.7,313094
2024,Tamil Nadu,25,Perambalur,GEN,Arun Nehru,DMK,603209,53.42,N. D. Chandramohan,AIADMK,214102,18.96,389107
2024,Tamil Nadu,26,Cuddalore,GEN,M. K. Vishnu Prasad,INC,455053,44.11,P. Sivakozhundu,DMDK,269157,26.09,185896
2024,Tamil Nadu,27,Chidambaram,SC,Thol. Thirumavalavan,VCK,505084,43.28,M. Chandrahasan,AIADMK,401530,34.4,103554
2024,Tamil Nadu,28,Mayiladuthurai,GEN,Sudha Ramakrishnan,INC,518459,47.67,P. Babu,AIADMK,247276,22.73,271183
2024,Tamil Nadu,29,Nagapattinam,SC,V. Selvaraj,CPI,465044,47.79,G. Sursith Sankar,AIADMK,256087,26.49,208957
2024,Tamil Nadu,30,Thanjavur,SC,S. Murasoli,DMK,502245,48.82,P. Sivanesan,DMDK,182662,17.76,319583
2024,Tamil Nadu,31,Sivaganga,GEN,Karti Chidambaram,INC,427677,40.6,A. Xavierdass,AIADMK,222013,21.08,205664
2024,Tamil Nadu,32,Madurai,GEN,S. Venkatesan,CPI(M),430323,43.6,Raama Sreenivasan,BJP,220914,22.38,209409
2024,Tamil Nadu,33,Theni,GEN,Thanga Tamil Selvan,DMK,571493,50.08,T. T. V. Dhinakaran,AMMK,292668,25.65,278825
2024,Tamil Nadu,34,Virudhunagar,GEN,Manickam Tagore,INC,385256,36.28,V. Vijayaprabhakaran,DMDK,380877,35.87,4379
2024,Tamil Nadu,35,Ramanathapuram,GEN,Kani K. Navas,IUML,509664,45.92,O. Paneerselvam,IND,342882,30.89,166782
2024,Tamil Nadu,36,Thoothukudi,GEN,Kanimozhi,DMK,540729,55.26,R. Velumany Sivasamy,AIADMK,147991,15.12,392738
2024,Tamil Nadu,37,Tenkasi,GEN,Rani Srikumar,DMK,425679,40.97,K. Krishnasamy,AIADMK,229480,22.08,196199
2024,Tamil Nadu,38,Tirunelveli,GEN,C. Robert Bruce,INC,502296,47.06,Nainar Nagenthran,BJP,336676,31.54,165620
2024,Tamil Nadu,39,Kanniyakumari,GEN,Vijay Vasanth,INC,546248,53.08,Pon Radhakrishnan,BJP,366341,35.6,179907
2024,Telangana,1,Adilabad,ST,Godam Nagesh,BJP,568168,45.98,Athram Suguna,INC,477516,38.65,90652
2024,Telangana,2,Peddapalli,SC,Vamsi Krishna Gaddam,INC,475587,43.42,Srinivas Gomase,BJP,344223,31.43,131364
2024,Telangana,3,Karimnagar,GEN,Bandi Sanjay Kumar,BJP,585116,44.57,Velchala Rajender Rao,INC,359907,27.41,225209
2024,Telangana,4,Nizamabad,GEN,Arvind Dharmapuri,BJP,592318,48.02,T. Jeevan Reddy,INC,483077,39.16,109241
2024,Telangana,5,Zahirabad,GEN,Suresh Kumar Shetkar,INC,528418,42.73,B. B. Patil,BJP,482230,39,46188
2024,Telangana,6,Medak,GEN,Raghunandan Rao,BJP,471217,33.99,Neelam Madhu,INC,432078,31.17,39139
2024,Telangana,7,Malkajgiri,GEN,Etela Rajender,BJP,991042,51.25,Patnam Suneetha Mahender Reddy,INC,599567,31,391475
2024,Telangana,8,Secunderabad,GEN,G. Kishan Reddy,BJP,473012,45.15,Danam Nagender,INC,423068,40.38,49944
2024,Telangana,9,Hyderabad,GEN,Asaduddin Owaisi,AIMIM,661981,61.28,Kompella Madhavi Latha,BJP,323894,29.98,338087
2024,Telangana,10,Chevella,GEN,Konda Vishweshwar Reddy,BJP,809882,48.34,G. Ranjith Reddy,INC,636985,38.02,172897
2024,Telangana,11,Mahbubnagar,GEN,D. K. Aruna,BJP,510747,41.66,Challa Vamshi Chand Reddy,INC,506247,41.29,4500
2024,Telangana,12,Nagarkurnool,SC,Mallu Ravi,INC,465072,38.14,Bharath Prasad Pothuganti,BJP,370658,30.4,94414
2024,Telangana,13,Nalgonda,GEN,Kunduru Raghuveer,INC,784337,60.5,Shanampudi Saidireddy,BJP,224432,17.31,559905
2024,Telangana,14,Bhongir,GEN,Chamala Kiran Kumar Reddy,INC,629143,44.89,Boora Narsaiah Goud,BJP,406973,29.04,222170
2024,Telangana,15,Warangal,SC,Kadiyam Kavya,INC,581294,45.85,Aroori Ramesh,BJP,360955,28.47,220339
2024,Telangana,16,Mahabubabad,ST,Balram Naik Porika,INC,612774,55.27,Kavitha Maloth,BRS,263609,23.77,349165
2024,Telangana,17,Khammam,GEN,Ramasahayam Raghuram Reddy,INC,766929,61.29,Nama Nageswara Rao,BRS,299082,23.9,467847
2024,Tripura,1,Tripura West,GEN,Biplab Kumar Deb,BJP,881341,72.85,Ashish Kumar Saha,INC,269763,22.3,611578
2024,Tripura,2,Tripura East,ST,Kriti Devi Debbarman,BJP,777447,68.54,Rajendra Reang,CPI(M),290628,25.62,486819
2024,Uttar Pradesh,1,Saharanpur,GEN,Imran Masood,INC,547967,44.57,Raghav Lakhanpal,BJP,483425,39.32,64542
2024,Uttar Pradesh,2,Kairana,GEN,Iqra Choudhary,SP,528013,48.9,Pradeep Choudhary,BJP,458897,42.5,69116
2024,Uttar Pradesh,3,Muzaffarnagar,GEN,Harendra Singh Malik,SP,470721,43.64,Sanjeev Kumar Balyan,BJP,446049,41.35,24672
2024,Uttar Pradesh,4,Bijnor,GEN,Chandan Chauhan,RLD,404493,39.48,Deepak,SP,366985,35.82,37508
2024,Uttar Pradesh,5,Nagina,SC,Chandrashekhar,Asp(Kr),512552,51.19,Om Kumar,BJP,361079,36.06,151473
2024,Uttar Pradesh,6,Moradabad,GEN,Ruchi Vira,SP,637363,49.67,Kunwar Sarvesh Kumar Singh,BJP,531601,41.43,105762
2024,Uttar Pradesh,7,Rampur,GEN,Mohibbullah,SP,481503,49.74,Ghanshyam Singh Lodhi,BJP,394069,40.71,87434
2024,Uttar Pradesh,8,Sambhal,GEN,Zia ur Rahman Barq,SP,571161,47.8,Parmeshwar Lal Saini,BJP,449667,37.63,121494
2024,Uttar Pradesh,9,Amroha,GEN,Kanwar Singh Tanwar,BJP,476506,42.9,Kunwar Danish Ali,INC,447836,40.32,28670
2024,Uttar Pradesh,10,Meerut,GEN,Arun Govil,BJP,546469,46.21,Sunita Verma,SP,535884,45.32,10585
2024,Uttar Pradesh,11,Baghpat,GEN,Rajkumar Sangwan,RLD,488967,52.36,Amarpal Sharma,SP,329508,35.29,159459
2024,Uttar Pradesh,12,Ghaziabad,GEN,Atul Garg,BJP,854170,58.09,Dolly Sharma,INC,517205,35.17,336965
2024,Uttar Pradesh,13,Gautam Buddh Nagar,GEN,Mahesh Sharma,BJP,857829,59.69,Mahendra Singh Nagar,SP,298357,20.76,559472
2024,Uttar Pradesh,14,Bulandshahr,SC,Bhola Singh,BJP,597310,56.65,Shivram,INC,322176,30.56,275134
2024,Uttar Pradesh,15,Aligarh,GEN,Satish Kumar Gautam,BJP,501834,44.28,Bijendra Singh,SP,486187,42.9,15647
2024,Uttar Pradesh,16,Hathras,SC,Anoop Pradhan,BJP,554746,51.24,Jasveer Valmiki,SP,307428,28.39,247318
2024,Uttar Pradesh,17,Mathura,GEN,Hema Malini,BJP,510064,53.3,Mukesh Dhangar,INC,216657,22.64,293407
2024,Uttar Pradesh,18,Agra,SC,S. P. Singh Baghel,BJP,599397,53.34,Suresh Chand Kardam,SP,328103,29.2,271294
2024,Uttar Pradesh,19,Fatehpur Sikri,GEN,Rajkumar Chahar,BJP,445657,43.09,Ramnath Singh Sikarwar,INC,402252,38.9,43405
2024,Uttar Pradesh,20,Firozabad,GEN,Akshay Yadav,SP,543037,49.04,Vishwadeep Singh,BJP,453725,40.98,89312
2024,Uttar Pradesh,21,Mainpuri,GEN,Dimple Yadav,SP,598526,56.79,Jaiveer Singh,BJP,376887,35.76,221639
2024,Uttar Pradesh,22,Etah,GEN,Devesh Shakya,SP,475808,47.09,Rajveer Singh,BJP,447756,44.32,28052
2024,Uttar Pradesh,23,Badaun,GEN,Aditya Yadav,SP,501855,45.97,Durvijay Singh Shakya,BJP,466864,42.76,34991
2024,Uttar Pradesh,24,Aonla,GEN,Neeraj Maurya,SP,492515,45.23,Dharmendra Kashyap,BJP,476546,43.76,15969
2024,Uttar Pradesh,25,Bareilly,GEN,Chhatrapal Singh Gangwar,BJP,567127,50.66,Praveen Singh Aron,SP,532323,47.55,34804
2024,Uttar Pradesh,26,Pilibhit,GEN,Jitin Prasad,BJP,607158,52.3,Bhagwat Saran Gangwar,SP,442223,38.09,164935
2024,Uttar Pradesh,27,Shahjahanpur,SC,Arun Kumar Sagar,BJP,592718,47.5,Jyotsna Gond,SP,537339,43.06,55379
2024,Uttar Pradesh,28,Kheri,GEN,Utkarsh Verma,SP,557365,45.94,Ajay Mishra Teni,BJP,523036,43.11,34329
2024,Uttar Pradesh,29,Dhaurahra,GEN,Anand Bhadauriya,SP,443743,39.91,Rekha Verma,BJP,439294,39.51,4449
2024,Uttar Pradesh,30,Sitapur,GEN,Rakesh Rathore,INC,531138,48.2,Rajesh Verma (politician),BJP,441497,40.06,89641
2024,Uttar Pradesh,31,Hardoi,SC,Jai Prakash,BJP,486798,44.25,Usha Verma,SP,458942,41.72,27856
2024,Uttar Pradesh,32,Misrikh,SC,Ashok Kumar Rawat,BJP,475016,45.15,Sangita Rajvanshi,SP,441610,41.98,33406
2024,Uttar Pradesh,33,Unnao,GEN,Sakshi Maharaj,BJP,616133,47.31,Annu Tandon,SP,580315,44.56,35818
2024,Uttar Pradesh,34,Mohanlalganj,SC,R. K. Chaudhary,SP,667869,48.49,Kaushal Kishore,BJP,597577,43.38,70292
2024,Uttar Pradesh,35,Lucknow,GEN,Rajnath Singh,BJP,612709,53.89,Ravidas Mehrotra,SP,477550,42,135159
2024,Uttar Pradesh,36,Rae Bareli,GEN,Rahul Gandhi,INC,687649,66.17,Dinesh Pratap Singh,BJP,297619,28.64,390030
2024,Uttar Pradesh,37,Amethi,GEN,Kishori Lal Sharma,INC,539228,54.99,Smriti Irani,BJP,372032,37.94,167196
2024,Uttar Pradesh,38,Sultanpur,GEN,Rambhual Nishad,SP,444330,43,Maneka Gandhi,BJP,401156,38.82,43174
2024,Uttar Pradesh,39,Pratapgarh,GEN,Shiv Pal Singh Patel,SP,441932,46.65,Sangam Lal Gupta,BJP,375726,39.66,66206
2024,Uttar Pradesh,40,Farrukhabad,GEN,Mukesh Rajput,BJP,487963,47.2,Naval Kishore Shakya,SP,485285,46.94,2678
2024,Uttar Pradesh,41,Etawah,SC,Jitendra Kumar Dohare,SP,490747,47.47,Ram Shankar Katheria,BJP,432328,41.82,58419
2024,Uttar Pradesh,42,Kannauj,GEN,Akhilesh Yadav,SP,642292,52.74,Subrat Pathak,BJP,471370,38.71,170922
2024,Uttar Pradesh,43,Kanpur Urban,GEN,Ramesh Awasthi,BJP,443055,49.93,Alok Mishra,INC,422087,47.56,20968
2024,Uttar Pradesh,44,Akbarpur,GEN,Devendra Singh,BJP,517423,47.6,Raja Ram Pal,SP,473078,43.52,44345
2024,Uttar Pradesh,45,Jalaun,SC,Narayan Das Ahirwar,SP,530180,46.96,Bhanu Pratap Singh Verma,BJP,476282,42.19,53898
2024,Uttar Pradesh,46,Jhansi,GEN,Anurag Sharma,BJP,690316,50,Pradeep Jain Aditya,INC,587702,42.57,102614
2024,Uttar Pradesh,47,Hamirpur,GEN,Ajendra Singh Lodhi,SP,490683,44,Kunwar Pushpendra Singh Chandel,BJP,488054,43.76,2629
2024,Uttar Pradesh,48,Banda,GEN,Krishna Devi Shivshanker Patel,SP,406567,38.94,R. K. Singh Patel,BJP,335357,32.12,71210
2024,Uttar Pradesh,49,Fatehpur,GEN,Naresh Uttam Patel,SP,500328,45.2,Niranjan Jyoti,BJP,467129,42.2,33199
2024,Uttar Pradesh,50,Kaushambi,SC,Pushpendra Saroj,SP,509787,50.51,Vinod Kumar Sonkar,BJP,405843,40.21,103944
2024,Uttar Pradesh,51,Phulpur,GEN,Praveen Patel,BJP,452600,44.6,Amarnath Singh Maurya,SP,448268,44.17,4332
2024,Uttar Pradesh,52,Allahabad,GEN,Ujjwal Raman Singh,INC,462145,48.8,Neeraj Tripathi,BJP,403350,42.59,58795
2024,Uttar Pradesh,53,Barabanki,SC,Tanuj Punia,INC,719927,55.78,Rajrani Rawat,BJP,504223,39.07,215704
2024,Uttar Pradesh,54,Faizabad,GEN,Awadhesh Prasad,SP,554289,48.59,Lallu Singh,BJP,499722,43.81,54567
2024,Uttar Pradesh,55,Ambedkar Nagar,GEN,Lalji Verma,SP,544959,46.3,Ritesh Pandey,BJP,407712,34.64,137247
2024,Uttar Pradesh,56,Bahraich,SC,Anand Kumar Gond,BJP,518802,49.1,Ramesh Chandra,SP,454575,43.02,64227
2024,Uttar Pradesh,57,Kaiserganj,GEN,Karan Bhushan Singh,BJP,571263,53.79,Bhagat Ram,SP,422420,39.77,148843
2024,Uttar Pradesh,58,Shrawasti,GEN,Ram Shiromani Verma,SP,511055,48.83,Saket Misra,BJP,434382,41.51,76673
2024,Uttar Pradesh,59,Gonda,GEN,Kirti Vardhan Singh,BJP,474258,49.77,Shreya Verma,SP,428034,44.92,46224
2024,Uttar Pradesh,60,Domariyaganj,GEN,Jagdambika Pal,BJP,463303,45.47,Bhishma Shankar Tiwari,SP,420575,41.27,42728
2024,Uttar Pradesh,61,Basti,GEN,Ram Prasad Chaudhary,SP,527005,48.67,Harish Dwivedi,BJP,426011,39.34,100994
2024,Uttar Pradesh,62,Sant Kabir Nagar,GEN,Laxmikant,SP,498695,45.7,Praveen Kumar Nishad,BJP,406525,37.25,92170
2024,Uttar Pradesh,63,Maharajganj,GEN,Pankaj Chaudhary,BJP,591310,48.85,Virendra Chaudhary,INC,555859,45.92,35451
2024,Uttar Pradesh,64,Gorakhpur,GEN,Ravi Kishan,BJP,585834,50.75,Kajal Nishad,SP,482308,41.78,103526
2024,Uttar Pradesh,65,Kushi Nagar,GEN,Vijay Kumar Dubey,BJP,516345,47.79,Ajay Pratap Singh,SP,434555,40.22,81790
2024,Uttar Pradesh,66,Deoria,GEN,Shashank Mani,BJP,504541,48.36,Akhilesh Pratap Singh,INC,469699,45.02,34842
2024,Uttar Pradesh,67,Bansgaon,SC,Kamlesh Paswan,BJP,428693,45.38,Sadal Prasad,INC,425543,45.04,3150
2024,Uttar Pradesh,68,Lalganj,SC,Daroga Prasad Saroj,SP,439959,43.85,Neelam Sonkar,BJP,324936,32.38,115023
2024,Uttar Pradesh,69,Azamgarh,GEN,Dharmendra Yadav,SP,508239,48.2,Dinesh Lal Yadav,BJP,347204,32.93,161035
2024,Uttar Pradesh,70,Ghosi,GEN,Rajeev Rai,SP,503131,43.73,Arvind Rajbhar,SBSP,340188,29.57,162943
2024,Uttar Pradesh,71,Salempur,GEN,Ramashankar Rajbhar,SP,405472,44.2,Ravindra Kushawaha,BJP,401899,43.81,3573
2024,Uttar Pradesh,72,Ballia,GEN,Sanatan Pandey,SP,467068,46.37,Neeraj Shekhar,BJP,423684,42.06,43384
2024,Uttar Pradesh,73,Jaunpur,GEN,Babu Singh Kushwaha,SP,509130,46.21,Kripashankar Singh,BJP,409795,37.19,99335
2024,Uttar Pradesh,74,Machhlishahr,SC,Priya Saroj,SP,451292,42.57,B. P. Saroj,BJP,415442,39.19,35850
2024,Uttar Pradesh,75,Ghazipur,GEN,Afzal Ansari,SP,539912,46.82,Pars Nath Rai,BJP,415051,35.99,124861
2024,Uttar Pradesh,76,Chandauli,GEN,Birendra Singh,SP,474476,42.5,Mahendra Nath Pandey,BJP,452911,40.57,21565
2024,Uttar Pradesh,77,Varanasi,GEN,Narendra Modi,BJP,612970,54.24,Ajay Rai,INC,460457,40.74,152513
2024,Uttar Pradesh,78,Bhadohi,GEN,Vinod Kumar Bind,BJP,459982,42.39,Laliteshpati Tripathi,TMC,415910,38.33,44072
2024,Uttar Pradesh,79,Mirzapur,GEN,Anupriya Patel,AD(S),471631,42.67,Ramesh Chand Bind,SP,433821,39.25,37810
2024,Uttar Pradesh,80,Robertsganj,SC,Chhotelal,SP,465848,46.14,Rinki Kol,AD(S),336614,33.34,129234
2024,Uttarakhand,1,Tehri Garhwal,GEN,Mala Rajya Lakshmi Shah,BJP,462603,53.66,Jot Singh Gunsola,INC,190110,22.05,272493
2024,Uttarakhand,2,Garhwal,GEN,Anil Baluni,BJP,432159,58.6,Ganesh Godiyal,INC,268656,36.43,163503
2024,Uttarakhand,3,Almora,SC,Ajay Tamta,BJP,429167,64.2,Pradeep Tamta,INC,195070,29.18,234097
2024,Uttarakhand,4,Nainital-Udhamsingh Nagar,GEN,Ajay Bhatt,BJP,772671,61.03,Prakash Joshi,INC,438123,34.61,334548
2024,Uttarakhand,5,Haridwar,GEN,Trivendra Singh Rawat,BJP,653808,50.19,Virendra Rawat,INC,489752,37.6,164056
2024,West Bengal,1,Cooch Behar,SC,Jagadish Chandra Barma Basunia,TMC,788375,48.57,Nisith Pramanik,BJP,749125,46.16,39250
2024,West Bengal,2,Alipurduars,SC,Manoj Tigga,BJP,695314,48.92,Prakash Chik Baraik,TMC,619867,43.61,75447
2024,West Bengal,3,Jalpaiguri,SC,Jayanta Kumar Roy,BJP,766568,48.57,Nirmal Chandra Roy,TMC,679875,43.07,86693
2024,West Bengal,4,Darjeeling,GEN,Raju Bista,BJP,679331,51.18,Gopal Lama,TMC,500806,37.73,178525
2024,West Bengal,5,Raiganj,GEN,Kartick Chandra Paul,BJP,560897,40.99,Krishna Kalyani,TMC,492700,36,68197
2024,West Bengal,6,Balurghat,GEN,Sukanta Majumdar,BJP,574996,46.47,Biplab Mitra,TMC,564610,45.63,10386
2024,West Bengal,7,Maldaha Uttar,GEN,Khagen Murmu,BJP,527023,37.18,Prasun Banerjee,TMC,449315,31.7,77708
2024,West Bengal,8,Maldaha Dakshin,GEN,Isha Khan Choudhury,INC,572395,41.79,Sreerupa Mitra Chaudhury,BJP,444027,32.42,128368
2024,West Bengal,9,Jangipur,GEN,Khalilur Rahaman,TMC,544427,39.75,Murtoja Hossain Bokul,INC,427790,31.23,116637
2024,West Bengal,10,Baharampur,GEN,Yusuf Pathan,TMC,524516,37.88,Adhir Ranjan Chowdhury,INC,439494,31.74,85022
2024,West Bengal,11,Murshidabad,GEN,Abu Taher Khan,TMC,682442,44.27,Mohammed Salim,CPI(M),518227,33.62,164215
2024,West Bengal,12,Krishnanagar,GEN,Mahua Moitra,TMC,628789,44.1,Amrita Roy,BJP,572084,40.13,56705
2024,West Bengal,13,Ranaghat,SC,Jagannath Sarkar,BJP,782396,50.78,Mukut Mani Adhikari,TMC,595497,38.65,186899
2024,West Bengal,14,Bangaon,SC,Shantanu Thakur,BJP,719505,48.19,Biswajit Das,TMC,645812,43.25,73693
2024,West Bengal,15,Barrackpur,GEN,Partha Bhowmick,TMC,520231,45.56,Arjun Singh,BJP,455793,39.92,64438
2024,West Bengal,16,Dum Dum,GEN,Sougata Ray,TMC,528579,41.95,Silbhadra Datta,BJP,457919,36.34,70660
2024,West Bengal,17,Barasat,GEN,Kakoli Ghosh Dastidar,TMC,692010,45.15,Swapan Majumder,BJP,577821,37.7,114189
2024,West Bengal,18,Basirhat,GEN,Sk Nurul Islam,TMC,803762,52.76,Rekha Patra,BJP,470215,30.87,333547
2024,West Bengal,19,Joynagar,GEN,Pratima Mondal,TMC,894312,60.32,Ashok Kandary,BJP,424093,28.6,470219
2024,West Bengal,20,Mathurapur,SC,Bapi Haldar,TMC,755731,50.52,Ashok Purkait,BJP,554674,37.08,201057
2024,West Bengal,21,Diamond Harbour,GEN,Abhishek Banerjee,TMC,1048230,68.48,Abhijit Das (Bobby),BJP,337300,22.03,710930
2024,West Bengal,22,Jadavpur,GEN,Sayani Ghosh,TMC,717899,45.83,Dr. Anirban Ganguly,BJP,459698,29.35,258201
2024,West Bengal,23,Kolkata Dakshin,GEN,Mala Roy,TMC,615274,49.48,Debasree Chaudhuri,BJP,428043,34.42,187231
2024,West Bengal,24,Kolkata Uttar,GEN,Sudip Bandyopadhyay,TMC,454696,47.44,Tapas Roy,BJP,362136,37.78,92560
2024,West Bengal,25,Howrah,GEN,Prasun Banerjee,TMC,626493,49.26,Rathin Chakravarty,BJP,457051,35.94,169442
2024,West Bengal,26,Uluberia,GEN,Sajda Ahmed,TMC,724622,52.1,Arunuday Paulchowdhury,BJP,505949,36.38,218673
2024,West Bengal,27,Serampore,GEN,Kalyan Banerjee,TMC,673970,45.65,Kabir Shankar Bose,BJP,499140,33.8,174830
2024,West Bengal,28,Hooghly,GEN,Rachna Banerjee,TMC,702744,46.31,Locket Chatterjee,BJP,625891,41.24,76853
2024,West Bengal,29,Arambagh,SC,Mitali Bag,TMC,712587,45.71,Arup Kanti Digar,BJP,706188,45.3,6399
2024,West Bengal,30,Tamluk,GEN,Abhijit Gangopadhyay,BJP,765584,48.54,Debangshu Bhattacharya,TMC,687851,43.61,77733
2024,West Bengal,31,Kanthi,GEN,Soumendu Adhikari,BJP,763195,49.85,Uttam Barik,TMC,715431,46.73,47764
2024,West Bengal,32,Ghatal,GEN,Deepak Adhikari (Dev),TMC,837990,52.36,Hiranmoy Chattopadhyaya,BJP,655122,40.93,182868
2024,West Bengal,33,Jhargram,ST,Kalipada Saren,TMC,743478,49.87,Dr. Pranat Tudu,BJP,569430,38.2,174048
2024,West Bengal,34,Medinipur,GEN,June Maliah,TMC,702192,47.4,Agnimitra Paul,BJP,675001,45.56,27191
2024,West Bengal,35,Purulia,GEN,Jyotirmay Singh Mahato,BJP,578489,40.34,Shantiram Mahato,TMC,561410,39.15,17079
2024,West Bengal,36,Bankura,GEN,Arup Chakraborty,TMC,641813,44.33,Subhas Sarkar,BJP,609035,42.07,32778
2024,West Bengal,37,Bishnupur,SC,Saumitra Khan,BJP,680130,44.93,Sujata Mondal,TMC,674563,44.56,5567
2024,West Bengal,38,Bardhaman Purba,SC,Sharmila Sarkar,TMC,720302,48.11,Asim Kumar Sarkar,BJP,559730,37.38,160572
2024,West Bengal,39,Bardhaman-Durgapur,GEN,Kirti Azad Jha,TMC,720667,47.99,Dilip Ghosh,BJP,582686,38.8,137981
2024,West Bengal,40,Asansol,GEN,Shatrughan Prasad Sinha,TMC,605645,46.53,Surendrajeet Singh Ahluwalia,BJP,546081,41.96,59564
2024,West Bengal,41,Bolpur,SC,Asit Kumar Mal,TMC,855633,55.98,Piya Saha,BJP,528380,34.57,327253
2024,West Bengal,42,Birbhum,GEN,Satabdi Roy,TMC,717961,47,Debtanu Bhattacharya,BJP,520311,34.06,197650
